ISO-10303-21;
HEADER;
FILE_DESCRIPTION(('STEP AP214'),'1');
FILE_NAME('1.stp','2026-06-06T04:26:13',('Boonlert'),('None'),'Spatial InterOp 3D','Cimatron E 12.0',' ');
FILE_SCHEMA(('automotive_design'));
ENDSEC;
DATA;
#1=MECHANICAL_DESIGN_GEOMETRIC_PRESENTATION_REPRESENTATION(' ',(#10,#11,#12,#13,#14,#15,#16,#17,#18,#19,#20,#21,#22,#23,#24,#25,#26,#27,#28,#29,#30,#31,#32,#33,#34,#35,#36,#37,#38,#39,#40,#41,#42,#43,#44,#45,#46,#47,#48,#49,#50,#51,#52,#53,#54,#55,#56,#57,#58,#59,#60,#61,#62,#63,#64,#65,#66,#67,#68,#69,#70,#71,#72,#73,#74,#75,#76,#77,#78,#79,#80,#81,#82,#83,#84,#85,#86,#87,#88,#89,#90,#91,#92,#93,#94,#95,#96,#97,#98,#99,#100,#101,#102,#103,#104,#105,#106,#107,#108,#109,#110,#111,#112,#113,#114,#115,#116,#117,#118,#119,#120,#121,#122,#123,#124,#125,#126,#127,#128,#129,#130,#131,#132,#133,#134,#135,#136,#137,#138,#139,#140,#141,#142,#143,#144,#145,#146,#147,#148,#149,#150,#151,#152,#153,#154,#155,#156,#157,#158,#159,#160,#161,#162,#163,#164,#165,#166,#167,#168,#169,#170,#171,#172,#173,#174,#175,#176,#177,#178,#179,#180,#181,#182,#183,#184,#185,#186,#187,#188,#189,#190,#191,#192,#193,#194,#195,#196,#197,#198,#199,#200,#201,#202,#203,#204,#205,#206,#207,#208,#209,#210,#211,#212,#213,#214,#215,#216,#217,#218,#219,#220,#221,#222,#223,#224,#225,#226,#227,#228,#229,#230,#231,#232,#233,#234,#235,#236,#237,#238,#239,#240,#241,#242,#243,#244,#245,#246,#247,#248,#249,#250,#251,#252,#253,#254,#255,#256,#257,#258,#259,#260,#261,#262,#263,#264,#265,#266,#267,#268,#269,#270,#271,#272,#273,#274,#275,#276,#277,#278,#279,#280,#281,#282,#283,#284,#285,#286),#6);
#2=PRODUCT_DEFINITION_CONTEXT('',#287,'design');
#3=APPLICATION_PROTOCOL_DEFINITION('INTERNATIONAL STANDARD','automotive_design',1994,#287);
#4=PRODUCT_CATEGORY_RELATIONSHIP('NONE','NONE',#288,#289);
#5=SHAPE_DEFINITION_REPRESENTATION(#290,#291);
#6= (GEOMETRIC_REPRESENTATION_CONTEXT(3)GLOBAL_UNCERTAINTY_ASSIGNED_CONTEXT((#294))GLOBAL_UNIT_ASSIGNED_CONTEXT((#296,#297,#298))REPRESENTATION_CONTEXT('NONE','WORKSPACE'));
#10=STYLED_ITEM('',(#300),#301);
#11=STYLED_ITEM('',(#302),#303);
#12=STYLED_ITEM('',(#304),#305);
#13=STYLED_ITEM('',(#306),#307);
#14=STYLED_ITEM('',(#308),#309);
#15=STYLED_ITEM('',(#310),#311);
#16=STYLED_ITEM('',(#312),#313);
#17=STYLED_ITEM('',(#314),#315);
#18=STYLED_ITEM('',(#316),#317);
#19=STYLED_ITEM('',(#318),#319);
#20=STYLED_ITEM('',(#320),#321);
#21=STYLED_ITEM('',(#322),#323);
#22=STYLED_ITEM('',(#324),#325);
#23=STYLED_ITEM('',(#326),#327);
#24=STYLED_ITEM('',(#328),#329);
#25=STYLED_ITEM('',(#330),#331);
#26=STYLED_ITEM('',(#332),#333);
#27=STYLED_ITEM('',(#334),#335);
#28=STYLED_ITEM('',(#336),#337);
#29=STYLED_ITEM('',(#338),#339);
#30=STYLED_ITEM('',(#340),#341);
#31=STYLED_ITEM('',(#342),#343);
#32=STYLED_ITEM('',(#344),#345);
#33=STYLED_ITEM('',(#346),#347);
#34=STYLED_ITEM('',(#348),#349);
#35=STYLED_ITEM('',(#350),#351);
#36=STYLED_ITEM('',(#352),#353);
#37=STYLED_ITEM('',(#354),#355);
#38=STYLED_ITEM('',(#356),#357);
#39=STYLED_ITEM('',(#358),#359);
#40=STYLED_ITEM('',(#360),#361);
#41=STYLED_ITEM('',(#362),#363);
#42=STYLED_ITEM('',(#364),#365);
#43=STYLED_ITEM('',(#366),#367);
#44=STYLED_ITEM('',(#368),#369);
#45=STYLED_ITEM('',(#370),#371);
#46=STYLED_ITEM('',(#372),#373);
#47=STYLED_ITEM('',(#374),#375);
#48=STYLED_ITEM('',(#376),#377);
#49=STYLED_ITEM('',(#378),#379);
#50=STYLED_ITEM('',(#380),#381);
#51=STYLED_ITEM('',(#382),#383);
#52=STYLED_ITEM('',(#384),#385);
#53=STYLED_ITEM('',(#386),#387);
#54=STYLED_ITEM('',(#388),#389);
#55=STYLED_ITEM('',(#390),#391);
#56=STYLED_ITEM('',(#392),#393);
#57=STYLED_ITEM('',(#394),#395);
#58=STYLED_ITEM('',(#396),#397);
#59=STYLED_ITEM('',(#398),#399);
#60=STYLED_ITEM('',(#400),#401);
#61=STYLED_ITEM('',(#402),#403);
#62=STYLED_ITEM('',(#404),#405);
#63=STYLED_ITEM('',(#406),#407);
#64=STYLED_ITEM('',(#408),#409);
#65=STYLED_ITEM('',(#410),#411);
#66=STYLED_ITEM('',(#412),#413);
#67=STYLED_ITEM('',(#414),#415);
#68=STYLED_ITEM('',(#416),#417);
#69=STYLED_ITEM('',(#418),#419);
#70=STYLED_ITEM('',(#420),#421);
#71=STYLED_ITEM('',(#422),#423);
#72=STYLED_ITEM('',(#424),#425);
#73=STYLED_ITEM('',(#426),#427);
#74=STYLED_ITEM('',(#428),#429);
#75=STYLED_ITEM('',(#430),#431);
#76=STYLED_ITEM('',(#432),#433);
#77=STYLED_ITEM('',(#434),#435);
#78=STYLED_ITEM('',(#436),#437);
#79=STYLED_ITEM('',(#438),#439);
#80=STYLED_ITEM('',(#440),#441);
#81=STYLED_ITEM('',(#442),#443);
#82=STYLED_ITEM('',(#444),#445);
#83=STYLED_ITEM('',(#446),#447);
#84=STYLED_ITEM('',(#448),#449);
#85=STYLED_ITEM('',(#450),#451);
#86=STYLED_ITEM('',(#452),#453);
#87=STYLED_ITEM('',(#454),#455);
#88=STYLED_ITEM('',(#456),#457);
#89=STYLED_ITEM('',(#458),#459);
#90=STYLED_ITEM('',(#460),#461);
#91=STYLED_ITEM('',(#462),#463);
#92=STYLED_ITEM('',(#464),#465);
#93=STYLED_ITEM('',(#466),#467);
#94=STYLED_ITEM('',(#468),#469);
#95=STYLED_ITEM('',(#470),#471);
#96=STYLED_ITEM('',(#472),#473);
#97=STYLED_ITEM('',(#474),#475);
#98=STYLED_ITEM('',(#476),#477);
#99=STYLED_ITEM('',(#478),#479);
#100=STYLED_ITEM('',(#480),#481);
#101=STYLED_ITEM('',(#482),#483);
#102=STYLED_ITEM('',(#484),#485);
#103=STYLED_ITEM('',(#486),#487);
#104=STYLED_ITEM('',(#488),#489);
#105=STYLED_ITEM('',(#490),#491);
#106=STYLED_ITEM('',(#492),#493);
#107=STYLED_ITEM('',(#494),#495);
#108=STYLED_ITEM('',(#496),#497);
#109=STYLED_ITEM('',(#498),#499);
#110=STYLED_ITEM('',(#500),#501);
#111=STYLED_ITEM('',(#502),#503);
#112=STYLED_ITEM('',(#504),#505);
#113=STYLED_ITEM('',(#506),#507);
#114=STYLED_ITEM('',(#508),#509);
#115=STYLED_ITEM('',(#510),#511);
#116=STYLED_ITEM('',(#512),#513);
#117=STYLED_ITEM('',(#514),#515);
#118=STYLED_ITEM('',(#516),#517);
#119=STYLED_ITEM('',(#518),#519);
#120=STYLED_ITEM('',(#520),#521);
#121=STYLED_ITEM('',(#522),#523);
#122=STYLED_ITEM('',(#524),#525);
#123=STYLED_ITEM('',(#526),#527);
#124=STYLED_ITEM('',(#528),#529);
#125=STYLED_ITEM('',(#530),#531);
#126=STYLED_ITEM('',(#532),#533);
#127=STYLED_ITEM('',(#534),#535);
#128=STYLED_ITEM('',(#536),#537);
#129=STYLED_ITEM('',(#538),#539);
#130=STYLED_ITEM('',(#540),#541);
#131=STYLED_ITEM('',(#542),#543);
#132=STYLED_ITEM('',(#544),#545);
#133=STYLED_ITEM('',(#546),#547);
#134=STYLED_ITEM('',(#548),#549);
#135=STYLED_ITEM('',(#550),#551);
#136=STYLED_ITEM('',(#552),#553);
#137=STYLED_ITEM('',(#554),#555);
#138=STYLED_ITEM('',(#556),#557);
#139=STYLED_ITEM('',(#558),#559);
#140=STYLED_ITEM('',(#560),#561);
#141=STYLED_ITEM('',(#562),#563);
#142=STYLED_ITEM('',(#564),#565);
#143=STYLED_ITEM('',(#566),#567);
#144=STYLED_ITEM('',(#568),#569);
#145=STYLED_ITEM('',(#570),#571);
#146=STYLED_ITEM('',(#572),#573);
#147=STYLED_ITEM('',(#574),#575);
#148=STYLED_ITEM('',(#576),#577);
#149=STYLED_ITEM('',(#578),#579);
#150=STYLED_ITEM('',(#580),#581);
#151=STYLED_ITEM('',(#582),#583);
#152=STYLED_ITEM('',(#584),#585);
#153=STYLED_ITEM('',(#586),#587);
#154=STYLED_ITEM('',(#588),#589);
#155=STYLED_ITEM('',(#590),#591);
#156=STYLED_ITEM('',(#592),#593);
#157=STYLED_ITEM('',(#594),#595);
#158=STYLED_ITEM('',(#596),#597);
#159=STYLED_ITEM('',(#598),#599);
#160=STYLED_ITEM('',(#600),#601);
#161=STYLED_ITEM('',(#602),#603);
#162=STYLED_ITEM('',(#604),#605);
#163=STYLED_ITEM('',(#606),#607);
#164=STYLED_ITEM('',(#608),#609);
#165=STYLED_ITEM('',(#610),#611);
#166=STYLED_ITEM('',(#612),#613);
#167=STYLED_ITEM('',(#614),#615);
#168=STYLED_ITEM('',(#616),#617);
#169=STYLED_ITEM('',(#618),#619);
#170=STYLED_ITEM('',(#620),#621);
#171=STYLED_ITEM('',(#622),#623);
#172=STYLED_ITEM('',(#624),#625);
#173=STYLED_ITEM('',(#626),#627);
#174=STYLED_ITEM('',(#628),#629);
#175=STYLED_ITEM('',(#630),#631);
#176=STYLED_ITEM('',(#632),#633);
#177=STYLED_ITEM('',(#634),#635);
#178=STYLED_ITEM('',(#636),#637);
#179=STYLED_ITEM('',(#638),#639);
#180=STYLED_ITEM('',(#640),#641);
#181=STYLED_ITEM('',(#642),#643);
#182=STYLED_ITEM('',(#644),#645);
#183=STYLED_ITEM('',(#646),#647);
#184=STYLED_ITEM('',(#648),#649);
#185=STYLED_ITEM('',(#650),#651);
#186=STYLED_ITEM('',(#652),#653);
#187=STYLED_ITEM('',(#654),#655);
#188=STYLED_ITEM('',(#656),#657);
#189=STYLED_ITEM('',(#658),#659);
#190=STYLED_ITEM('',(#660),#661);
#191=STYLED_ITEM('',(#662),#663);
#192=STYLED_ITEM('',(#664),#665);
#193=STYLED_ITEM('',(#666),#667);
#194=STYLED_ITEM('',(#668),#669);
#195=STYLED_ITEM('',(#670),#671);
#196=STYLED_ITEM('',(#672),#673);
#197=STYLED_ITEM('',(#674),#675);
#198=STYLED_ITEM('',(#676),#677);
#199=STYLED_ITEM('',(#678),#679);
#200=STYLED_ITEM('',(#680),#681);
#201=STYLED_ITEM('',(#682),#683);
#202=STYLED_ITEM('',(#684),#685);
#203=STYLED_ITEM('',(#686),#687);
#204=STYLED_ITEM('',(#688),#689);
#205=STYLED_ITEM('',(#690),#691);
#206=STYLED_ITEM('',(#692),#693);
#207=STYLED_ITEM('',(#694),#695);
#208=STYLED_ITEM('',(#696),#697);
#209=STYLED_ITEM('',(#698),#699);
#210=STYLED_ITEM('',(#700),#701);
#211=STYLED_ITEM('',(#702),#703);
#212=STYLED_ITEM('',(#704),#705);
#213=STYLED_ITEM('',(#706),#707);
#214=STYLED_ITEM('',(#708),#709);
#215=STYLED_ITEM('',(#710),#711);
#216=STYLED_ITEM('',(#712),#713);
#217=STYLED_ITEM('',(#714),#715);
#218=STYLED_ITEM('',(#716),#717);
#219=STYLED_ITEM('',(#718),#719);
#220=STYLED_ITEM('',(#720),#721);
#221=STYLED_ITEM('',(#722),#723);
#222=STYLED_ITEM('',(#724),#725);
#223=STYLED_ITEM('',(#726),#727);
#224=STYLED_ITEM('',(#728),#729);
#225=STYLED_ITEM('',(#730),#731);
#226=STYLED_ITEM('',(#732),#733);
#227=STYLED_ITEM('',(#734),#735);
#228=STYLED_ITEM('',(#736),#737);
#229=STYLED_ITEM('',(#738),#739);
#230=STYLED_ITEM('',(#740),#741);
#231=STYLED_ITEM('',(#742),#743);
#232=STYLED_ITEM('',(#744),#745);
#233=STYLED_ITEM('',(#746),#747);
#234=STYLED_ITEM('',(#748),#749);
#235=STYLED_ITEM('',(#750),#751);
#236=STYLED_ITEM('',(#752),#753);
#237=STYLED_ITEM('',(#754),#755);
#238=STYLED_ITEM('',(#756),#757);
#239=STYLED_ITEM('',(#758),#759);
#240=STYLED_ITEM('',(#760),#761);
#241=STYLED_ITEM('',(#762),#763);
#242=STYLED_ITEM('',(#764),#765);
#243=STYLED_ITEM('',(#766),#767);
#244=STYLED_ITEM('',(#768),#769);
#245=STYLED_ITEM('',(#770),#771);
#246=STYLED_ITEM('',(#772),#773);
#247=STYLED_ITEM('',(#774),#775);
#248=STYLED_ITEM('',(#776),#777);
#249=STYLED_ITEM('',(#778),#779);
#250=STYLED_ITEM('',(#780),#781);
#251=STYLED_ITEM('',(#782),#783);
#252=STYLED_ITEM('',(#784),#785);
#253=STYLED_ITEM('',(#786),#787);
#254=STYLED_ITEM('',(#788),#789);
#255=STYLED_ITEM('',(#790),#791);
#256=STYLED_ITEM('',(#792),#793);
#257=STYLED_ITEM('',(#794),#795);
#258=STYLED_ITEM('',(#796),#797);
#259=STYLED_ITEM('',(#798),#799);
#260=STYLED_ITEM('',(#800),#801);
#261=STYLED_ITEM('',(#802),#803);
#262=STYLED_ITEM('',(#804),#805);
#263=STYLED_ITEM('',(#806),#807);
#264=STYLED_ITEM('',(#808),#809);
#265=STYLED_ITEM('',(#810),#811);
#266=STYLED_ITEM('',(#812),#813);
#267=STYLED_ITEM('',(#814),#815);
#268=STYLED_ITEM('',(#816),#817);
#269=STYLED_ITEM('',(#818),#819);
#270=STYLED_ITEM('',(#820),#821);
#271=STYLED_ITEM('',(#822),#823);
#272=STYLED_ITEM('',(#824),#825);
#273=STYLED_ITEM('',(#826),#827);
#274=STYLED_ITEM('',(#828),#829);
#275=STYLED_ITEM('',(#830),#831);
#276=STYLED_ITEM('',(#832),#833);
#277=STYLED_ITEM('',(#834),#835);
#278=STYLED_ITEM('',(#836),#837);
#279=STYLED_ITEM('',(#838),#839);
#280=STYLED_ITEM('',(#840),#841);
#281=STYLED_ITEM('',(#842),#843);
#282=STYLED_ITEM('',(#844),#845);
#283=STYLED_ITEM('',(#846),#847);
#284=STYLED_ITEM('',(#848),#849);
#285=STYLED_ITEM('',(#850),#851);
#286=STYLED_ITEM('',(#852),#853);
#287=APPLICATION_CONTEXT(' ');
#288=PRODUCT_CATEGORY('part','NONE');
#289=PRODUCT_RELATED_PRODUCT_CATEGORY('detail',' ',(#854));
#290=PRODUCT_DEFINITION_SHAPE('NONE','NONE',#855);
#291=ADVANCED_BREP_SHAPE_REPRESENTATION('1',(#853,#856),#6);
#294=UNCERTAINTY_MEASURE_WITH_UNIT(LENGTH_MEASURE(1.0E-006),#296,'','');
#296= (CONVERSION_BASED_UNIT('MILLIMETRE',#859)LENGTH_UNIT()NAMED_UNIT(#862));
#297= (NAMED_UNIT(#864)PLANE_ANGLE_UNIT()SI_UNIT($,.RADIAN.));
#298= (NAMED_UNIT(#864)SOLID_ANGLE_UNIT()SI_UNIT($,.STERADIAN.));
#300=PRESENTATION_STYLE_ASSIGNMENT((#870));
#301=ADVANCED_FACE('',(#871),#872,.F.);
#302=PRESENTATION_STYLE_ASSIGNMENT((#873));
#303=ADVANCED_FACE('',(#874),#875,.T.);
#304=PRESENTATION_STYLE_ASSIGNMENT((#876));
#305=ADVANCED_FACE('',(#877,#878),#879,.T.);
#306=PRESENTATION_STYLE_ASSIGNMENT((#880));
#307=ADVANCED_FACE('',(#881,#882),#883,.T.);
#308=PRESENTATION_STYLE_ASSIGNMENT((#884));
#309=ADVANCED_FACE('',(#885),#886,.T.);
#310=PRESENTATION_STYLE_ASSIGNMENT((#887));
#311=ADVANCED_FACE('',(#888),#889,.T.);
#312=PRESENTATION_STYLE_ASSIGNMENT((#890));
#313=ADVANCED_FACE('',(#891),#892,.T.);
#314=PRESENTATION_STYLE_ASSIGNMENT((#893));
#315=ADVANCED_FACE('',(#894),#895,.T.);
#316=PRESENTATION_STYLE_ASSIGNMENT((#896));
#317=ADVANCED_FACE('',(#897),#898,.T.);
#318=PRESENTATION_STYLE_ASSIGNMENT((#899));
#319=ADVANCED_FACE('',(#900),#901,.T.);
#320=PRESENTATION_STYLE_ASSIGNMENT((#902));
#321=ADVANCED_FACE('',(#903),#904,.T.);
#322=PRESENTATION_STYLE_ASSIGNMENT((#905));
#323=ADVANCED_FACE('',(#906),#907,.T.);
#324=PRESENTATION_STYLE_ASSIGNMENT((#908));
#325=ADVANCED_FACE('',(#909),#910,.T.);
#326=PRESENTATION_STYLE_ASSIGNMENT((#911));
#327=ADVANCED_FACE('',(#912),#913,.T.);
#328=PRESENTATION_STYLE_ASSIGNMENT((#914));
#329=ADVANCED_FACE('',(#915),#916,.T.);
#330=PRESENTATION_STYLE_ASSIGNMENT((#917));
#331=ADVANCED_FACE('',(#918),#919,.T.);
#332=PRESENTATION_STYLE_ASSIGNMENT((#920));
#333=ADVANCED_FACE('',(#921,#922),#923,.F.);
#334=PRESENTATION_STYLE_ASSIGNMENT((#924));
#335=ADVANCED_FACE('',(#925,#926),#927,.F.);
#336=PRESENTATION_STYLE_ASSIGNMENT((#928));
#337=ADVANCED_FACE('',(#929,#930),#931,.F.);
#338=PRESENTATION_STYLE_ASSIGNMENT((#932));
#339=ADVANCED_FACE('',(#933,#934),#935,.F.);
#340=PRESENTATION_STYLE_ASSIGNMENT((#936));
#341=ADVANCED_FACE('',(#937,#938),#939,.F.);
#342=PRESENTATION_STYLE_ASSIGNMENT((#940));
#343=ADVANCED_FACE('',(#941,#942),#943,.F.);
#344=PRESENTATION_STYLE_ASSIGNMENT((#944));
#345=ADVANCED_FACE('',(#945,#946),#947,.F.);
#346=PRESENTATION_STYLE_ASSIGNMENT((#948));
#347=ADVANCED_FACE('',(#949,#950),#951,.F.);
#348=PRESENTATION_STYLE_ASSIGNMENT((#952));
#349=ADVANCED_FACE('',(#953,#954),#955,.F.);
#350=PRESENTATION_STYLE_ASSIGNMENT((#956));
#351=ADVANCED_FACE('',(#957,#958),#959,.F.);
#352=PRESENTATION_STYLE_ASSIGNMENT((#960));
#353=ADVANCED_FACE('',(#961,#962,#963,#964,#965,#966,#967,#968,#969,#970,#971,#972,#973,#974),#975,.F.);
#354=PRESENTATION_STYLE_ASSIGNMENT((#976));
#355=ADVANCED_FACE('',(#977,#978,#979,#980,#981,#982,#983,#984,#985,#986,#987,#988),#989,.T.);
#356=PRESENTATION_STYLE_ASSIGNMENT((#990));
#357=ADVANCED_FACE('',(#991,#992),#993,.F.);
#358=PRESENTATION_STYLE_ASSIGNMENT((#994));
#359=ADVANCED_FACE('',(#995),#996,.T.);
#360=PRESENTATION_STYLE_ASSIGNMENT((#997));
#361=ADVANCED_FACE('',(#998,#999),#1000,.F.);
#362=PRESENTATION_STYLE_ASSIGNMENT((#1001));
#363=ADVANCED_FACE('',(#1002),#1003,.F.);
#364=PRESENTATION_STYLE_ASSIGNMENT((#1004));
#365=ADVANCED_FACE('',(#1005,#1006),#1007,.F.);
#366=PRESENTATION_STYLE_ASSIGNMENT((#1008));
#367=ADVANCED_FACE('',(#1009,#1010),#1011,.F.);
#368=PRESENTATION_STYLE_ASSIGNMENT((#1012));
#369=ADVANCED_FACE('',(#1013,#1014),#1015,.F.);
#370=PRESENTATION_STYLE_ASSIGNMENT((#1016));
#371=ADVANCED_FACE('',(#1017,#1018),#1019,.T.);
#372=PRESENTATION_STYLE_ASSIGNMENT((#1020));
#373=ADVANCED_FACE('',(#1021,#1022),#1023,.F.);
#374=PRESENTATION_STYLE_ASSIGNMENT((#1024));
#375=ADVANCED_FACE('',(#1025,#1026),#1027,.F.);
#376=PRESENTATION_STYLE_ASSIGNMENT((#1028));
#377=ADVANCED_FACE('',(#1029,#1030),#1031,.F.);
#378=PRESENTATION_STYLE_ASSIGNMENT((#1032));
#379=ADVANCED_FACE('',(#1033,#1034),#1035,.T.);
#380=PRESENTATION_STYLE_ASSIGNMENT((#1036));
#381=ADVANCED_FACE('',(#1037,#1038),#1039,.F.);
#382=PRESENTATION_STYLE_ASSIGNMENT((#1040));
#383=ADVANCED_FACE('',(#1041,#1042),#1043,.F.);
#384=PRESENTATION_STYLE_ASSIGNMENT((#1044));
#385=ADVANCED_FACE('',(#1045,#1046),#1047,.F.);
#386=PRESENTATION_STYLE_ASSIGNMENT((#1048));
#387=ADVANCED_FACE('',(#1049,#1050),#1051,.T.);
#388=PRESENTATION_STYLE_ASSIGNMENT((#1052));
#389=ADVANCED_FACE('',(#1053,#1054),#1055,.F.);
#390=PRESENTATION_STYLE_ASSIGNMENT((#1056));
#391=ADVANCED_FACE('',(#1057,#1058),#1059,.F.);
#392=PRESENTATION_STYLE_ASSIGNMENT((#1060));
#393=ADVANCED_FACE('',(#1061,#1062),#1063,.F.);
#394=PRESENTATION_STYLE_ASSIGNMENT((#1064));
#395=ADVANCED_FACE('',(#1065,#1066),#1067,.T.);
#396=PRESENTATION_STYLE_ASSIGNMENT((#1068));
#397=ADVANCED_FACE('',(#1069,#1070),#1071,.T.);
#398=PRESENTATION_STYLE_ASSIGNMENT((#1072));
#399=ADVANCED_FACE('',(#1073,#1074),#1075,.F.);
#400=PRESENTATION_STYLE_ASSIGNMENT((#1076));
#401=ADVANCED_FACE('',(#1077,#1078),#1079,.T.);
#402=PRESENTATION_STYLE_ASSIGNMENT((#1080));
#403=ADVANCED_FACE('',(#1081,#1082),#1083,.F.);
#404=PRESENTATION_STYLE_ASSIGNMENT((#1084));
#405=ADVANCED_FACE('',(#1085),#1086,.T.);
#406=PRESENTATION_STYLE_ASSIGNMENT((#1087));
#407=ADVANCED_FACE('',(#1088,#1089),#1090,.F.);
#408=PRESENTATION_STYLE_ASSIGNMENT((#1091));
#409=ADVANCED_FACE('',(#1092,#1093),#1094,.F.);
#410=PRESENTATION_STYLE_ASSIGNMENT((#1095));
#411=ADVANCED_FACE('',(#1096),#1097,.T.);
#412=PRESENTATION_STYLE_ASSIGNMENT((#1098));
#413=ADVANCED_FACE('',(#1099,#1100),#1101,.F.);
#414=PRESENTATION_STYLE_ASSIGNMENT((#1102));
#415=ADVANCED_FACE('',(#1103,#1104),#1105,.F.);
#416=PRESENTATION_STYLE_ASSIGNMENT((#1106));
#417=ADVANCED_FACE('',(#1107),#1108,.F.);
#418=PRESENTATION_STYLE_ASSIGNMENT((#1109));
#419=ADVANCED_FACE('',(#1110,#1111,#1112),#1113,.F.);
#420=PRESENTATION_STYLE_ASSIGNMENT((#1114));
#421=ADVANCED_FACE('',(#1115),#1116,.T.);
#422=PRESENTATION_STYLE_ASSIGNMENT((#1117));
#423=ADVANCED_FACE('',(#1118),#1119,.T.);
#424=PRESENTATION_STYLE_ASSIGNMENT((#1120));
#425=ADVANCED_FACE('',(#1121),#1122,.T.);
#426=PRESENTATION_STYLE_ASSIGNMENT((#1123));
#427=ADVANCED_FACE('',(#1124),#1125,.T.);
#428=PRESENTATION_STYLE_ASSIGNMENT((#1126));
#429=ADVANCED_FACE('',(#1127),#1128,.T.);
#430=PRESENTATION_STYLE_ASSIGNMENT((#1129));
#431=ADVANCED_FACE('',(#1130),#1131,.T.);
#432=PRESENTATION_STYLE_ASSIGNMENT((#1132));
#433=ADVANCED_FACE('',(#1133),#1134,.T.);
#434=PRESENTATION_STYLE_ASSIGNMENT((#1135));
#435=ADVANCED_FACE('',(#1136),#1137,.T.);
#436=PRESENTATION_STYLE_ASSIGNMENT((#1138));
#437=ADVANCED_FACE('',(#1139),#1140,.T.);
#438=PRESENTATION_STYLE_ASSIGNMENT((#1141));
#439=ADVANCED_FACE('',(#1142),#1143,.T.);
#440=PRESENTATION_STYLE_ASSIGNMENT((#1144));
#441=ADVANCED_FACE('',(#1145),#1146,.T.);
#442=PRESENTATION_STYLE_ASSIGNMENT((#1147));
#443=ADVANCED_FACE('',(#1148),#1149,.T.);
#444=PRESENTATION_STYLE_ASSIGNMENT((#1150));
#445=ADVANCED_FACE('',(#1151),#1152,.T.);
#446=PRESENTATION_STYLE_ASSIGNMENT((#1153));
#447=ADVANCED_FACE('',(#1154),#1155,.F.);
#448=PRESENTATION_STYLE_ASSIGNMENT((#1156));
#449=ADVANCED_FACE('',(#1157),#1158,.F.);
#450=PRESENTATION_STYLE_ASSIGNMENT((#1159));
#451=ADVANCED_FACE('',(#1160),#1161,.F.);
#452=PRESENTATION_STYLE_ASSIGNMENT((#1162));
#453=ADVANCED_FACE('',(#1163),#1164,.F.);
#454=PRESENTATION_STYLE_ASSIGNMENT((#1165));
#455=ADVANCED_FACE('',(#1166),#1167,.F.);
#456=PRESENTATION_STYLE_ASSIGNMENT((#1168));
#457=ADVANCED_FACE('',(#1169),#1170,.T.);
#458=PRESENTATION_STYLE_ASSIGNMENT((#1171));
#459=ADVANCED_FACE('',(#1172),#1173,.F.);
#460=PRESENTATION_STYLE_ASSIGNMENT((#1174));
#461=ADVANCED_FACE('',(#1175),#1176,.F.);
#462=PRESENTATION_STYLE_ASSIGNMENT((#1177));
#463=ADVANCED_FACE('',(#1178),#1179,.F.);
#464=PRESENTATION_STYLE_ASSIGNMENT((#1180));
#465=ADVANCED_FACE('',(#1181),#1182,.F.);
#466=PRESENTATION_STYLE_ASSIGNMENT((#1183));
#467=ADVANCED_FACE('',(#1184),#1185,.F.);
#468=PRESENTATION_STYLE_ASSIGNMENT((#1186));
#469=ADVANCED_FACE('',(#1187),#1188,.F.);
#470=PRESENTATION_STYLE_ASSIGNMENT((#1189));
#471=ADVANCED_FACE('',(#1190),#1191,.T.);
#472=PRESENTATION_STYLE_ASSIGNMENT((#1192));
#473=ADVANCED_FACE('',(#1193),#1194,.F.);
#474=PRESENTATION_STYLE_ASSIGNMENT((#1195));
#475=ADVANCED_FACE('',(#1196),#1197,.F.);
#476=PRESENTATION_STYLE_ASSIGNMENT((#1198));
#477=ADVANCED_FACE('',(#1199),#1200,.F.);
#478=PRESENTATION_STYLE_ASSIGNMENT((#1201));
#479=ADVANCED_FACE('',(#1202),#1203,.F.);
#480=PRESENTATION_STYLE_ASSIGNMENT((#1204));
#481=ADVANCED_FACE('',(#1205),#1206,.F.);
#482=PRESENTATION_STYLE_ASSIGNMENT((#1207));
#483=ADVANCED_FACE('',(#1208),#1209,.F.);
#484=PRESENTATION_STYLE_ASSIGNMENT((#1210));
#485=ADVANCED_FACE('',(#1211),#1212,.F.);
#486=PRESENTATION_STYLE_ASSIGNMENT((#1213));
#487=ADVANCED_FACE('',(#1214),#1215,.F.);
#488=PRESENTATION_STYLE_ASSIGNMENT((#1216));
#489=ADVANCED_FACE('',(#1217,#1218),#1219,.F.);
#490=PRESENTATION_STYLE_ASSIGNMENT((#1220));
#491=ADVANCED_FACE('',(#1221),#1222,.F.);
#492=PRESENTATION_STYLE_ASSIGNMENT((#1223));
#493=ADVANCED_FACE('',(#1224),#1225,.F.);
#494=PRESENTATION_STYLE_ASSIGNMENT((#1226));
#495=EDGE_CURVE('',#1227,#1228,#1229,.T.);
#496=PRESENTATION_STYLE_ASSIGNMENT((#1230));
#497=EDGE_CURVE('',#1228,#1231,#1232,.F.);
#498=PRESENTATION_STYLE_ASSIGNMENT((#1233));
#499=EDGE_CURVE('',#1231,#1234,#1235,.F.);
#500=PRESENTATION_STYLE_ASSIGNMENT((#1236));
#501=EDGE_CURVE('',#1234,#1227,#1237,.F.);
#502=PRESENTATION_STYLE_ASSIGNMENT((#1238));
#503=EDGE_CURVE('',#1239,#1227,#1240,.T.);
#504=PRESENTATION_STYLE_ASSIGNMENT((#1241));
#505=EDGE_CURVE('',#1242,#1234,#1243,.F.);
#506=PRESENTATION_STYLE_ASSIGNMENT((#1244));
#507=EDGE_CURVE('',#1239,#1242,#1245,.F.);
#508=PRESENTATION_STYLE_ASSIGNMENT((#1246));
#509=EDGE_CURVE('',#1247,#1247,#1248,.F.);
#510=PRESENTATION_STYLE_ASSIGNMENT((#1249));
#511=EDGE_CURVE('',#1250,#1250,#1251,.T.);
#512=PRESENTATION_STYLE_ASSIGNMENT((#1252));
#513=EDGE_CURVE('',#1253,#1253,#1254,.T.);
#514=PRESENTATION_STYLE_ASSIGNMENT((#1255));
#515=EDGE_CURVE('',#1256,#1256,#1257,.F.);
#516=PRESENTATION_STYLE_ASSIGNMENT((#1258));
#517=EDGE_CURVE('',#1259,#1260,#1261,.T.);
#518=PRESENTATION_STYLE_ASSIGNMENT((#1262));
#519=EDGE_CURVE('',#1263,#1259,#1264,.T.);
#520=PRESENTATION_STYLE_ASSIGNMENT((#1265));
#521=EDGE_CURVE('',#1266,#1263,#1267,.F.);
#522=PRESENTATION_STYLE_ASSIGNMENT((#1268));
#523=EDGE_CURVE('',#1260,#1266,#1269,.F.);
#524=PRESENTATION_STYLE_ASSIGNMENT((#1270));
#525=EDGE_CURVE('',#1271,#1272,#1273,.T.);
#526=PRESENTATION_STYLE_ASSIGNMENT((#1274));
#527=EDGE_CURVE('',#1275,#1271,#1276,.T.);
#528=PRESENTATION_STYLE_ASSIGNMENT((#1277));
#529=EDGE_CURVE('',#1278,#1275,#1279,.F.);
#530=PRESENTATION_STYLE_ASSIGNMENT((#1280));
#531=EDGE_CURVE('',#1272,#1278,#1281,.F.);
#532=PRESENTATION_STYLE_ASSIGNMENT((#1282));
#533=EDGE_CURVE('',#1283,#1284,#1285,.T.);
#534=PRESENTATION_STYLE_ASSIGNMENT((#1286));
#535=EDGE_CURVE('',#1287,#1283,#1288,.T.);
#536=PRESENTATION_STYLE_ASSIGNMENT((#1289));
#537=EDGE_CURVE('',#1290,#1287,#1291,.F.);
#538=PRESENTATION_STYLE_ASSIGNMENT((#1292));
#539=EDGE_CURVE('',#1284,#1290,#1293,.F.);
#540=PRESENTATION_STYLE_ASSIGNMENT((#1294));
#541=EDGE_CURVE('',#1295,#1296,#1297,.T.);
#542=PRESENTATION_STYLE_ASSIGNMENT((#1298));
#543=EDGE_CURVE('',#1299,#1295,#1300,.T.);
#544=PRESENTATION_STYLE_ASSIGNMENT((#1301));
#545=EDGE_CURVE('',#1302,#1299,#1303,.F.);
#546=PRESENTATION_STYLE_ASSIGNMENT((#1304));
#547=EDGE_CURVE('',#1296,#1302,#1305,.F.);
#548=PRESENTATION_STYLE_ASSIGNMENT((#1306));
#549=EDGE_CURVE('',#1259,#1272,#1307,.F.);
#550=PRESENTATION_STYLE_ASSIGNMENT((#1308));
#551=EDGE_CURVE('',#1278,#1263,#1309,.T.);
#552=PRESENTATION_STYLE_ASSIGNMENT((#1310));
#553=EDGE_CURVE('',#1271,#1284,#1311,.F.);
#554=PRESENTATION_STYLE_ASSIGNMENT((#1312));
#555=EDGE_CURVE('',#1290,#1275,#1313,.T.);
#556=PRESENTATION_STYLE_ASSIGNMENT((#1314));
#557=EDGE_CURVE('',#1283,#1296,#1315,.F.);
#558=PRESENTATION_STYLE_ASSIGNMENT((#1316));
#559=EDGE_CURVE('',#1302,#1287,#1317,.T.);
#560=PRESENTATION_STYLE_ASSIGNMENT((#1318));
#561=EDGE_CURVE('',#1266,#1299,#1319,.T.);
#562=PRESENTATION_STYLE_ASSIGNMENT((#1320));
#563=EDGE_CURVE('',#1295,#1260,#1321,.F.);
#564=PRESENTATION_STYLE_ASSIGNMENT((#1322));
#565=EDGE_CURVE('',#1323,#1324,#1325,.T.);
#566=PRESENTATION_STYLE_ASSIGNMENT((#1326));
#567=EDGE_CURVE('',#1327,#1323,#1328,.T.);
#568=PRESENTATION_STYLE_ASSIGNMENT((#1329));
#569=EDGE_CURVE('',#1327,#1330,#1331,.T.);
#570=PRESENTATION_STYLE_ASSIGNMENT((#1332));
#571=EDGE_CURVE('',#1330,#1324,#1333,.T.);
#572=PRESENTATION_STYLE_ASSIGNMENT((#1334));
#573=EDGE_CURVE('',#1324,#1335,#1336,.T.);
#574=PRESENTATION_STYLE_ASSIGNMENT((#1337));
#575=EDGE_CURVE('',#1330,#1338,#1339,.T.);
#576=PRESENTATION_STYLE_ASSIGNMENT((#1340));
#577=EDGE_CURVE('',#1338,#1335,#1341,.T.);
#578=PRESENTATION_STYLE_ASSIGNMENT((#1342));
#579=EDGE_CURVE('',#1335,#1343,#1344,.T.);
#580=PRESENTATION_STYLE_ASSIGNMENT((#1345));
#581=EDGE_CURVE('',#1338,#1346,#1347,.T.);
#582=PRESENTATION_STYLE_ASSIGNMENT((#1348));
#583=EDGE_CURVE('',#1346,#1343,#1349,.T.);
#584=PRESENTATION_STYLE_ASSIGNMENT((#1350));
#585=EDGE_CURVE('',#1343,#1323,#1351,.T.);
#586=PRESENTATION_STYLE_ASSIGNMENT((#1352));
#587=EDGE_CURVE('',#1346,#1327,#1353,.T.);
#588=PRESENTATION_STYLE_ASSIGNMENT((#1354));
#589=EDGE_CURVE('',#1355,#1355,#1356,.T.);
#590=PRESENTATION_STYLE_ASSIGNMENT((#1357));
#591=EDGE_CURVE('',#1358,#1358,#1359,.T.);
#592=PRESENTATION_STYLE_ASSIGNMENT((#1360));
#593=EDGE_CURVE('',#1361,#1361,#1362,.T.);
#594=PRESENTATION_STYLE_ASSIGNMENT((#1363));
#595=EDGE_CURVE('',#1364,#1364,#1365,.F.);
#596=PRESENTATION_STYLE_ASSIGNMENT((#1366));
#597=EDGE_CURVE('',#1367,#1367,#1368,.T.);
#598=PRESENTATION_STYLE_ASSIGNMENT((#1369));
#599=EDGE_CURVE('',#1370,#1370,#1371,.T.);
#600=PRESENTATION_STYLE_ASSIGNMENT((#1372));
#601=EDGE_CURVE('',#1373,#1373,#1374,.T.);
#602=PRESENTATION_STYLE_ASSIGNMENT((#1375));
#603=EDGE_CURVE('',#1376,#1376,#1377,.F.);
#604=PRESENTATION_STYLE_ASSIGNMENT((#1378));
#605=EDGE_CURVE('',#1379,#1379,#1380,.T.);
#606=PRESENTATION_STYLE_ASSIGNMENT((#1381));
#607=EDGE_CURVE('',#1382,#1382,#1383,.T.);
#608=PRESENTATION_STYLE_ASSIGNMENT((#1384));
#609=EDGE_CURVE('',#1385,#1385,#1386,.T.);
#610=PRESENTATION_STYLE_ASSIGNMENT((#1387));
#611=EDGE_CURVE('',#1388,#1388,#1389,.T.);
#612=PRESENTATION_STYLE_ASSIGNMENT((#1390));
#613=EDGE_CURVE('',#1391,#1391,#1392,.T.);
#614=PRESENTATION_STYLE_ASSIGNMENT((#1393));
#615=EDGE_CURVE('',#1394,#1394,#1395,.F.);
#616=PRESENTATION_STYLE_ASSIGNMENT((#1396));
#617=EDGE_CURVE('',#1397,#1397,#1398,.T.);
#618=PRESENTATION_STYLE_ASSIGNMENT((#1399));
#619=EDGE_CURVE('',#1400,#1400,#1401,.T.);
#620=PRESENTATION_STYLE_ASSIGNMENT((#1402));
#621=EDGE_CURVE('',#1403,#1403,#1404,.T.);
#622=PRESENTATION_STYLE_ASSIGNMENT((#1405));
#623=EDGE_CURVE('',#1406,#1406,#1407,.T.);
#624=PRESENTATION_STYLE_ASSIGNMENT((#1408));
#625=EDGE_CURVE('',#1409,#1409,#1410,.T.);
#626=PRESENTATION_STYLE_ASSIGNMENT((#1411));
#627=EDGE_CURVE('',#1412,#1412,#1413,.F.);
#628=PRESENTATION_STYLE_ASSIGNMENT((#1414));
#629=EDGE_CURVE('',#1415,#1415,#1416,.T.);
#630=PRESENTATION_STYLE_ASSIGNMENT((#1417));
#631=EDGE_CURVE('',#1418,#1418,#1419,.T.);
#632=PRESENTATION_STYLE_ASSIGNMENT((#1420));
#633=EDGE_CURVE('',#1421,#1421,#1422,.T.);
#634=PRESENTATION_STYLE_ASSIGNMENT((#1423));
#635=EDGE_CURVE('',#1424,#1424,#1425,.T.);
#636=PRESENTATION_STYLE_ASSIGNMENT((#1426));
#637=EDGE_CURVE('',#1427,#1427,#1428,.T.);
#638=PRESENTATION_STYLE_ASSIGNMENT((#1429));
#639=EDGE_CURVE('',#1430,#1430,#1431,.T.);
#640=PRESENTATION_STYLE_ASSIGNMENT((#1432));
#641=EDGE_CURVE('',#1433,#1433,#1434,.T.);
#642=PRESENTATION_STYLE_ASSIGNMENT((#1435));
#643=EDGE_CURVE('',#1436,#1436,#1437,.T.);
#644=PRESENTATION_STYLE_ASSIGNMENT((#1438));
#645=EDGE_CURVE('',#1439,#1439,#1440,.F.);
#646=PRESENTATION_STYLE_ASSIGNMENT((#1441));
#647=EDGE_CURVE('',#1442,#1442,#1443,.F.);
#648=PRESENTATION_STYLE_ASSIGNMENT((#1444));
#649=EDGE_CURVE('',#1445,#1446,#1447,.T.);
#650=PRESENTATION_STYLE_ASSIGNMENT((#1448));
#651=EDGE_CURVE('',#1445,#1449,#1450,.T.);
#652=PRESENTATION_STYLE_ASSIGNMENT((#1451));
#653=EDGE_CURVE('',#1228,#1449,#1452,.T.);
#654=PRESENTATION_STYLE_ASSIGNMENT((#1453));
#655=EDGE_CURVE('',#1239,#1454,#1455,.T.);
#656=PRESENTATION_STYLE_ASSIGNMENT((#1456));
#657=EDGE_CURVE('',#1457,#1454,#1458,.T.);
#658=PRESENTATION_STYLE_ASSIGNMENT((#1459));
#659=EDGE_CURVE('',#1460,#1457,#1461,.T.);
#660=PRESENTATION_STYLE_ASSIGNMENT((#1462));
#661=EDGE_CURVE('',#1463,#1460,#1464,.T.);
#662=PRESENTATION_STYLE_ASSIGNMENT((#1465));
#663=EDGE_CURVE('',#1466,#1463,#1467,.T.);
#664=PRESENTATION_STYLE_ASSIGNMENT((#1468));
#665=EDGE_CURVE('',#1469,#1466,#1470,.T.);
#666=PRESENTATION_STYLE_ASSIGNMENT((#1471));
#667=EDGE_CURVE('',#1469,#1472,#1473,.T.);
#668=PRESENTATION_STYLE_ASSIGNMENT((#1474));
#669=EDGE_CURVE('',#1475,#1472,#1476,.T.);
#670=PRESENTATION_STYLE_ASSIGNMENT((#1477));
#671=EDGE_CURVE('',#1475,#1478,#1479,.T.);
#672=PRESENTATION_STYLE_ASSIGNMENT((#1480));
#673=EDGE_CURVE('',#1481,#1478,#1482,.T.);
#674=PRESENTATION_STYLE_ASSIGNMENT((#1483));
#675=EDGE_CURVE('',#1481,#1446,#1484,.T.);
#676=PRESENTATION_STYLE_ASSIGNMENT((#1485));
#677=EDGE_CURVE('',#1486,#1486,#1487,.F.);
#678=PRESENTATION_STYLE_ASSIGNMENT((#1488));
#679=EDGE_CURVE('',#1489,#1489,#1490,.F.);
#680=PRESENTATION_STYLE_ASSIGNMENT((#1491));
#681=EDGE_CURVE('',#1492,#1492,#1493,.F.);
#682=PRESENTATION_STYLE_ASSIGNMENT((#1494));
#683=EDGE_CURVE('',#1495,#1495,#1496,.F.);
#684=PRESENTATION_STYLE_ASSIGNMENT((#1497));
#685=EDGE_CURVE('',#1498,#1498,#1499,.F.);
#686=PRESENTATION_STYLE_ASSIGNMENT((#1500));
#687=EDGE_CURVE('',#1501,#1501,#1502,.F.);
#688=PRESENTATION_STYLE_ASSIGNMENT((#1503));
#689=EDGE_CURVE('',#1504,#1504,#1505,.F.);
#690=PRESENTATION_STYLE_ASSIGNMENT((#1506));
#691=EDGE_CURVE('',#1507,#1507,#1508,.F.);
#692=PRESENTATION_STYLE_ASSIGNMENT((#1509));
#693=EDGE_CURVE('',#1510,#1510,#1511,.F.);
#694=PRESENTATION_STYLE_ASSIGNMENT((#1512));
#695=EDGE_CURVE('',#1513,#1513,#1514,.F.);
#696=PRESENTATION_STYLE_ASSIGNMENT((#1515));
#697=EDGE_CURVE('',#1516,#1516,#1517,.F.);
#698=PRESENTATION_STYLE_ASSIGNMENT((#1518));
#699=EDGE_CURVE('',#1519,#1519,#1520,.F.);
#700=PRESENTATION_STYLE_ASSIGNMENT((#1521));
#701=EDGE_CURVE('',#1522,#1522,#1523,.F.);
#702=PRESENTATION_STYLE_ASSIGNMENT((#1524));
#703=EDGE_CURVE('',#1525,#1525,#1526,.F.);
#704=PRESENTATION_STYLE_ASSIGNMENT((#1527));
#705=EDGE_CURVE('',#1528,#1528,#1529,.T.);
#706=PRESENTATION_STYLE_ASSIGNMENT((#1530));
#707=EDGE_CURVE('',#1531,#1531,#1532,.F.);
#708=PRESENTATION_STYLE_ASSIGNMENT((#1533));
#709=EDGE_CURVE('',#1534,#1534,#1535,.F.);
#710=PRESENTATION_STYLE_ASSIGNMENT((#1536));
#711=EDGE_CURVE('',#1537,#1537,#1538,.T.);
#712=PRESENTATION_STYLE_ASSIGNMENT((#1539));
#713=EDGE_CURVE('',#1242,#1540,#1541,.F.);
#714=PRESENTATION_STYLE_ASSIGNMENT((#1542));
#715=EDGE_CURVE('',#1540,#1543,#1544,.F.);
#716=PRESENTATION_STYLE_ASSIGNMENT((#1545));
#717=EDGE_CURVE('',#1543,#1546,#1547,.F.);
#718=PRESENTATION_STYLE_ASSIGNMENT((#1548));
#719=EDGE_CURVE('',#1546,#1454,#1549,.F.);
#720=PRESENTATION_STYLE_ASSIGNMENT((#1550));
#721=EDGE_CURVE('',#1551,#1234,#1552,.F.);
#722=PRESENTATION_STYLE_ASSIGNMENT((#1553));
#723=EDGE_CURVE('',#1540,#1551,#1554,.F.);
#724=PRESENTATION_STYLE_ASSIGNMENT((#1555));
#725=EDGE_CURVE('',#1556,#1557,#1558,.F.);
#726=PRESENTATION_STYLE_ASSIGNMENT((#1559));
#727=EDGE_CURVE('',#1560,#1557,#1561,.F.);
#728=PRESENTATION_STYLE_ASSIGNMENT((#1562));
#729=EDGE_CURVE('',#1563,#1560,#1564,.F.);
#730=PRESENTATION_STYLE_ASSIGNMENT((#1565));
#731=EDGE_CURVE('',#1556,#1563,#1566,.F.);
#732=PRESENTATION_STYLE_ASSIGNMENT((#1567));
#733=EDGE_CURVE('',#1568,#1569,#1570,.F.);
#734=PRESENTATION_STYLE_ASSIGNMENT((#1571));
#735=EDGE_CURVE('',#1557,#1569,#1572,.F.);
#736=PRESENTATION_STYLE_ASSIGNMENT((#1573));
#737=EDGE_CURVE('',#1568,#1556,#1574,.F.);
#738=PRESENTATION_STYLE_ASSIGNMENT((#1575));
#739=EDGE_CURVE('',#1576,#1577,#1578,.F.);
#740=PRESENTATION_STYLE_ASSIGNMENT((#1579));
#741=EDGE_CURVE('',#1569,#1577,#1580,.F.);
#742=PRESENTATION_STYLE_ASSIGNMENT((#1581));
#743=EDGE_CURVE('',#1576,#1568,#1582,.T.);
#744=PRESENTATION_STYLE_ASSIGNMENT((#1583));
#745=EDGE_CURVE('',#1577,#1551,#1584,.F.);
#746=PRESENTATION_STYLE_ASSIGNMENT((#1585));
#747=EDGE_CURVE('',#1540,#1576,#1586,.F.);
#748=PRESENTATION_STYLE_ASSIGNMENT((#1587));
#749=EDGE_CURVE('',#1563,#1478,#1588,.F.);
#750=PRESENTATION_STYLE_ASSIGNMENT((#1589));
#751=EDGE_CURVE('',#1481,#1560,#1590,.F.);
#752=PRESENTATION_STYLE_ASSIGNMENT((#1591));
#753=EDGE_CURVE('',#1592,#1472,#1593,.F.);
#754=PRESENTATION_STYLE_ASSIGNMENT((#1594));
#755=EDGE_CURVE('',#1595,#1592,#1596,.F.);
#756=PRESENTATION_STYLE_ASSIGNMENT((#1597));
#757=EDGE_CURVE('',#1475,#1595,#1598,.F.);
#758=PRESENTATION_STYLE_ASSIGNMENT((#1599));
#759=EDGE_CURVE('',#1600,#1592,#1601,.F.);
#760=PRESENTATION_STYLE_ASSIGNMENT((#1602));
#761=EDGE_CURVE('',#1603,#1600,#1604,.F.);
#762=PRESENTATION_STYLE_ASSIGNMENT((#1605));
#763=EDGE_CURVE('',#1595,#1603,#1606,.F.);
#764=PRESENTATION_STYLE_ASSIGNMENT((#1607));
#765=EDGE_CURVE('',#1608,#1600,#1609,.F.);
#766=PRESENTATION_STYLE_ASSIGNMENT((#1610));
#767=EDGE_CURVE('',#1611,#1608,#1612,.F.);
#768=PRESENTATION_STYLE_ASSIGNMENT((#1613));
#769=EDGE_CURVE('',#1603,#1611,#1614,.F.);
#770=PRESENTATION_STYLE_ASSIGNMENT((#1615));
#771=EDGE_CURVE('',#1616,#1617,#1618,.F.);
#772=PRESENTATION_STYLE_ASSIGNMENT((#1619));
#773=EDGE_CURVE('',#1620,#1617,#1621,.F.);
#774=PRESENTATION_STYLE_ASSIGNMENT((#1622));
#775=EDGE_CURVE('',#1543,#1620,#1623,.F.);
#776=PRESENTATION_STYLE_ASSIGNMENT((#1624));
#777=EDGE_CURVE('',#1616,#1543,#1625,.F.);
#778=PRESENTATION_STYLE_ASSIGNMENT((#1626));
#779=EDGE_CURVE('',#1546,#1627,#1628,.F.);
#780=PRESENTATION_STYLE_ASSIGNMENT((#1629));
#781=EDGE_CURVE('',#1457,#1627,#1630,.F.);
#782=PRESENTATION_STYLE_ASSIGNMENT((#1631));
#783=EDGE_CURVE('',#1627,#1620,#1632,.F.);
#784=PRESENTATION_STYLE_ASSIGNMENT((#1633));
#785=EDGE_CURVE('',#1617,#1608,#1634,.F.);
#786=PRESENTATION_STYLE_ASSIGNMENT((#1635));
#787=EDGE_CURVE('',#1611,#1616,#1636,.T.);
#788=PRESENTATION_STYLE_ASSIGNMENT((#1637));
#789=EDGE_CURVE('',#1638,#1639,#1640,.F.);
#790=PRESENTATION_STYLE_ASSIGNMENT((#1641));
#791=EDGE_CURVE('',#1231,#1639,#1642,.T.);
#792=PRESENTATION_STYLE_ASSIGNMENT((#1643));
#793=EDGE_CURVE('',#1231,#1638,#1644,.F.);
#794=PRESENTATION_STYLE_ASSIGNMENT((#1645));
#795=EDGE_CURVE('',#1646,#1647,#1648,.F.);
#796=PRESENTATION_STYLE_ASSIGNMENT((#1649));
#797=EDGE_CURVE('',#1650,#1647,#1651,.T.);
#798=PRESENTATION_STYLE_ASSIGNMENT((#1652));
#799=EDGE_CURVE('',#1650,#1646,#1653,.F.);
#800=PRESENTATION_STYLE_ASSIGNMENT((#1654));
#801=EDGE_CURVE('',#1639,#1650,#1655,.T.);
#802=PRESENTATION_STYLE_ASSIGNMENT((#1656));
#803=EDGE_CURVE('',#1646,#1638,#1657,.T.);
#804=PRESENTATION_STYLE_ASSIGNMENT((#1658));
#805=EDGE_CURVE('',#1638,#1449,#1659,.T.);
#806=PRESENTATION_STYLE_ASSIGNMENT((#1660));
#807=EDGE_CURVE('',#1647,#1446,#1661,.T.);
#808=PRESENTATION_STYLE_ASSIGNMENT((#1662));
#809=EDGE_CURVE('',#1445,#1646,#1663,.T.);
#810=PRESENTATION_STYLE_ASSIGNMENT((#1664));
#811=EDGE_CURVE('',#1577,#1639,#1665,.F.);
#812=PRESENTATION_STYLE_ASSIGNMENT((#1666));
#813=EDGE_CURVE('',#1650,#1569,#1667,.F.);
#814=PRESENTATION_STYLE_ASSIGNMENT((#1668));
#815=EDGE_CURVE('',#1560,#1647,#1669,.T.);
#816=PRESENTATION_STYLE_ASSIGNMENT((#1670));
#817=EDGE_CURVE('',#1627,#1671,#1672,.F.);
#818=PRESENTATION_STYLE_ASSIGNMENT((#1673));
#819=EDGE_CURVE('',#1671,#1460,#1674,.T.);
#820=PRESENTATION_STYLE_ASSIGNMENT((#1675));
#821=EDGE_CURVE('',#1469,#1676,#1677,.F.);
#822=PRESENTATION_STYLE_ASSIGNMENT((#1678));
#823=EDGE_CURVE('',#1676,#1592,#1679,.T.);
#824=PRESENTATION_STYLE_ASSIGNMENT((#1680));
#825=EDGE_CURVE('',#1608,#1681,#1682,.F.);
#826=PRESENTATION_STYLE_ASSIGNMENT((#1683));
#827=EDGE_CURVE('',#1681,#1684,#1685,.F.);
#828=PRESENTATION_STYLE_ASSIGNMENT((#1686));
#829=EDGE_CURVE('',#1684,#1617,#1687,.F.);
#830=PRESENTATION_STYLE_ASSIGNMENT((#1688));
#831=EDGE_CURVE('',#1681,#1676,#1689,.F.);
#832=PRESENTATION_STYLE_ASSIGNMENT((#1690));
#833=EDGE_CURVE('',#1671,#1684,#1691,.F.);
#834=PRESENTATION_STYLE_ASSIGNMENT((#1692));
#835=EDGE_CURVE('',#1693,#1694,#1695,.F.);
#836=PRESENTATION_STYLE_ASSIGNMENT((#1696));
#837=EDGE_CURVE('',#1694,#1466,#1697,.F.);
#838=PRESENTATION_STYLE_ASSIGNMENT((#1698));
#839=EDGE_CURVE('',#1463,#1693,#1699,.F.);
#840=PRESENTATION_STYLE_ASSIGNMENT((#1700));
#841=EDGE_CURVE('',#1676,#1694,#1701,.F.);
#842=PRESENTATION_STYLE_ASSIGNMENT((#1702));
#843=EDGE_CURVE('',#1693,#1671,#1703,.F.);
#844=PRESENTATION_STYLE_ASSIGNMENT((#1704));
#845=EDGE_CURVE('',#1681,#1694,#1705,.T.);
#846=PRESENTATION_STYLE_ASSIGNMENT((#1706));
#847=EDGE_CURVE('',#1693,#1684,#1707,.T.);
#848=PRESENTATION_STYLE_ASSIGNMENT((#1708));
#849=EDGE_CURVE('',#1603,#1556,#1709,.F.);
#850=PRESENTATION_STYLE_ASSIGNMENT((#1710));
#851=EDGE_CURVE('',#1711,#1711,#1712,.F.);
#852=PRESENTATION_STYLE_ASSIGNMENT((#1713));
#853=MANIFOLD_SOLID_BREP('1',#1714);
#854=PRODUCT('1','1','PART-1-DESC',(#1715));
#855=PRODUCT_DEFINITION('NONE','NONE',#1716,#2);
#856=AXIS2_PLACEMENT_3D('',#1717,#1718,#1719);
#859=LENGTH_MEASURE_WITH_UNIT(LENGTH_MEASURE(1.0),#1720);
#862=DIMENSIONAL_EXPONENTS(1.0,0.0,0.0,0.0,0.0,0.0,0.0);
#864=DIMENSIONAL_EXPONENTS(0.0,0.0,0.0,0.0,0.0,0.0,0.0);
#870=SURFACE_STYLE_USAGE(.BOTH.,#1721);
#871=FACE_OUTER_BOUND('',#1722,.T.);
#872=PLANE('',#1723);
#873=SURFACE_STYLE_USAGE(.BOTH.,#1724);
#874=FACE_OUTER_BOUND('',#1725,.T.);
#875=(B_SPLINE_SURFACE(3,2,((#1727,#1728,#1729),(#1730,#1731,#1732),(#1733,#1734,#1735),(#1736,#1737,#1738)),.UNSPECIFIED.,.F.,.F.,.F.)B_SPLINE_SURFACE_WITH_KNOTS((4,4),(3,3),(0.0,0.00198643102141597),(0.0,1.0),.UNSPECIFIED.)RATIONAL_B_SPLINE_SURFACE(((1.0,0.859286863640955,1.0),(1.0,0.86085217367292,1.0),(1.0,0.862365155925605,1.0),(1.0,0.86383075545281,1.0)))BOUNDED_SURFACE()REPRESENTATION_ITEM('')GEOMETRIC_REPRESENTATION_ITEM()SURFACE());
#876=SURFACE_STYLE_USAGE(.BOTH.,#1745);
#877=FACE_BOUND('',#1746,.T.);
#878=FACE_BOUND('',#1747,.T.);
#879=TOROIDAL_SURFACE('',#1748,10.0,2.0);
#880=SURFACE_STYLE_USAGE(.BOTH.,#1749);
#881=FACE_BOUND('',#1750,.T.);
#882=FACE_BOUND('',#1751,.T.);
#883=TOROIDAL_SURFACE('',#1752,10.0,2.0);
#884=SURFACE_STYLE_USAGE(.BOTH.,#1753);
#885=FACE_OUTER_BOUND('',#1754,.T.);
#886=CYLINDRICAL_SURFACE('',#1755,10.0);
#887=SURFACE_STYLE_USAGE(.BOTH.,#1756);
#888=FACE_OUTER_BOUND('',#1757,.T.);
#889=CYLINDRICAL_SURFACE('',#1758,10.0);
#890=SURFACE_STYLE_USAGE(.BOTH.,#1759);
#891=FACE_OUTER_BOUND('',#1760,.T.);
#892=CYLINDRICAL_SURFACE('',#1761,10.0);
#893=SURFACE_STYLE_USAGE(.BOTH.,#1762);
#894=FACE_OUTER_BOUND('',#1763,.T.);
#895=CYLINDRICAL_SURFACE('',#1764,10.0);
#896=SURFACE_STYLE_USAGE(.BOTH.,#1765);
#897=FACE_OUTER_BOUND('',#1766,.T.);
#898=PLANE('',#1767);
#899=SURFACE_STYLE_USAGE(.BOTH.,#1768);
#900=FACE_OUTER_BOUND('',#1769,.T.);
#901=PLANE('',#1770);
#902=SURFACE_STYLE_USAGE(.BOTH.,#1771);
#903=FACE_OUTER_BOUND('',#1772,.T.);
#904=PLANE('',#1773);
#905=SURFACE_STYLE_USAGE(.BOTH.,#1774);
#906=FACE_OUTER_BOUND('',#1775,.T.);
#907=PLANE('',#1776);
#908=SURFACE_STYLE_USAGE(.BOTH.,#1777);
#909=FACE_OUTER_BOUND('',#1778,.T.);
#910=PLANE('',#1779);
#911=SURFACE_STYLE_USAGE(.BOTH.,#1780);
#912=FACE_OUTER_BOUND('',#1781,.T.);
#913=PLANE('',#1782);
#914=SURFACE_STYLE_USAGE(.BOTH.,#1783);
#915=FACE_OUTER_BOUND('',#1784,.T.);
#916=PLANE('',#1785);
#917=SURFACE_STYLE_USAGE(.BOTH.,#1786);
#918=FACE_OUTER_BOUND('',#1787,.T.);
#919=PLANE('',#1788);
#920=SURFACE_STYLE_USAGE(.BOTH.,#1789);
#921=FACE_BOUND('',#1790,.T.);
#922=FACE_BOUND('',#1791,.T.);
#923=CYLINDRICAL_SURFACE('',#1792,15.0);
#924=SURFACE_STYLE_USAGE(.BOTH.,#1793);
#925=FACE_BOUND('',#1794,.T.);
#926=FACE_BOUND('',#1795,.T.);
#927=CYLINDRICAL_SURFACE('',#1796,10.0);
#928=SURFACE_STYLE_USAGE(.BOTH.,#1797);
#929=FACE_BOUND('',#1798,.T.);
#930=FACE_BOUND('',#1799,.T.);
#931=CYLINDRICAL_SURFACE('',#1800,12.5);
#932=SURFACE_STYLE_USAGE(.BOTH.,#1801);
#933=FACE_BOUND('',#1802,.T.);
#934=FACE_BOUND('',#1803,.T.);
#935=CYLINDRICAL_SURFACE('',#1804,10.0);
#936=SURFACE_STYLE_USAGE(.BOTH.,#1805);
#937=FACE_BOUND('',#1806,.T.);
#938=FACE_BOUND('',#1807,.T.);
#939=CYLINDRICAL_SURFACE('',#1808,10.0);
#940=SURFACE_STYLE_USAGE(.BOTH.,#1809);
#941=FACE_BOUND('',#1810,.T.);
#942=FACE_BOUND('',#1811,.T.);
#943=CYLINDRICAL_SURFACE('',#1812,15.0);
#944=SURFACE_STYLE_USAGE(.BOTH.,#1813);
#945=FACE_BOUND('',#1814,.T.);
#946=FACE_BOUND('',#1815,.T.);
#947=CYLINDRICAL_SURFACE('',#1816,15.0);
#948=SURFACE_STYLE_USAGE(.BOTH.,#1817);
#949=FACE_BOUND('',#1818,.T.);
#950=FACE_BOUND('',#1819,.T.);
#951=CYLINDRICAL_SURFACE('',#1820,12.5);
#952=SURFACE_STYLE_USAGE(.BOTH.,#1821);
#953=FACE_BOUND('',#1822,.T.);
#954=FACE_BOUND('',#1823,.T.);
#955=CYLINDRICAL_SURFACE('',#1824,10.0);
#956=SURFACE_STYLE_USAGE(.BOTH.,#1825);
#957=FACE_BOUND('',#1826,.T.);
#958=FACE_BOUND('',#1827,.T.);
#959=CYLINDRICAL_SURFACE('',#1828,15.0);
#960=SURFACE_STYLE_USAGE(.BOTH.,#1829);
#961=FACE_BOUND('',#1830,.T.);
#962=FACE_BOUND('',#1831,.T.);
#963=FACE_BOUND('',#1832,.T.);
#964=FACE_BOUND('',#1833,.T.);
#965=FACE_BOUND('',#1834,.T.);
#966=FACE_BOUND('',#1835,.T.);
#967=FACE_BOUND('',#1836,.T.);
#968=FACE_BOUND('',#1837,.T.);
#969=FACE_OUTER_BOUND('',#1838,.T.);
#970=FACE_BOUND('',#1839,.T.);
#971=FACE_BOUND('',#1840,.T.);
#972=FACE_BOUND('',#1841,.T.);
#973=FACE_BOUND('',#1842,.T.);
#974=FACE_BOUND('',#1843,.T.);
#975=PLANE('',#1844);
#976=SURFACE_STYLE_USAGE(.BOTH.,#1845);
#977=FACE_OUTER_BOUND('',#1846,.T.);
#978=FACE_BOUND('',#1847,.T.);
#979=FACE_BOUND('',#1848,.T.);
#980=FACE_BOUND('',#1849,.T.);
#981=FACE_BOUND('',#1850,.T.);
#982=FACE_BOUND('',#1851,.T.);
#983=FACE_BOUND('',#1852,.T.);
#984=FACE_BOUND('',#1853,.T.);
#985=FACE_BOUND('',#1854,.T.);
#986=FACE_BOUND('',#1855,.T.);
#987=FACE_BOUND('',#1856,.T.);
#988=FACE_BOUND('',#1857,.T.);
#989=PLANE('',#1858);
#990=SURFACE_STYLE_USAGE(.BOTH.,#1859);
#991=FACE_BOUND('',#1860,.T.);
#992=FACE_BOUND('',#1861,.T.);
#993=CYLINDRICAL_SURFACE('',#1862,8.0);
#994=SURFACE_STYLE_USAGE(.BOTH.,#1863);
#995=FACE_OUTER_BOUND('',#1864,.T.);
#996=PLANE('',#1865);
#997=SURFACE_STYLE_USAGE(.BOTH.,#1866);
#998=FACE_BOUND('',#1867,.T.);
#999=FACE_BOUND('',#1868,.T.);
#1000=CYLINDRICAL_SURFACE('',#1869,8.0);
#1001=SURFACE_STYLE_USAGE(.BOTH.,#1870);
#1002=FACE_OUTER_BOUND('',#1871,.T.);
#1003=PLANE('',#1872);
#1004=SURFACE_STYLE_USAGE(.BOTH.,#1873);
#1005=FACE_BOUND('',#1874,.T.);
#1006=FACE_BOUND('',#1875,.T.);
#1007=CYLINDRICAL_SURFACE('',#1876,21.0);
#1008=SURFACE_STYLE_USAGE(.BOTH.,#1877);
#1009=FACE_BOUND('',#1878,.T.);
#1010=FACE_OUTER_BOUND('',#1879,.T.);
#1011=PLANE('',#1880);
#1012=SURFACE_STYLE_USAGE(.BOTH.,#1881);
#1013=FACE_BOUND('',#1882,.T.);
#1014=FACE_BOUND('',#1883,.T.);
#1015=CYLINDRICAL_SURFACE('',#1884,21.0);
#1016=SURFACE_STYLE_USAGE(.BOTH.,#1885);
#1017=FACE_OUTER_BOUND('',#1886,.T.);
#1018=FACE_BOUND('',#1887,.T.);
#1019=PLANE('',#1888);
#1020=SURFACE_STYLE_USAGE(.BOTH.,#1889);
#1021=FACE_BOUND('',#1890,.T.);
#1022=FACE_BOUND('',#1891,.T.);
#1023=CYLINDRICAL_SURFACE('',#1892,21.0);
#1024=SURFACE_STYLE_USAGE(.BOTH.,#1893);
#1025=FACE_BOUND('',#1894,.T.);
#1026=FACE_OUTER_BOUND('',#1895,.T.);
#1027=PLANE('',#1896);
#1028=SURFACE_STYLE_USAGE(.BOTH.,#1897);
#1029=FACE_BOUND('',#1898,.T.);
#1030=FACE_BOUND('',#1899,.T.);
#1031=CYLINDRICAL_SURFACE('',#1900,21.0);
#1032=SURFACE_STYLE_USAGE(.BOTH.,#1901);
#1033=FACE_OUTER_BOUND('',#1902,.T.);
#1034=FACE_BOUND('',#1903,.T.);
#1035=PLANE('',#1904);
#1036=SURFACE_STYLE_USAGE(.BOTH.,#1905);
#1037=FACE_BOUND('',#1906,.T.);
#1038=FACE_BOUND('',#1907,.T.);
#1039=CYLINDRICAL_SURFACE('',#1908,15.0);
#1040=SURFACE_STYLE_USAGE(.BOTH.,#1909);
#1041=FACE_BOUND('',#1910,.T.);
#1042=FACE_OUTER_BOUND('',#1911,.T.);
#1043=PLANE('',#1912);
#1044=SURFACE_STYLE_USAGE(.BOTH.,#1913);
#1045=FACE_BOUND('',#1914,.T.);
#1046=FACE_BOUND('',#1915,.T.);
#1047=CYLINDRICAL_SURFACE('',#1916,15.0);
#1048=SURFACE_STYLE_USAGE(.BOTH.,#1917);
#1049=FACE_OUTER_BOUND('',#1918,.T.);
#1050=FACE_BOUND('',#1919,.T.);
#1051=PLANE('',#1920);
#1052=SURFACE_STYLE_USAGE(.BOTH.,#1921);
#1053=FACE_BOUND('',#1922,.T.);
#1054=FACE_BOUND('',#1923,.T.);
#1055=CYLINDRICAL_SURFACE('',#1924,15.0);
#1056=SURFACE_STYLE_USAGE(.BOTH.,#1925);
#1057=FACE_BOUND('',#1926,.T.);
#1058=FACE_OUTER_BOUND('',#1927,.T.);
#1059=PLANE('',#1928);
#1060=SURFACE_STYLE_USAGE(.BOTH.,#1929);
#1061=FACE_BOUND('',#1930,.T.);
#1062=FACE_BOUND('',#1931,.T.);
#1063=CYLINDRICAL_SURFACE('',#1932,15.0);
#1064=SURFACE_STYLE_USAGE(.BOTH.,#1933);
#1065=FACE_OUTER_BOUND('',#1934,.T.);
#1066=FACE_BOUND('',#1935,.T.);
#1067=PLANE('',#1936);
#1068=SURFACE_STYLE_USAGE(.BOTH.,#1937);
#1069=FACE_BOUND('',#1938,.T.);
#1070=FACE_OUTER_BOUND('',#1939,.T.);
#1071=PLANE('',#1940);
#1072=SURFACE_STYLE_USAGE(.BOTH.,#1941);
#1073=FACE_BOUND('',#1942,.T.);
#1074=FACE_BOUND('',#1943,.T.);
#1075=CYLINDRICAL_SURFACE('',#1944,8.0);
#1076=SURFACE_STYLE_USAGE(.BOTH.,#1945);
#1077=FACE_BOUND('',#1946,.T.);
#1078=FACE_OUTER_BOUND('',#1947,.T.);
#1079=PLANE('',#1948);
#1080=SURFACE_STYLE_USAGE(.BOTH.,#1949);
#1081=FACE_BOUND('',#1950,.T.);
#1082=FACE_BOUND('',#1951,.T.);
#1083=CYLINDRICAL_SURFACE('',#1952,8.0);
#1084=SURFACE_STYLE_USAGE(.BOTH.,#1953);
#1085=FACE_OUTER_BOUND('',#1954,.T.);
#1086=PLANE('',#1955);
#1087=SURFACE_STYLE_USAGE(.BOTH.,#1956);
#1088=FACE_BOUND('',#1957,.T.);
#1089=FACE_BOUND('',#1958,.T.);
#1090=TOROIDAL_SURFACE('',#1959,32.4005477489833,3.0);
#1091=SURFACE_STYLE_USAGE(.BOTH.,#1960);
#1092=FACE_BOUND('',#1961,.T.);
#1093=FACE_BOUND('',#1962,.T.);
#1094=CONICAL_SURFACE('',#1963,37.0,0.0191096075724192);
#1095=SURFACE_STYLE_USAGE(.BOTH.,#1964);
#1096=FACE_OUTER_BOUND('',#1965,.T.);
#1097=PLANE('',#1966);
#1098=SURFACE_STYLE_USAGE(.BOTH.,#1967);
#1099=FACE_BOUND('',#1968,.T.);
#1100=FACE_BOUND('',#1969,.T.);
#1101=TOROIDAL_SURFACE('',#1970,32.4005477489833,3.0);
#1102=SURFACE_STYLE_USAGE(.BOTH.,#1971);
#1103=FACE_BOUND('',#1972,.T.);
#1104=FACE_BOUND('',#1973,.T.);
#1105=CONICAL_SURFACE('',#1974,37.0,0.0191096075724192);
#1106=SURFACE_STYLE_USAGE(.BOTH.,#1975);
#1107=FACE_OUTER_BOUND('',#1976,.T.);
#1108=CONICAL_SURFACE('',#1977,9.0,0.174532925199433);
#1109=SURFACE_STYLE_USAGE(.BOTH.,#1978);
#1110=FACE_BOUND('',#1979,.T.);
#1111=FACE_BOUND('',#1980,.T.);
#1112=FACE_OUTER_BOUND('',#1981,.T.);
#1113=PLANE('',#1982);
#1114=SURFACE_STYLE_USAGE(.BOTH.,#1983);
#1115=FACE_OUTER_BOUND('',#1984,.T.);
#1116=(B_SPLINE_SURFACE(3,2,((#1986,#1987,#1988),(#1989,#1990,#1991),(#1992,#1993,#1994),(#1995,#1996,#1997)),.UNSPECIFIED.,.F.,.F.,.F.)B_SPLINE_SURFACE_WITH_KNOTS((4,4),(3,3),(0.0,0.00104148959626806),(0.0,1.0),.UNSPECIFIED.)RATIONAL_B_SPLINE_SURFACE(((1.0,0.85685822298164,1.0),(1.0,0.859453091746699,1.0),(1.0,0.860325803726714,1.0),(1.0,0.859286863640954,1.0)))BOUNDED_SURFACE()REPRESENTATION_ITEM('')GEOMETRIC_REPRESENTATION_ITEM()SURFACE());
#1117=SURFACE_STYLE_USAGE(.BOTH.,#2004);
#1118=FACE_OUTER_BOUND('',#2005,.T.);
#1119=(B_SPLINE_SURFACE(3,2,((#2007,#2008,#2009),(#2010,#2011,#2012),(#2013,#2014,#2015),(#2016,#2017,#2018)),.UNSPECIFIED.,.F.,.F.,.F.)B_SPLINE_SURFACE_WITH_KNOTS((4,4),(3,3),(0.0,0.00104148959626797),(0.0,1.0),.UNSPECIFIED.)RATIONAL_B_SPLINE_SURFACE(((1.0,0.859286863640954,1.0),(1.0,0.860325803726713,1.0),(1.0,0.8594530917467,1.0),(1.0,0.85685822298164,1.0)))BOUNDED_SURFACE()REPRESENTATION_ITEM('')GEOMETRIC_REPRESENTATION_ITEM()SURFACE());
#1120=SURFACE_STYLE_USAGE(.BOTH.,#2025);
#1121=FACE_OUTER_BOUND('',#2026,.T.);
#1122=(B_SPLINE_SURFACE(3,2,((#2028,#2029,#2030),(#2031,#2032,#2033),(#2034,#2035,#2036),(#2037,#2038,#2039),(#2040,#2041,#2042),(#2043,#2044,#2045),(#2046,#2047,#2048),(#2049,#2050,#2051),(#2052,#2053,#2054),(#2055,#2056,#2057),(#2058,#2059,#2060),(#2061,#2062,#2063),(#2064,#2065,#2066),(#2067,#2068,#2069),(#2070,#2071,#2072),(#2073,#2074,#2075)),.UNSPECIFIED.,.F.,.F.,.F.)B_SPLINE_SURFACE_WITH_KNOTS((4,2,2,2,2,2,2,4),(3,3),(0.0,0.00149234379526013,0.00223851569289025,0.00298468759052036,0.00373085948815048,0.0044770313857806,0.00522320328341071,0.00596937518104083),(0.0,1.0),.UNSPECIFIED.)RATIONAL_B_SPLINE_SURFACE(((1.0,0.856858222981639,1.0),(1.0,0.86135348106995,1.0),(1.0,0.868849429348651,1.0),(1.0,0.882891701199709,1.0),(1.0,0.88797471465107,1.0),(1.0,0.898385739881122,1.0),(1.0,0.903741723211149,1.0),(1.0,0.91434035191196,1.0),(1.0,0.919554700866793,1.0),(1.0,0.929093698311236,1.0),(1.0,0.933459193210786,1.0),(1.0,0.940855027765132,1.0),(1.0,0.943888087491026,1.0),(1.0,0.947875639254361,1.0),(1.0,0.948860655459111,1.0),(1.0,0.948683298050511,1.0)))BOUNDED_SURFACE()REPRESENTATION_ITEM('')GEOMETRIC_REPRESENTATION_ITEM()SURFACE());
#1123=SURFACE_STYLE_USAGE(.BOTH.,#2082);
#1124=FACE_OUTER_BOUND('',#2083,.T.);
#1125=TOROIDAL_SURFACE('',#2084,9.02061601851447,2.5);
#1126=SURFACE_STYLE_USAGE(.BOTH.,#2085);
#1127=FACE_OUTER_BOUND('',#2086,.T.);
#1128=(B_SPLINE_SURFACE(3,2,((#2088,#2089,#2090),(#2091,#2092,#2093),(#2094,#2095,#2096),(#2097,#2098,#2099),(#2100,#2101,#2102),(#2103,#2104,#2105),(#2106,#2107,#2108),(#2109,#2110,#2111),(#2112,#2113,#2114),(#2115,#2116,#2117),(#2118,#2119,#2120),(#2121,#2122,#2123),(#2124,#2125,#2126),(#2127,#2128,#2129)),.UNSPECIFIED.,.F.,.F.,.F.)B_SPLINE_SURFACE_WITH_KNOTS((4,2,2,2,2,2,4),(3,3),(0.0,0.00149114589116828,0.00298229178233655,0.00372786472792069,0.00447343767350483,0.00521901061908897,0.0059645835646731),(0.0,1.0),.UNSPECIFIED.)RATIONAL_B_SPLINE_SURFACE(((1.0,0.948683298050514,1.0),(1.0,0.949055823864071,1.0),(1.0,0.94469972035742,1.0),(1.0,0.929847416382877,1.0),(1.0,0.919765446635736,1.0),(1.0,0.90383322154078,1.0),(1.0,0.898433265660776,1.0),(1.0,0.888041441580887,1.0),(1.0,0.883020502125391,1.0),(1.0,0.873703003155382,1.0),(1.0,0.86939369943201,1.0),(1.0,0.862113991125344,1.0),(1.0,0.859104234900465,1.0),(1.0,0.856858222981639,1.0)))BOUNDED_SURFACE()REPRESENTATION_ITEM('')GEOMETRIC_REPRESENTATION_ITEM()SURFACE());
#1129=SURFACE_STYLE_USAGE(.BOTH.,#2136);
#1130=FACE_OUTER_BOUND('',#2137,.T.);
#1131=(B_SPLINE_SURFACE(3,2,((#2139,#2140,#2141),(#2142,#2143,#2144),(#2145,#2146,#2147),(#2148,#2149,#2150)),.UNSPECIFIED.,.F.,.F.,.F.)B_SPLINE_SURFACE_WITH_KNOTS((4,4),(3,3),(0.0,0.00198643102141597),(0.0,1.0),.UNSPECIFIED.)RATIONAL_B_SPLINE_SURFACE(((1.0,0.859286863640955,1.0),(1.0,0.86085217367292,1.0),(1.0,0.862365155925605,1.0),(1.0,0.86383075545281,1.0)))BOUNDED_SURFACE()REPRESENTATION_ITEM('')GEOMETRIC_REPRESENTATION_ITEM()SURFACE());
#1132=SURFACE_STYLE_USAGE(.BOTH.,#2157);
#1133=FACE_OUTER_BOUND('',#2158,.T.);
#1134=(B_SPLINE_SURFACE(3,2,((#2160,#2161,#2162),(#2163,#2164,#2165),(#2166,#2167,#2168),(#2169,#2170,#2171)),.UNSPECIFIED.,.F.,.F.,.F.)B_SPLINE_SURFACE_WITH_KNOTS((4,4),(3,3),(0.0,0.00198643102141597),(0.0,1.0),.UNSPECIFIED.)RATIONAL_B_SPLINE_SURFACE(((1.0,0.859286863640955,1.0),(1.0,0.86085217367292,1.0),(1.0,0.862365155925605,1.0),(1.0,0.86383075545281,1.0)))BOUNDED_SURFACE()REPRESENTATION_ITEM('')GEOMETRIC_REPRESENTATION_ITEM()SURFACE());
#1135=SURFACE_STYLE_USAGE(.BOTH.,#2178);
#1136=FACE_OUTER_BOUND('',#2179,.T.);
#1137=(B_SPLINE_SURFACE(3,2,((#2181,#2182,#2183),(#2184,#2185,#2186),(#2187,#2188,#2189),(#2190,#2191,#2192)),.UNSPECIFIED.,.F.,.F.,.F.)B_SPLINE_SURFACE_WITH_KNOTS((4,4),(3,3),(0.0,0.00104148959626806),(0.0,1.0),.UNSPECIFIED.)RATIONAL_B_SPLINE_SURFACE(((1.0,0.85685822298164,1.0),(1.0,0.859453091746699,1.0),(1.0,0.860325803726714,1.0),(1.0,0.859286863640954,1.0)))BOUNDED_SURFACE()REPRESENTATION_ITEM('')GEOMETRIC_REPRESENTATION_ITEM()SURFACE());
#1138=SURFACE_STYLE_USAGE(.BOTH.,#2199);
#1139=FACE_OUTER_BOUND('',#2200,.T.);
#1140=(B_SPLINE_SURFACE(3,2,((#2202,#2203,#2204),(#2205,#2206,#2207),(#2208,#2209,#2210),(#2211,#2212,#2213),(#2214,#2215,#2216),(#2217,#2218,#2219),(#2220,#2221,#2222),(#2223,#2224,#2225),(#2226,#2227,#2228),(#2229,#2230,#2231),(#2232,#2233,#2234),(#2235,#2236,#2237),(#2238,#2239,#2240),(#2241,#2242,#2243)),.UNSPECIFIED.,.F.,.F.,.F.)B_SPLINE_SURFACE_WITH_KNOTS((4,2,2,2,2,2,4),(3,3),(0.0,0.00149114589116828,0.00298229178233656,0.0037278647279207,0.00447343767350484,0.00521901061908898,0.00596458356467312),(0.0,1.0),.UNSPECIFIED.)RATIONAL_B_SPLINE_SURFACE(((1.0,0.948683298050514,1.0),(1.0,0.949055823864071,1.0),(1.0,0.94469972035742,1.0),(1.0,0.929847416382878,1.0),(1.0,0.919765446635736,1.0),(1.0,0.90383322154078,1.0),(1.0,0.898433265660776,1.0),(1.0,0.888041441580887,1.0),(1.0,0.883020502125391,1.0),(1.0,0.873703003155382,1.0),(1.0,0.86939369943201,1.0),(1.0,0.862113991125344,1.0),(1.0,0.859104234900465,1.0),(1.0,0.856858222981639,1.0)))BOUNDED_SURFACE()REPRESENTATION_ITEM('')GEOMETRIC_REPRESENTATION_ITEM()SURFACE());
#1141=SURFACE_STYLE_USAGE(.BOTH.,#2250);
#1142=FACE_OUTER_BOUND('',#2251,.T.);
#1143=(B_SPLINE_SURFACE(3,2,((#2253,#2254,#2255),(#2256,#2257,#2258),(#2259,#2260,#2261),(#2262,#2263,#2264),(#2265,#2266,#2267),(#2268,#2269,#2270),(#2271,#2272,#2273),(#2274,#2275,#2276),(#2277,#2278,#2279),(#2280,#2281,#2282),(#2283,#2284,#2285),(#2286,#2287,#2288),(#2289,#2290,#2291),(#2292,#2293,#2294),(#2295,#2296,#2297),(#2298,#2299,#2300)),.UNSPECIFIED.,.F.,.F.,.F.)B_SPLINE_SURFACE_WITH_KNOTS((4,2,2,2,2,2,2,4),(3,3),(0.0,0.00149234379526013,0.00223851569289024,0.00298468759052036,0.00373085948815048,0.0044770313857806,0.00522320328341071,0.00596937518104083),(0.0,1.0),.UNSPECIFIED.)RATIONAL_B_SPLINE_SURFACE(((1.0,0.856858222981639,1.0),(1.0,0.86135348106995,1.0),(1.0,0.868849429348651,1.0),(1.0,0.882891701199709,1.0),(1.0,0.88797471465107,1.0),(1.0,0.898385739881123,1.0),(1.0,0.903741723211149,1.0),(1.0,0.91434035191196,1.0),(1.0,0.919554700866793,1.0),(1.0,0.929093698311236,1.0),(1.0,0.933459193210786,1.0),(1.0,0.940855027765132,1.0),(1.0,0.94388808749104,1.0),(1.0,0.947875639254347,1.0),(1.0,0.948860655459121,1.0),(1.0,0.948683298050511,1.0)))BOUNDED_SURFACE()REPRESENTATION_ITEM('')GEOMETRIC_REPRESENTATION_ITEM()SURFACE());
#1144=SURFACE_STYLE_USAGE(.BOTH.,#2307);
#1145=FACE_OUTER_BOUND('',#2308,.T.);
#1146=(B_SPLINE_SURFACE(3,2,((#2310,#2311,#2312),(#2313,#2314,#2315),(#2316,#2317,#2318),(#2319,#2320,#2321)),.UNSPECIFIED.,.F.,.F.,.F.)B_SPLINE_SURFACE_WITH_KNOTS((4,4),(3,3),(0.0,0.00198643102141597),(0.0,1.0),.UNSPECIFIED.)RATIONAL_B_SPLINE_SURFACE(((1.0,0.859286863640955,1.0),(1.0,0.86085217367292,1.0),(1.0,0.862365155925605,1.0),(1.0,0.86383075545281,1.0)))BOUNDED_SURFACE()REPRESENTATION_ITEM('')GEOMETRIC_REPRESENTATION_ITEM()SURFACE());
#1147=SURFACE_STYLE_USAGE(.BOTH.,#2328);
#1148=FACE_OUTER_BOUND('',#2329,.T.);
#1149=(B_SPLINE_SURFACE(3,2,((#2331,#2332,#2333),(#2334,#2335,#2336),(#2337,#2338,#2339),(#2340,#2341,#2342)),.UNSPECIFIED.,.F.,.F.,.F.)B_SPLINE_SURFACE_WITH_KNOTS((4,4),(3,3),(0.0,0.00104148959626797),(0.0,1.0),.UNSPECIFIED.)RATIONAL_B_SPLINE_SURFACE(((1.0,0.859286863640954,1.0),(1.0,0.860325803726713,1.0),(1.0,0.8594530917467,1.0),(1.0,0.85685822298164,1.0)))BOUNDED_SURFACE()REPRESENTATION_ITEM('')GEOMETRIC_REPRESENTATION_ITEM()SURFACE());
#1150=SURFACE_STYLE_USAGE(.BOTH.,#2349);
#1151=FACE_OUTER_BOUND('',#2350,.T.);
#1152=TOROIDAL_SURFACE('',#2351,9.02061601851447,2.5);
#1153=SURFACE_STYLE_USAGE(.BOTH.,#2352);
#1154=FACE_OUTER_BOUND('',#2353,.T.);
#1155=SPHERICAL_SURFACE('',#2354,2.5);
#1156=SURFACE_STYLE_USAGE(.BOTH.,#2355);
#1157=FACE_OUTER_BOUND('',#2356,.T.);
#1158=SPHERICAL_SURFACE('',#2357,2.5);
#1159=SURFACE_STYLE_USAGE(.BOTH.,#2358);
#1160=FACE_OUTER_BOUND('',#2359,.T.);
#1161=CYLINDRICAL_SURFACE('',#2360,2.5);
#1162=SURFACE_STYLE_USAGE(.BOTH.,#2361);
#1163=FACE_OUTER_BOUND('',#2362,.T.);
#1164=CYLINDRICAL_SURFACE('',#2363,2.5);
#1165=SURFACE_STYLE_USAGE(.BOTH.,#2364);
#1166=FACE_OUTER_BOUND('',#2365,.T.);
#1167=CYLINDRICAL_SURFACE('',#2366,2.5);
#1168=SURFACE_STYLE_USAGE(.BOTH.,#2367);
#1169=FACE_OUTER_BOUND('',#2368,.T.);
#1170=PLANE('',#2369);
#1171=SURFACE_STYLE_USAGE(.BOTH.,#2370);
#1172=FACE_OUTER_BOUND('',#2371,.T.);
#1173=PLANE('',#2372);
#1174=SURFACE_STYLE_USAGE(.BOTH.,#2373);
#1175=FACE_OUTER_BOUND('',#2374,.T.);
#1176=CYLINDRICAL_SURFACE('',#2375,2.5);
#1177=SURFACE_STYLE_USAGE(.BOTH.,#2376);
#1178=FACE_OUTER_BOUND('',#2377,.T.);
#1179=CYLINDRICAL_SURFACE('',#2378,2.5);
#1180=SURFACE_STYLE_USAGE(.BOTH.,#2379);
#1181=FACE_OUTER_BOUND('',#2380,.T.);
#1182=PLANE('',#2381);
#1183=SURFACE_STYLE_USAGE(.BOTH.,#2382);
#1184=FACE_OUTER_BOUND('',#2383,.T.);
#1185=PLANE('',#2384);
#1186=SURFACE_STYLE_USAGE(.BOTH.,#2385);
#1187=FACE_OUTER_BOUND('',#2386,.T.);
#1188=PLANE('',#2387);
#1189=SURFACE_STYLE_USAGE(.BOTH.,#2388);
#1190=FACE_OUTER_BOUND('',#2389,.T.);
#1191=PLANE('',#2390);
#1192=SURFACE_STYLE_USAGE(.BOTH.,#2391);
#1193=FACE_OUTER_BOUND('',#2392,.T.);
#1194=CYLINDRICAL_SURFACE('',#2393,2.5);
#1195=SURFACE_STYLE_USAGE(.BOTH.,#2394);
#1196=FACE_OUTER_BOUND('',#2395,.T.);
#1197=CYLINDRICAL_SURFACE('',#2396,2.5);
#1198=SURFACE_STYLE_USAGE(.BOTH.,#2397);
#1199=FACE_OUTER_BOUND('',#2398,.T.);
#1200=PLANE('',#2399);
#1201=SURFACE_STYLE_USAGE(.BOTH.,#2400);
#1202=FACE_OUTER_BOUND('',#2401,.T.);
#1203=CYLINDRICAL_SURFACE('',#2402,2.5);
#1204=SURFACE_STYLE_USAGE(.BOTH.,#2403);
#1205=FACE_OUTER_BOUND('',#2404,.T.);
#1206=CYLINDRICAL_SURFACE('',#2405,2.5);
#1207=SURFACE_STYLE_USAGE(.BOTH.,#2406);
#1208=FACE_OUTER_BOUND('',#2407,.T.);
#1209=SPHERICAL_SURFACE('',#2408,2.5);
#1210=SURFACE_STYLE_USAGE(.BOTH.,#2409);
#1211=FACE_OUTER_BOUND('',#2410,.T.);
#1212=SPHERICAL_SURFACE('',#2411,2.5);
#1213=SURFACE_STYLE_USAGE(.BOTH.,#2412);
#1214=FACE_OUTER_BOUND('',#2413,.T.);
#1215=CYLINDRICAL_SURFACE('',#2414,2.5);
#1216=SURFACE_STYLE_USAGE(.BOTH.,#2415);
#1217=FACE_BOUND('',#2416,.T.);
#1218=FACE_BOUND('',#2417,.T.);
#1219=TOROIDAL_SURFACE('',#2418,6.02061601851448,2.5);
#1220=SURFACE_STYLE_USAGE(.BOTH.,#2419);
#1221=FACE_OUTER_BOUND('',#2420,.T.);
#1222=PLANE('',#2421);
#1223=SURFACE_STYLE_USAGE(.BOTH.,#2422);
#1224=FACE_OUTER_BOUND('',#2423,.T.);
#1225=CONICAL_SURFACE('',#2424,9.0,0.174532925199433);
#1226=CURVE_STYLE('',#2425,POSITIVE_LENGTH_MEASURE(1.0E-006),#2426);
#1227=VERTEX_POINT('',#2427);
#1228=VERTEX_POINT('',#2428);
#1229=LINE('',#2429,#2430);
#1230=CURVE_STYLE('',#2431,POSITIVE_LENGTH_MEASURE(1.0E-006),#2432);
#1231=VERTEX_POINT('',#2433);
#1232=LINE('',#2434,#2435);
#1233=CURVE_STYLE('',#2436,POSITIVE_LENGTH_MEASURE(1.0E-006),#2437);
#1234=VERTEX_POINT('',#2438);
#1235=LINE('',#2439,#2440);
#1236=CURVE_STYLE('',#2441,POSITIVE_LENGTH_MEASURE(1.0E-006),#2442);
#1237=B_SPLINE_CURVE_WITH_KNOTS('',3,(#2443,#2444,#2445,#2446),.UNSPECIFIED.,.F.,.F.,(4,4),(0.0,0.00197464291545101),.UNSPECIFIED.);
#1238=CURVE_STYLE('',#2447,POSITIVE_LENGTH_MEASURE(1.0E-006),#2448);
#1239=VERTEX_POINT('',#2449);
#1240=B_SPLINE_CURVE_WITH_KNOTS('',3,(#2450,#2451,#2452,#2453,#2454,#2455,#2456,#2457,#2458,#2459),.UNSPECIFIED.,.F.,.F.,(4,2,2,2,4),(0.0,0.000657781887891742,0.00131556377578348,0.00197334566367523,0.00263112755156697),.UNSPECIFIED.);
#1241=CURVE_STYLE('',#2460,POSITIVE_LENGTH_MEASURE(1.0E-006),#2461);
#1242=VERTEX_POINT('',#2462);
#1243=CIRCLE('',#2463,2.5);
#1244=CURVE_STYLE('',#2464,POSITIVE_LENGTH_MEASURE(1.0E-006),#2465);
#1245=B_SPLINE_CURVE_WITH_KNOTS('',3,(#2466,#2467,#2468,#2469),.UNSPECIFIED.,.F.,.F.,(4,4),(0.0,0.00197049707514274),.UNSPECIFIED.);
#1246=CURVE_STYLE('',#2470,POSITIVE_LENGTH_MEASURE(1.0E-006),#2471);
#1247=VERTEX_POINT('',#2472);
#1248=CIRCLE('',#2473,8.0);
#1249=CURVE_STYLE('',#2474,POSITIVE_LENGTH_MEASURE(1.0E-006),#2475);
#1250=VERTEX_POINT('',#2476);
#1251=CIRCLE('',#2477,10.0);
#1252=CURVE_STYLE('',#2478,POSITIVE_LENGTH_MEASURE(1.0E-006),#2479);
#1253=VERTEX_POINT('',#2480);
#1254=CIRCLE('',#2481,10.0);
#1255=CURVE_STYLE('',#2482,POSITIVE_LENGTH_MEASURE(1.0E-006),#2483);
#1256=VERTEX_POINT('',#2484);
#1257=CIRCLE('',#2485,8.0);
#1258=CURVE_STYLE('',#2486,POSITIVE_LENGTH_MEASURE(1.0E-006),#2487);
#1259=VERTEX_POINT('',#2488);
#1260=VERTEX_POINT('',#2489);
#1261=ELLIPSE('',#2490,10.3062234026414,10.0);
#1262=CURVE_STYLE('',#2491,POSITIVE_LENGTH_MEASURE(1.0E-006),#2492);
#1263=VERTEX_POINT('',#2493);
#1264=LINE('',#2494,#2495);
#1265=CURVE_STYLE('',#2496,POSITIVE_LENGTH_MEASURE(1.0E-006),#2497);
#1266=VERTEX_POINT('',#2498);
#1267=ELLIPSE('',#2499,10.3062234026414,10.0);
#1268=CURVE_STYLE('',#2500,POSITIVE_LENGTH_MEASURE(1.0E-006),#2501);
#1269=LINE('',#2502,#2503);
#1270=CURVE_STYLE('',#2504,POSITIVE_LENGTH_MEASURE(1.0E-006),#2505);
#1271=VERTEX_POINT('',#2506);
#1272=VERTEX_POINT('',#2507);
#1273=ELLIPSE('',#2508,10.3062234026414,10.0);
#1274=CURVE_STYLE('',#2509,POSITIVE_LENGTH_MEASURE(1.0E-006),#2510);
#1275=VERTEX_POINT('',#2511);
#1276=LINE('',#2512,#2513);
#1277=CURVE_STYLE('',#2514,POSITIVE_LENGTH_MEASURE(1.0E-006),#2515);
#1278=VERTEX_POINT('',#2516);
#1279=ELLIPSE('',#2517,10.3062234026414,10.0);
#1280=CURVE_STYLE('',#2518,POSITIVE_LENGTH_MEASURE(1.0E-006),#2519);
#1281=LINE('',#2520,#2521);
#1282=CURVE_STYLE('',#2522,POSITIVE_LENGTH_MEASURE(1.0E-006),#2523);
#1283=VERTEX_POINT('',#2524);
#1284=VERTEX_POINT('',#2525);
#1285=ELLIPSE('',#2526,10.3062234026414,10.0);
#1286=CURVE_STYLE('',#2527,POSITIVE_LENGTH_MEASURE(1.0E-006),#2528);
#1287=VERTEX_POINT('',#2529);
#1288=LINE('',#2530,#2531);
#1289=CURVE_STYLE('',#2532,POSITIVE_LENGTH_MEASURE(1.0E-006),#2533);
#1290=VERTEX_POINT('',#2534);
#1291=ELLIPSE('',#2535,10.3062234026414,10.0);
#1292=CURVE_STYLE('',#2536,POSITIVE_LENGTH_MEASURE(1.0E-006),#2537);
#1293=LINE('',#2538,#2539);
#1294=CURVE_STYLE('',#2540,POSITIVE_LENGTH_MEASURE(1.0E-006),#2541);
#1295=VERTEX_POINT('',#2542);
#1296=VERTEX_POINT('',#2543);
#1297=ELLIPSE('',#2544,10.3062234026414,10.0);
#1298=CURVE_STYLE('',#2545,POSITIVE_LENGTH_MEASURE(1.0E-006),#2546);
#1299=VERTEX_POINT('',#2547);
#1300=LINE('',#2548,#2549);
#1301=CURVE_STYLE('',#2550,POSITIVE_LENGTH_MEASURE(1.0E-006),#2551);
#1302=VERTEX_POINT('',#2552);
#1303=ELLIPSE('',#2553,10.3062234026414,10.0);
#1304=CURVE_STYLE('',#2554,POSITIVE_LENGTH_MEASURE(1.0E-006),#2555);
#1305=LINE('',#2556,#2557);
#1306=CURVE_STYLE('',#2558,POSITIVE_LENGTH_MEASURE(1.0E-006),#2559);
#1307=LINE('',#2560,#2561);
#1308=CURVE_STYLE('',#2562,POSITIVE_LENGTH_MEASURE(1.0E-006),#2563);
#1309=LINE('',#2564,#2565);
#1310=CURVE_STYLE('',#2566,POSITIVE_LENGTH_MEASURE(1.0E-006),#2567);
#1311=LINE('',#2568,#2569);
#1312=CURVE_STYLE('',#2570,POSITIVE_LENGTH_MEASURE(1.0E-006),#2571);
#1313=LINE('',#2572,#2573);
#1314=CURVE_STYLE('',#2574,POSITIVE_LENGTH_MEASURE(1.0E-006),#2575);
#1315=LINE('',#2576,#2577);
#1316=CURVE_STYLE('',#2578,POSITIVE_LENGTH_MEASURE(1.0E-006),#2579);
#1317=LINE('',#2580,#2581);
#1318=CURVE_STYLE('',#2582,POSITIVE_LENGTH_MEASURE(1.0E-006),#2583);
#1319=LINE('',#2584,#2585);
#1320=CURVE_STYLE('',#2586,POSITIVE_LENGTH_MEASURE(1.0E-006),#2587);
#1321=LINE('',#2588,#2589);
#1322=CURVE_STYLE('',#2590,POSITIVE_LENGTH_MEASURE(1.0E-006),#2591);
#1323=VERTEX_POINT('',#2592);
#1324=VERTEX_POINT('',#2593);
#1325=LINE('',#2594,#2595);
#1326=CURVE_STYLE('',#2596,POSITIVE_LENGTH_MEASURE(1.0E-006),#2597);
#1327=VERTEX_POINT('',#2598);
#1328=LINE('',#2599,#2600);
#1329=CURVE_STYLE('',#2601,POSITIVE_LENGTH_MEASURE(1.0E-006),#2602);
#1330=VERTEX_POINT('',#2603);
#1331=LINE('',#2604,#2605);
#1332=CURVE_STYLE('',#2606,POSITIVE_LENGTH_MEASURE(1.0E-006),#2607);
#1333=LINE('',#2608,#2609);
#1334=CURVE_STYLE('',#2610,POSITIVE_LENGTH_MEASURE(1.0E-006),#2611);
#1335=VERTEX_POINT('',#2612);
#1336=LINE('',#2613,#2614);
#1337=CURVE_STYLE('',#2615,POSITIVE_LENGTH_MEASURE(1.0E-006),#2616);
#1338=VERTEX_POINT('',#2617);
#1339=LINE('',#2618,#2619);
#1340=CURVE_STYLE('',#2620,POSITIVE_LENGTH_MEASURE(1.0E-006),#2621);
#1341=LINE('',#2622,#2623);
#1342=CURVE_STYLE('',#2624,POSITIVE_LENGTH_MEASURE(1.0E-006),#2625);
#1343=VERTEX_POINT('',#2626);
#1344=LINE('',#2627,#2628);
#1345=CURVE_STYLE('',#2629,POSITIVE_LENGTH_MEASURE(1.0E-006),#2630);
#1346=VERTEX_POINT('',#2631);
#1347=LINE('',#2632,#2633);
#1348=CURVE_STYLE('',#2634,POSITIVE_LENGTH_MEASURE(1.0E-006),#2635);
#1349=LINE('',#2636,#2637);
#1350=CURVE_STYLE('',#2638,POSITIVE_LENGTH_MEASURE(1.0E-006),#2639);
#1351=LINE('',#2640,#2641);
#1352=CURVE_STYLE('',#2642,POSITIVE_LENGTH_MEASURE(1.0E-006),#2643);
#1353=LINE('',#2644,#2645);
#1354=CURVE_STYLE('',#2646,POSITIVE_LENGTH_MEASURE(1.0E-006),#2647);
#1355=VERTEX_POINT('',#2648);
#1356=CIRCLE('',#2649,15.0);
#1357=CURVE_STYLE('',#2650,POSITIVE_LENGTH_MEASURE(1.0E-006),#2651);
#1358=VERTEX_POINT('',#2652);
#1359=CIRCLE('',#2653,15.0);
#1360=CURVE_STYLE('',#2654,POSITIVE_LENGTH_MEASURE(1.0E-006),#2655);
#1361=VERTEX_POINT('',#2656);
#1362=CIRCLE('',#2657,10.0);
#1363=CURVE_STYLE('',#2658,POSITIVE_LENGTH_MEASURE(1.0E-006),#2659);
#1364=VERTEX_POINT('',#2660);
#1365=CIRCLE('',#2661,10.0);
#1366=CURVE_STYLE('',#2662,POSITIVE_LENGTH_MEASURE(1.0E-006),#2663);
#1367=VERTEX_POINT('',#2664);
#1368=CIRCLE('',#2665,12.5);
#1369=CURVE_STYLE('',#2666,POSITIVE_LENGTH_MEASURE(1.0E-006),#2667);
#1370=VERTEX_POINT('',#2668);
#1371=CIRCLE('',#2669,12.5);
#1372=CURVE_STYLE('',#2670,POSITIVE_LENGTH_MEASURE(1.0E-006),#2671);
#1373=VERTEX_POINT('',#2672);
#1374=CIRCLE('',#2673,10.0);
#1375=CURVE_STYLE('',#2674,POSITIVE_LENGTH_MEASURE(1.0E-006),#2675);
#1376=VERTEX_POINT('',#2676);
#1377=CIRCLE('',#2677,10.0);
#1378=CURVE_STYLE('',#2678,POSITIVE_LENGTH_MEASURE(1.0E-006),#2679);
#1379=VERTEX_POINT('',#2680);
#1380=CIRCLE('',#2681,10.0);
#1381=CURVE_STYLE('',#2682,POSITIVE_LENGTH_MEASURE(1.0E-006),#2683);
#1382=VERTEX_POINT('',#2684);
#1383=CIRCLE('',#2685,10.0);
#1384=CURVE_STYLE('',#2686,POSITIVE_LENGTH_MEASURE(1.0E-006),#2687);
#1385=VERTEX_POINT('',#2688);
#1386=CIRCLE('',#2689,15.0);
#1387=CURVE_STYLE('',#2690,POSITIVE_LENGTH_MEASURE(1.0E-006),#2691);
#1388=VERTEX_POINT('',#2692);
#1389=CIRCLE('',#2693,15.0);
#1390=CURVE_STYLE('',#2694,POSITIVE_LENGTH_MEASURE(1.0E-006),#2695);
#1391=VERTEX_POINT('',#2696);
#1392=CIRCLE('',#2697,15.0);
#1393=CURVE_STYLE('',#2698,POSITIVE_LENGTH_MEASURE(1.0E-006),#2699);
#1394=VERTEX_POINT('',#2700);
#1395=CIRCLE('',#2701,15.0);
#1396=CURVE_STYLE('',#2702,POSITIVE_LENGTH_MEASURE(1.0E-006),#2703);
#1397=VERTEX_POINT('',#2704);
#1398=CIRCLE('',#2705,12.5);
#1399=CURVE_STYLE('',#2706,POSITIVE_LENGTH_MEASURE(1.0E-006),#2707);
#1400=VERTEX_POINT('',#2708);
#1401=CIRCLE('',#2709,12.5);
#1402=CURVE_STYLE('',#2710,POSITIVE_LENGTH_MEASURE(1.0E-006),#2711);
#1403=VERTEX_POINT('',#2712);
#1404=CIRCLE('',#2713,10.0);
#1405=CURVE_STYLE('',#2714,POSITIVE_LENGTH_MEASURE(1.0E-006),#2715);
#1406=VERTEX_POINT('',#2716);
#1407=CIRCLE('',#2717,10.0);
#1408=CURVE_STYLE('',#2718,POSITIVE_LENGTH_MEASURE(1.0E-006),#2719);
#1409=VERTEX_POINT('',#2720);
#1410=CIRCLE('',#2721,15.0);
#1411=CURVE_STYLE('',#2722,POSITIVE_LENGTH_MEASURE(1.0E-006),#2723);
#1412=VERTEX_POINT('',#2724);
#1413=CIRCLE('',#2725,15.0);
#1414=CURVE_STYLE('',#2726,POSITIVE_LENGTH_MEASURE(1.0E-006),#2727);
#1415=VERTEX_POINT('',#2728);
#1416=CIRCLE('',#2729,15.0);
#1417=CURVE_STYLE('',#2730,POSITIVE_LENGTH_MEASURE(1.0E-006),#2731);
#1418=VERTEX_POINT('',#2732);
#1419=CIRCLE('',#2733,15.0);
#1420=CURVE_STYLE('',#2734,POSITIVE_LENGTH_MEASURE(1.0E-006),#2735);
#1421=VERTEX_POINT('',#2736);
#1422=CIRCLE('',#2737,21.0);
#1423=CURVE_STYLE('',#2738,POSITIVE_LENGTH_MEASURE(1.0E-006),#2739);
#1424=VERTEX_POINT('',#2740);
#1425=CIRCLE('',#2741,21.0);
#1426=CURVE_STYLE('',#2742,POSITIVE_LENGTH_MEASURE(1.0E-006),#2743);
#1427=VERTEX_POINT('',#2744);
#1428=CIRCLE('',#2745,21.0);
#1429=CURVE_STYLE('',#2746,POSITIVE_LENGTH_MEASURE(1.0E-006),#2747);
#1430=VERTEX_POINT('',#2748);
#1431=CIRCLE('',#2749,21.0);
#1432=CURVE_STYLE('',#2750,POSITIVE_LENGTH_MEASURE(1.0E-006),#2751);
#1433=VERTEX_POINT('',#2752);
#1434=CIRCLE('',#2753,15.0);
#1435=CURVE_STYLE('',#2754,POSITIVE_LENGTH_MEASURE(1.0E-006),#2755);
#1436=VERTEX_POINT('',#2756);
#1437=CIRCLE('',#2757,15.0);
#1438=CURVE_STYLE('',#2758,POSITIVE_LENGTH_MEASURE(1.0E-006),#2759);
#1439=VERTEX_POINT('',#2760);
#1440=CIRCLE('',#2761,8.0);
#1441=CURVE_STYLE('',#2762,POSITIVE_LENGTH_MEASURE(1.0E-006),#2763);
#1442=VERTEX_POINT('',#2764);
#1443=CIRCLE('',#2765,8.0);
#1444=CURVE_STYLE('',#2766,POSITIVE_LENGTH_MEASURE(1.0E-006),#2767);
#1445=VERTEX_POINT('',#2768);
#1446=VERTEX_POINT('',#2769);
#1447=ELLIPSE('',#2770,2.57655585066034,2.5);
#1448=CURVE_STYLE('',#2771,POSITIVE_LENGTH_MEASURE(1.0E-006),#2772);
#1449=VERTEX_POINT('',#2773);
#1450=LINE('',#2774,#2775);
#1451=CURVE_STYLE('',#2776,POSITIVE_LENGTH_MEASURE(1.0E-006),#2777);
#1452=ELLIPSE('',#2778,2.57655585066034,2.5);
#1453=CURVE_STYLE('',#2779,POSITIVE_LENGTH_MEASURE(1.0E-006),#2780);
#1454=VERTEX_POINT('',#2781);
#1455=CIRCLE('',#2782,9.0);
#1456=CURVE_STYLE('',#2783,POSITIVE_LENGTH_MEASURE(1.0E-006),#2784);
#1457=VERTEX_POINT('',#2785);
#1458=B_SPLINE_CURVE_WITH_KNOTS('',3,(#2786,#2787,#2788,#2789,#2790,#2791,#2792,#2793,#2794,#2795),.UNSPECIFIED.,.F.,.F.,(4,2,2,2,4),(0.0,0.00065778193483498,0.00131556386966996,0.00197334580450494,0.00263112773933992),.UNSPECIFIED.);
#1459=CURVE_STYLE('',#2796,POSITIVE_LENGTH_MEASURE(1.0E-006),#2797);
#1460=VERTEX_POINT('',#2798);
#1461=LINE('',#2799,#2800);
#1462=CURVE_STYLE('',#2801,POSITIVE_LENGTH_MEASURE(1.0E-006),#2802);
#1463=VERTEX_POINT('',#2803);
#1464=ELLIPSE('',#2804,2.57655585066034,2.5);
#1465=CURVE_STYLE('',#2805,POSITIVE_LENGTH_MEASURE(1.0E-006),#2806);
#1466=VERTEX_POINT('',#2807);
#1467=LINE('',#2808,#2809);
#1468=CURVE_STYLE('',#2810,POSITIVE_LENGTH_MEASURE(1.0E-006),#2811);
#1469=VERTEX_POINT('',#2812);
#1470=ELLIPSE('',#2813,2.57655585066034,2.5);
#1471=CURVE_STYLE('',#2814,POSITIVE_LENGTH_MEASURE(1.0E-006),#2815);
#1472=VERTEX_POINT('',#2816);
#1473=LINE('',#2817,#2818);
#1474=CURVE_STYLE('',#2819,POSITIVE_LENGTH_MEASURE(1.0E-006),#2820);
#1475=VERTEX_POINT('',#2821);
#1476=B_SPLINE_CURVE_WITH_KNOTS('',3,(#2822,#2823,#2824,#2825,#2826,#2827,#2828,#2829,#2830,#2831),.UNSPECIFIED.,.F.,.F.,(4,2,2,2,4),(0.0,0.000657781887891742,0.00131556377578348,0.00197334566367523,0.00263112755156697),.UNSPECIFIED.);
#1477=CURVE_STYLE('',#2832,POSITIVE_LENGTH_MEASURE(1.0E-006),#2833);
#1478=VERTEX_POINT('',#2834);
#1479=CIRCLE('',#2835,9.0);
#1480=CURVE_STYLE('',#2836,POSITIVE_LENGTH_MEASURE(1.0E-006),#2837);
#1481=VERTEX_POINT('',#2838);
#1482=B_SPLINE_CURVE_WITH_KNOTS('',3,(#2839,#2840,#2841,#2842,#2843,#2844,#2845,#2846,#2847,#2848),.UNSPECIFIED.,.F.,.F.,(4,2,2,2,4),(0.0,0.000657781934834979,0.00131556386966996,0.00197334580450494,0.00263112773933992),.UNSPECIFIED.);
#1483=CURVE_STYLE('',#2849,POSITIVE_LENGTH_MEASURE(1.0E-006),#2850);
#1484=LINE('',#2851,#2852);
#1485=CURVE_STYLE('',#2853,POSITIVE_LENGTH_MEASURE(1.0E-006),#2854);
#1486=VERTEX_POINT('',#2855);
#1487=CIRCLE('',#2856,8.0);
#1488=CURVE_STYLE('',#2857,POSITIVE_LENGTH_MEASURE(1.0E-006),#2858);
#1489=VERTEX_POINT('',#2859);
#1490=CIRCLE('',#2860,8.0);
#1491=CURVE_STYLE('',#2861,POSITIVE_LENGTH_MEASURE(1.0E-006),#2862);
#1492=VERTEX_POINT('',#2863);
#1493=CIRCLE('',#2864,21.0);
#1494=CURVE_STYLE('',#2865,POSITIVE_LENGTH_MEASURE(1.0E-006),#2866);
#1495=VERTEX_POINT('',#2867);
#1496=CIRCLE('',#2868,21.0);
#1497=CURVE_STYLE('',#2869,POSITIVE_LENGTH_MEASURE(1.0E-006),#2870);
#1498=VERTEX_POINT('',#2871);
#1499=CIRCLE('',#2872,21.0);
#1500=CURVE_STYLE('',#2873,POSITIVE_LENGTH_MEASURE(1.0E-006),#2874);
#1501=VERTEX_POINT('',#2875);
#1502=CIRCLE('',#2876,21.0);
#1503=CURVE_STYLE('',#2877,POSITIVE_LENGTH_MEASURE(1.0E-006),#2878);
#1504=VERTEX_POINT('',#2879);
#1505=CIRCLE('',#2880,15.0);
#1506=CURVE_STYLE('',#2881,POSITIVE_LENGTH_MEASURE(1.0E-006),#2882);
#1507=VERTEX_POINT('',#2883);
#1508=CIRCLE('',#2884,15.0);
#1509=CURVE_STYLE('',#2885,POSITIVE_LENGTH_MEASURE(1.0E-006),#2886);
#1510=VERTEX_POINT('',#2887);
#1511=CIRCLE('',#2888,15.0);
#1512=CURVE_STYLE('',#2889,POSITIVE_LENGTH_MEASURE(1.0E-006),#2890);
#1513=VERTEX_POINT('',#2891);
#1514=CIRCLE('',#2892,15.0);
#1515=CURVE_STYLE('',#2893,POSITIVE_LENGTH_MEASURE(1.0E-006),#2894);
#1516=VERTEX_POINT('',#2895);
#1517=CIRCLE('',#2896,8.0);
#1518=CURVE_STYLE('',#2897,POSITIVE_LENGTH_MEASURE(1.0E-006),#2898);
#1519=VERTEX_POINT('',#2899);
#1520=CIRCLE('',#2900,8.0);
#1521=CURVE_STYLE('',#2901,POSITIVE_LENGTH_MEASURE(1.0E-006),#2902);
#1522=VERTEX_POINT('',#2903);
#1523=CIRCLE('',#2904,32.4005477489833);
#1524=CURVE_STYLE('',#2905,POSITIVE_LENGTH_MEASURE(1.0E-006),#2906);
#1525=VERTEX_POINT('',#2907);
#1526=CIRCLE('',#2908,35.4);
#1527=CURVE_STYLE('',#2909,POSITIVE_LENGTH_MEASURE(1.0E-006),#2910);
#1528=VERTEX_POINT('',#2911);
#1529=CIRCLE('',#2912,37.0);
#1530=CURVE_STYLE('',#2913,POSITIVE_LENGTH_MEASURE(1.0E-006),#2914);
#1531=VERTEX_POINT('',#2915);
#1532=CIRCLE('',#2916,32.4005477489833);
#1533=CURVE_STYLE('',#2917,POSITIVE_LENGTH_MEASURE(1.0E-006),#2918);
#1534=VERTEX_POINT('',#2919);
#1535=CIRCLE('',#2920,35.4);
#1536=CURVE_STYLE('',#2921,POSITIVE_LENGTH_MEASURE(1.0E-006),#2922);
#1537=VERTEX_POINT('',#2923);
#1538=CIRCLE('',#2924,37.0);
#1539=CURVE_STYLE('',#2925,POSITIVE_LENGTH_MEASURE(1.0E-006),#2926);
#1540=VERTEX_POINT('',#2927);
#1541=B_SPLINE_CURVE_WITH_KNOTS('',3,(#2928,#2929,#2930,#2931),.UNSPECIFIED.,.F.,.F.,(4,4),(0.0,0.00103123350349258),.UNSPECIFIED.);
#1542=CURVE_STYLE('',#2932,POSITIVE_LENGTH_MEASURE(1.0E-006),#2933);
#1543=VERTEX_POINT('',#2934);
#1544=CIRCLE('',#2935,8.482635401045);
#1545=CURVE_STYLE('',#2936,POSITIVE_LENGTH_MEASURE(1.0E-006),#2937);
#1546=VERTEX_POINT('',#2938);
#1547=B_SPLINE_CURVE_WITH_KNOTS('',3,(#2939,#2940,#2941,#2942),.UNSPECIFIED.,.F.,.F.,(4,4),(0.0,0.00103123350349258),.UNSPECIFIED.);
#1548=CURVE_STYLE('',#2943,POSITIVE_LENGTH_MEASURE(1.0E-006),#2944);
#1549=B_SPLINE_CURVE_WITH_KNOTS('',3,(#2945,#2946,#2947,#2948),.UNSPECIFIED.,.F.,.F.,(4,4),(0.0,0.00197049707514274),.UNSPECIFIED.);
#1550=CURVE_STYLE('',#2949,POSITIVE_LENGTH_MEASURE(1.0E-006),#2950);
#1551=VERTEX_POINT('',#2951);
#1552=B_SPLINE_CURVE_WITH_KNOTS('',3,(#2952,#2953,#2954,#2955),.UNSPECIFIED.,.F.,.F.,(4,4),(0.0,0.00052275582572995),.UNSPECIFIED.);
#1553=CURVE_STYLE('',#2956,POSITIVE_LENGTH_MEASURE(1.0E-006),#2957);
#1554=CIRCLE('',#2958,2.5);
#1555=CURVE_STYLE('',#2959,POSITIVE_LENGTH_MEASURE(1.0E-006),#2960);
#1556=VERTEX_POINT('',#2961);
#1557=VERTEX_POINT('',#2962);
#1558=CIRCLE('',#2963,2.5);
#1559=CURVE_STYLE('',#2964,POSITIVE_LENGTH_MEASURE(1.0E-006),#2965);
#1560=VERTEX_POINT('',#2966);
#1561=B_SPLINE_CURVE_WITH_KNOTS('',3,(#2967,#2968,#2969,#2970),.UNSPECIFIED.,.F.,.F.,(4,4),(0.0,0.000522755825729951),.UNSPECIFIED.);
#1562=CURVE_STYLE('',#2971,POSITIVE_LENGTH_MEASURE(1.0E-006),#2972);
#1563=VERTEX_POINT('',#2973);
#1564=CIRCLE('',#2974,2.5);
#1565=CURVE_STYLE('',#2975,POSITIVE_LENGTH_MEASURE(1.0E-006),#2976);
#1566=B_SPLINE_CURVE_WITH_KNOTS('',3,(#2977,#2978,#2979,#2980),.UNSPECIFIED.,.F.,.F.,(4,4),(0.0,0.00103123350349258),.UNSPECIFIED.);
#1567=CURVE_STYLE('',#2981,POSITIVE_LENGTH_MEASURE(1.0E-006),#2982);
#1568=VERTEX_POINT('',#2983);
#1569=VERTEX_POINT('',#2984);
#1570=CIRCLE('',#2985,2.5);
#1571=CURVE_STYLE('',#2986,POSITIVE_LENGTH_MEASURE(1.0E-006),#2987);
#1572=B_SPLINE_CURVE_WITH_KNOTS('',3,(#2988,#2989,#2990,#2991,#2992,#2993,#2994,#2995,#2996,#2997,#2998,#2999,#3000,#3001),.UNSPECIFIED.,.F.,.F.,(4,2,2,2,2,2,4),(0.0,0.0003858024430289,0.000771604886057798,0.0015432097721156,0.00231481465817339,0.00270061710120229,0.00308641954423119),.UNSPECIFIED.);
#1573=CURVE_STYLE('',#3002,POSITIVE_LENGTH_MEASURE(1.0E-006),#3003);
#1574=B_SPLINE_CURVE_WITH_KNOTS('',3,(#3004,#3005,#3006,#3007,#3008,#3009,#3010,#3011,#3012,#3013,#3014,#3015),.UNSPECIFIED.,.F.,.F.,(4,2,2,2,2,4),(0.0,0.000507728817426204,0.00101545763485241,0.00203091526970484,0.00304637290455727,0.00406183053940971),.UNSPECIFIED.);
#1575=CURVE_STYLE('',#3016,POSITIVE_LENGTH_MEASURE(1.0E-006),#3017);
#1576=VERTEX_POINT('',#3018);
#1577=VERTEX_POINT('',#3019);
#1578=CIRCLE('',#3020,2.5);
#1579=CURVE_STYLE('',#3021,POSITIVE_LENGTH_MEASURE(1.0E-006),#3022);
#1580=CIRCLE('',#3023,9.02061601851447);
#1581=CURVE_STYLE('',#3024,POSITIVE_LENGTH_MEASURE(1.0E-006),#3025);
#1582=CIRCLE('',#3026,7.52061601851447);
#1583=CURVE_STYLE('',#3027,POSITIVE_LENGTH_MEASURE(1.0E-006),#3028);
#1584=B_SPLINE_CURVE_WITH_KNOTS('',3,(#3029,#3030,#3031,#3032,#3033,#3034,#3035,#3036,#3037,#3038,#3039,#3040,#3041,#3042),.UNSPECIFIED.,.F.,.F.,(4,2,2,2,2,2,4),(0.0,0.000386897013482939,0.000773794026965878,0.0015475880539317,0.00232138208089751,0.00270827909438042,0.00309517610786333),.UNSPECIFIED.);
#1585=CURVE_STYLE('',#3043,POSITIVE_LENGTH_MEASURE(1.0E-006),#3044);
#1586=B_SPLINE_CURVE_WITH_KNOTS('',3,(#3045,#3046,#3047,#3048,#3049,#3050,#3051,#3052,#3053,#3054,#3055,#3056,#3057,#3058),.UNSPECIFIED.,.F.,.F.,(4,2,2,2,2,2,4),(0.0,0.00102077092939195,0.00204154185878391,0.00255192732347987,0.00306231278817584,0.00357269825287181,0.00408308371756778),.UNSPECIFIED.);
#1587=CURVE_STYLE('',#3059,POSITIVE_LENGTH_MEASURE(1.0E-006),#3060);
#1588=B_SPLINE_CURVE_WITH_KNOTS('',3,(#3061,#3062,#3063,#3064),.UNSPECIFIED.,.F.,.F.,(4,4),(0.0,0.00197049707514274),.UNSPECIFIED.);
#1589=CURVE_STYLE('',#3065,POSITIVE_LENGTH_MEASURE(1.0E-006),#3066);
#1590=B_SPLINE_CURVE_WITH_KNOTS('',3,(#3067,#3068,#3069,#3070),.UNSPECIFIED.,.F.,.F.,(4,4),(0.0,0.00197464291545101),.UNSPECIFIED.);
#1591=CURVE_STYLE('',#3071,POSITIVE_LENGTH_MEASURE(1.0E-006),#3072);
#1592=VERTEX_POINT('',#3073);
#1593=B_SPLINE_CURVE_WITH_KNOTS('',3,(#3074,#3075,#3076,#3077),.UNSPECIFIED.,.F.,.F.,(4,4),(0.0,0.00197464291545101),.UNSPECIFIED.);
#1594=CURVE_STYLE('',#3078,POSITIVE_LENGTH_MEASURE(1.0E-006),#3079);
#1595=VERTEX_POINT('',#3080);
#1596=CIRCLE('',#3081,2.5);
#1597=CURVE_STYLE('',#3082,POSITIVE_LENGTH_MEASURE(1.0E-006),#3083);
#1598=B_SPLINE_CURVE_WITH_KNOTS('',3,(#3084,#3085,#3086,#3087),.UNSPECIFIED.,.F.,.F.,(4,4),(0.0,0.00197049707514274),.UNSPECIFIED.);
#1599=CURVE_STYLE('',#3088,POSITIVE_LENGTH_MEASURE(1.0E-006),#3089);
#1600=VERTEX_POINT('',#3090);
#1601=B_SPLINE_CURVE_WITH_KNOTS('',3,(#3091,#3092,#3093,#3094),.UNSPECIFIED.,.F.,.F.,(4,4),(0.0,0.00052275582572995),.UNSPECIFIED.);
#1602=CURVE_STYLE('',#3095,POSITIVE_LENGTH_MEASURE(1.0E-006),#3096);
#1603=VERTEX_POINT('',#3097);
#1604=CIRCLE('',#3098,2.5);
#1605=CURVE_STYLE('',#3099,POSITIVE_LENGTH_MEASURE(1.0E-006),#3100);
#1606=B_SPLINE_CURVE_WITH_KNOTS('',3,(#3101,#3102,#3103,#3104),.UNSPECIFIED.,.F.,.F.,(4,4),(0.0,0.00103123350349258),.UNSPECIFIED.);
#1607=CURVE_STYLE('',#3105,POSITIVE_LENGTH_MEASURE(1.0E-006),#3106);
#1608=VERTEX_POINT('',#3107);
#1609=B_SPLINE_CURVE_WITH_KNOTS('',3,(#3108,#3109,#3110,#3111,#3112,#3113,#3114,#3115,#3116,#3117,#3118,#3119,#3120,#3121),.UNSPECIFIED.,.F.,.F.,(4,2,2,2,2,2,4),(0.0,0.000386897013482939,0.000773794026965878,0.0015475880539317,0.00232138208089751,0.00270827909438042,0.00309517610786333),.UNSPECIFIED.);
#1610=CURVE_STYLE('',#3122,POSITIVE_LENGTH_MEASURE(1.0E-006),#3123);
#1611=VERTEX_POINT('',#3124);
#1612=CIRCLE('',#3125,2.5);
#1613=CURVE_STYLE('',#3126,POSITIVE_LENGTH_MEASURE(1.0E-006),#3127);
#1614=B_SPLINE_CURVE_WITH_KNOTS('',3,(#3128,#3129,#3130,#3131,#3132,#3133,#3134,#3135,#3136,#3137,#3138,#3139,#3140,#3141),.UNSPECIFIED.,.F.,.F.,(4,2,2,2,2,2,4),(0.0,0.00102077092939195,0.00204154185878391,0.00255192732347987,0.00306231278817584,0.00357269825287181,0.00408308371756778),.UNSPECIFIED.);
#1615=CURVE_STYLE('',#3142,POSITIVE_LENGTH_MEASURE(1.0E-006),#3143);
#1616=VERTEX_POINT('',#3144);
#1617=VERTEX_POINT('',#3145);
#1618=CIRCLE('',#3146,2.5);
#1619=CURVE_STYLE('',#3147,POSITIVE_LENGTH_MEASURE(1.0E-006),#3148);
#1620=VERTEX_POINT('',#3149);
#1621=B_SPLINE_CURVE_WITH_KNOTS('',3,(#3150,#3151,#3152,#3153,#3154,#3155,#3156,#3157,#3158,#3159,#3160,#3161,#3162,#3163),.UNSPECIFIED.,.F.,.F.,(4,2,2,2,2,2,4),(0.0,0.000385802443029074,0.000771604886057914,0.00154320977211561,0.0023148146581733,0.00270061710120215,0.003086419544231),.UNSPECIFIED.);
#1622=CURVE_STYLE('',#3164,POSITIVE_LENGTH_MEASURE(1.0E-006),#3165);
#1623=CIRCLE('',#3166,2.5);
#1624=CURVE_STYLE('',#3167,POSITIVE_LENGTH_MEASURE(1.0E-006),#3168);
#1625=B_SPLINE_CURVE_WITH_KNOTS('',3,(#3169,#3170,#3171,#3172,#3173,#3174,#3175,#3176,#3177,#3178,#3179,#3180),.UNSPECIFIED.,.F.,.F.,(4,2,2,2,2,4),(0.0,0.000507728817426192,0.00101545763485238,0.00203091526970476,0.00304637290455713,0.00406183053940951),.UNSPECIFIED.);
#1626=CURVE_STYLE('',#3181,POSITIVE_LENGTH_MEASURE(1.0E-006),#3182);
#1627=VERTEX_POINT('',#3183);
#1628=CIRCLE('',#3184,2.5);
#1629=CURVE_STYLE('',#3185,POSITIVE_LENGTH_MEASURE(1.0E-006),#3186);
#1630=B_SPLINE_CURVE_WITH_KNOTS('',3,(#3187,#3188,#3189,#3190),.UNSPECIFIED.,.F.,.F.,(4,4),(0.0,0.00197464291545101),.UNSPECIFIED.);
#1631=CURVE_STYLE('',#3191,POSITIVE_LENGTH_MEASURE(1.0E-006),#3192);
#1632=B_SPLINE_CURVE_WITH_KNOTS('',3,(#3193,#3194,#3195,#3196),.UNSPECIFIED.,.F.,.F.,(4,4),(0.0,0.000522755825729952),.UNSPECIFIED.);
#1633=CURVE_STYLE('',#3197,POSITIVE_LENGTH_MEASURE(1.0E-006),#3198);
#1634=CIRCLE('',#3199,9.02061601851447);
#1635=CURVE_STYLE('',#3200,POSITIVE_LENGTH_MEASURE(1.0E-006),#3201);
#1636=CIRCLE('',#3202,7.52061601851447);
#1637=CURVE_STYLE('',#3203,POSITIVE_LENGTH_MEASURE(1.0E-006),#3204);
#1638=VERTEX_POINT('',#3205);
#1639=VERTEX_POINT('',#3206);
#1640=CIRCLE('',#3207,2.5);
#1641=CURVE_STYLE('',#3208,POSITIVE_LENGTH_MEASURE(1.0E-006),#3209);
#1642=CIRCLE('',#3210,2.5);
#1643=CURVE_STYLE('',#3211,POSITIVE_LENGTH_MEASURE(1.0E-006),#3212);
#1644=CIRCLE('',#3213,2.5);
#1645=CURVE_STYLE('',#3214,POSITIVE_LENGTH_MEASURE(1.0E-006),#3215);
#1646=VERTEX_POINT('',#3216);
#1647=VERTEX_POINT('',#3217);
#1648=CIRCLE('',#3218,2.5);
#1649=CURVE_STYLE('',#3219,POSITIVE_LENGTH_MEASURE(1.0E-006),#3220);
#1650=VERTEX_POINT('',#3221);
#1651=CIRCLE('',#3222,2.5);
#1652=CURVE_STYLE('',#3223,POSITIVE_LENGTH_MEASURE(1.0E-006),#3224);
#1653=CIRCLE('',#3225,2.5);
#1654=CURVE_STYLE('',#3226,POSITIVE_LENGTH_MEASURE(1.0E-006),#3227);
#1655=LINE('',#3228,#3229);
#1656=CURVE_STYLE('',#3230,POSITIVE_LENGTH_MEASURE(1.0E-006),#3231);
#1657=LINE('',#3232,#3233);
#1658=CURVE_STYLE('',#3234,POSITIVE_LENGTH_MEASURE(1.0E-006),#3235);
#1659=LINE('',#3236,#3237);
#1660=CURVE_STYLE('',#3238,POSITIVE_LENGTH_MEASURE(1.0E-006),#3239);
#1661=LINE('',#3240,#3241);
#1662=CURVE_STYLE('',#3242,POSITIVE_LENGTH_MEASURE(1.0E-006),#3243);
#1663=LINE('',#3244,#3245);
#1664=CURVE_STYLE('',#3246,POSITIVE_LENGTH_MEASURE(1.0E-006),#3247);
#1665=LINE('',#3248,#3249);
#1666=CURVE_STYLE('',#3250,POSITIVE_LENGTH_MEASURE(1.0E-006),#3251);
#1667=LINE('',#3252,#3253);
#1668=CURVE_STYLE('',#3254,POSITIVE_LENGTH_MEASURE(1.0E-006),#3255);
#1669=LINE('',#3256,#3257);
#1670=CURVE_STYLE('',#3258,POSITIVE_LENGTH_MEASURE(1.0E-006),#3259);
#1671=VERTEX_POINT('',#3260);
#1672=LINE('',#3261,#3262);
#1673=CURVE_STYLE('',#3263,POSITIVE_LENGTH_MEASURE(1.0E-006),#3264);
#1674=LINE('',#3265,#3266);
#1675=CURVE_STYLE('',#3267,POSITIVE_LENGTH_MEASURE(1.0E-006),#3268);
#1676=VERTEX_POINT('',#3269);
#1677=LINE('',#3270,#3271);
#1678=CURVE_STYLE('',#3272,POSITIVE_LENGTH_MEASURE(1.0E-006),#3273);
#1679=LINE('',#3274,#3275);
#1680=CURVE_STYLE('',#3276,POSITIVE_LENGTH_MEASURE(1.0E-006),#3277);
#1681=VERTEX_POINT('',#3278);
#1682=LINE('',#3279,#3280);
#1683=CURVE_STYLE('',#3281,POSITIVE_LENGTH_MEASURE(1.0E-006),#3282);
#1684=VERTEX_POINT('',#3283);
#1685=LINE('',#3284,#3285);
#1686=CURVE_STYLE('',#3286,POSITIVE_LENGTH_MEASURE(1.0E-006),#3287);
#1687=LINE('',#3288,#3289);
#1688=CURVE_STYLE('',#3290,POSITIVE_LENGTH_MEASURE(1.0E-006),#3291);
#1689=CIRCLE('',#3292,2.5);
#1690=CURVE_STYLE('',#3293,POSITIVE_LENGTH_MEASURE(1.0E-006),#3294);
#1691=CIRCLE('',#3295,2.5);
#1692=CURVE_STYLE('',#3296,POSITIVE_LENGTH_MEASURE(1.0E-006),#3297);
#1693=VERTEX_POINT('',#3298);
#1694=VERTEX_POINT('',#3299);
#1695=LINE('',#3300,#3301);
#1696=CURVE_STYLE('',#3302,POSITIVE_LENGTH_MEASURE(1.0E-006),#3303);
#1697=LINE('',#3304,#3305);
#1698=CURVE_STYLE('',#3306,POSITIVE_LENGTH_MEASURE(1.0E-006),#3307);
#1699=LINE('',#3308,#3309);
#1700=CURVE_STYLE('',#3310,POSITIVE_LENGTH_MEASURE(1.0E-006),#3311);
#1701=CIRCLE('',#3312,2.5);
#1702=CURVE_STYLE('',#3313,POSITIVE_LENGTH_MEASURE(1.0E-006),#3314);
#1703=CIRCLE('',#3315,2.5);
#1704=CURVE_STYLE('',#3316,POSITIVE_LENGTH_MEASURE(1.0E-006),#3317);
#1705=CIRCLE('',#3318,2.5);
#1706=CURVE_STYLE('',#3319,POSITIVE_LENGTH_MEASURE(1.0E-006),#3320);
#1707=CIRCLE('',#3321,2.5);
#1708=CURVE_STYLE('',#3322,POSITIVE_LENGTH_MEASURE(1.0E-006),#3323);
#1709=CIRCLE('',#3324,8.482635401045);
#1710=CURVE_STYLE('',#3325,POSITIVE_LENGTH_MEASURE(1.0E-006),#3326);
#1711=VERTEX_POINT('',#3327);
#1712=CIRCLE('',#3328,6.02061601851448);
#1713=SURFACE_STYLE_USAGE(.BOTH.,#3329);
#1714=CLOSED_SHELL('',(#301,#303,#305,#307,#309,#311,#313,#315,#317,#319,#321,#323,#325,#327,#329,#331,#333,#335,#337,#339,#341,#343,#345,#347,#349,#351,#353,#355,#357,#359,#361,#363,#365,#367,#369,#371,#373,#375,#377,#379,#381,#383,#385,#387,#389,#391,#393,#395,#397,#399,#401,#403,#405,#407,#409,#411,#413,#415,#417,#419,#421,#423,#425,#427,#429,#431,#433,#435,#437,#439,#441,#443,#445,#447,#449,#451,#453,#455,#457,#459,#461,#463,#465,#467,#469,#471,#473,#475,#477,#479,#481,#483,#485,#487,#489,#491,#493));
#1715=PRODUCT_CONTEXT('',#287,'mechanical');
#1716=PRODUCT_DEFINITION_FORMATION_WITH_SPECIFIED_SOURCE(' ','NONE',#854,.NOT_KNOWN.);
#1717=CARTESIAN_POINT('',(0.0,0.0,0.0));
#1718=DIRECTION('',(0.0,0.0,1.0));
#1719=DIRECTION('',(1.0,0.0,0.0));
#1720= (NAMED_UNIT(#862)LENGTH_UNIT()SI_UNIT(.MILLI.,.METRE.));
#1721=SURFACE_SIDE_STYLE('',(#3331));
#1722=EDGE_LOOP('',(#3332,#3333,#3334,#3335));
#1723=AXIS2_PLACEMENT_3D('',#3336,#3337,#3338);
#1724=SURFACE_SIDE_STYLE('',(#3339));
#1725=EDGE_LOOP('',(#3340,#3341,#3342,#3343));
#1727=CARTESIAN_POINT('',(7.68630502200675,-3.98727283206146,126.365879555833));
#1728=CARTESIAN_POINT('',(8.39185147373871,-2.68608513098629,126.519700310455));
#1729=CARTESIAN_POINT('',(9.87176687181215,-2.65896238175346,126.365879555833));
#1730=CARTESIAN_POINT('',(7.76289104515589,-4.08796414010672,127.014387293562));
#1731=CARTESIAN_POINT('',(8.47139703502481,-2.79984960444667,127.164890700323));
#1732=CARTESIAN_POINT('',(9.94126774863669,-2.77331179064566,127.014387279567));
#1733=CARTESIAN_POINT('',(7.83869544309562,-4.18908711399134,127.662964119224));
#1734=CARTESIAN_POINT('',(8.55005998344427,-2.91386266188402,127.811490880359));
#1735=CARTESIAN_POINT('',(10.0100424421034,-2.88767338407742,127.662964105259));
#1736=CARTESIAN_POINT('',(7.91375711496902,-4.29060465955013,128.311605910045));
#1737=CARTESIAN_POINT('',(8.62787508888732,-3.02808141138321,128.459257597847));
#1738=CARTESIAN_POINT('',(10.0781342425712,-3.00204643507664,128.311605910045));
#1745=SURFACE_SIDE_STYLE('',(#3344));
#1746=EDGE_LOOP('',(#3345));
#1747=EDGE_LOOP('',(#3346));
#1748=AXIS2_PLACEMENT_3D('',#3347,#3348,#3349);
#1749=SURFACE_SIDE_STYLE('',(#3350));
#1750=EDGE_LOOP('',(#3351));
#1751=EDGE_LOOP('',(#3352));
#1752=AXIS2_PLACEMENT_3D('',#3353,#3354,#3355);
#1753=SURFACE_SIDE_STYLE('',(#3356));
#1754=EDGE_LOOP('',(#3357,#3358,#3359,#3360));
#1755=AXIS2_PLACEMENT_3D('',#3361,#3362,#3363);
#1756=SURFACE_SIDE_STYLE('',(#3364));
#1757=EDGE_LOOP('',(#3365,#3366,#3367,#3368));
#1758=AXIS2_PLACEMENT_3D('',#3369,#3370,#3371);
#1759=SURFACE_SIDE_STYLE('',(#3372));
#1760=EDGE_LOOP('',(#3373,#3374,#3375,#3376));
#1761=AXIS2_PLACEMENT_3D('',#3377,#3378,#3379);
#1762=SURFACE_SIDE_STYLE('',(#3380));
#1763=EDGE_LOOP('',(#3381,#3382,#3383,#3384));
#1764=AXIS2_PLACEMENT_3D('',#3385,#3386,#3387);
#1765=SURFACE_SIDE_STYLE('',(#3388));
#1766=EDGE_LOOP('',(#3389,#3390,#3391,#3392));
#1767=AXIS2_PLACEMENT_3D('',#3393,#3394,#3395);
#1768=SURFACE_SIDE_STYLE('',(#3396));
#1769=EDGE_LOOP('',(#3397,#3398,#3399,#3400));
#1770=AXIS2_PLACEMENT_3D('',#3401,#3402,#3403);
#1771=SURFACE_SIDE_STYLE('',(#3404));
#1772=EDGE_LOOP('',(#3405,#3406,#3407,#3408));
#1773=AXIS2_PLACEMENT_3D('',#3409,#3410,#3411);
#1774=SURFACE_SIDE_STYLE('',(#3412));
#1775=EDGE_LOOP('',(#3413,#3414,#3415,#3416));
#1776=AXIS2_PLACEMENT_3D('',#3417,#3418,#3419);
#1777=SURFACE_SIDE_STYLE('',(#3420));
#1778=EDGE_LOOP('',(#3421,#3422,#3423,#3424));
#1779=AXIS2_PLACEMENT_3D('',#3425,#3426,#3427);
#1780=SURFACE_SIDE_STYLE('',(#3428));
#1781=EDGE_LOOP('',(#3429,#3430,#3431,#3432));
#1782=AXIS2_PLACEMENT_3D('',#3433,#3434,#3435);
#1783=SURFACE_SIDE_STYLE('',(#3436));
#1784=EDGE_LOOP('',(#3437,#3438,#3439,#3440));
#1785=AXIS2_PLACEMENT_3D('',#3441,#3442,#3443);
#1786=SURFACE_SIDE_STYLE('',(#3444));
#1787=EDGE_LOOP('',(#3445,#3446,#3447,#3448));
#1788=AXIS2_PLACEMENT_3D('',#3449,#3450,#3451);
#1789=SURFACE_SIDE_STYLE('',(#3452));
#1790=EDGE_LOOP('',(#3453));
#1791=EDGE_LOOP('',(#3454));
#1792=AXIS2_PLACEMENT_3D('',#3455,#3456,#3457);
#1793=SURFACE_SIDE_STYLE('',(#3458));
#1794=EDGE_LOOP('',(#3459));
#1795=EDGE_LOOP('',(#3460));
#1796=AXIS2_PLACEMENT_3D('',#3461,#3462,#3463);
#1797=SURFACE_SIDE_STYLE('',(#3464));
#1798=EDGE_LOOP('',(#3465));
#1799=EDGE_LOOP('',(#3466));
#1800=AXIS2_PLACEMENT_3D('',#3467,#3468,#3469);
#1801=SURFACE_SIDE_STYLE('',(#3470));
#1802=EDGE_LOOP('',(#3471));
#1803=EDGE_LOOP('',(#3472));
#1804=AXIS2_PLACEMENT_3D('',#3473,#3474,#3475);
#1805=SURFACE_SIDE_STYLE('',(#3476));
#1806=EDGE_LOOP('',(#3477));
#1807=EDGE_LOOP('',(#3478));
#1808=AXIS2_PLACEMENT_3D('',#3479,#3480,#3481);
#1809=SURFACE_SIDE_STYLE('',(#3482));
#1810=EDGE_LOOP('',(#3483));
#1811=EDGE_LOOP('',(#3484));
#1812=AXIS2_PLACEMENT_3D('',#3485,#3486,#3487);
#1813=SURFACE_SIDE_STYLE('',(#3488));
#1814=EDGE_LOOP('',(#3489));
#1815=EDGE_LOOP('',(#3490));
#1816=AXIS2_PLACEMENT_3D('',#3491,#3492,#3493);
#1817=SURFACE_SIDE_STYLE('',(#3494));
#1818=EDGE_LOOP('',(#3495));
#1819=EDGE_LOOP('',(#3496));
#1820=AXIS2_PLACEMENT_3D('',#3497,#3498,#3499);
#1821=SURFACE_SIDE_STYLE('',(#3500));
#1822=EDGE_LOOP('',(#3501));
#1823=EDGE_LOOP('',(#3502));
#1824=AXIS2_PLACEMENT_3D('',#3503,#3504,#3505);
#1825=SURFACE_SIDE_STYLE('',(#3506));
#1826=EDGE_LOOP('',(#3507));
#1827=EDGE_LOOP('',(#3508));
#1828=AXIS2_PLACEMENT_3D('',#3509,#3510,#3511);
#1829=SURFACE_SIDE_STYLE('',(#3512));
#1830=EDGE_LOOP('',(#3513));
#1831=EDGE_LOOP('',(#3514));
#1832=EDGE_LOOP('',(#3515));
#1833=EDGE_LOOP('',(#3516));
#1834=EDGE_LOOP('',(#3517));
#1835=EDGE_LOOP('',(#3518));
#1836=EDGE_LOOP('',(#3519));
#1837=EDGE_LOOP('',(#3520));
#1838=EDGE_LOOP('',(#3521,#3522,#3523,#3524));
#1839=EDGE_LOOP('',(#3525,#3526,#3527,#3528,#3529,#3530,#3531,#3532));
#1840=EDGE_LOOP('',(#3533));
#1841=EDGE_LOOP('',(#3534));
#1842=EDGE_LOOP('',(#3535));
#1843=EDGE_LOOP('',(#3536));
#1844=AXIS2_PLACEMENT_3D('',#3537,#3538,#3539);
#1845=SURFACE_SIDE_STYLE('',(#3540));
#1846=EDGE_LOOP('',(#3541,#3542,#3543,#3544));
#1847=EDGE_LOOP('',(#3545));
#1848=EDGE_LOOP('',(#3546));
#1849=EDGE_LOOP('',(#3547));
#1850=EDGE_LOOP('',(#3548));
#1851=EDGE_LOOP('',(#3549));
#1852=EDGE_LOOP('',(#3550));
#1853=EDGE_LOOP('',(#3551));
#1854=EDGE_LOOP('',(#3552));
#1855=EDGE_LOOP('',(#3553));
#1856=EDGE_LOOP('',(#3554));
#1857=EDGE_LOOP('',(#3555,#3556,#3557,#3558,#3559,#3560,#3561,#3562,#3563,#3564,#3565,#3566,#3567,#3568,#3569,#3570));
#1858=AXIS2_PLACEMENT_3D('',#3571,#3572,#3573);
#1859=SURFACE_SIDE_STYLE('',(#3574));
#1860=EDGE_LOOP('',(#3575));
#1861=EDGE_LOOP('',(#3576));
#1862=AXIS2_PLACEMENT_3D('',#3577,#3578,#3579);
#1863=SURFACE_SIDE_STYLE('',(#3580));
#1864=EDGE_LOOP('',(#3581));
#1865=AXIS2_PLACEMENT_3D('',#3582,#3583,#3584);
#1866=SURFACE_SIDE_STYLE('',(#3585));
#1867=EDGE_LOOP('',(#3586));
#1868=EDGE_LOOP('',(#3587));
#1869=AXIS2_PLACEMENT_3D('',#3588,#3589,#3590);
#1870=SURFACE_SIDE_STYLE('',(#3591));
#1871=EDGE_LOOP('',(#3592));
#1872=AXIS2_PLACEMENT_3D('',#3593,#3594,#3595);
#1873=SURFACE_SIDE_STYLE('',(#3596));
#1874=EDGE_LOOP('',(#3597));
#1875=EDGE_LOOP('',(#3598));
#1876=AXIS2_PLACEMENT_3D('',#3599,#3600,#3601);
#1877=SURFACE_SIDE_STYLE('',(#3602));
#1878=EDGE_LOOP('',(#3603));
#1879=EDGE_LOOP('',(#3604));
#1880=AXIS2_PLACEMENT_3D('',#3605,#3606,#3607);
#1881=SURFACE_SIDE_STYLE('',(#3608));
#1882=EDGE_LOOP('',(#3609));
#1883=EDGE_LOOP('',(#3610));
#1884=AXIS2_PLACEMENT_3D('',#3611,#3612,#3613);
#1885=SURFACE_SIDE_STYLE('',(#3614));
#1886=EDGE_LOOP('',(#3615));
#1887=EDGE_LOOP('',(#3616));
#1888=AXIS2_PLACEMENT_3D('',#3617,#3618,#3619);
#1889=SURFACE_SIDE_STYLE('',(#3620));
#1890=EDGE_LOOP('',(#3621));
#1891=EDGE_LOOP('',(#3622));
#1892=AXIS2_PLACEMENT_3D('',#3623,#3624,#3625);
#1893=SURFACE_SIDE_STYLE('',(#3626));
#1894=EDGE_LOOP('',(#3627));
#1895=EDGE_LOOP('',(#3628));
#1896=AXIS2_PLACEMENT_3D('',#3629,#3630,#3631);
#1897=SURFACE_SIDE_STYLE('',(#3632));
#1898=EDGE_LOOP('',(#3633));
#1899=EDGE_LOOP('',(#3634));
#1900=AXIS2_PLACEMENT_3D('',#3635,#3636,#3637);
#1901=SURFACE_SIDE_STYLE('',(#3638));
#1902=EDGE_LOOP('',(#3639));
#1903=EDGE_LOOP('',(#3640));
#1904=AXIS2_PLACEMENT_3D('',#3641,#3642,#3643);
#1905=SURFACE_SIDE_STYLE('',(#3644));
#1906=EDGE_LOOP('',(#3645));
#1907=EDGE_LOOP('',(#3646));
#1908=AXIS2_PLACEMENT_3D('',#3647,#3648,#3649);
#1909=SURFACE_SIDE_STYLE('',(#3650));
#1910=EDGE_LOOP('',(#3651));
#1911=EDGE_LOOP('',(#3652));
#1912=AXIS2_PLACEMENT_3D('',#3653,#3654,#3655);
#1913=SURFACE_SIDE_STYLE('',(#3656));
#1914=EDGE_LOOP('',(#3657));
#1915=EDGE_LOOP('',(#3658));
#1916=AXIS2_PLACEMENT_3D('',#3659,#3660,#3661);
#1917=SURFACE_SIDE_STYLE('',(#3662));
#1918=EDGE_LOOP('',(#3663));
#1919=EDGE_LOOP('',(#3664));
#1920=AXIS2_PLACEMENT_3D('',#3665,#3666,#3667);
#1921=SURFACE_SIDE_STYLE('',(#3668));
#1922=EDGE_LOOP('',(#3669));
#1923=EDGE_LOOP('',(#3670));
#1924=AXIS2_PLACEMENT_3D('',#3671,#3672,#3673);
#1925=SURFACE_SIDE_STYLE('',(#3674));
#1926=EDGE_LOOP('',(#3675));
#1927=EDGE_LOOP('',(#3676));
#1928=AXIS2_PLACEMENT_3D('',#3677,#3678,#3679);
#1929=SURFACE_SIDE_STYLE('',(#3680));
#1930=EDGE_LOOP('',(#3681));
#1931=EDGE_LOOP('',(#3682));
#1932=AXIS2_PLACEMENT_3D('',#3683,#3684,#3685);
#1933=SURFACE_SIDE_STYLE('',(#3686));
#1934=EDGE_LOOP('',(#3687));
#1935=EDGE_LOOP('',(#3688));
#1936=AXIS2_PLACEMENT_3D('',#3689,#3690,#3691);
#1937=SURFACE_SIDE_STYLE('',(#3692));
#1938=EDGE_LOOP('',(#3693));
#1939=EDGE_LOOP('',(#3694));
#1940=AXIS2_PLACEMENT_3D('',#3695,#3696,#3697);
#1941=SURFACE_SIDE_STYLE('',(#3698));
#1942=EDGE_LOOP('',(#3699));
#1943=EDGE_LOOP('',(#3700));
#1944=AXIS2_PLACEMENT_3D('',#3701,#3702,#3703);
#1945=SURFACE_SIDE_STYLE('',(#3704));
#1946=EDGE_LOOP('',(#3705));
#1947=EDGE_LOOP('',(#3706));
#1948=AXIS2_PLACEMENT_3D('',#3707,#3708,#3709);
#1949=SURFACE_SIDE_STYLE('',(#3710));
#1950=EDGE_LOOP('',(#3711));
#1951=EDGE_LOOP('',(#3712));
#1952=AXIS2_PLACEMENT_3D('',#3713,#3714,#3715);
#1953=SURFACE_SIDE_STYLE('',(#3716));
#1954=EDGE_LOOP('',(#3717));
#1955=AXIS2_PLACEMENT_3D('',#3718,#3719,#3720);
#1956=SURFACE_SIDE_STYLE('',(#3721));
#1957=EDGE_LOOP('',(#3722));
#1958=EDGE_LOOP('',(#3723));
#1959=AXIS2_PLACEMENT_3D('',#3724,#3725,#3726);
#1960=SURFACE_SIDE_STYLE('',(#3727));
#1961=EDGE_LOOP('',(#3728));
#1962=EDGE_LOOP('',(#3729));
#1963=AXIS2_PLACEMENT_3D('',#3730,#3731,#3732);
#1964=SURFACE_SIDE_STYLE('',(#3733));
#1965=EDGE_LOOP('',(#3734));
#1966=AXIS2_PLACEMENT_3D('',#3735,#3736,#3737);
#1967=SURFACE_SIDE_STYLE('',(#3738));
#1968=EDGE_LOOP('',(#3739));
#1969=EDGE_LOOP('',(#3740));
#1970=AXIS2_PLACEMENT_3D('',#3741,#3742,#3743);
#1971=SURFACE_SIDE_STYLE('',(#3744));
#1972=EDGE_LOOP('',(#3745));
#1973=EDGE_LOOP('',(#3746));
#1974=AXIS2_PLACEMENT_3D('',#3747,#3748,#3749);
#1975=SURFACE_SIDE_STYLE('',(#3750));
#1976=EDGE_LOOP('',(#3751,#3752,#3753,#3754,#3755,#3756));
#1977=AXIS2_PLACEMENT_3D('',#3757,#3758,#3759);
#1978=SURFACE_SIDE_STYLE('',(#3760));
#1979=EDGE_LOOP('',(#3761));
#1980=EDGE_LOOP('',(#3762));
#1981=EDGE_LOOP('',(#3763,#3764,#3765,#3766,#3767,#3768,#3769,#3770));
#1982=AXIS2_PLACEMENT_3D('',#3771,#3772,#3773);
#1983=SURFACE_SIDE_STYLE('',(#3774));
#1984=EDGE_LOOP('',(#3775,#3776,#3777,#3778));
#1986=CARTESIAN_POINT('',(7.61009838420992,-3.74719974510399,125.365879555833));
#1987=CARTESIAN_POINT('',(8.31467957300496,-2.51492754772499,125.863541786897));
#1988=CARTESIAN_POINT('',(9.81887063941976,-2.51586925846203,125.865879555833));
#1989=CARTESIAN_POINT('',(7.62118102882658,-3.85409697173694,125.69007532137));
#1990=CARTESIAN_POINT('',(8.33110329282233,-2.5987186446815,126.071080604787));
#1991=CARTESIAN_POINT('',(9.81828504985403,-2.5811632622268,126.027969980945));
#1992=CARTESIAN_POINT('',(7.64587974788791,-3.93412378825026,126.023570314103));
#1993=CARTESIAN_POINT('',(8.35625506344072,-2.65697043213447,126.292122187058));
#1994=CARTESIAN_POINT('',(9.83508117267352,-2.62878299147791,126.194723728436));
#1995=CARTESIAN_POINT('',(7.68630502200675,-3.98727283206146,126.365879555833));
#1996=CARTESIAN_POINT('',(8.3918514737387,-2.68608513098629,126.519700310455));
#1997=CARTESIAN_POINT('',(9.87176687181215,-2.65896238175345,126.365879555833));
#2004=SURFACE_SIDE_STYLE('',(#3779));
#2005=EDGE_LOOP('',(#3780,#3781,#3782,#3783));
#2007=CARTESIAN_POINT('',(7.68630502200675,3.98727283206146,126.365879555833));
#2008=CARTESIAN_POINT('',(8.3918514737387,2.68608513098629,126.519700310455));
#2009=CARTESIAN_POINT('',(9.87176687181215,2.65896238175345,126.365879555833));
#2010=CARTESIAN_POINT('',(7.6458797478879,3.93412378825025,126.023570314102));
#2011=CARTESIAN_POINT('',(8.35625506344069,2.65697043213444,126.292122187058));
#2012=CARTESIAN_POINT('',(9.83508117267348,2.62878299147787,126.194723728436));
#2013=CARTESIAN_POINT('',(7.62118102882659,3.85409697173696,125.69007532137));
#2014=CARTESIAN_POINT('',(8.33110329282234,2.59871864468149,126.071080604787));
#2015=CARTESIAN_POINT('',(9.81828504985403,2.58116326222686,126.027969980945));
#2016=CARTESIAN_POINT('',(7.61009838420992,3.74719974510399,125.365879555833));
#2017=CARTESIAN_POINT('',(8.31467957300496,2.51492754772499,125.863541786897));
#2018=CARTESIAN_POINT('',(9.81887063941976,2.51586925846203,125.865879555833));
#2025=SURFACE_SIDE_STYLE('',(#3784));
#2026=EDGE_LOOP('',(#3785,#3786,#3787,#3788));
#2028=CARTESIAN_POINT('',(7.61009838420991,3.74719974510399,125.365879555833));
#2029=CARTESIAN_POINT('',(8.31467957300495,2.51492754772499,125.863541786897));
#2030=CARTESIAN_POINT('',(9.81887063941976,2.51586925846203,125.865879555833));
#2031=CARTESIAN_POINT('',(7.63115323951046,3.61087273257385,125.131466955227));
#2032=CARTESIAN_POINT('',(8.34480090761049,2.45102350684724,125.705577931026));
#2033=CARTESIAN_POINT('',(9.81971707276345,2.42149002339969,125.631585907857));
#2034=CARTESIAN_POINT('',(7.63662378977397,3.43176192988912,124.918134286259));
#2035=CARTESIAN_POINT('',(8.36190032653638,2.37205392463955,125.542333341645));
#2036=CARTESIAN_POINT('',(9.78061384426258,2.29517903413934,125.418134286493));
#2037=CARTESIAN_POINT('',(7.62923628310704,3.09205698601857,124.627786285829));
#2038=CARTESIAN_POINT('',(8.36432469162009,2.19625192111404,125.281737969922));
#2039=CARTESIAN_POINT('',(9.67843069975056,2.05953208993552,125.127786285711));
#2040=CARTESIAN_POINT('',(7.62412855331082,2.9682465531757,124.537497854503));
#2041=CARTESIAN_POINT('',(8.36120822704623,2.12944729523115,125.194711927933));
#2042=CARTESIAN_POINT('',(9.63741616628533,1.97419093296028,125.037497854557));
#2043=CARTESIAN_POINT('',(7.61036566503516,2.70254362923548,124.372095566917));
#2044=CARTESIAN_POINT('',(8.34760783195614,1.97663044679045,125.024617502769));
#2045=CARTESIAN_POINT('',(9.5467849633437,1.79325391109229,124.872095566863));
#2046=CARTESIAN_POINT('',(7.6016814708607,2.56004682748487,124.296453521392));
#2047=CARTESIAN_POINT('',(8.33718864313454,1.89059598241333,124.94111000743));
#2048=CARTESIAN_POINT('',(9.49693718675364,1.69723518355344,124.796453521653));
#2049=CARTESIAN_POINT('',(7.58238010229081,2.25322197422722,124.159084368973));
#2050=CARTESIAN_POINT('',(8.31054606143017,1.69534362181331,124.781181113294));
#2051=CARTESIAN_POINT('',(9.39285557558746,1.49369100441497,124.659084368713));
#2052=CARTESIAN_POINT('',(7.57179602037776,2.08942825146797,124.097800822207));
#2053=CARTESIAN_POINT('',(8.29438938178333,1.58657580196698,124.705114080268));
#2054=CARTESIAN_POINT('',(9.33884143813731,1.38656064615136,124.597800822507));
#2055=CARTESIAN_POINT('',(7.55150710197591,1.74726320242386,123.992473961073));
#2056=CARTESIAN_POINT('',(8.26081736923259,1.3509080172948,124.569302803036));
#2057=CARTESIAN_POINT('',(9.23626895621374,1.16657949891088,124.492473960773));
#2058=CARTESIAN_POINT('',(7.54172373329575,1.56779404811058,123.947912729942));
#2059=CARTESIAN_POINT('',(8.2432882713303,1.22332043270406,124.508699843886));
#2060=CARTESIAN_POINT('',(9.18730459277612,1.05300945725062,124.447912730544));
#2061=CARTESIAN_POINT('',(7.52563759598967,1.18989648374015,123.875167750341));
#2062=CARTESIAN_POINT('',(8.21227181569436,0.948735435161467,124.407605566151));
#2063=CARTESIAN_POINT('',(9.10293418421708,0.817710960536275,124.375167749739));
#2064=CARTESIAN_POINT('',(7.51936555844653,0.98985080506728,123.846944227276));
#2065=CARTESIAN_POINT('',(8.19875874781582,0.800230985473548,124.366774998045));
#2066=CARTESIAN_POINT('',(9.0675457413765,0.695041333346198,124.346944227621));
#2067=CARTESIAN_POINT('',(7.51367493461137,0.582879851744477,123.809525722382));
#2068=CARTESIAN_POINT('',(8.18298089967618,0.495467502475419,124.312823054476));
#2069=CARTESIAN_POINT('',(9.02266270922652,0.448184802395827,124.309525722037));
#2070=CARTESIAN_POINT('',(7.5142206648313,0.374964627954559,123.800000000406));
#2071=CARTESIAN_POINT('',(8.18062767312484,0.3379618852986,124.299080226781));
#2072=CARTESIAN_POINT('',(9.01294555251849,0.323337147378086,124.3));
#2073=CARTESIAN_POINT('',(7.51882341648625,0.164194182708836,123.8));
#2074=CARTESIAN_POINT('',(8.18533117755053,0.178749212270658,124.3));
#2075=CARTESIAN_POINT('',(9.01846587888087,0.196942999222934,124.3));
#2082=SURFACE_SIDE_STYLE('',(#3789));
#2083=EDGE_LOOP('',(#3790,#3791,#3792,#3793));
#2084=AXIS2_PLACEMENT_3D('',#3794,#3795,#3796);
#2085=SURFACE_SIDE_STYLE('',(#3797));
#2086=EDGE_LOOP('',(#3798,#3799,#3800,#3801));
#2088=CARTESIAN_POINT('',(7.51882341648619,-0.164194182708848,123.8));
#2089=CARTESIAN_POINT('',(8.18533117755045,-0.178749212270667,124.3));
#2090=CARTESIAN_POINT('',(9.01846587888078,-0.196942999222941,124.3));
#2091=CARTESIAN_POINT('',(7.50960187864195,-0.58646935416671,123.800000001194));
#2092=CARTESIAN_POINT('',(8.17590737063141,-0.497743187397579,124.29815716959));
#2093=CARTESIAN_POINT('',(9.0074160284562,-0.449941912381802,124.3));
#2094=CARTESIAN_POINT('',(7.51728849657316,-0.991570057947776,123.837420937435));
#2095=CARTESIAN_POINT('',(8.19630066511963,-0.806149086707173,124.355684582652));
#2096=CARTESIAN_POINT('',(9.05904153302372,-0.694299352787887,124.337420936796));
#2097=CARTESIAN_POINT('',(7.54956643881212,-1.75419026283359,123.983369677443));
#2098=CARTESIAN_POINT('',(8.25865379118194,-1.3605454710831,124.558646831974));
#2099=CARTESIAN_POINT('',(9.22853966545609,-1.16899389116744,124.483369678081));
#2100=CARTESIAN_POINT('',(7.57247271805135,-2.09583590417836,124.088931759091));
#2101=CARTESIAN_POINT('',(8.29706403854313,-1.59677311781464,124.700777993001));
#2102=CARTESIAN_POINT('',(9.33950879019848,-1.38932187275101,124.588931758906));
#2103=CARTESIAN_POINT('',(7.60152846091569,-2.5575617790885,124.295187677661));
#2104=CARTESIAN_POINT('',(8.33699714928753,-1.88907545929672,124.939696671619));
#2105=CARTESIAN_POINT('',(9.49607352458637,-1.69556739805478,124.795187677754));
#2106=CARTESIAN_POINT('',(7.61029111805284,-2.70128708567339,124.371409891444));
#2107=CARTESIAN_POINT('',(8.34752069134007,-1.97587583519493,125.023868725663));
#2108=CARTESIAN_POINT('',(9.5463478068457,-1.79240577008828,124.871409891346));
#2109=CARTESIAN_POINT('',(7.62405193536292,-2.96658674209771,124.536369130497));
#2110=CARTESIAN_POINT('',(8.3611458379613,-2.12852161724701,125.193590382326));
#2111=CARTESIAN_POINT('',(9.63685846127935,-1.97305319200259,125.036369130595));
#2112=CARTESIAN_POINT('',(7.62911621616885,-3.08892159691458,124.625441417776));
#2113=CARTESIAN_POINT('',(8.36426131211828,-2.19456757838959,125.27950195567));
#2114=CARTESIAN_POINT('',(9.677407151805,-2.05736892927539,125.125441417815));
#2115=CARTESIAN_POINT('',(7.6341210078954,-3.31436511564567,124.81747018475));
#2116=CARTESIAN_POINT('',(8.36283051922281,-2.31074622830624,125.45120041593));
#2117=CARTESIAN_POINT('',(9.74537877524221,-2.21373164287319,125.31747018471));
#2118=CARTESIAN_POINT('',(7.63401161080221,-3.41779513594199,124.921075664461));
#2119=CARTESIAN_POINT('',(8.3581360092551,-2.36073051475655,125.537219184927));
#2120=CARTESIAN_POINT('',(9.772815020357,-2.28600919038324,125.421075664421));
#2121=CARTESIAN_POINT('',(7.62723353946553,-3.59967824175987,125.136373226403));
#2122=CARTESIAN_POINT('',(8.34162096317371,-2.44660948469285,125.703487863266));
#2123=CARTESIAN_POINT('',(9.80959637822295,-2.41315657335408,125.636373226443));
#2124=CARTESIAN_POINT('',(7.62062387289555,-3.67904879277392,125.248694841418));
#2125=CARTESIAN_POINT('',(8.32982071387212,-2.48280479859692,125.784137835926));
#2126=CARTESIAN_POINT('',(9.81929396782214,-2.46866721510854,125.74870188511));
#2127=CARTESIAN_POINT('',(7.61009838420991,-3.74719974510399,125.365879555833));
#2128=CARTESIAN_POINT('',(8.31467957300495,-2.51492754772499,125.863541786897));
#2129=CARTESIAN_POINT('',(9.81887063941976,-2.51586925846203,125.865879555833));
#2136=SURFACE_SIDE_STYLE('',(#3802));
#2137=EDGE_LOOP('',(#3803,#3804,#3805,#3806));
#2139=CARTESIAN_POINT('',(9.87176687181215,2.65896238175346,126.365879555833));
#2140=CARTESIAN_POINT('',(8.39185147373871,2.68608513098629,126.519700310455));
#2141=CARTESIAN_POINT('',(7.68630502200675,3.98727283206146,126.365879555833));
#2142=CARTESIAN_POINT('',(9.94126774863671,2.77331179064569,127.014387279567));
#2143=CARTESIAN_POINT('',(8.47139703502479,2.79984960444678,127.164890700323));
#2144=CARTESIAN_POINT('',(7.76289104515589,4.08796414010672,127.014387293562));
#2145=CARTESIAN_POINT('',(10.0100424421033,2.88767338407738,127.662964105259));
#2146=CARTESIAN_POINT('',(8.55005998344429,2.91386266188447,127.811490880359));
#2147=CARTESIAN_POINT('',(7.83869544309513,4.18908711399221,127.662964119224));
#2148=CARTESIAN_POINT('',(10.0781342425712,3.00204643507664,128.311605910045));
#2149=CARTESIAN_POINT('',(8.62787508888732,3.02808141138321,128.459257597847));
#2150=CARTESIAN_POINT('',(7.91375711496902,4.29060465955013,128.311605910045));
#2157=SURFACE_SIDE_STYLE('',(#3807));
#2158=EDGE_LOOP('',(#3808,#3809,#3810,#3811));
#2160=CARTESIAN_POINT('',(-7.68630502200675,3.98727283206146,126.365879555833));
#2161=CARTESIAN_POINT('',(-8.39185147373871,2.68608513098629,126.519700310455));
#2162=CARTESIAN_POINT('',(-9.87176687181215,2.65896238175346,126.365879555833));
#2163=CARTESIAN_POINT('',(-7.76289104515589,4.08796414010672,127.014387293562));
#2164=CARTESIAN_POINT('',(-8.47139703502481,2.79984960444667,127.164890700323));
#2165=CARTESIAN_POINT('',(-9.94126774863669,2.77331179064566,127.014387279567));
#2166=CARTESIAN_POINT('',(-7.83869544309562,4.18908711399134,127.662964119224));
#2167=CARTESIAN_POINT('',(-8.55005998344427,2.91386266188402,127.811490880359));
#2168=CARTESIAN_POINT('',(-10.0100424421034,2.88767338407742,127.662964105259));
#2169=CARTESIAN_POINT('',(-7.91375711496902,4.29060465955013,128.311605910045));
#2170=CARTESIAN_POINT('',(-8.62787508888732,3.02808141138321,128.459257597847));
#2171=CARTESIAN_POINT('',(-10.0781342425712,3.00204643507664,128.311605910045));
#2178=SURFACE_SIDE_STYLE('',(#3812));
#2179=EDGE_LOOP('',(#3813,#3814,#3815,#3816));
#2181=CARTESIAN_POINT('',(-7.61009838420992,3.74719974510399,125.365879555833));
#2182=CARTESIAN_POINT('',(-8.31467957300496,2.51492754772499,125.863541786897));
#2183=CARTESIAN_POINT('',(-9.81887063941976,2.51586925846203,125.865879555833));
#2184=CARTESIAN_POINT('',(-7.62118102882658,3.85409697173694,125.69007532137));
#2185=CARTESIAN_POINT('',(-8.33110329282233,2.5987186446815,126.071080604787));
#2186=CARTESIAN_POINT('',(-9.81828504985403,2.5811632622268,126.027969980945));
#2187=CARTESIAN_POINT('',(-7.64587974788791,3.93412378825026,126.023570314103));
#2188=CARTESIAN_POINT('',(-8.35625506344072,2.65697043213447,126.292122187058));
#2189=CARTESIAN_POINT('',(-9.83508117267352,2.62878299147791,126.194723728436));
#2190=CARTESIAN_POINT('',(-7.68630502200675,3.98727283206146,126.365879555833));
#2191=CARTESIAN_POINT('',(-8.3918514737387,2.68608513098629,126.519700310455));
#2192=CARTESIAN_POINT('',(-9.87176687181215,2.65896238175345,126.365879555833));
#2199=SURFACE_SIDE_STYLE('',(#3817));
#2200=EDGE_LOOP('',(#3818,#3819,#3820,#3821));
#2202=CARTESIAN_POINT('',(-7.51882341648619,0.164194182708848,123.8));
#2203=CARTESIAN_POINT('',(-8.18533117755045,0.178749212270667,124.3));
#2204=CARTESIAN_POINT('',(-9.01846587888078,0.196942999222941,124.3));
#2205=CARTESIAN_POINT('',(-7.50960187864195,0.586469354166765,123.800000001194));
#2206=CARTESIAN_POINT('',(-8.1759073706314,0.497743187397636,124.29815716959));
#2207=CARTESIAN_POINT('',(-9.0074160284562,0.449941912381835,124.3));
#2208=CARTESIAN_POINT('',(-7.51728849657329,0.991570057947705,123.837420937435));
#2209=CARTESIAN_POINT('',(-8.19630066511963,0.806149086707118,124.355684582656));
#2210=CARTESIAN_POINT('',(-9.05904153302415,0.694299352787862,124.337420936796));
#2211=CARTESIAN_POINT('',(-7.54956643881198,1.75419026283367,123.983369677443));
#2212=CARTESIAN_POINT('',(-8.25865379118194,1.36054547108316,124.55864683197));
#2213=CARTESIAN_POINT('',(-9.22853966545566,1.16899389116747,124.483369678081));
#2214=CARTESIAN_POINT('',(-7.57247271805156,2.09583590417818,124.088931759091));
#2215=CARTESIAN_POINT('',(-8.29706403854312,1.59677311781427,124.700777993001));
#2216=CARTESIAN_POINT('',(-9.33950879019891,1.38932187275086,124.588931758905));
#2217=CARTESIAN_POINT('',(-7.60152846091559,2.55756177908859,124.295187677661));
#2218=CARTESIAN_POINT('',(-8.33699714928752,1.88907545929691,124.939696671619));
#2219=CARTESIAN_POINT('',(-9.49607352458615,1.69556739805485,124.795187677754));
#2220=CARTESIAN_POINT('',(-7.61029111805283,2.70128708567339,124.371409891444));
#2221=CARTESIAN_POINT('',(-8.34752069134028,1.97587583519482,125.023868725663));
#2222=CARTESIAN_POINT('',(-9.5463478068457,1.79240577008831,124.871409891346));
#2223=CARTESIAN_POINT('',(-7.62405193536291,2.96658674209771,124.536369130497));
#2224=CARTESIAN_POINT('',(-8.36114583796108,2.12852161724712,125.193590382326));
#2225=CARTESIAN_POINT('',(-9.63685846127935,1.97305319200256,125.036369130595));
#2226=CARTESIAN_POINT('',(-7.62911621616885,3.08892159691458,124.625441417776));
#2227=CARTESIAN_POINT('',(-8.36426131211828,2.19456757838959,125.27950195567));
#2228=CARTESIAN_POINT('',(-9.677407151805,2.05736892927539,125.125441417815));
#2229=CARTESIAN_POINT('',(-7.6341210078954,3.31436511564567,124.81747018475));
#2230=CARTESIAN_POINT('',(-8.36283051922281,2.31074622830624,125.45120041593));
#2231=CARTESIAN_POINT('',(-9.74537877524221,2.21373164287319,125.31747018471));
#2232=CARTESIAN_POINT('',(-7.63401161080221,3.41779513594199,124.921075664461));
#2233=CARTESIAN_POINT('',(-8.3581360092551,2.36073051475655,125.537219184927));
#2234=CARTESIAN_POINT('',(-9.772815020357,2.28600919038323,125.421075664421));
#2235=CARTESIAN_POINT('',(-7.62723353946553,3.59967824175987,125.136373226403));
#2236=CARTESIAN_POINT('',(-8.34162096317371,2.44660948469285,125.703487863266));
#2237=CARTESIAN_POINT('',(-9.80959637822295,2.41315657335409,125.636373226443));
#2238=CARTESIAN_POINT('',(-7.62062387289545,3.67904879277411,125.248694841418));
#2239=CARTESIAN_POINT('',(-8.32982071387217,2.48280479859769,125.784137835926));
#2240=CARTESIAN_POINT('',(-9.81929396782214,2.46866721510851,125.74870188511));
#2241=CARTESIAN_POINT('',(-7.61009838420991,3.74719974510399,125.365879555833));
#2242=CARTESIAN_POINT('',(-8.31467957300495,2.51492754772498,125.863541786897));
#2243=CARTESIAN_POINT('',(-9.81887063941976,2.51586925846203,125.865879555833));
#2250=SURFACE_SIDE_STYLE('',(#3822));
#2251=EDGE_LOOP('',(#3823,#3824,#3825,#3826));
#2253=CARTESIAN_POINT('',(-7.61009838420991,-3.74719974510399,125.365879555833));
#2254=CARTESIAN_POINT('',(-8.31467957300495,-2.51492754772499,125.863541786897));
#2255=CARTESIAN_POINT('',(-9.81887063941976,-2.51586925846203,125.865879555833));
#2256=CARTESIAN_POINT('',(-7.63115323951046,-3.61087273257385,125.131466955227));
#2257=CARTESIAN_POINT('',(-8.34480090761049,-2.45102350684724,125.705577931026));
#2258=CARTESIAN_POINT('',(-9.81971707276345,-2.42149002339969,125.631585907857));
#2259=CARTESIAN_POINT('',(-7.63662378977397,-3.43176192988912,124.918134286259));
#2260=CARTESIAN_POINT('',(-8.36190032653638,-2.37205392463955,125.542333341645));
#2261=CARTESIAN_POINT('',(-9.78061384426258,-2.29517903413934,125.418134286493));
#2262=CARTESIAN_POINT('',(-7.62923628310705,-3.09205698601857,124.627786285829));
#2263=CARTESIAN_POINT('',(-8.36432469162009,-2.19625192111404,125.281737969922));
#2264=CARTESIAN_POINT('',(-9.67843069975057,-2.05953208993552,125.127786285711));
#2265=CARTESIAN_POINT('',(-7.62412855331078,-2.96824655317584,124.537497854503));
#2266=CARTESIAN_POINT('',(-8.36120822704623,-2.12944729523131,125.194711927933));
#2267=CARTESIAN_POINT('',(-9.63741616628533,-1.97419093296036,125.037497854557));
#2268=CARTESIAN_POINT('',(-7.6103656650352,-2.70254362923533,124.372095566917));
#2269=CARTESIAN_POINT('',(-8.34760783195614,-1.97663044679029,125.024617502769));
#2270=CARTESIAN_POINT('',(-9.5467849633437,-1.79325391109222,124.872095566862));
#2271=CARTESIAN_POINT('',(-7.6016814708607,-2.56004682748487,124.296453521392));
#2272=CARTESIAN_POINT('',(-8.33718864313454,-1.89059598241333,124.94111000743));
#2273=CARTESIAN_POINT('',(-9.49693718675364,-1.69723518355344,124.796453521653));
#2274=CARTESIAN_POINT('',(-7.58238010229081,-2.25322197422722,124.159084368973));
#2275=CARTESIAN_POINT('',(-8.31054606143017,-1.69534362181331,124.781181113294));
#2276=CARTESIAN_POINT('',(-9.39285557558746,-1.49369100441497,124.659084368713));
#2277=CARTESIAN_POINT('',(-7.57179602037787,-2.08942825146791,124.097800822207));
#2278=CARTESIAN_POINT('',(-8.29438938178354,-1.58657580196698,124.705114080268));
#2279=CARTESIAN_POINT('',(-9.33884143813753,-1.38656064615134,124.597800822507));
#2280=CARTESIAN_POINT('',(-7.5515071019758,-1.74726320242392,123.992473961073));
#2281=CARTESIAN_POINT('',(-8.26081736923238,-1.3509080172948,124.569302803036));
#2282=CARTESIAN_POINT('',(-9.23626895621352,-1.1665794989109,124.492473960773));
#2283=CARTESIAN_POINT('',(-7.54172373329569,-1.56779404811056,123.947912729942));
#2284=CARTESIAN_POINT('',(-8.24328827133008,-1.22332043270406,124.508699843886));
#2285=CARTESIAN_POINT('',(-9.18730459277612,-1.05300945725059,124.447912730544));
#2286=CARTESIAN_POINT('',(-7.52563759598973,-1.18989648374017,123.875167750341));
#2287=CARTESIAN_POINT('',(-8.21227181569458,-0.948735435161468,124.407605566151));
#2288=CARTESIAN_POINT('',(-9.10293418421708,-0.817710960536301,124.375167749739));
#2289=CARTESIAN_POINT('',(-7.51936555844653,-0.989850805067296,123.846944227276));
#2290=CARTESIAN_POINT('',(-8.19875874781582,-0.800230985473588,124.366774998045));
#2291=CARTESIAN_POINT('',(-9.0675457413765,-0.695041333346226,124.346944227621));
#2292=CARTESIAN_POINT('',(-7.51367493461137,-0.582879851744465,123.809525722382));
#2293=CARTESIAN_POINT('',(-8.18298089967618,-0.495467502475378,124.312823054476));
#2294=CARTESIAN_POINT('',(-9.02266270922652,-0.448184802395802,124.309525722037));
#2295=CARTESIAN_POINT('',(-7.51422066483102,-0.37496462795457,123.800000000406));
#2296=CARTESIAN_POINT('',(-8.18062767312396,-0.337961885298609,124.299080226781));
#2297=CARTESIAN_POINT('',(-9.01294555251762,-0.323337147378072,124.3));
#2298=CARTESIAN_POINT('',(-7.51882341648625,-0.164194182708839,123.8));
#2299=CARTESIAN_POINT('',(-8.18533117755053,-0.17874921227066,124.3));
#2300=CARTESIAN_POINT('',(-9.01846587888087,-0.196942999222935,124.3));
#2307=SURFACE_SIDE_STYLE('',(#3827));
#2308=EDGE_LOOP('',(#3828,#3829,#3830,#3831));
#2310=CARTESIAN_POINT('',(-9.87176687181215,-2.65896238175346,126.365879555833));
#2311=CARTESIAN_POINT('',(-8.39185147373871,-2.68608513098629,126.519700310455));
#2312=CARTESIAN_POINT('',(-7.68630502200675,-3.98727283206146,126.365879555833));
#2313=CARTESIAN_POINT('',(-9.94126774863669,-2.77331179064566,127.014387279567));
#2314=CARTESIAN_POINT('',(-8.4713970350248,-2.79984960444679,127.164890700323));
#2315=CARTESIAN_POINT('',(-7.76289104515589,-4.08796414010672,127.014387293562));
#2316=CARTESIAN_POINT('',(-10.0100424421034,-2.88767338407742,127.662964105259));
#2317=CARTESIAN_POINT('',(-8.55005998344429,-2.9138626618839,127.811490880359));
#2318=CARTESIAN_POINT('',(-7.83869544309562,-4.18908711399134,127.662964119224));
#2319=CARTESIAN_POINT('',(-10.0781342425712,-3.00204643507664,128.311605910045));
#2320=CARTESIAN_POINT('',(-8.62787508888732,-3.02808141138321,128.459257597847));
#2321=CARTESIAN_POINT('',(-7.91375711496902,-4.29060465955013,128.311605910045));
#2328=SURFACE_SIDE_STYLE('',(#3832));
#2329=EDGE_LOOP('',(#3833,#3834,#3835,#3836));
#2331=CARTESIAN_POINT('',(-7.68630502200675,-3.98727283206146,126.365879555833));
#2332=CARTESIAN_POINT('',(-8.3918514737387,-2.68608513098629,126.519700310455));
#2333=CARTESIAN_POINT('',(-9.87176687181215,-2.65896238175345,126.365879555833));
#2334=CARTESIAN_POINT('',(-7.6458797478879,-3.93412378825025,126.023570314102));
#2335=CARTESIAN_POINT('',(-8.35625506344069,-2.65697043213444,126.292122187058));
#2336=CARTESIAN_POINT('',(-9.83508117267348,-2.62878299147787,126.194723728436));
#2337=CARTESIAN_POINT('',(-7.62118102882659,-3.85409697173696,125.69007532137));
#2338=CARTESIAN_POINT('',(-8.33110329282234,-2.59871864468149,126.071080604787));
#2339=CARTESIAN_POINT('',(-9.81828504985403,-2.58116326222686,126.027969980945));
#2340=CARTESIAN_POINT('',(-7.61009838420992,-3.74719974510399,125.365879555833));
#2341=CARTESIAN_POINT('',(-8.31467957300496,-2.51492754772499,125.863541786897));
#2342=CARTESIAN_POINT('',(-9.81887063941976,-2.51586925846203,125.865879555833));
#2349=SURFACE_SIDE_STYLE('',(#3837));
#2350=EDGE_LOOP('',(#3838,#3839,#3840,#3841));
#2351=AXIS2_PLACEMENT_3D('',#3842,#3843,#3844);
#2352=SURFACE_SIDE_STYLE('',(#3845));
#2353=EDGE_LOOP('',(#3846,#3847,#3848));
#2354=AXIS2_PLACEMENT_3D('',#3849,#3850,#3851);
#2355=SURFACE_SIDE_STYLE('',(#3852));
#2356=EDGE_LOOP('',(#3853,#3854,#3855));
#2357=AXIS2_PLACEMENT_3D('',#3856,#3857,#3858);
#2358=SURFACE_SIDE_STYLE('',(#3859));
#2359=EDGE_LOOP('',(#3860,#3861,#3862,#3863));
#2360=AXIS2_PLACEMENT_3D('',#3864,#3865,#3866);
#2361=SURFACE_SIDE_STYLE('',(#3867));
#2362=EDGE_LOOP('',(#3868,#3869,#3870,#3871));
#2363=AXIS2_PLACEMENT_3D('',#3872,#3873,#3874);
#2364=SURFACE_SIDE_STYLE('',(#3875));
#2365=EDGE_LOOP('',(#3876,#3877,#3878,#3879));
#2366=AXIS2_PLACEMENT_3D('',#3880,#3881,#3882);
#2367=SURFACE_SIDE_STYLE('',(#3883));
#2368=EDGE_LOOP('',(#3884,#3885,#3886,#3887));
#2369=AXIS2_PLACEMENT_3D('',#3888,#3889,#3890);
#2370=SURFACE_SIDE_STYLE('',(#3891));
#2371=EDGE_LOOP('',(#3892,#3893,#3894,#3895));
#2372=AXIS2_PLACEMENT_3D('',#3896,#3897,#3898);
#2373=SURFACE_SIDE_STYLE('',(#3899));
#2374=EDGE_LOOP('',(#3900,#3901,#3902,#3903,#3904));
#2375=AXIS2_PLACEMENT_3D('',#3905,#3906,#3907);
#2376=SURFACE_SIDE_STYLE('',(#3908));
#2377=EDGE_LOOP('',(#3909,#3910,#3911,#3912,#3913));
#2378=AXIS2_PLACEMENT_3D('',#3914,#3915,#3916);
#2379=SURFACE_SIDE_STYLE('',(#3917));
#2380=EDGE_LOOP('',(#3918,#3919,#3920,#3921));
#2381=AXIS2_PLACEMENT_3D('',#3922,#3923,#3924);
#2382=SURFACE_SIDE_STYLE('',(#3925));
#2383=EDGE_LOOP('',(#3926,#3927,#3928,#3929));
#2384=AXIS2_PLACEMENT_3D('',#3930,#3931,#3932);
#2385=SURFACE_SIDE_STYLE('',(#3933));
#2386=EDGE_LOOP('',(#3934,#3935,#3936,#3937));
#2387=AXIS2_PLACEMENT_3D('',#3938,#3939,#3940);
#2388=SURFACE_SIDE_STYLE('',(#3941));
#2389=EDGE_LOOP('',(#3942,#3943,#3944,#3945));
#2390=AXIS2_PLACEMENT_3D('',#3946,#3947,#3948);
#2391=SURFACE_SIDE_STYLE('',(#3949));
#2392=EDGE_LOOP('',(#3950,#3951,#3952,#3953,#3954));
#2393=AXIS2_PLACEMENT_3D('',#3955,#3956,#3957);
#2394=SURFACE_SIDE_STYLE('',(#3958));
#2395=EDGE_LOOP('',(#3959,#3960,#3961,#3962,#3963));
#2396=AXIS2_PLACEMENT_3D('',#3964,#3965,#3966);
#2397=SURFACE_SIDE_STYLE('',(#3967));
#2398=EDGE_LOOP('',(#3968,#3969,#3970,#3971));
#2399=AXIS2_PLACEMENT_3D('',#3972,#3973,#3974);
#2400=SURFACE_SIDE_STYLE('',(#3975));
#2401=EDGE_LOOP('',(#3976,#3977,#3978,#3979));
#2402=AXIS2_PLACEMENT_3D('',#3980,#3981,#3982);
#2403=SURFACE_SIDE_STYLE('',(#3983));
#2404=EDGE_LOOP('',(#3984,#3985,#3986,#3987));
#2405=AXIS2_PLACEMENT_3D('',#3988,#3989,#3990);
#2406=SURFACE_SIDE_STYLE('',(#3991));
#2407=EDGE_LOOP('',(#3992,#3993,#3994));
#2408=AXIS2_PLACEMENT_3D('',#3995,#3996,#3997);
#2409=SURFACE_SIDE_STYLE('',(#3998));
#2410=EDGE_LOOP('',(#3999,#4000,#4001));
#2411=AXIS2_PLACEMENT_3D('',#4002,#4003,#4004);
#2412=SURFACE_SIDE_STYLE('',(#4005));
#2413=EDGE_LOOP('',(#4006,#4007,#4008,#4009));
#2414=AXIS2_PLACEMENT_3D('',#4010,#4011,#4012);
#2415=SURFACE_SIDE_STYLE('',(#4013));
#2416=EDGE_LOOP('',(#4014,#4015,#4016,#4017,#4018,#4019,#4020,#4021));
#2417=EDGE_LOOP('',(#4022));
#2418=AXIS2_PLACEMENT_3D('',#4023,#4024,#4025);
#2419=SURFACE_SIDE_STYLE('',(#4026));
#2420=EDGE_LOOP('',(#4027));
#2421=AXIS2_PLACEMENT_3D('',#4028,#4029,#4030);
#2422=SURFACE_SIDE_STYLE('',(#4031));
#2423=EDGE_LOOP('',(#4032,#4033,#4034,#4035,#4036,#4037));
#2424=AXIS2_PLACEMENT_3D('',#4038,#4039,#4040);
#2425=DRAUGHTING_PRE_DEFINED_CURVE_FONT('continuous');
#2426=COLOUR_RGB('',0.941176474094391,0.627451002597809,0.431372553110123);
#2427=CARTESIAN_POINT('',(10.0769158272939,-3.0,128.3));
#2428=CARTESIAN_POINT('',(54.6151136768982,-3.0,128.3));
#2429=CARTESIAN_POINT('',(-52.0,-3.0,128.3));
#2430=VECTOR('',#4041,1000.0);
#2431=DRAUGHTING_PRE_DEFINED_CURVE_FONT('continuous');
#2432=COLOUR_RGB('',0.941176474094391,0.627451002597809,0.431372553110123);
#2433=CARTESIAN_POINT('',(54.2740760586517,-2.65896238175346,126.365879555833));
#2434=CARTESIAN_POINT('',(51.4943763755938,0.120737301304426,110.601419279309));
#2435=VECTOR('',#4042,1000.0);
#2436=DRAUGHTING_PRE_DEFINED_CURVE_FONT('continuous');
#2437=COLOUR_RGB('',0.941176474094391,0.627451002597809,0.431372553110123);
#2438=CARTESIAN_POINT('',(9.87176687181215,-2.65896238175346,126.365879555833));
#2439=CARTESIAN_POINT('',(-52.0,-2.65896238175346,126.365879555833));
#2440=VECTOR('',#4043,1000.0);
#2441=DRAUGHTING_PRE_DEFINED_CURVE_FONT('continuous');
#2442=COLOUR_RGB('',0.941176474094391,0.627451002597809,0.431372553110123);
#2443=CARTESIAN_POINT('',(10.0769158272939,-3.0,128.3));
#2444=CARTESIAN_POINT('',(10.0092215230462,-2.88630836568474,127.655222701265));
#2445=CARTESIAN_POINT('',(9.94085261553183,-2.77262877444787,127.010513702222));
#2446=CARTESIAN_POINT('',(9.87176687181215,-2.65896238175346,126.365879555833));
#2447=DRAUGHTING_PRE_DEFINED_CURVE_FONT('continuous');
#2448=COLOUR_RGB('',0.941176474094391,0.627451002597809,0.431372553110123);
#2449=CARTESIAN_POINT('',(7.91241398386316,-4.2887882843487,128.3));
#2450=CARTESIAN_POINT('',(7.91241398386316,-4.2887882843487,128.3));
#2451=CARTESIAN_POINT('',(8.01838782111834,-4.09327644831763,128.3));
#2452=CARTESIAN_POINT('',(8.14775306292017,-3.91608971710565,128.3));
#2453=CARTESIAN_POINT('',(8.45252240568781,-3.59778364508782,128.3));
#2454=CARTESIAN_POINT('',(8.6274955625344,-3.45859428515755,128.3));
#2455=CARTESIAN_POINT('',(9.00429882638502,-3.23400960327092,128.3));
#2456=CARTESIAN_POINT('',(9.21121212786971,-3.14594779481225,128.3));
#2457=CARTESIAN_POINT('',(9.63445110932328,-3.02985840769442,128.3));
#2458=CARTESIAN_POINT('',(9.85452331874966,-3.0,128.3));
#2459=CARTESIAN_POINT('',(10.0769158272939,-3.0,128.3));
#2460=DRAUGHTING_PRE_DEFINED_CURVE_FONT('continuous');
#2461=COLOUR_RGB('',0.941176474094391,0.627451002597809,0.431372553110123);
#2462=CARTESIAN_POINT('',(7.68630502200675,-3.98727283206147,126.365879555833));
#2463=AXIS2_PLACEMENT_3D('',#4044,#4045,#4046);
#2464=DRAUGHTING_PRE_DEFINED_CURVE_FONT('continuous');
#2465=COLOUR_RGB('',0.941176474094391,0.627451002597809,0.431372553110123);
#2466=CARTESIAN_POINT('',(7.68630502200675,-3.98727283206147,126.365879555833));
#2467=CARTESIAN_POINT('',(7.7624390632028,-4.08736989778287,127.010560044308));
#2468=CARTESIAN_POINT('',(7.83779581487544,-4.18788715600132,127.65526762283));
#2469=CARTESIAN_POINT('',(7.91241398386316,-4.28878828434871,128.3));
#2470=DRAUGHTING_PRE_DEFINED_CURVE_FONT('continuous');
#2471=COLOUR_RGB('',0.941176474094391,0.627451002597809,0.431372553110123);
#2472=CARTESIAN_POINT('',(-142.0,-54.0,10.5));
#2473=AXIS2_PLACEMENT_3D('',#4047,#4048,#4049);
#2474=DRAUGHTING_PRE_DEFINED_CURVE_FONT('continuous');
#2475=COLOUR_RGB('',0.941176474094391,0.627451002597809,0.431372553110123);
#2476=CARTESIAN_POINT('',(-140.0,-54.0,8.5));
#2477=AXIS2_PLACEMENT_3D('',#4050,#4051,#4052);
#2478=DRAUGHTING_PRE_DEFINED_CURVE_FONT('continuous');
#2479=COLOUR_RGB('',0.941176474094391,0.627451002597809,0.431372553110123);
#2480=CARTESIAN_POINT('',(160.0,54.0,8.5));
#2481=AXIS2_PLACEMENT_3D('',#4053,#4054,#4055);
#2482=DRAUGHTING_PRE_DEFINED_CURVE_FONT('continuous');
#2483=COLOUR_RGB('',0.941176474094391,0.627451002597809,0.431372553110123);
#2484=CARTESIAN_POINT('',(158.0,54.0,10.5));
#2485=AXIS2_PLACEMENT_3D('',#4056,#4057,#4058);
#2486=DRAUGHTING_PRE_DEFINED_CURVE_FONT('continuous');
#2487=COLOUR_RGB('',0.941176474094391,0.627451002597809,0.431372553110123);
#2488=CARTESIAN_POINT('',(-116.648779336022,-58.0507018058999,8.5));
#2489=CARTESIAN_POINT('',(-106.8007018059,-67.898779336022,8.5));
#2490=AXIS2_PLACEMENT_3D('',#4059,#4060,#4061);
#2491=DRAUGHTING_PRE_DEFINED_CURVE_FONT('continuous');
#2492=COLOUR_RGB('',0.941176474094391,0.627451002597809,0.431372553110123);
#2493=CARTESIAN_POINT('',(-115.15,-56.551922469878,0.0));
#2494=CARTESIAN_POINT('',(-111.551067001798,-52.952989471676,-20.4105632827248));
#2495=VECTOR('',#4062,1000.0);
#2496=DRAUGHTING_PRE_DEFINED_CURVE_FONT('continuous');
#2497=COLOUR_RGB('',0.941176474094391,0.627451002597809,0.431372553110123);
#2498=CARTESIAN_POINT('',(-105.301922469878,-66.4,0.0));
#2499=AXIS2_PLACEMENT_3D('',#4063,#4064,#4065);
#2500=DRAUGHTING_PRE_DEFINED_CURVE_FONT('continuous');
#2501=COLOUR_RGB('',0.941176474094391,0.627451002597809,0.431372553110123);
#2502=CARTESIAN_POINT('',(-105.590186130015,-66.6882636601367,1.63482445498956));
#2503=VECTOR('',#4066,1000.0);
#2504=DRAUGHTING_PRE_DEFINED_CURVE_FONT('continuous');
#2505=COLOUR_RGB('',0.941176474094391,0.627451002597809,0.431372553110123);
#2506=CARTESIAN_POINT('',(-106.8007018059,67.8987793360219,8.5));
#2507=CARTESIAN_POINT('',(-116.648779336022,58.0507018058998,8.5));
#2508=AXIS2_PLACEMENT_3D('',#4067,#4068,#4069);
#2509=DRAUGHTING_PRE_DEFINED_CURVE_FONT('continuous');
#2510=COLOUR_RGB('',0.941176474094391,0.627451002597809,0.431372553110123);
#2511=CARTESIAN_POINT('',(-105.301922469878,66.4,0.0));
#2512=CARTESIAN_POINT('',(-98.8490612021879,59.94713873231,-36.5959947919655));
#2513=VECTOR('',#4070,1000.0);
#2514=DRAUGHTING_PRE_DEFINED_CURVE_FONT('continuous');
#2515=COLOUR_RGB('',0.941176474094391,0.627451002597809,0.431372553110123);
#2516=CARTESIAN_POINT('',(-115.15,56.5519224698779,0.0));
#2517=AXIS2_PLACEMENT_3D('',#4071,#4072,#4073);
#2518=DRAUGHTING_PRE_DEFINED_CURVE_FONT('continuous');
#2519=COLOUR_RGB('',0.941176474094391,0.627451002597809,0.431372553110123);
#2520=CARTESIAN_POINT('',(-115.438263660137,56.8401861300145,1.63482445498957));
#2521=VECTOR('',#4074,1000.0);
#2522=DRAUGHTING_PRE_DEFINED_CURVE_FONT('continuous');
#2523=COLOUR_RGB('',0.941176474094391,0.627451002597809,0.431372553110123);
#2524=CARTESIAN_POINT('',(116.648779336022,58.0507018058999,8.5));
#2525=CARTESIAN_POINT('',(106.8007018059,67.898779336022,8.5));
#2526=AXIS2_PLACEMENT_3D('',#4075,#4076,#4077);
#2527=DRAUGHTING_PRE_DEFINED_CURVE_FONT('continuous');
#2528=COLOUR_RGB('',0.941176474094391,0.627451002597809,0.431372553110123);
#2529=CARTESIAN_POINT('',(115.15,56.5519224698779,0.0));
#2530=CARTESIAN_POINT('',(111.551067001798,52.952989471676,-20.4105632827248));
#2531=VECTOR('',#4078,1000.0);
#2532=DRAUGHTING_PRE_DEFINED_CURVE_FONT('continuous');
#2533=COLOUR_RGB('',0.941176474094391,0.627451002597809,0.431372553110123);
#2534=CARTESIAN_POINT('',(105.301922469878,66.4,0.0));
#2535=AXIS2_PLACEMENT_3D('',#4079,#4080,#4081);
#2536=DRAUGHTING_PRE_DEFINED_CURVE_FONT('continuous');
#2537=COLOUR_RGB('',0.941176474094391,0.627451002597809,0.431372553110123);
#2538=CARTESIAN_POINT('',(105.590186130015,66.6882636601367,1.63482445498956));
#2539=VECTOR('',#4082,1000.0);
#2540=DRAUGHTING_PRE_DEFINED_CURVE_FONT('continuous');
#2541=COLOUR_RGB('',0.941176474094391,0.627451002597809,0.431372553110123);
#2542=CARTESIAN_POINT('',(106.8007018059,-67.8987793360219,8.5));
#2543=CARTESIAN_POINT('',(116.648779336022,-58.0507018058999,8.5));
#2544=AXIS2_PLACEMENT_3D('',#4083,#4084,#4085);
#2545=DRAUGHTING_PRE_DEFINED_CURVE_FONT('continuous');
#2546=COLOUR_RGB('',0.941176474094391,0.627451002597809,0.431372553110123);
#2547=CARTESIAN_POINT('',(105.301922469878,-66.4,0.0));
#2548=CARTESIAN_POINT('',(98.849061202188,-59.94713873231,-36.5959947919655));
#2549=VECTOR('',#4086,1000.0);
#2550=DRAUGHTING_PRE_DEFINED_CURVE_FONT('continuous');
#2551=COLOUR_RGB('',0.941176474094391,0.627451002597809,0.431372553110123);
#2552=CARTESIAN_POINT('',(115.15,-56.5519224698779,0.0));
#2553=AXIS2_PLACEMENT_3D('',#4087,#4088,#4089);
#2554=DRAUGHTING_PRE_DEFINED_CURVE_FONT('continuous');
#2555=COLOUR_RGB('',0.941176474094391,0.627451002597809,0.431372553110123);
#2556=CARTESIAN_POINT('',(115.438263660137,-56.8401861300146,1.63482445498957));
#2557=VECTOR('',#4090,1000.0);
#2558=DRAUGHTING_PRE_DEFINED_CURVE_FONT('continuous');
#2559=COLOUR_RGB('',0.941176474094391,0.627451002597809,0.431372553110123);
#2560=CARTESIAN_POINT('',(-116.648779336022,83.0,8.5));
#2561=VECTOR('',#4091,1000.0);
#2562=DRAUGHTING_PRE_DEFINED_CURVE_FONT('continuous');
#2563=COLOUR_RGB('',0.941176474094391,0.627451002597809,0.431372553110123);
#2564=CARTESIAN_POINT('',(-115.15,66.4,0.0));
#2565=VECTOR('',#4092,1000.0);
#2566=DRAUGHTING_PRE_DEFINED_CURVE_FONT('continuous');
#2567=COLOUR_RGB('',0.941176474094391,0.627451002597809,0.431372553110123);
#2568=CARTESIAN_POINT('',(133.0,67.898779336022,8.5));
#2569=VECTOR('',#4093,1000.0);
#2570=DRAUGHTING_PRE_DEFINED_CURVE_FONT('continuous');
#2571=COLOUR_RGB('',0.941176474094391,0.627451002597809,0.431372553110123);
#2572=CARTESIAN_POINT('',(115.15,66.4,0.0));
#2573=VECTOR('',#4094,1000.0);
#2574=DRAUGHTING_PRE_DEFINED_CURVE_FONT('continuous');
#2575=COLOUR_RGB('',0.941176474094391,0.627451002597809,0.431372553110123);
#2576=CARTESIAN_POINT('',(116.648779336022,83.0,8.5));
#2577=VECTOR('',#4095,1000.0);
#2578=DRAUGHTING_PRE_DEFINED_CURVE_FONT('continuous');
#2579=COLOUR_RGB('',0.941176474094391,0.627451002597809,0.431372553110123);
#2580=CARTESIAN_POINT('',(115.15,-66.4,0.0));
#2581=VECTOR('',#4096,1000.0);
#2582=DRAUGHTING_PRE_DEFINED_CURVE_FONT('continuous');
#2583=COLOUR_RGB('',0.941176474094391,0.627451002597809,0.431372553110123);
#2584=CARTESIAN_POINT('',(-115.15,-66.4,0.0));
#2585=VECTOR('',#4097,1000.0);
#2586=DRAUGHTING_PRE_DEFINED_CURVE_FONT('continuous');
#2587=COLOUR_RGB('',0.941176474094391,0.627451002597809,0.431372553110123);
#2588=CARTESIAN_POINT('',(133.0,-67.8987793360219,8.5));
#2589=VECTOR('',#4098,1000.0);
#2590=DRAUGHTING_PRE_DEFINED_CURVE_FONT('continuous');
#2591=COLOUR_RGB('',0.941176474094391,0.627451002597809,0.431372553110123);
#2592=CARTESIAN_POINT('',(-165.0,-115.0,8.5));
#2593=CARTESIAN_POINT('',(-165.0,115.0,8.5));
#2594=CARTESIAN_POINT('',(-165.0,-115.0,8.5));
#2595=VECTOR('',#4099,1000.0);
#2596=DRAUGHTING_PRE_DEFINED_CURVE_FONT('continuous');
#2597=COLOUR_RGB('',0.941176474094391,0.627451002597809,0.431372553110123);
#2598=CARTESIAN_POINT('',(-165.0,-115.0,128.3));
#2599=CARTESIAN_POINT('',(-165.0,-115.0,128.3));
#2600=VECTOR('',#4100,1000.0);
#2601=DRAUGHTING_PRE_DEFINED_CURVE_FONT('continuous');
#2602=COLOUR_RGB('',0.941176474094391,0.627451002597809,0.431372553110123);
#2603=CARTESIAN_POINT('',(-165.0,115.0,128.3));
#2604=CARTESIAN_POINT('',(-165.0,-115.0,128.3));
#2605=VECTOR('',#4101,1000.0);
#2606=DRAUGHTING_PRE_DEFINED_CURVE_FONT('continuous');
#2607=COLOUR_RGB('',0.941176474094391,0.627451002597809,0.431372553110123);
#2608=CARTESIAN_POINT('',(-165.0,115.0,128.3));
#2609=VECTOR('',#4102,1000.0);
#2610=DRAUGHTING_PRE_DEFINED_CURVE_FONT('continuous');
#2611=COLOUR_RGB('',0.941176474094391,0.627451002597809,0.431372553110123);
#2612=CARTESIAN_POINT('',(165.0,115.0,8.5));
#2613=CARTESIAN_POINT('',(-165.0,115.0,8.5));
#2614=VECTOR('',#4103,1000.0);
#2615=DRAUGHTING_PRE_DEFINED_CURVE_FONT('continuous');
#2616=COLOUR_RGB('',0.941176474094391,0.627451002597809,0.431372553110123);
#2617=CARTESIAN_POINT('',(165.0,115.0,128.3));
#2618=CARTESIAN_POINT('',(-165.0,115.0,128.3));
#2619=VECTOR('',#4104,1000.0);
#2620=DRAUGHTING_PRE_DEFINED_CURVE_FONT('continuous');
#2621=COLOUR_RGB('',0.941176474094391,0.627451002597809,0.431372553110123);
#2622=CARTESIAN_POINT('',(165.0,115.0,128.3));
#2623=VECTOR('',#4105,1000.0);
#2624=DRAUGHTING_PRE_DEFINED_CURVE_FONT('continuous');
#2625=COLOUR_RGB('',0.941176474094391,0.627451002597809,0.431372553110123);
#2626=CARTESIAN_POINT('',(165.0,-115.0,8.5));
#2627=CARTESIAN_POINT('',(165.0,115.0,8.5));
#2628=VECTOR('',#4106,1000.0);
#2629=DRAUGHTING_PRE_DEFINED_CURVE_FONT('continuous');
#2630=COLOUR_RGB('',0.941176474094391,0.627451002597809,0.431372553110123);
#2631=CARTESIAN_POINT('',(165.0,-115.0,128.3));
#2632=CARTESIAN_POINT('',(165.0,115.0,128.3));
#2633=VECTOR('',#4107,1000.0);
#2634=DRAUGHTING_PRE_DEFINED_CURVE_FONT('continuous');
#2635=COLOUR_RGB('',0.941176474094391,0.627451002597809,0.431372553110123);
#2636=CARTESIAN_POINT('',(165.0,-115.0,128.3));
#2637=VECTOR('',#4108,1000.0);
#2638=DRAUGHTING_PRE_DEFINED_CURVE_FONT('continuous');
#2639=COLOUR_RGB('',0.941176474094391,0.627451002597809,0.431372553110123);
#2640=CARTESIAN_POINT('',(165.0,-115.0,8.5));
#2641=VECTOR('',#4109,1000.0);
#2642=DRAUGHTING_PRE_DEFINED_CURVE_FONT('continuous');
#2643=COLOUR_RGB('',0.941176474094391,0.627451002597809,0.431372553110123);
#2644=CARTESIAN_POINT('',(165.0,-115.0,128.3));
#2645=VECTOR('',#4110,1000.0);
#2646=DRAUGHTING_PRE_DEFINED_CURVE_FONT('continuous');
#2647=COLOUR_RGB('',0.941176474094391,0.627451002597809,0.431372553110123);
#2648=CARTESIAN_POINT('',(148.0,83.0,49.0));
#2649=AXIS2_PLACEMENT_3D('',#4111,#4112,#4113);
#2650=DRAUGHTING_PRE_DEFINED_CURVE_FONT('continuous');
#2651=COLOUR_RGB('',0.941176474094391,0.627451002597809,0.431372553110123);
#2652=CARTESIAN_POINT('',(148.0,83.0,128.3));
#2653=AXIS2_PLACEMENT_3D('',#4114,#4115,#4116);
#2654=DRAUGHTING_PRE_DEFINED_CURVE_FONT('continuous');
#2655=COLOUR_RGB('',0.941176474094391,0.627451002597809,0.431372553110123);
#2656=CARTESIAN_POINT('',(90.0,-90.0,128.3));
#2657=AXIS2_PLACEMENT_3D('',#4117,#4118,#4119);
#2658=DRAUGHTING_PRE_DEFINED_CURVE_FONT('continuous');
#2659=COLOUR_RGB('',0.941176474094391,0.627451002597809,0.431372553110123);
#2660=CARTESIAN_POINT('',(70.0,-90.0,49.0));
#2661=AXIS2_PLACEMENT_3D('',#4120,#4121,#4122);
#2662=DRAUGHTING_PRE_DEFINED_CURVE_FONT('continuous');
#2663=COLOUR_RGB('',0.941176474094391,0.627451002597809,0.431372553110123);
#2664=CARTESIAN_POINT('',(12.5,95.0,8.5));
#2665=AXIS2_PLACEMENT_3D('',#4123,#4124,#4125);
#2666=DRAUGHTING_PRE_DEFINED_CURVE_FONT('continuous');
#2667=COLOUR_RGB('',0.941176474094391,0.627451002597809,0.431372553110123);
#2668=CARTESIAN_POINT('',(12.5,95.0,103.3));
#2669=AXIS2_PLACEMENT_3D('',#4126,#4127,#4128);
#2670=DRAUGHTING_PRE_DEFINED_CURVE_FONT('continuous');
#2671=COLOUR_RGB('',0.941176474094391,0.627451002597809,0.431372553110123);
#2672=CARTESIAN_POINT('',(-90.0,90.0,128.3));
#2673=AXIS2_PLACEMENT_3D('',#4129,#4130,#4131);
#2674=DRAUGHTING_PRE_DEFINED_CURVE_FONT('continuous');
#2675=COLOUR_RGB('',0.941176474094391,0.627451002597809,0.431372553110123);
#2676=CARTESIAN_POINT('',(-90.0,90.0,49.0));
#2677=AXIS2_PLACEMENT_3D('',#4132,#4133,#4134);
#2678=DRAUGHTING_PRE_DEFINED_CURVE_FONT('continuous');
#2679=COLOUR_RGB('',0.941176474094391,0.627451002597809,0.431372553110123);
#2680=CARTESIAN_POINT('',(-70.0,-90.0,49.0));
#2681=AXIS2_PLACEMENT_3D('',#4135,#4136,#4137);
#2682=DRAUGHTING_PRE_DEFINED_CURVE_FONT('continuous');
#2683=COLOUR_RGB('',0.941176474094391,0.627451002597809,0.431372553110123);
#2684=CARTESIAN_POINT('',(-90.0,-90.0,128.3));
#2685=AXIS2_PLACEMENT_3D('',#4138,#4139,#4140);
#2686=DRAUGHTING_PRE_DEFINED_CURVE_FONT('continuous');
#2687=COLOUR_RGB('',0.941176474094391,0.627451002597809,0.431372553110123);
#2688=CARTESIAN_POINT('',(-118.0,-83.0,49.0));
#2689=AXIS2_PLACEMENT_3D('',#4141,#4142,#4143);
#2690=DRAUGHTING_PRE_DEFINED_CURVE_FONT('continuous');
#2691=COLOUR_RGB('',0.941176474094391,0.627451002597809,0.431372553110123);
#2692=CARTESIAN_POINT('',(-148.0,-83.0,128.3));
#2693=AXIS2_PLACEMENT_3D('',#4144,#4145,#4146);
#2694=DRAUGHTING_PRE_DEFINED_CURVE_FONT('continuous');
#2695=COLOUR_RGB('',0.941176474094391,0.627451002597809,0.431372553110123);
#2696=CARTESIAN_POINT('',(-148.0,83.0,128.3));
#2697=AXIS2_PLACEMENT_3D('',#4147,#4148,#4149);
#2698=DRAUGHTING_PRE_DEFINED_CURVE_FONT('continuous');
#2699=COLOUR_RGB('',0.941176474094391,0.627451002597809,0.431372553110123);
#2700=CARTESIAN_POINT('',(-148.0,83.0,49.0));
#2701=AXIS2_PLACEMENT_3D('',#4150,#4151,#4152);
#2702=DRAUGHTING_PRE_DEFINED_CURVE_FONT('continuous');
#2703=COLOUR_RGB('',0.941176474094391,0.627451002597809,0.431372553110123);
#2704=CARTESIAN_POINT('',(12.5,-95.0,8.5));
#2705=AXIS2_PLACEMENT_3D('',#4153,#4154,#4155);
#2706=DRAUGHTING_PRE_DEFINED_CURVE_FONT('continuous');
#2707=COLOUR_RGB('',0.941176474094391,0.627451002597809,0.431372553110123);
#2708=CARTESIAN_POINT('',(-12.5,-95.0,103.3));
#2709=AXIS2_PLACEMENT_3D('',#4156,#4157,#4158);
#2710=DRAUGHTING_PRE_DEFINED_CURVE_FONT('continuous');
#2711=COLOUR_RGB('',0.941176474094391,0.627451002597809,0.431372553110123);
#2712=CARTESIAN_POINT('',(90.0,90.0,49.0));
#2713=AXIS2_PLACEMENT_3D('',#4159,#4160,#4161);
#2714=DRAUGHTING_PRE_DEFINED_CURVE_FONT('continuous');
#2715=COLOUR_RGB('',0.941176474094391,0.627451002597809,0.431372553110123);
#2716=CARTESIAN_POINT('',(90.0,90.0,128.3));
#2717=AXIS2_PLACEMENT_3D('',#4162,#4163,#4164);
#2718=DRAUGHTING_PRE_DEFINED_CURVE_FONT('continuous');
#2719=COLOUR_RGB('',0.941176474094391,0.627451002597809,0.431372553110123);
#2720=CARTESIAN_POINT('',(148.0,-83.0,128.3));
#2721=AXIS2_PLACEMENT_3D('',#4165,#4166,#4167);
#2722=DRAUGHTING_PRE_DEFINED_CURVE_FONT('continuous');
#2723=COLOUR_RGB('',0.941176474094391,0.627451002597809,0.431372553110123);
#2724=CARTESIAN_POINT('',(118.0,-83.0,49.0));
#2725=AXIS2_PLACEMENT_3D('',#4168,#4169,#4170);
#2726=DRAUGHTING_PRE_DEFINED_CURVE_FONT('continuous');
#2727=COLOUR_RGB('',0.941176474094391,0.627451002597809,0.431372553110123);
#2728=CARTESIAN_POINT('',(-95.0,90.0,8.5));
#2729=AXIS2_PLACEMENT_3D('',#4171,#4172,#4173);
#2730=DRAUGHTING_PRE_DEFINED_CURVE_FONT('continuous');
#2731=COLOUR_RGB('',0.941176474094391,0.627451002597809,0.431372553110123);
#2732=CARTESIAN_POINT('',(95.0,90.0,8.5));
#2733=AXIS2_PLACEMENT_3D('',#4174,#4175,#4176);
#2734=DRAUGHTING_PRE_DEFINED_CURVE_FONT('continuous');
#2735=COLOUR_RGB('',0.941176474094391,0.627451002597809,0.431372553110123);
#2736=CARTESIAN_POINT('',(-154.0,83.0,8.5));
#2737=AXIS2_PLACEMENT_3D('',#4177,#4178,#4179);
#2738=DRAUGHTING_PRE_DEFINED_CURVE_FONT('continuous');
#2739=COLOUR_RGB('',0.941176474094391,0.627451002597809,0.431372553110123);
#2740=CARTESIAN_POINT('',(154.0,83.0,8.5));
#2741=AXIS2_PLACEMENT_3D('',#4180,#4181,#4182);
#2742=DRAUGHTING_PRE_DEFINED_CURVE_FONT('continuous');
#2743=COLOUR_RGB('',0.941176474094391,0.627451002597809,0.431372553110123);
#2744=CARTESIAN_POINT('',(-112.0,-83.0,8.5));
#2745=AXIS2_PLACEMENT_3D('',#4183,#4184,#4185);
#2746=DRAUGHTING_PRE_DEFINED_CURVE_FONT('continuous');
#2747=COLOUR_RGB('',0.941176474094391,0.627451002597809,0.431372553110123);
#2748=CARTESIAN_POINT('',(112.0,-83.0,8.5));
#2749=AXIS2_PLACEMENT_3D('',#4186,#4187,#4188);
#2750=DRAUGHTING_PRE_DEFINED_CURVE_FONT('continuous');
#2751=COLOUR_RGB('',0.941176474094391,0.627451002597809,0.431372553110123);
#2752=CARTESIAN_POINT('',(-65.0,-90.0,8.5));
#2753=AXIS2_PLACEMENT_3D('',#4189,#4190,#4191);
#2754=DRAUGHTING_PRE_DEFINED_CURVE_FONT('continuous');
#2755=COLOUR_RGB('',0.941176474094391,0.627451002597809,0.431372553110123);
#2756=CARTESIAN_POINT('',(65.0,-90.0,8.5));
#2757=AXIS2_PLACEMENT_3D('',#4192,#4193,#4194);
#2758=DRAUGHTING_PRE_DEFINED_CURVE_FONT('continuous');
#2759=COLOUR_RGB('',0.941176474094391,0.627451002597809,0.431372553110123);
#2760=CARTESIAN_POINT('',(-8.0,95.0,128.3));
#2761=AXIS2_PLACEMENT_3D('',#4195,#4196,#4197);
#2762=DRAUGHTING_PRE_DEFINED_CURVE_FONT('continuous');
#2763=COLOUR_RGB('',0.941176474094391,0.627451002597809,0.431372553110123);
#2764=CARTESIAN_POINT('',(-8.0,-95.0,128.3));
#2765=AXIS2_PLACEMENT_3D('',#4198,#4199,#4200);
#2766=DRAUGHTING_PRE_DEFINED_CURVE_FONT('continuous');
#2767=COLOUR_RGB('',0.941176474094391,0.627451002597809,0.431372553110123);
#2768=CARTESIAN_POINT('',(57.0771330594287,0.537980617469482,128.3));
#2769=CARTESIAN_POINT('',(54.6151136768982,3.0,128.3));
#2770=AXIS2_PLACEMENT_3D('',#4201,#4202,#4203);
#2771=DRAUGHTING_PRE_DEFINED_CURVE_FONT('continuous');
#2772=COLOUR_RGB('',0.941176474094391,0.627451002597809,0.431372553110123);
#2773=CARTESIAN_POINT('',(57.0771330594287,-0.537980617469484,128.3));
#2774=CARTESIAN_POINT('',(57.0771330594287,0.0,128.3));
#2775=VECTOR('',#4204,1000.0);
#2776=DRAUGHTING_PRE_DEFINED_CURVE_FONT('continuous');
#2777=COLOUR_RGB('',0.941176474094391,0.627451002597809,0.431372553110123);
#2778=AXIS2_PLACEMENT_3D('',#4205,#4206,#4207);
#2779=DRAUGHTING_PRE_DEFINED_CURVE_FONT('continuous');
#2780=COLOUR_RGB('',0.941176474094391,0.627451002597809,0.431372553110123);
#2781=CARTESIAN_POINT('',(-7.91241398386316,-4.2887882843487,128.3));
#2782=AXIS2_PLACEMENT_3D('',#4208,#4209,#4210);
#2783=DRAUGHTING_PRE_DEFINED_CURVE_FONT('continuous');
#2784=COLOUR_RGB('',0.941176474094391,0.627451002597809,0.431372553110123);
#2785=CARTESIAN_POINT('',(-10.0769158272939,-3.0,128.3));
#2786=CARTESIAN_POINT('',(-10.0769158272939,-3.0,128.3));
#2787=CARTESIAN_POINT('',(-9.8545302118159,-3.0,128.3));
#2788=CARTESIAN_POINT('',(-9.63710862693253,-3.02929779222618,128.3));
#2789=CARTESIAN_POINT('',(-9.21203528667868,-3.14555507511036,128.3));
#2790=CARTESIAN_POINT('',(-9.00628551446362,-3.23305549805917,128.3));
#2791=CARTESIAN_POINT('',(-8.62928109962347,-3.45730233530729,128.3));
#2792=CARTESIAN_POINT('',(-8.45325986726208,-3.59724716081769,128.3));
#2793=CARTESIAN_POINT('',(-8.14951229019032,-3.91402053288018,128.3));
#2794=CARTESIAN_POINT('',(-8.01839113749408,-4.09327032991401,128.3));
#2795=CARTESIAN_POINT('',(-7.91241398386316,-4.2887882843487,128.3));
#2796=DRAUGHTING_PRE_DEFINED_CURVE_FONT('continuous');
#2797=COLOUR_RGB('',0.941176474094391,0.627451002597809,0.431372553110123);
#2798=CARTESIAN_POINT('',(-54.6151136768982,-3.0,128.3));
#2799=CARTESIAN_POINT('',(-52.0,-3.0,128.3));
#2800=VECTOR('',#4211,1000.0);
#2801=DRAUGHTING_PRE_DEFINED_CURVE_FONT('continuous');
#2802=COLOUR_RGB('',0.941176474094391,0.627451002597809,0.431372553110123);
#2803=CARTESIAN_POINT('',(-57.0771330594287,-0.537980617469481,128.3));
#2804=AXIS2_PLACEMENT_3D('',#4212,#4213,#4214);
#2805=DRAUGHTING_PRE_DEFINED_CURVE_FONT('continuous');
#2806=COLOUR_RGB('',0.941176474094391,0.627451002597809,0.431372553110123);
#2807=CARTESIAN_POINT('',(-57.0771330594287,0.537980617469484,128.3));
#2808=CARTESIAN_POINT('',(-57.0771330594287,0.0,128.3));
#2809=VECTOR('',#4215,1000.0);
#2810=DRAUGHTING_PRE_DEFINED_CURVE_FONT('continuous');
#2811=COLOUR_RGB('',0.941176474094391,0.627451002597809,0.431372553110123);
#2812=CARTESIAN_POINT('',(-54.6151136768982,3.0,128.3));
#2813=AXIS2_PLACEMENT_3D('',#4216,#4217,#4218);
#2814=DRAUGHTING_PRE_DEFINED_CURVE_FONT('continuous');
#2815=COLOUR_RGB('',0.941176474094391,0.627451002597809,0.431372553110123);
#2816=CARTESIAN_POINT('',(-10.0769158272939,3.0,128.3));
#2817=CARTESIAN_POINT('',(-52.0,3.0,128.3));
#2818=VECTOR('',#4219,1000.0);
#2819=DRAUGHTING_PRE_DEFINED_CURVE_FONT('continuous');
#2820=COLOUR_RGB('',0.941176474094391,0.627451002597809,0.431372553110123);
#2821=CARTESIAN_POINT('',(-7.91241398386316,4.2887882843487,128.3));
#2822=CARTESIAN_POINT('',(-7.91241398386316,4.2887882843487,128.3));
#2823=CARTESIAN_POINT('',(-8.01838782111834,4.09327644831763,128.3));
#2824=CARTESIAN_POINT('',(-8.14775306292017,3.91608971710565,128.3));
#2825=CARTESIAN_POINT('',(-8.45252240568781,3.59778364508782,128.3));
#2826=CARTESIAN_POINT('',(-8.6274955625344,3.45859428515755,128.3));
#2827=CARTESIAN_POINT('',(-9.00429882638502,3.23400960327092,128.3));
#2828=CARTESIAN_POINT('',(-9.21121212786971,3.14594779481225,128.3));
#2829=CARTESIAN_POINT('',(-9.63445110932328,3.02985840769442,128.3));
#2830=CARTESIAN_POINT('',(-9.85452331874966,3.0,128.3));
#2831=CARTESIAN_POINT('',(-10.0769158272939,3.0,128.3));
#2832=DRAUGHTING_PRE_DEFINED_CURVE_FONT('continuous');
#2833=COLOUR_RGB('',0.941176474094391,0.627451002597809,0.431372553110123);
#2834=CARTESIAN_POINT('',(7.91241398386316,4.2887882843487,128.3));
#2835=AXIS2_PLACEMENT_3D('',#4220,#4221,#4222);
#2836=DRAUGHTING_PRE_DEFINED_CURVE_FONT('continuous');
#2837=COLOUR_RGB('',0.941176474094391,0.627451002597809,0.431372553110123);
#2838=CARTESIAN_POINT('',(10.0769158272939,3.0,128.3));
#2839=CARTESIAN_POINT('',(10.0769158272939,3.0,128.3));
#2840=CARTESIAN_POINT('',(9.8545302118159,3.0,128.3));
#2841=CARTESIAN_POINT('',(9.63710862693253,3.02929779222618,128.3));
#2842=CARTESIAN_POINT('',(9.21203528667868,3.14555507511036,128.3));
#2843=CARTESIAN_POINT('',(9.00628551446362,3.23305549805917,128.3));
#2844=CARTESIAN_POINT('',(8.62928109962347,3.45730233530729,128.3));
#2845=CARTESIAN_POINT('',(8.45325986726208,3.59724716081769,128.3));
#2846=CARTESIAN_POINT('',(8.14951229019031,3.91402053288019,128.3));
#2847=CARTESIAN_POINT('',(8.01839113749408,4.09327032991402,128.3));
#2848=CARTESIAN_POINT('',(7.91241398386316,4.2887882843487,128.3));
#2849=DRAUGHTING_PRE_DEFINED_CURVE_FONT('continuous');
#2850=COLOUR_RGB('',0.941176474094391,0.627451002597809,0.431372553110123);
#2851=CARTESIAN_POINT('',(-52.0,3.0,128.3));
#2852=VECTOR('',#4223,1000.0);
#2853=DRAUGHTING_PRE_DEFINED_CURVE_FONT('continuous');
#2854=COLOUR_RGB('',0.941176474094391,0.627451002597809,0.431372553110123);
#2855=CARTESIAN_POINT('',(-158.0,-54.0,53.5));
#2856=AXIS2_PLACEMENT_3D('',#4224,#4225,#4226);
#2857=DRAUGHTING_PRE_DEFINED_CURVE_FONT('continuous');
#2858=COLOUR_RGB('',0.941176474094391,0.627451002597809,0.431372553110123);
#2859=CARTESIAN_POINT('',(158.0,54.0,53.5));
#2860=AXIS2_PLACEMENT_3D('',#4227,#4228,#4229);
#2861=DRAUGHTING_PRE_DEFINED_CURVE_FONT('continuous');
#2862=COLOUR_RGB('',0.941176474094391,0.627451002597809,0.431372553110123);
#2863=CARTESIAN_POINT('',(154.0,83.0,49.0));
#2864=AXIS2_PLACEMENT_3D('',#4230,#4231,#4232);
#2865=DRAUGHTING_PRE_DEFINED_CURVE_FONT('continuous');
#2866=COLOUR_RGB('',0.941176474094391,0.627451002597809,0.431372553110123);
#2867=CARTESIAN_POINT('',(112.0,-83.0,49.0));
#2868=AXIS2_PLACEMENT_3D('',#4233,#4234,#4235);
#2869=DRAUGHTING_PRE_DEFINED_CURVE_FONT('continuous');
#2870=COLOUR_RGB('',0.941176474094391,0.627451002597809,0.431372553110123);
#2871=CARTESIAN_POINT('',(-112.0,-83.0,49.0));
#2872=AXIS2_PLACEMENT_3D('',#4236,#4237,#4238);
#2873=DRAUGHTING_PRE_DEFINED_CURVE_FONT('continuous');
#2874=COLOUR_RGB('',0.941176474094391,0.627451002597809,0.431372553110123);
#2875=CARTESIAN_POINT('',(-154.0,83.0,49.0));
#2876=AXIS2_PLACEMENT_3D('',#4239,#4240,#4241);
#2877=DRAUGHTING_PRE_DEFINED_CURVE_FONT('continuous');
#2878=COLOUR_RGB('',0.941176474094391,0.627451002597809,0.431372553110123);
#2879=CARTESIAN_POINT('',(95.0,90.0,49.0));
#2880=AXIS2_PLACEMENT_3D('',#4242,#4243,#4244);
#2881=DRAUGHTING_PRE_DEFINED_CURVE_FONT('continuous');
#2882=COLOUR_RGB('',0.941176474094391,0.627451002597809,0.431372553110123);
#2883=CARTESIAN_POINT('',(65.0,-90.0,49.0));
#2884=AXIS2_PLACEMENT_3D('',#4245,#4246,#4247);
#2885=DRAUGHTING_PRE_DEFINED_CURVE_FONT('continuous');
#2886=COLOUR_RGB('',0.941176474094391,0.627451002597809,0.431372553110123);
#2887=CARTESIAN_POINT('',(-65.0,-90.0,49.0));
#2888=AXIS2_PLACEMENT_3D('',#4248,#4249,#4250);
#2889=DRAUGHTING_PRE_DEFINED_CURVE_FONT('continuous');
#2890=COLOUR_RGB('',0.941176474094391,0.627451002597809,0.431372553110123);
#2891=CARTESIAN_POINT('',(-95.0,90.0,49.0));
#2892=AXIS2_PLACEMENT_3D('',#4251,#4252,#4253);
#2893=DRAUGHTING_PRE_DEFINED_CURVE_FONT('continuous');
#2894=COLOUR_RGB('',0.941176474094391,0.627451002597809,0.431372553110123);
#2895=CARTESIAN_POINT('',(-8.0,95.0,103.3));
#2896=AXIS2_PLACEMENT_3D('',#4254,#4255,#4256);
#2897=DRAUGHTING_PRE_DEFINED_CURVE_FONT('continuous');
#2898=COLOUR_RGB('',0.941176474094391,0.627451002597809,0.431372553110123);
#2899=CARTESIAN_POINT('',(-8.0,-95.0,103.3));
#2900=AXIS2_PLACEMENT_3D('',#4257,#4258,#4259);
#2901=DRAUGHTING_PRE_DEFINED_CURVE_FONT('continuous');
#2902=COLOUR_RGB('',0.941176474094391,0.627451002597809,0.431372553110123);
#2903=CARTESIAN_POINT('',(-19.5994522510167,0.0,86.66));
#2904=AXIS2_PLACEMENT_3D('',#4260,#4261,#4262);
#2905=DRAUGHTING_PRE_DEFINED_CURVE_FONT('continuous');
#2906=COLOUR_RGB('',0.941176474094391,0.627451002597809,0.431372553110123);
#2907=CARTESIAN_POINT('',(-16.6,0.0,83.7173253335854));
#2908=AXIS2_PLACEMENT_3D('',#4263,#4264,#4265);
#2909=DRAUGHTING_PRE_DEFINED_CURVE_FONT('continuous');
#2910=COLOUR_RGB('',0.941176474094391,0.627451002597809,0.431372553110123);
#2911=CARTESIAN_POINT('',(-15.0,0.0,0.0));
#2912=AXIS2_PLACEMENT_3D('',#4266,#4267,#4268);
#2913=DRAUGHTING_PRE_DEFINED_CURVE_FONT('continuous');
#2914=COLOUR_RGB('',0.941176474094391,0.627451002597809,0.431372553110123);
#2915=CARTESIAN_POINT('',(84.4005477489833,0.0,86.66));
#2916=AXIS2_PLACEMENT_3D('',#4269,#4270,#4271);
#2917=DRAUGHTING_PRE_DEFINED_CURVE_FONT('continuous');
#2918=COLOUR_RGB('',0.941176474094391,0.627451002597809,0.431372553110123);
#2919=CARTESIAN_POINT('',(87.4,0.0,83.7173253335854));
#2920=AXIS2_PLACEMENT_3D('',#4272,#4273,#4274);
#2921=DRAUGHTING_PRE_DEFINED_CURVE_FONT('continuous');
#2922=COLOUR_RGB('',0.941176474094391,0.627451002597809,0.431372553110123);
#2923=CARTESIAN_POINT('',(89.0,0.0,0.0));
#2924=AXIS2_PLACEMENT_3D('',#4275,#4276,#4277);
#2925=DRAUGHTING_PRE_DEFINED_CURVE_FONT('continuous');
#2926=COLOUR_RGB('',0.941176474094391,0.627451002597809,0.431372553110123);
#2927=CARTESIAN_POINT('',(7.61009838420992,-3.74719974510399,125.365879555833));
#2928=CARTESIAN_POINT('',(7.61009838420992,-3.74719974510399,125.365879555833));
#2929=CARTESIAN_POINT('',(7.62130039775042,-3.8552483423819,125.693567173996));
#2930=CARTESIAN_POINT('',(7.64629384568078,-3.93466822466937,126.027076777298));
#2931=CARTESIAN_POINT('',(7.68630502200675,-3.98727283206146,126.365879555833));
#2932=DRAUGHTING_PRE_DEFINED_CURVE_FONT('continuous');
#2933=COLOUR_RGB('',0.941176474094391,0.627451002597809,0.431372553110123);
#2934=CARTESIAN_POINT('',(-7.61009838420992,-3.747199745104,125.365879555833));
#2935=AXIS2_PLACEMENT_3D('',#4278,#4279,#4280);
#2936=DRAUGHTING_PRE_DEFINED_CURVE_FONT('continuous');
#2937=COLOUR_RGB('',0.941176474094391,0.627451002597809,0.431372553110123);
#2938=CARTESIAN_POINT('',(-7.68630502200675,-3.98727283206147,126.365879555833));
#2939=CARTESIAN_POINT('',(-7.68630502200675,-3.98727283206147,126.365879555833));
#2940=CARTESIAN_POINT('',(-7.64629384568078,-3.93466822466937,126.027076777298));
#2941=CARTESIAN_POINT('',(-7.62130039775042,-3.85524834238191,125.693567173996));
#2942=CARTESIAN_POINT('',(-7.61009838420992,-3.747199745104,125.365879555833));
#2943=DRAUGHTING_PRE_DEFINED_CURVE_FONT('continuous');
#2944=COLOUR_RGB('',0.941176474094391,0.627451002597809,0.431372553110123);
#2945=CARTESIAN_POINT('',(-7.91241398386316,-4.2887882843487,128.3));
#2946=CARTESIAN_POINT('',(-7.83779581487544,-4.18788715600131,127.65526762283));
#2947=CARTESIAN_POINT('',(-7.7624390632028,-4.08736989778287,127.010560044308));
#2948=CARTESIAN_POINT('',(-7.68630502200675,-3.98727283206147,126.365879555833));
#2949=DRAUGHTING_PRE_DEFINED_CURVE_FONT('continuous');
#2950=COLOUR_RGB('',0.941176474094391,0.627451002597809,0.431372553110123);
#2951=CARTESIAN_POINT('',(9.81887063941976,-2.51586925846204,125.865879555833));
#2952=CARTESIAN_POINT('',(9.87176687181215,-2.65896238175346,126.365879555833));
#2953=CARTESIAN_POINT('',(9.83537905066633,-2.62902804114305,126.196113474147));
#2954=CARTESIAN_POINT('',(9.81828029556079,-2.58169356220796,126.029286434898));
#2955=CARTESIAN_POINT('',(9.81887063941976,-2.51586925846204,125.865879555833));
#2956=DRAUGHTING_PRE_DEFINED_CURVE_FONT('continuous');
#2957=COLOUR_RGB('',0.941176474094391,0.627451002597809,0.431372553110123);
#2958=AXIS2_PLACEMENT_3D('',#4281,#4282,#4283);
#2959=DRAUGHTING_PRE_DEFINED_CURVE_FONT('continuous');
#2960=COLOUR_RGB('',0.941176474094391,0.627451002597809,0.431372553110123);
#2961=CARTESIAN_POINT('',(7.61009838420992,3.74719974510399,125.365879555833));
#2962=CARTESIAN_POINT('',(9.81887063941976,2.51586925846204,125.865879555833));
#2963=AXIS2_PLACEMENT_3D('',#4284,#4285,#4286);
#2964=DRAUGHTING_PRE_DEFINED_CURVE_FONT('continuous');
#2965=COLOUR_RGB('',0.941176474094391,0.627451002597809,0.431372553110123);
#2966=CARTESIAN_POINT('',(9.87176687181214,2.65896238175346,126.365879555833));
#2967=CARTESIAN_POINT('',(9.81887063941976,2.51586925846204,125.865879555833));
#2968=CARTESIAN_POINT('',(9.81828029556079,2.58169356220795,126.029286434898));
#2969=CARTESIAN_POINT('',(9.83537905066632,2.62902804114305,126.196113474147));
#2970=CARTESIAN_POINT('',(9.87176687181214,2.65896238175346,126.365879555833));
#2971=DRAUGHTING_PRE_DEFINED_CURVE_FONT('continuous');
#2972=COLOUR_RGB('',0.941176474094391,0.627451002597809,0.431372553110123);
#2973=CARTESIAN_POINT('',(7.68630502200675,3.98727283206147,126.365879555833));
#2974=AXIS2_PLACEMENT_3D('',#4287,#4288,#4289);
#2975=DRAUGHTING_PRE_DEFINED_CURVE_FONT('continuous');
#2976=COLOUR_RGB('',0.941176474094391,0.627451002597809,0.431372553110123);
#2977=CARTESIAN_POINT('',(7.68630502200675,3.98727283206147,126.365879555833));
#2978=CARTESIAN_POINT('',(7.64629384568078,3.93466822466937,126.027076777298));
#2979=CARTESIAN_POINT('',(7.62130039775042,3.85524834238191,125.693567173996));
#2980=CARTESIAN_POINT('',(7.61009838420992,3.747199745104,125.365879555833));
#2981=DRAUGHTING_PRE_DEFINED_CURVE_FONT('continuous');
#2982=COLOUR_RGB('',0.941176474094391,0.627451002597809,0.431372553110123);
#2983=CARTESIAN_POINT('',(7.51882341648619,0.164194182708849,123.8));
#2984=CARTESIAN_POINT('',(9.01846587888078,0.196942999222941,124.3));
#2985=AXIS2_PLACEMENT_3D('',#4290,#4291,#4292);
#2986=DRAUGHTING_PRE_DEFINED_CURVE_FONT('continuous');
#2987=COLOUR_RGB('',0.941176474094391,0.627451002597809,0.431372553110123);
#2988=CARTESIAN_POINT('',(9.01846587888079,0.196942999222941,124.3));
#2989=CARTESIAN_POINT('',(9.01274112016357,0.328017831432713,124.3));
#2990=CARTESIAN_POINT('',(9.02342488317045,0.455928109930548,124.310219578349));
#2991=CARTESIAN_POINT('',(9.07033125003613,0.706526614404798,124.349203318358));
#2992=CARTESIAN_POINT('',(9.1068290159634,0.829897922081999,124.378389924954));
#2993=CARTESIAN_POINT('',(9.23328964640564,1.17841398998121,124.487852977415));
#2994=CARTESIAN_POINT('',(9.34049483048874,1.39115480578405,124.590777392533));
#2995=CARTESIAN_POINT('',(9.5428136025189,1.78708617374405,124.856227623203));
#2996=CARTESIAN_POINT('',(9.63717256251368,1.96634839057212,125.016184441788));
#2997=CARTESIAN_POINT('',(9.74209543120938,2.20547979392889,125.306186661435));
#2998=CARTESIAN_POINT('',(9.77008927073475,2.2781027037599,125.408955521199));
#2999=CARTESIAN_POINT('',(9.80871420679161,2.40872840284035,125.627721967221));
#3000=CARTESIAN_POINT('',(9.81930834806013,2.46706403069739,125.744722027424));
#3001=CARTESIAN_POINT('',(9.81887063941976,2.51586925846204,125.865879555833));
#3002=DRAUGHTING_PRE_DEFINED_CURVE_FONT('continuous');
#3003=COLOUR_RGB('',0.941176474094391,0.627451002597809,0.431372553110123);
#3004=CARTESIAN_POINT('',(7.61009838420992,3.74719974510399,125.365879555833));
#3005=CARTESIAN_POINT('',(7.62344837157286,3.66076059014361,125.217248504948));
#3006=CARTESIAN_POINT('',(7.63012245261586,3.55927503531965,125.081413467881));
#3007=CARTESIAN_POINT('',(7.63474101945604,3.33107790683445,124.831271122498));
#3008=CARTESIAN_POINT('',(7.63256984945271,3.20300378990743,124.716106751316));
#3009=CARTESIAN_POINT('',(7.6176950758751,2.79379086199072,124.407500526573));
#3010=CARTESIAN_POINT('',(7.59720199908226,2.49016247609681,124.250665482075));
#3011=CARTESIAN_POINT('',(7.55707049704646,1.85147224375696,124.011452816362));
#3012=CARTESIAN_POINT('',(7.53773232269678,1.52193820565151,123.930682914747));
#3013=CARTESIAN_POINT('',(7.51470502641005,0.847578122679904,123.824584563322));
#3014=CARTESIAN_POINT('',(7.51135378196087,0.50624566136072,123.8));
#3015=CARTESIAN_POINT('',(7.5188234164862,0.164194182708851,123.8));
#3016=DRAUGHTING_PRE_DEFINED_CURVE_FONT('continuous');
#3017=COLOUR_RGB('',0.941176474094391,0.627451002597809,0.431372553110123);
#3018=CARTESIAN_POINT('',(7.51882341648619,-0.164194182708849,123.8));
#3019=CARTESIAN_POINT('',(9.01846587888078,-0.196942999222941,124.3));
#3020=AXIS2_PLACEMENT_3D('',#4293,#4294,#4295);
#3021=DRAUGHTING_PRE_DEFINED_CURVE_FONT('continuous');
#3022=COLOUR_RGB('',0.941176474094391,0.627451002597809,0.431372553110123);
#3023=AXIS2_PLACEMENT_3D('',#4296,#4297,#4298);
#3024=DRAUGHTING_PRE_DEFINED_CURVE_FONT('continuous');
#3025=COLOUR_RGB('',0.941176474094391,0.627451002597809,0.431372553110123);
#3026=AXIS2_PLACEMENT_3D('',#4299,#4300,#4301);
#3027=DRAUGHTING_PRE_DEFINED_CURVE_FONT('continuous');
#3028=COLOUR_RGB('',0.941176474094391,0.627451002597809,0.431372553110123);
#3029=CARTESIAN_POINT('',(9.81887063941976,-2.51586925846204,125.865879555833));
#3030=CARTESIAN_POINT('',(9.81930867825534,-2.4670272133925,125.744630629558));
#3031=CARTESIAN_POINT('',(9.80892989442758,-2.40964878348739,125.629427044903));
#3032=CARTESIAN_POINT('',(9.77036742968415,-2.27885488785832,125.410053663309));
#3033=CARTESIAN_POINT('',(9.74173451770826,-2.20465832379683,125.30519226864));
#3034=CARTESIAN_POINT('',(9.63791404718672,-1.9680361332616,125.018227561216));
#3035=CARTESIAN_POINT('',(9.54391407154921,-1.78919679698963,124.857912921297));
#3036=CARTESIAN_POINT('',(9.34137985469362,-1.39292930882412,124.591699493951));
#3037=CARTESIAN_POINT('',(9.23459718303527,-1.18171784430383,124.489016728089));
#3038=CARTESIAN_POINT('',(9.10680920365171,-0.829992017368704,124.378356914146));
#3039=CARTESIAN_POINT('',(9.07104857332593,-0.709353347431204,124.349783612513));
#3040=CARTESIAN_POINT('',(9.02371225930164,-0.458447802742347,124.310473951091));
#3041=CARTESIAN_POINT('',(9.01276256015086,-0.327526938649948,124.3));
#3042=CARTESIAN_POINT('',(9.01846587888079,-0.196942999222941,124.3));
#3043=DRAUGHTING_PRE_DEFINED_CURVE_FONT('continuous');
#3044=COLOUR_RGB('',0.941176474094391,0.627451002597809,0.431372553110123);
#3045=CARTESIAN_POINT('',(7.51882341648619,-0.164194182708849,123.8));
#3046=CARTESIAN_POINT('',(7.51135674266133,-0.506110084182721,123.8));
#3047=CARTESIAN_POINT('',(7.51467589934516,-0.845564806204665,123.824417853469));
#3048=CARTESIAN_POINT('',(7.53758807705011,-1.51886552946196,123.930050565072));
#3049=CARTESIAN_POINT('',(7.55706652720344,-1.85136458181373,124.011519429685));
#3050=CARTESIAN_POINT('',(7.58706043483248,-2.32878226219462,124.190169563679));
#3051=CARTESIAN_POINT('',(7.59722834690938,-2.48583954976289,124.259911952622));
#3052=CARTESIAN_POINT('',(7.61497516560098,-2.78583527130232,124.419728956678));
#3053=CARTESIAN_POINT('',(7.62258364016412,-2.92903681385723,124.509701131387));
#3054=CARTESIAN_POINT('',(7.63247180165342,-3.19956030670143,124.713307896045));
#3055=CARTESIAN_POINT('',(7.6347546582992,-3.32810632642136,124.828258920628));
#3056=CARTESIAN_POINT('',(7.63017527691387,-3.5589299545767,125.080793552169));
#3057=CARTESIAN_POINT('',(7.62343454973626,-3.66085008445122,125.217402389296));
#3058=CARTESIAN_POINT('',(7.61009838420992,-3.74719974510398,125.365879555833));
#3059=DRAUGHTING_PRE_DEFINED_CURVE_FONT('continuous');
#3060=COLOUR_RGB('',0.941176474094391,0.627451002597809,0.431372553110123);
#3061=CARTESIAN_POINT('',(7.91241398386316,4.2887882843487,128.3));
#3062=CARTESIAN_POINT('',(7.83779581487544,4.18788715600131,127.65526762283));
#3063=CARTESIAN_POINT('',(7.7624390632028,4.08736989778287,127.010560044308));
#3064=CARTESIAN_POINT('',(7.68630502200675,3.98727283206147,126.365879555833));
#3065=DRAUGHTING_PRE_DEFINED_CURVE_FONT('continuous');
#3066=COLOUR_RGB('',0.941176474094391,0.627451002597809,0.431372553110123);
#3067=CARTESIAN_POINT('',(9.87176687181215,2.65896238175346,126.365879555833));
#3068=CARTESIAN_POINT('',(9.94085261553183,2.77262877444787,127.010513702222));
#3069=CARTESIAN_POINT('',(10.0092215230462,2.88630836568474,127.655222701265));
#3070=CARTESIAN_POINT('',(10.0769158272939,3.0,128.3));
#3071=DRAUGHTING_PRE_DEFINED_CURVE_FONT('continuous');
#3072=COLOUR_RGB('',0.941176474094391,0.627451002597809,0.431372553110123);
#3073=CARTESIAN_POINT('',(-9.87176687181215,2.65896238175346,126.365879555833));
#3074=CARTESIAN_POINT('',(-10.0769158272939,3.0,128.3));
#3075=CARTESIAN_POINT('',(-10.0092215230462,2.88630836568474,127.655222701265));
#3076=CARTESIAN_POINT('',(-9.94085261553183,2.77262877444787,127.010513702222));
#3077=CARTESIAN_POINT('',(-9.87176687181215,2.65896238175346,126.365879555833));
#3078=DRAUGHTING_PRE_DEFINED_CURVE_FONT('continuous');
#3079=COLOUR_RGB('',0.941176474094391,0.627451002597809,0.431372553110123);
#3080=CARTESIAN_POINT('',(-7.68630502200675,3.98727283206147,126.365879555833));
#3081=AXIS2_PLACEMENT_3D('',#4302,#4303,#4304);
#3082=DRAUGHTING_PRE_DEFINED_CURVE_FONT('continuous');
#3083=COLOUR_RGB('',0.941176474094391,0.627451002597809,0.431372553110123);
#3084=CARTESIAN_POINT('',(-7.68630502200675,3.98727283206147,126.365879555833));
#3085=CARTESIAN_POINT('',(-7.7624390632028,4.08736989778287,127.010560044308));
#3086=CARTESIAN_POINT('',(-7.83779581487544,4.18788715600132,127.65526762283));
#3087=CARTESIAN_POINT('',(-7.91241398386316,4.28878828434871,128.3));
#3088=DRAUGHTING_PRE_DEFINED_CURVE_FONT('continuous');
#3089=COLOUR_RGB('',0.941176474094391,0.627451002597809,0.431372553110123);
#3090=CARTESIAN_POINT('',(-9.81887063941976,2.51586925846204,125.865879555833));
#3091=CARTESIAN_POINT('',(-9.87176687181215,2.65896238175346,126.365879555833));
#3092=CARTESIAN_POINT('',(-9.83537905066633,2.62902804114305,126.196113474147));
#3093=CARTESIAN_POINT('',(-9.81828029556079,2.58169356220796,126.029286434898));
#3094=CARTESIAN_POINT('',(-9.81887063941976,2.51586925846204,125.865879555833));
#3095=DRAUGHTING_PRE_DEFINED_CURVE_FONT('continuous');
#3096=COLOUR_RGB('',0.941176474094391,0.627451002597809,0.431372553110123);
#3097=CARTESIAN_POINT('',(-7.61009838420992,3.74719974510399,125.365879555833));
#3098=AXIS2_PLACEMENT_3D('',#4305,#4306,#4307);
#3099=DRAUGHTING_PRE_DEFINED_CURVE_FONT('continuous');
#3100=COLOUR_RGB('',0.941176474094391,0.627451002597809,0.431372553110123);
#3101=CARTESIAN_POINT('',(-7.61009838420992,3.74719974510399,125.365879555833));
#3102=CARTESIAN_POINT('',(-7.62130039775042,3.8552483423819,125.693567173996));
#3103=CARTESIAN_POINT('',(-7.64629384568078,3.93466822466937,126.027076777298));
#3104=CARTESIAN_POINT('',(-7.68630502200675,3.98727283206146,126.365879555833));
#3105=DRAUGHTING_PRE_DEFINED_CURVE_FONT('continuous');
#3106=COLOUR_RGB('',0.941176474094391,0.627451002597809,0.431372553110123);
#3107=CARTESIAN_POINT('',(-9.01846587888078,0.196942999222941,124.3));
#3108=CARTESIAN_POINT('',(-9.81887063941976,2.51586925846204,125.865879555833));
#3109=CARTESIAN_POINT('',(-9.81930867825534,2.4670272133925,125.744630629558));
#3110=CARTESIAN_POINT('',(-9.80892989442758,2.40964878348739,125.629427044903));
#3111=CARTESIAN_POINT('',(-9.77036742968415,2.27885488785832,125.410053663309));
#3112=CARTESIAN_POINT('',(-9.74173451770826,2.20465832379683,125.30519226864));
#3113=CARTESIAN_POINT('',(-9.63791404718672,1.9680361332616,125.018227561216));
#3114=CARTESIAN_POINT('',(-9.54391407154921,1.78919679698963,124.857912921297));
#3115=CARTESIAN_POINT('',(-9.34137985469362,1.39292930882412,124.591699493951));
#3116=CARTESIAN_POINT('',(-9.23459718303527,1.18171784430383,124.489016728089));
#3117=CARTESIAN_POINT('',(-9.10680920365171,0.829992017368704,124.378356914146));
#3118=CARTESIAN_POINT('',(-9.07104857332593,0.709353347431204,124.349783612513));
#3119=CARTESIAN_POINT('',(-9.02371225930164,0.458447802742347,124.310473951091));
#3120=CARTESIAN_POINT('',(-9.01276256015086,0.327526938649948,124.3));
#3121=CARTESIAN_POINT('',(-9.01846587888079,0.196942999222941,124.3));
#3122=DRAUGHTING_PRE_DEFINED_CURVE_FONT('continuous');
#3123=COLOUR_RGB('',0.941176474094391,0.627451002597809,0.431372553110123);
#3124=CARTESIAN_POINT('',(-7.51882341648619,0.164194182708849,123.8));
#3125=AXIS2_PLACEMENT_3D('',#4308,#4309,#4310);
#3126=DRAUGHTING_PRE_DEFINED_CURVE_FONT('continuous');
#3127=COLOUR_RGB('',0.941176474094391,0.627451002597809,0.431372553110123);
#3128=CARTESIAN_POINT('',(-7.51882341648619,0.164194182708849,123.8));
#3129=CARTESIAN_POINT('',(-7.51135674266133,0.506110084182721,123.8));
#3130=CARTESIAN_POINT('',(-7.51467589934516,0.845564806204665,123.824417853469));
#3131=CARTESIAN_POINT('',(-7.53758807705011,1.51886552946196,123.930050565072));
#3132=CARTESIAN_POINT('',(-7.55706652720344,1.85136458181373,124.011519429685));
#3133=CARTESIAN_POINT('',(-7.58706043483248,2.32878226219462,124.190169563679));
#3134=CARTESIAN_POINT('',(-7.59722834690938,2.48583954976289,124.259911952622));
#3135=CARTESIAN_POINT('',(-7.61497516560098,2.78583527130232,124.419728956678));
#3136=CARTESIAN_POINT('',(-7.62258364016412,2.92903681385723,124.509701131387));
#3137=CARTESIAN_POINT('',(-7.63247180165342,3.19956030670143,124.713307896045));
#3138=CARTESIAN_POINT('',(-7.6347546582992,3.32810632642136,124.828258920628));
#3139=CARTESIAN_POINT('',(-7.63017527691387,3.5589299545767,125.080793552169));
#3140=CARTESIAN_POINT('',(-7.62343454973626,3.66085008445122,125.217402389296));
#3141=CARTESIAN_POINT('',(-7.61009838420992,3.74719974510398,125.365879555833));
#3142=DRAUGHTING_PRE_DEFINED_CURVE_FONT('continuous');
#3143=COLOUR_RGB('',0.941176474094391,0.627451002597809,0.431372553110123);
#3144=CARTESIAN_POINT('',(-7.51882341648619,-0.164194182709046,123.8));
#3145=CARTESIAN_POINT('',(-9.01846587888078,-0.196942999222941,124.3));
#3146=AXIS2_PLACEMENT_3D('',#4311,#4312,#4313);
#3147=DRAUGHTING_PRE_DEFINED_CURVE_FONT('continuous');
#3148=COLOUR_RGB('',0.941176474094391,0.627451002597809,0.431372553110123);
#3149=CARTESIAN_POINT('',(-9.81887063941976,-2.51586925846204,125.865879555833));
#3150=CARTESIAN_POINT('',(-9.01846587888078,-0.196942999223177,124.3));
#3151=CARTESIAN_POINT('',(-9.01274112016358,-0.328017831432929,124.3));
#3152=CARTESIAN_POINT('',(-9.02342488317049,-0.455928109930973,124.310219578348));
#3153=CARTESIAN_POINT('',(-9.07033125003622,-0.706526614405176,124.349203318358));
#3154=CARTESIAN_POINT('',(-9.10682901596352,-0.829897922082343,124.378389924954));
#3155=CARTESIAN_POINT('',(-9.23328964640577,-1.17841398998147,124.487852977415));
#3156=CARTESIAN_POINT('',(-9.34049483048885,-1.39115480578428,124.590777392533));
#3157=CARTESIAN_POINT('',(-9.54281360251897,-1.78708617374419,124.856227623203));
#3158=CARTESIAN_POINT('',(-9.63717256251373,-1.96634839057222,125.016184441788));
#3159=CARTESIAN_POINT('',(-9.74209543120941,-2.20547979392894,125.306186661435));
#3160=CARTESIAN_POINT('',(-9.77008927073476,-2.27810270375995,125.408955521199));
#3161=CARTESIAN_POINT('',(-9.80871420679161,-2.40872840284037,125.627721967221));
#3162=CARTESIAN_POINT('',(-9.81930834806013,-2.46706403069739,125.744722027424));
#3163=CARTESIAN_POINT('',(-9.81887063941976,-2.51586925846204,125.865879555833));
#3164=DRAUGHTING_PRE_DEFINED_CURVE_FONT('continuous');
#3165=COLOUR_RGB('',0.941176474094391,0.627451002597809,0.431372553110123);
#3166=AXIS2_PLACEMENT_3D('',#4314,#4315,#4316);
#3167=DRAUGHTING_PRE_DEFINED_CURVE_FONT('continuous');
#3168=COLOUR_RGB('',0.941176474094391,0.627451002597809,0.431372553110123);
#3169=CARTESIAN_POINT('',(-7.61009838420992,-3.74719974510399,125.365879555833));
#3170=CARTESIAN_POINT('',(-7.62344837157286,-3.66076059014361,125.217248504948));
#3171=CARTESIAN_POINT('',(-7.63012245261586,-3.55927503531966,125.081413467881));
#3172=CARTESIAN_POINT('',(-7.63474101945604,-3.33107790683447,124.831271122498));
#3173=CARTESIAN_POINT('',(-7.63256984945272,-3.20300378990745,124.716106751316));
#3174=CARTESIAN_POINT('',(-7.6176950758751,-2.79379086199077,124.407500526573));
#3175=CARTESIAN_POINT('',(-7.59720199908227,-2.49016247609688,124.250665482075));
#3176=CARTESIAN_POINT('',(-7.55707049704647,-1.85147224375707,124.011452816362));
#3177=CARTESIAN_POINT('',(-7.53773232269679,-1.52193820565163,123.930682914747));
#3178=CARTESIAN_POINT('',(-7.51470502641006,-0.847578122680065,123.824584563322));
#3179=CARTESIAN_POINT('',(-7.51135378196088,-0.5062456613609,123.8));
#3180=CARTESIAN_POINT('',(-7.5188234164862,-0.164194182709049,123.8));
#3181=DRAUGHTING_PRE_DEFINED_CURVE_FONT('continuous');
#3182=COLOUR_RGB('',0.941176474094391,0.627451002597809,0.431372553110123);
#3183=CARTESIAN_POINT('',(-9.87176687181215,-2.65896238175346,126.365879555833));
#3184=AXIS2_PLACEMENT_3D('',#4317,#4318,#4319);
#3185=DRAUGHTING_PRE_DEFINED_CURVE_FONT('continuous');
#3186=COLOUR_RGB('',0.941176474094391,0.627451002597809,0.431372553110123);
#3187=CARTESIAN_POINT('',(-9.87176687181215,-2.65896238175346,126.365879555833));
#3188=CARTESIAN_POINT('',(-9.94085261553183,-2.77262877444787,127.010513702222));
#3189=CARTESIAN_POINT('',(-10.0092215230462,-2.88630836568474,127.655222701265));
#3190=CARTESIAN_POINT('',(-10.0769158272939,-3.0,128.3));
#3191=DRAUGHTING_PRE_DEFINED_CURVE_FONT('continuous');
#3192=COLOUR_RGB('',0.941176474094391,0.627451002597809,0.431372553110123);
#3193=CARTESIAN_POINT('',(-9.81887063941976,-2.51586925846204,125.865879555833));
#3194=CARTESIAN_POINT('',(-9.81828029556079,-2.58169356220795,126.029286434898));
#3195=CARTESIAN_POINT('',(-9.83537905066633,-2.62902804114305,126.196113474147));
#3196=CARTESIAN_POINT('',(-9.87176687181215,-2.65896238175346,126.365879555833));
#3197=DRAUGHTING_PRE_DEFINED_CURVE_FONT('continuous');
#3198=COLOUR_RGB('',0.941176474094391,0.627451002597809,0.431372553110123);
#3199=AXIS2_PLACEMENT_3D('',#4320,#4321,#4322);
#3200=DRAUGHTING_PRE_DEFINED_CURVE_FONT('continuous');
#3201=COLOUR_RGB('',0.941176474094391,0.627451002597809,0.431372553110123);
#3202=AXIS2_PLACEMENT_3D('',#4323,#4324,#4325);
#3203=DRAUGHTING_PRE_DEFINED_CURVE_FONT('continuous');
#3204=COLOUR_RGB('',0.941176474094391,0.627451002597809,0.431372553110123);
#3205=CARTESIAN_POINT('',(56.7360954411822,-0.196942999222944,126.365879555833));
#3206=CARTESIAN_POINT('',(54.2740760586517,-0.196942999222941,124.3));
#3207=AXIS2_PLACEMENT_3D('',#4326,#4327,#4328);
#3208=DRAUGHTING_PRE_DEFINED_CURVE_FONT('continuous');
#3209=COLOUR_RGB('',0.941176474094391,0.627451002597809,0.431372553110123);
#3210=AXIS2_PLACEMENT_3D('',#4329,#4330,#4331);
#3211=DRAUGHTING_PRE_DEFINED_CURVE_FONT('continuous');
#3212=COLOUR_RGB('',0.941176474094391,0.627451002597809,0.431372553110123);
#3213=AXIS2_PLACEMENT_3D('',#4332,#4333,#4334);
#3214=DRAUGHTING_PRE_DEFINED_CURVE_FONT('continuous');
#3215=COLOUR_RGB('',0.941176474094391,0.627451002597809,0.431372553110123);
#3216=CARTESIAN_POINT('',(56.7360954411822,0.196942999222943,126.365879555833));
#3217=CARTESIAN_POINT('',(54.2740760586517,2.65896238175346,126.365879555833));
#3218=AXIS2_PLACEMENT_3D('',#4335,#4336,#4337);
#3219=DRAUGHTING_PRE_DEFINED_CURVE_FONT('continuous');
#3220=COLOUR_RGB('',0.941176474094391,0.627451002597809,0.431372553110123);
#3221=CARTESIAN_POINT('',(54.2740760586517,0.196942999222941,124.3));
#3222=AXIS2_PLACEMENT_3D('',#4338,#4339,#4340);
#3223=DRAUGHTING_PRE_DEFINED_CURVE_FONT('continuous');
#3224=COLOUR_RGB('',0.941176474094391,0.627451002597809,0.431372553110123);
#3225=AXIS2_PLACEMENT_3D('',#4341,#4342,#4343);
#3226=DRAUGHTING_PRE_DEFINED_CURVE_FONT('continuous');
#3227=COLOUR_RGB('',0.941176474094391,0.627451002597809,0.431372553110123);
#3228=CARTESIAN_POINT('',(54.2740760586517,0.0,124.3));
#3229=VECTOR('',#4344,1000.0);
#3230=DRAUGHTING_PRE_DEFINED_CURVE_FONT('continuous');
#3231=COLOUR_RGB('',0.941176474094391,0.627451002597809,0.431372553110123);
#3232=CARTESIAN_POINT('',(56.7360954411822,0.0,126.365879555833));
#3233=VECTOR('',#4345,1000.0);
#3234=DRAUGHTING_PRE_DEFINED_CURVE_FONT('continuous');
#3235=COLOUR_RGB('',0.941176474094391,0.627451002597809,0.431372553110123);
#3236=CARTESIAN_POINT('',(56.9127727347222,-0.373620292762933,127.367866278625));
#3237=VECTOR('',#4346,1000.0);
#3238=DRAUGHTING_PRE_DEFINED_CURVE_FONT('continuous');
#3239=COLOUR_RGB('',0.941176474094391,0.627451002597809,0.431372553110123);
#3240=CARTESIAN_POINT('',(53.9818716690986,2.36675799220031,124.708706113747));
#3241=VECTOR('',#4347,1000.0);
#3242=DRAUGHTING_PRE_DEFINED_CURVE_FONT('continuous');
#3243=COLOUR_RGB('',0.941176474094391,0.627451002597809,0.431372553110123);
#3244=CARTESIAN_POINT('',(57.1491989744629,0.610046532503648,128.708706113747));
#3245=VECTOR('',#4348,1000.0);
#3246=DRAUGHTING_PRE_DEFINED_CURVE_FONT('continuous');
#3247=COLOUR_RGB('',0.941176474094391,0.627451002597809,0.431372553110123);
#3248=CARTESIAN_POINT('',(-52.0,-0.196942999222941,124.3));
#3249=VECTOR('',#4349,1000.0);
#3250=DRAUGHTING_PRE_DEFINED_CURVE_FONT('continuous');
#3251=COLOUR_RGB('',0.941176474094391,0.627451002597809,0.431372553110123);
#3252=CARTESIAN_POINT('',(56.3718251365949,0.196942999222941,124.3));
#3253=VECTOR('',#4350,1000.0);
#3254=DRAUGHTING_PRE_DEFINED_CURVE_FONT('continuous');
#3255=COLOUR_RGB('',0.941176474094391,0.627451002597809,0.431372553110123);
#3256=CARTESIAN_POINT('',(-56.3718251365949,2.65896238175346,126.365879555833));
#3257=VECTOR('',#4351,1000.0);
#3258=DRAUGHTING_PRE_DEFINED_CURVE_FONT('continuous');
#3259=COLOUR_RGB('',0.941176474094391,0.627451002597809,0.431372553110123);
#3260=CARTESIAN_POINT('',(-54.2740760586517,-2.65896238175346,126.365879555833));
#3261=CARTESIAN_POINT('',(-52.0,-2.65896238175346,126.365879555833));
#3262=VECTOR('',#4352,1000.0);
#3263=DRAUGHTING_PRE_DEFINED_CURVE_FONT('continuous');
#3264=COLOUR_RGB('',0.941176474094391,0.627451002597809,0.431372553110123);
#3265=CARTESIAN_POINT('',(-54.5385665297144,-2.92345285281616,127.865879555833));
#3266=VECTOR('',#4353,1000.0);
#3267=DRAUGHTING_PRE_DEFINED_CURVE_FONT('continuous');
#3268=COLOUR_RGB('',0.941176474094391,0.627451002597809,0.431372553110123);
#3269=CARTESIAN_POINT('',(-54.2740760586517,2.65896238175346,126.365879555833));
#3270=CARTESIAN_POINT('',(-54.6871795919324,3.07206591503416,128.708706113747));
#3271=VECTOR('',#4354,1000.0);
#3272=DRAUGHTING_PRE_DEFINED_CURVE_FONT('continuous');
#3273=COLOUR_RGB('',0.941176474094391,0.627451002597809,0.431372553110123);
#3274=CARTESIAN_POINT('',(-56.3718251365949,2.65896238175346,126.365879555833));
#3275=VECTOR('',#4355,1000.0);
#3276=DRAUGHTING_PRE_DEFINED_CURVE_FONT('continuous');
#3277=COLOUR_RGB('',0.941176474094391,0.627451002597809,0.431372553110123);
#3278=CARTESIAN_POINT('',(-54.2740760586517,0.196942999222941,124.3));
#3279=CARTESIAN_POINT('',(56.3718251365949,0.196942999222941,124.3));
#3280=VECTOR('',#4356,1000.0);
#3281=DRAUGHTING_PRE_DEFINED_CURVE_FONT('continuous');
#3282=COLOUR_RGB('',0.941176474094391,0.627451002597809,0.431372553110123);
#3283=CARTESIAN_POINT('',(-54.2740760586517,-0.196942999222941,124.3));
#3284=CARTESIAN_POINT('',(-54.2740760586517,0.0,124.3));
#3285=VECTOR('',#4357,1000.0);
#3286=DRAUGHTING_PRE_DEFINED_CURVE_FONT('continuous');
#3287=COLOUR_RGB('',0.941176474094391,0.627451002597809,0.431372553110123);
#3288=CARTESIAN_POINT('',(-52.0,-0.196942999222941,124.3));
#3289=VECTOR('',#4358,1000.0);
#3290=DRAUGHTING_PRE_DEFINED_CURVE_FONT('continuous');
#3291=COLOUR_RGB('',0.941176474094391,0.627451002597809,0.431372553110123);
#3292=AXIS2_PLACEMENT_3D('',#4359,#4360,#4361);
#3293=DRAUGHTING_PRE_DEFINED_CURVE_FONT('continuous');
#3294=COLOUR_RGB('',0.941176474094391,0.627451002597809,0.431372553110123);
#3295=AXIS2_PLACEMENT_3D('',#4362,#4363,#4364);
#3296=DRAUGHTING_PRE_DEFINED_CURVE_FONT('continuous');
#3297=COLOUR_RGB('',0.941176474094391,0.627451002597809,0.431372553110123);
#3298=CARTESIAN_POINT('',(-56.7360954411822,-0.196942999222942,126.365879555833));
#3299=CARTESIAN_POINT('',(-56.7360954411822,0.196942999222945,126.365879555833));
#3300=CARTESIAN_POINT('',(-56.7360954411822,0.0,126.365879555833));
#3301=VECTOR('',#4365,1000.0);
#3302=DRAUGHTING_PRE_DEFINED_CURVE_FONT('continuous');
#3303=COLOUR_RGB('',0.941176474094391,0.627451002597809,0.431372553110123);
#3304=CARTESIAN_POINT('',(-56.443891051629,-0.0952613903302099,124.708706113747));
#3305=VECTOR('',#4366,1000.0);
#3306=DRAUGHTING_PRE_DEFINED_CURVE_FONT('continuous');
#3307=COLOUR_RGB('',0.941176474094391,0.627451002597809,0.431372553110123);
#3308=CARTESIAN_POINT('',(-56.9127727347222,-0.373620292762931,127.367866278625));
#3309=VECTOR('',#4367,1000.0);
#3310=DRAUGHTING_PRE_DEFINED_CURVE_FONT('continuous');
#3311=COLOUR_RGB('',0.941176474094391,0.627451002597809,0.431372553110123);
#3312=AXIS2_PLACEMENT_3D('',#4368,#4369,#4370);
#3313=DRAUGHTING_PRE_DEFINED_CURVE_FONT('continuous');
#3314=COLOUR_RGB('',0.941176474094391,0.627451002597809,0.431372553110123);
#3315=AXIS2_PLACEMENT_3D('',#4371,#4372,#4373);
#3316=DRAUGHTING_PRE_DEFINED_CURVE_FONT('continuous');
#3317=COLOUR_RGB('',0.941176474094391,0.627451002597809,0.431372553110123);
#3318=AXIS2_PLACEMENT_3D('',#4374,#4375,#4376);
#3319=DRAUGHTING_PRE_DEFINED_CURVE_FONT('continuous');
#3320=COLOUR_RGB('',0.941176474094391,0.627451002597809,0.431372553110123);
#3321=AXIS2_PLACEMENT_3D('',#4377,#4378,#4379);
#3322=DRAUGHTING_PRE_DEFINED_CURVE_FONT('continuous');
#3323=COLOUR_RGB('',0.941176474094391,0.627451002597809,0.431372553110123);
#3324=AXIS2_PLACEMENT_3D('',#4380,#4381,#4382);
#3325=DRAUGHTING_PRE_DEFINED_CURVE_FONT('continuous');
#3326=COLOUR_RGB('',0.941176474094391,0.627451002597809,0.431372553110123);
#3327=CARTESIAN_POINT('',(-6.02061601851448,0.0,123.3));
#3328=AXIS2_PLACEMENT_3D('',#4383,#4384,#4385);
#3329=SURFACE_SIDE_STYLE('',(#4386));
#3331=SURFACE_STYLE_FILL_AREA(#4387);
#3332=ORIENTED_EDGE('',*,*,#495,.T.);
#3333=ORIENTED_EDGE('',*,*,#497,.T.);
#3334=ORIENTED_EDGE('',*,*,#499,.T.);
#3335=ORIENTED_EDGE('',*,*,#501,.T.);
#3336=CARTESIAN_POINT('',(-52.0,-3.0,128.3));
#3337=DIRECTION('',(0.0,-0.984807753012208,-0.17364817766693));
#3338=DIRECTION('',(0.0,0.17364817766693,-0.984807753012208));
#3339=SURFACE_STYLE_FILL_AREA(#4388);
#3340=ORIENTED_EDGE('',*,*,#503,.T.);
#3341=ORIENTED_EDGE('',*,*,#501,.F.);
#3342=ORIENTED_EDGE('',*,*,#505,.F.);
#3343=ORIENTED_EDGE('',*,*,#507,.F.);
#3344=SURFACE_STYLE_FILL_AREA(#4389);
#3345=ORIENTED_EDGE('',*,*,#509,.F.);
#3346=ORIENTED_EDGE('',*,*,#511,.F.);
#3347=CARTESIAN_POINT('',(-150.0,-54.0,10.5));
#3348=DIRECTION('',(0.0,0.0,1.0));
#3349=DIRECTION('',(1.0,0.0,0.0));
#3350=SURFACE_STYLE_FILL_AREA(#4390);
#3351=ORIENTED_EDGE('',*,*,#513,.F.);
#3352=ORIENTED_EDGE('',*,*,#515,.F.);
#3353=CARTESIAN_POINT('',(150.0,54.0,10.5));
#3354=DIRECTION('',(0.0,0.0,1.0));
#3355=DIRECTION('',(1.0,0.0,0.0));
#3356=SURFACE_STYLE_FILL_AREA(#4391);
#3357=ORIENTED_EDGE('',*,*,#517,.F.);
#3358=ORIENTED_EDGE('',*,*,#519,.F.);
#3359=ORIENTED_EDGE('',*,*,#521,.F.);
#3360=ORIENTED_EDGE('',*,*,#523,.F.);
#3361=CARTESIAN_POINT('',(-105.590186130015,-56.8401861300147,3.37130623165887));
#3362=DIRECTION('',(-0.171087869746036,-0.171087869746036,0.970287525247814));
#3363=DIRECTION('',(2.84918538339178E-017,0.984807753012208,0.17364817766693));
#3364=SURFACE_STYLE_FILL_AREA(#4392);
#3365=ORIENTED_EDGE('',*,*,#525,.F.);
#3366=ORIENTED_EDGE('',*,*,#527,.F.);
#3367=ORIENTED_EDGE('',*,*,#529,.F.);
#3368=ORIENTED_EDGE('',*,*,#531,.F.);
#3369=CARTESIAN_POINT('',(-105.590186130015,56.8401861300145,3.37130623165887));
#3370=DIRECTION('',(-0.171087869746036,0.171087869746036,0.970287525247814));
#3371=DIRECTION('',(-0.984807753012208,2.84918538339178E-017,-0.17364817766693));
#3372=SURFACE_STYLE_FILL_AREA(#4393);
#3373=ORIENTED_EDGE('',*,*,#533,.F.);
#3374=ORIENTED_EDGE('',*,*,#535,.F.);
#3375=ORIENTED_EDGE('',*,*,#537,.F.);
#3376=ORIENTED_EDGE('',*,*,#539,.F.);
#3377=CARTESIAN_POINT('',(105.590186130015,56.8401861300146,3.37130623165887));
#3378=DIRECTION('',(0.171087869746036,0.171087869746036,0.970287525247814));
#3379=DIRECTION('',(2.84918538339178E-017,0.984807753012208,-0.17364817766693));
#3380=SURFACE_STYLE_FILL_AREA(#4394);
#3381=ORIENTED_EDGE('',*,*,#541,.F.);
#3382=ORIENTED_EDGE('',*,*,#543,.F.);
#3383=ORIENTED_EDGE('',*,*,#545,.F.);
#3384=ORIENTED_EDGE('',*,*,#547,.F.);
#3385=CARTESIAN_POINT('',(105.590186130015,-56.8401861300146,3.37130623165887));
#3386=DIRECTION('',(0.171087869746036,-0.171087869746036,0.970287525247814));
#3387=DIRECTION('',(-0.984807753012208,2.84918538339178E-017,0.17364817766693));
#3388=SURFACE_STYLE_FILL_AREA(#4395);
#3389=ORIENTED_EDGE('',*,*,#549,.T.);
#3390=ORIENTED_EDGE('',*,*,#531,.T.);
#3391=ORIENTED_EDGE('',*,*,#551,.T.);
#3392=ORIENTED_EDGE('',*,*,#519,.T.);
#3393=CARTESIAN_POINT('',(-115.15,66.4,0.0));
#3394=DIRECTION('',(-0.984807753012208,-2.0582760584027E-016,-0.173648177666931));
#3395=DIRECTION('',(-0.173648177666931,5.8499724059479E-033,0.984807753012208));
#3396=SURFACE_STYLE_FILL_AREA(#4396);
#3397=ORIENTED_EDGE('',*,*,#553,.T.);
#3398=ORIENTED_EDGE('',*,*,#539,.T.);
#3399=ORIENTED_EDGE('',*,*,#555,.T.);
#3400=ORIENTED_EDGE('',*,*,#527,.T.);
#3401=CARTESIAN_POINT('',(115.15,66.4,0.0));
#3402=DIRECTION('',(-2.37376518068501E-016,0.984807753012208,-0.173648177666931));
#3403=DIRECTION('',(6.746646422144E-033,0.173648177666931,0.984807753012208));
#3404=SURFACE_STYLE_FILL_AREA(#4397);
#3405=ORIENTED_EDGE('',*,*,#557,.T.);
#3406=ORIENTED_EDGE('',*,*,#547,.T.);
#3407=ORIENTED_EDGE('',*,*,#559,.T.);
#3408=ORIENTED_EDGE('',*,*,#535,.T.);
#3409=CARTESIAN_POINT('',(115.15,-66.4,0.0));
#3410=DIRECTION('',(0.984807753012208,3.08741408760406E-016,-0.173648177666931));
#3411=DIRECTION('',(-0.173648177666931,8.77495860892185E-033,-0.984807753012208));
#3412=SURFACE_STYLE_FILL_AREA(#4398);
#3413=ORIENTED_EDGE('',*,*,#561,.T.);
#3414=ORIENTED_EDGE('',*,*,#543,.T.);
#3415=ORIENTED_EDGE('',*,*,#563,.T.);
#3416=ORIENTED_EDGE('',*,*,#523,.T.);
#3417=CARTESIAN_POINT('',(-115.15,-66.4,0.0));
#3418=DIRECTION('',(2.96720647585627E-016,-0.984807753012208,-0.173648177666931));
#3419=DIRECTION('',(8.43330802768E-033,0.173648177666931,-0.984807753012208));
#3420=SURFACE_STYLE_FILL_AREA(#4399);
#3421=ORIENTED_EDGE('',*,*,#565,.F.);
#3422=ORIENTED_EDGE('',*,*,#567,.F.);
#3423=ORIENTED_EDGE('',*,*,#569,.T.);
#3424=ORIENTED_EDGE('',*,*,#571,.T.);
#3425=CARTESIAN_POINT('',(-165.0,-115.0,128.3));
#3426=DIRECTION('',(-1.0,0.0,0.0));
#3427=DIRECTION('',(0.0,0.0,1.0));
#3428=SURFACE_STYLE_FILL_AREA(#4400);
#3429=ORIENTED_EDGE('',*,*,#573,.F.);
#3430=ORIENTED_EDGE('',*,*,#571,.F.);
#3431=ORIENTED_EDGE('',*,*,#575,.T.);
#3432=ORIENTED_EDGE('',*,*,#577,.T.);
#3433=CARTESIAN_POINT('',(-165.0,115.0,128.3));
#3434=DIRECTION('',(0.0,1.0,0.0));
#3435=DIRECTION('',(0.0,0.0,1.0));
#3436=SURFACE_STYLE_FILL_AREA(#4401);
#3437=ORIENTED_EDGE('',*,*,#579,.F.);
#3438=ORIENTED_EDGE('',*,*,#577,.F.);
#3439=ORIENTED_EDGE('',*,*,#581,.T.);
#3440=ORIENTED_EDGE('',*,*,#583,.T.);
#3441=CARTESIAN_POINT('',(165.0,115.0,128.3));
#3442=DIRECTION('',(1.0,0.0,0.0));
#3443=DIRECTION('',(0.0,0.0,-1.0));
#3444=SURFACE_STYLE_FILL_AREA(#4402);
#3445=ORIENTED_EDGE('',*,*,#585,.F.);
#3446=ORIENTED_EDGE('',*,*,#583,.F.);
#3447=ORIENTED_EDGE('',*,*,#587,.T.);
#3448=ORIENTED_EDGE('',*,*,#567,.T.);
#3449=CARTESIAN_POINT('',(165.0,-115.0,128.3));
#3450=DIRECTION('',(0.0,-1.0,0.0));
#3451=DIRECTION('',(0.0,0.0,-1.0));
#3452=SURFACE_STYLE_FILL_AREA(#4403);
#3453=ORIENTED_EDGE('',*,*,#589,.F.);
#3454=ORIENTED_EDGE('',*,*,#591,.T.);
#3455=CARTESIAN_POINT('',(133.0,83.0,128.3));
#3456=DIRECTION('',(0.0,-0.0,1.0));
#3457=DIRECTION('',(-1.0,0.0,0.0));
#3458=SURFACE_STYLE_FILL_AREA(#4404);
#3459=ORIENTED_EDGE('',*,*,#593,.F.);
#3460=ORIENTED_EDGE('',*,*,#595,.F.);
#3461=CARTESIAN_POINT('',(80.0,-90.0,128.3));
#3462=DIRECTION('',(0.0,-0.0,1.0));
#3463=DIRECTION('',(-1.0,0.0,0.0));
#3464=SURFACE_STYLE_FILL_AREA(#4405);
#3465=ORIENTED_EDGE('',*,*,#597,.F.);
#3466=ORIENTED_EDGE('',*,*,#599,.T.);
#3467=CARTESIAN_POINT('',(0.0,95.0,128.3));
#3468=DIRECTION('',(0.0,-0.0,1.0));
#3469=DIRECTION('',(-1.0,0.0,0.0));
#3470=SURFACE_STYLE_FILL_AREA(#4406);
#3471=ORIENTED_EDGE('',*,*,#601,.F.);
#3472=ORIENTED_EDGE('',*,*,#603,.F.);
#3473=CARTESIAN_POINT('',(-80.0,90.0,128.3));
#3474=DIRECTION('',(0.0,-0.0,1.0));
#3475=DIRECTION('',(-1.0,0.0,0.0));
#3476=SURFACE_STYLE_FILL_AREA(#4407);
#3477=ORIENTED_EDGE('',*,*,#605,.F.);
#3478=ORIENTED_EDGE('',*,*,#607,.T.);
#3479=CARTESIAN_POINT('',(-80.0,-90.0,128.3));
#3480=DIRECTION('',(0.0,-0.0,1.0));
#3481=DIRECTION('',(-1.0,0.0,0.0));
#3482=SURFACE_STYLE_FILL_AREA(#4408);
#3483=ORIENTED_EDGE('',*,*,#609,.F.);
#3484=ORIENTED_EDGE('',*,*,#611,.T.);
#3485=CARTESIAN_POINT('',(-133.0,-83.0,128.3));
#3486=DIRECTION('',(0.0,-0.0,1.0));
#3487=DIRECTION('',(-1.0,0.0,0.0));
#3488=SURFACE_STYLE_FILL_AREA(#4409);
#3489=ORIENTED_EDGE('',*,*,#613,.F.);
#3490=ORIENTED_EDGE('',*,*,#615,.F.);
#3491=CARTESIAN_POINT('',(-133.0,83.0,128.3));
#3492=DIRECTION('',(0.0,-0.0,1.0));
#3493=DIRECTION('',(-1.0,0.0,0.0));
#3494=SURFACE_STYLE_FILL_AREA(#4410);
#3495=ORIENTED_EDGE('',*,*,#617,.T.);
#3496=ORIENTED_EDGE('',*,*,#619,.F.);
#3497=CARTESIAN_POINT('',(0.0,-95.0,128.3));
#3498=DIRECTION('',(0.0,-0.0,1.0));
#3499=DIRECTION('',(-1.0,0.0,0.0));
#3500=SURFACE_STYLE_FILL_AREA(#4411);
#3501=ORIENTED_EDGE('',*,*,#621,.F.);
#3502=ORIENTED_EDGE('',*,*,#623,.T.);
#3503=CARTESIAN_POINT('',(80.0,90.0,128.3));
#3504=DIRECTION('',(0.0,-0.0,1.0));
#3505=DIRECTION('',(-1.0,0.0,0.0));
#3506=SURFACE_STYLE_FILL_AREA(#4412);
#3507=ORIENTED_EDGE('',*,*,#625,.F.);
#3508=ORIENTED_EDGE('',*,*,#627,.F.);
#3509=CARTESIAN_POINT('',(133.0,-83.0,128.3));
#3510=DIRECTION('',(0.0,-0.0,1.0));
#3511=DIRECTION('',(-1.0,0.0,0.0));
#3512=SURFACE_STYLE_FILL_AREA(#4413);
#3513=ORIENTED_EDGE('',*,*,#513,.T.);
#3514=ORIENTED_EDGE('',*,*,#511,.T.);
#3515=ORIENTED_EDGE('',*,*,#629,.F.);
#3516=ORIENTED_EDGE('',*,*,#631,.T.);
#3517=ORIENTED_EDGE('',*,*,#633,.F.);
#3518=ORIENTED_EDGE('',*,*,#635,.T.);
#3519=ORIENTED_EDGE('',*,*,#617,.F.);
#3520=ORIENTED_EDGE('',*,*,#597,.T.);
#3521=ORIENTED_EDGE('',*,*,#565,.T.);
#3522=ORIENTED_EDGE('',*,*,#573,.T.);
#3523=ORIENTED_EDGE('',*,*,#579,.T.);
#3524=ORIENTED_EDGE('',*,*,#585,.T.);
#3525=ORIENTED_EDGE('',*,*,#563,.F.);
#3526=ORIENTED_EDGE('',*,*,#541,.T.);
#3527=ORIENTED_EDGE('',*,*,#557,.F.);
#3528=ORIENTED_EDGE('',*,*,#533,.T.);
#3529=ORIENTED_EDGE('',*,*,#553,.F.);
#3530=ORIENTED_EDGE('',*,*,#525,.T.);
#3531=ORIENTED_EDGE('',*,*,#549,.F.);
#3532=ORIENTED_EDGE('',*,*,#517,.T.);
#3533=ORIENTED_EDGE('',*,*,#637,.T.);
#3534=ORIENTED_EDGE('',*,*,#639,.F.);
#3535=ORIENTED_EDGE('',*,*,#641,.T.);
#3536=ORIENTED_EDGE('',*,*,#643,.F.);
#3537=CARTESIAN_POINT('',(133.0,83.0,8.5));
#3538=DIRECTION('',(0.0,0.0,1.0));
#3539=DIRECTION('',(1.0,0.0,0.0));
#3540=SURFACE_STYLE_FILL_AREA(#4414);
#3541=ORIENTED_EDGE('',*,*,#569,.F.);
#3542=ORIENTED_EDGE('',*,*,#587,.F.);
#3543=ORIENTED_EDGE('',*,*,#581,.F.);
#3544=ORIENTED_EDGE('',*,*,#575,.F.);
#3545=ORIENTED_EDGE('',*,*,#591,.F.);
#3546=ORIENTED_EDGE('',*,*,#593,.T.);
#3547=ORIENTED_EDGE('',*,*,#601,.T.);
#3548=ORIENTED_EDGE('',*,*,#607,.F.);
#3549=ORIENTED_EDGE('',*,*,#611,.F.);
#3550=ORIENTED_EDGE('',*,*,#613,.T.);
#3551=ORIENTED_EDGE('',*,*,#623,.F.);
#3552=ORIENTED_EDGE('',*,*,#625,.T.);
#3553=ORIENTED_EDGE('',*,*,#645,.F.);
#3554=ORIENTED_EDGE('',*,*,#647,.F.);
#3555=ORIENTED_EDGE('',*,*,#649,.F.);
#3556=ORIENTED_EDGE('',*,*,#651,.T.);
#3557=ORIENTED_EDGE('',*,*,#653,.F.);
#3558=ORIENTED_EDGE('',*,*,#495,.F.);
#3559=ORIENTED_EDGE('',*,*,#503,.F.);
#3560=ORIENTED_EDGE('',*,*,#655,.T.);
#3561=ORIENTED_EDGE('',*,*,#657,.F.);
#3562=ORIENTED_EDGE('',*,*,#659,.F.);
#3563=ORIENTED_EDGE('',*,*,#661,.F.);
#3564=ORIENTED_EDGE('',*,*,#663,.F.);
#3565=ORIENTED_EDGE('',*,*,#665,.F.);
#3566=ORIENTED_EDGE('',*,*,#667,.T.);
#3567=ORIENTED_EDGE('',*,*,#669,.F.);
#3568=ORIENTED_EDGE('',*,*,#671,.T.);
#3569=ORIENTED_EDGE('',*,*,#673,.F.);
#3570=ORIENTED_EDGE('',*,*,#675,.T.);
#3571=CARTESIAN_POINT('',(133.0,83.0,128.3));
#3572=DIRECTION('',(0.0,0.0,1.0));
#3573=DIRECTION('',(1.0,0.0,0.0));
#3574=SURFACE_STYLE_FILL_AREA(#4415);
#3575=ORIENTED_EDGE('',*,*,#509,.T.);
#3576=ORIENTED_EDGE('',*,*,#677,.T.);
#3577=CARTESIAN_POINT('',(-150.0,-54.0,53.5));
#3578=DIRECTION('',(0.0,-0.0,1.0));
#3579=DIRECTION('',(-1.0,0.0,0.0));
#3580=SURFACE_STYLE_FILL_AREA(#4416);
#3581=ORIENTED_EDGE('',*,*,#677,.F.);
#3582=CARTESIAN_POINT('',(-150.0,-54.0,53.5));
#3583=DIRECTION('',(0.0,0.0,-1.0));
#3584=DIRECTION('',(-1.0,0.0,0.0));
#3585=SURFACE_STYLE_FILL_AREA(#4417);
#3586=ORIENTED_EDGE('',*,*,#515,.T.);
#3587=ORIENTED_EDGE('',*,*,#679,.F.);
#3588=CARTESIAN_POINT('',(150.0,54.0,53.5));
#3589=DIRECTION('',(0.0,-0.0,1.0));
#3590=DIRECTION('',(-1.0,0.0,0.0));
#3591=SURFACE_STYLE_FILL_AREA(#4418);
#3592=ORIENTED_EDGE('',*,*,#679,.T.);
#3593=CARTESIAN_POINT('',(150.0,54.0,53.5));
#3594=DIRECTION('',(0.0,0.0,1.0));
#3595=DIRECTION('',(1.0,0.0,0.0));
#3596=SURFACE_STYLE_FILL_AREA(#4419);
#3597=ORIENTED_EDGE('',*,*,#681,.F.);
#3598=ORIENTED_EDGE('',*,*,#635,.F.);
#3599=CARTESIAN_POINT('',(133.0,83.0,49.0));
#3600=DIRECTION('',(0.0,-0.0,1.0));
#3601=DIRECTION('',(-1.0,0.0,0.0));
#3602=SURFACE_STYLE_FILL_AREA(#4420);
#3603=ORIENTED_EDGE('',*,*,#589,.T.);
#3604=ORIENTED_EDGE('',*,*,#681,.T.);
#3605=CARTESIAN_POINT('',(133.0,83.0,49.0));
#3606=DIRECTION('',(0.0,0.0,1.0));
#3607=DIRECTION('',(1.0,0.0,0.0));
#3608=SURFACE_STYLE_FILL_AREA(#4421);
#3609=ORIENTED_EDGE('',*,*,#683,.T.);
#3610=ORIENTED_EDGE('',*,*,#639,.T.);
#3611=CARTESIAN_POINT('',(133.0,-83.0,49.0));
#3612=DIRECTION('',(0.0,-0.0,1.0));
#3613=DIRECTION('',(-1.0,0.0,0.0));
#3614=SURFACE_STYLE_FILL_AREA(#4422);
#3615=ORIENTED_EDGE('',*,*,#683,.F.);
#3616=ORIENTED_EDGE('',*,*,#627,.T.);
#3617=CARTESIAN_POINT('',(133.0,-83.0,49.0));
#3618=DIRECTION('',(0.0,0.0,-1.0));
#3619=DIRECTION('',(-1.0,0.0,0.0));
#3620=SURFACE_STYLE_FILL_AREA(#4423);
#3621=ORIENTED_EDGE('',*,*,#685,.F.);
#3622=ORIENTED_EDGE('',*,*,#637,.F.);
#3623=CARTESIAN_POINT('',(-133.0,-83.0,49.0));
#3624=DIRECTION('',(0.0,-0.0,1.0));
#3625=DIRECTION('',(-1.0,0.0,0.0));
#3626=SURFACE_STYLE_FILL_AREA(#4424);
#3627=ORIENTED_EDGE('',*,*,#609,.T.);
#3628=ORIENTED_EDGE('',*,*,#685,.T.);
#3629=CARTESIAN_POINT('',(-133.0,-83.0,49.0));
#3630=DIRECTION('',(0.0,0.0,1.0));
#3631=DIRECTION('',(1.0,0.0,0.0));
#3632=SURFACE_STYLE_FILL_AREA(#4425);
#3633=ORIENTED_EDGE('',*,*,#687,.T.);
#3634=ORIENTED_EDGE('',*,*,#633,.T.);
#3635=CARTESIAN_POINT('',(-133.0,83.0,49.0));
#3636=DIRECTION('',(0.0,-0.0,1.0));
#3637=DIRECTION('',(-1.0,0.0,0.0));
#3638=SURFACE_STYLE_FILL_AREA(#4426);
#3639=ORIENTED_EDGE('',*,*,#687,.F.);
#3640=ORIENTED_EDGE('',*,*,#615,.T.);
#3641=CARTESIAN_POINT('',(-133.0,83.0,49.0));
#3642=DIRECTION('',(0.0,0.0,-1.0));
#3643=DIRECTION('',(-1.0,0.0,0.0));
#3644=SURFACE_STYLE_FILL_AREA(#4427);
#3645=ORIENTED_EDGE('',*,*,#689,.F.);
#3646=ORIENTED_EDGE('',*,*,#631,.F.);
#3647=CARTESIAN_POINT('',(80.0,90.0,49.0));
#3648=DIRECTION('',(0.0,-0.0,1.0));
#3649=DIRECTION('',(-1.0,0.0,0.0));
#3650=SURFACE_STYLE_FILL_AREA(#4428);
#3651=ORIENTED_EDGE('',*,*,#621,.T.);
#3652=ORIENTED_EDGE('',*,*,#689,.T.);
#3653=CARTESIAN_POINT('',(80.0,90.0,49.0));
#3654=DIRECTION('',(0.0,0.0,1.0));
#3655=DIRECTION('',(1.0,0.0,0.0));
#3656=SURFACE_STYLE_FILL_AREA(#4429);
#3657=ORIENTED_EDGE('',*,*,#691,.T.);
#3658=ORIENTED_EDGE('',*,*,#643,.T.);
#3659=CARTESIAN_POINT('',(80.0,-90.0,49.0));
#3660=DIRECTION('',(0.0,-0.0,1.0));
#3661=DIRECTION('',(-1.0,0.0,0.0));
#3662=SURFACE_STYLE_FILL_AREA(#4430);
#3663=ORIENTED_EDGE('',*,*,#691,.F.);
#3664=ORIENTED_EDGE('',*,*,#595,.T.);
#3665=CARTESIAN_POINT('',(80.0,-90.0,49.0));
#3666=DIRECTION('',(0.0,0.0,-1.0));
#3667=DIRECTION('',(-1.0,0.0,0.0));
#3668=SURFACE_STYLE_FILL_AREA(#4431);
#3669=ORIENTED_EDGE('',*,*,#693,.F.);
#3670=ORIENTED_EDGE('',*,*,#641,.F.);
#3671=CARTESIAN_POINT('',(-80.0,-90.0,49.0));
#3672=DIRECTION('',(0.0,-0.0,1.0));
#3673=DIRECTION('',(-1.0,0.0,0.0));
#3674=SURFACE_STYLE_FILL_AREA(#4432);
#3675=ORIENTED_EDGE('',*,*,#605,.T.);
#3676=ORIENTED_EDGE('',*,*,#693,.T.);
#3677=CARTESIAN_POINT('',(-80.0,-90.0,49.0));
#3678=DIRECTION('',(0.0,0.0,1.0));
#3679=DIRECTION('',(1.0,0.0,0.0));
#3680=SURFACE_STYLE_FILL_AREA(#4433);
#3681=ORIENTED_EDGE('',*,*,#695,.T.);
#3682=ORIENTED_EDGE('',*,*,#629,.T.);
#3683=CARTESIAN_POINT('',(-80.0,90.0,49.0));
#3684=DIRECTION('',(0.0,-0.0,1.0));
#3685=DIRECTION('',(-1.0,0.0,0.0));
#3686=SURFACE_STYLE_FILL_AREA(#4434);
#3687=ORIENTED_EDGE('',*,*,#695,.F.);
#3688=ORIENTED_EDGE('',*,*,#603,.T.);
#3689=CARTESIAN_POINT('',(-80.0,90.0,49.0));
#3690=DIRECTION('',(0.0,0.0,-1.0));
#3691=DIRECTION('',(-1.0,0.0,0.0));
#3692=SURFACE_STYLE_FILL_AREA(#4435);
#3693=ORIENTED_EDGE('',*,*,#697,.T.);
#3694=ORIENTED_EDGE('',*,*,#599,.F.);
#3695=CARTESIAN_POINT('',(0.0,95.0,103.3));
#3696=DIRECTION('',(0.0,0.0,-1.0));
#3697=DIRECTION('',(-1.0,0.0,0.0));
#3698=SURFACE_STYLE_FILL_AREA(#4436);
#3699=ORIENTED_EDGE('',*,*,#645,.T.);
#3700=ORIENTED_EDGE('',*,*,#697,.F.);
#3701=CARTESIAN_POINT('',(0.0,95.0,128.3));
#3702=DIRECTION('',(0.0,-0.0,1.0));
#3703=DIRECTION('',(-1.0,0.0,0.0));
#3704=SURFACE_STYLE_FILL_AREA(#4437);
#3705=ORIENTED_EDGE('',*,*,#699,.T.);
#3706=ORIENTED_EDGE('',*,*,#619,.T.);
#3707=CARTESIAN_POINT('',(0.0,-95.0,103.3));
#3708=DIRECTION('',(0.0,0.0,-1.0));
#3709=DIRECTION('',(-1.0,0.0,0.0));
#3710=SURFACE_STYLE_FILL_AREA(#4438);
#3711=ORIENTED_EDGE('',*,*,#647,.T.);
#3712=ORIENTED_EDGE('',*,*,#699,.F.);
#3713=CARTESIAN_POINT('',(0.0,-95.0,128.3));
#3714=DIRECTION('',(0.0,-0.0,1.0));
#3715=DIRECTION('',(-1.0,0.0,0.0));
#3716=SURFACE_STYLE_FILL_AREA(#4439);
#3717=ORIENTED_EDGE('',*,*,#701,.T.);
#3718=CARTESIAN_POINT('',(-19.5994522510167,0.0,86.66));
#3719=DIRECTION('',(0.0,0.0,-1.0));
#3720=DIRECTION('',(-1.0,0.0,0.0));
#3721=SURFACE_STYLE_FILL_AREA(#4440);
#3722=ORIENTED_EDGE('',*,*,#701,.F.);
#3723=ORIENTED_EDGE('',*,*,#703,.T.);
#3724=CARTESIAN_POINT('',(-52.0,0.0,83.66));
#3725=DIRECTION('',(0.0,0.0,1.0));
#3726=DIRECTION('',(1.0,0.0,0.0));
#3727=SURFACE_STYLE_FILL_AREA(#4441);
#3728=ORIENTED_EDGE('',*,*,#703,.F.);
#3729=ORIENTED_EDGE('',*,*,#705,.F.);
#3730=CARTESIAN_POINT('',(-52.0,0.0,0.0));
#3731=DIRECTION('',(-0.0,-0.0,-1.0));
#3732=DIRECTION('',(-1.0,0.0,0.0));
#3733=SURFACE_STYLE_FILL_AREA(#4442);
#3734=ORIENTED_EDGE('',*,*,#707,.T.);
#3735=CARTESIAN_POINT('',(84.4005477489833,0.0,86.66));
#3736=DIRECTION('',(0.0,0.0,-1.0));
#3737=DIRECTION('',(-1.0,0.0,0.0));
#3738=SURFACE_STYLE_FILL_AREA(#4443);
#3739=ORIENTED_EDGE('',*,*,#707,.F.);
#3740=ORIENTED_EDGE('',*,*,#709,.T.);
#3741=CARTESIAN_POINT('',(52.0,0.0,83.66));
#3742=DIRECTION('',(0.0,0.0,1.0));
#3743=DIRECTION('',(1.0,0.0,0.0));
#3744=SURFACE_STYLE_FILL_AREA(#4444);
#3745=ORIENTED_EDGE('',*,*,#709,.F.);
#3746=ORIENTED_EDGE('',*,*,#711,.F.);
#3747=CARTESIAN_POINT('',(52.0,0.0,0.0));
#3748=DIRECTION('',(-0.0,-0.0,-1.0));
#3749=DIRECTION('',(-1.0,0.0,0.0));
#3750=SURFACE_STYLE_FILL_AREA(#4445);
#3751=ORIENTED_EDGE('',*,*,#655,.F.);
#3752=ORIENTED_EDGE('',*,*,#507,.T.);
#3753=ORIENTED_EDGE('',*,*,#713,.T.);
#3754=ORIENTED_EDGE('',*,*,#715,.T.);
#3755=ORIENTED_EDGE('',*,*,#717,.T.);
#3756=ORIENTED_EDGE('',*,*,#719,.T.);
#3757=CARTESIAN_POINT('',(0.0,0.0,128.3));
#3758=DIRECTION('',(-0.0,-0.0,1.0));
#3759=DIRECTION('',(1.0,1.22464679914735E-016,0.0));
#3760=SURFACE_STYLE_FILL_AREA(#4446);
#3761=ORIENTED_EDGE('',*,*,#711,.T.);
#3762=ORIENTED_EDGE('',*,*,#705,.T.);
#3763=ORIENTED_EDGE('',*,*,#559,.F.);
#3764=ORIENTED_EDGE('',*,*,#545,.T.);
#3765=ORIENTED_EDGE('',*,*,#561,.F.);
#3766=ORIENTED_EDGE('',*,*,#521,.T.);
#3767=ORIENTED_EDGE('',*,*,#551,.F.);
#3768=ORIENTED_EDGE('',*,*,#529,.T.);
#3769=ORIENTED_EDGE('',*,*,#555,.F.);
#3770=ORIENTED_EDGE('',*,*,#537,.T.);
#3771=CARTESIAN_POINT('',(0.0,0.0,0.0));
#3772=DIRECTION('',(0.0,0.0,1.0));
#3773=DIRECTION('',(1.0,0.0,0.0));
#3774=SURFACE_STYLE_FILL_AREA(#4447);
#3775=ORIENTED_EDGE('',*,*,#505,.T.);
#3776=ORIENTED_EDGE('',*,*,#721,.F.);
#3777=ORIENTED_EDGE('',*,*,#723,.F.);
#3778=ORIENTED_EDGE('',*,*,#713,.F.);
#3779=SURFACE_STYLE_FILL_AREA(#4448);
#3780=ORIENTED_EDGE('',*,*,#725,.T.);
#3781=ORIENTED_EDGE('',*,*,#727,.F.);
#3782=ORIENTED_EDGE('',*,*,#729,.F.);
#3783=ORIENTED_EDGE('',*,*,#731,.F.);
#3784=SURFACE_STYLE_FILL_AREA(#4449);
#3785=ORIENTED_EDGE('',*,*,#733,.T.);
#3786=ORIENTED_EDGE('',*,*,#735,.F.);
#3787=ORIENTED_EDGE('',*,*,#725,.F.);
#3788=ORIENTED_EDGE('',*,*,#737,.F.);
#3789=SURFACE_STYLE_FILL_AREA(#4450);
#3790=ORIENTED_EDGE('',*,*,#739,.T.);
#3791=ORIENTED_EDGE('',*,*,#741,.F.);
#3792=ORIENTED_EDGE('',*,*,#733,.F.);
#3793=ORIENTED_EDGE('',*,*,#743,.F.);
#3794=CARTESIAN_POINT('',(0.0,0.0,121.8));
#3795=DIRECTION('',(0.0,0.0,1.0));
#3796=DIRECTION('',(1.0,0.0,0.0));
#3797=SURFACE_STYLE_FILL_AREA(#4451);
#3798=ORIENTED_EDGE('',*,*,#723,.T.);
#3799=ORIENTED_EDGE('',*,*,#745,.F.);
#3800=ORIENTED_EDGE('',*,*,#739,.F.);
#3801=ORIENTED_EDGE('',*,*,#747,.F.);
#3802=SURFACE_STYLE_FILL_AREA(#4452);
#3803=ORIENTED_EDGE('',*,*,#673,.T.);
#3804=ORIENTED_EDGE('',*,*,#749,.F.);
#3805=ORIENTED_EDGE('',*,*,#729,.T.);
#3806=ORIENTED_EDGE('',*,*,#751,.F.);
#3807=SURFACE_STYLE_FILL_AREA(#4453);
#3808=ORIENTED_EDGE('',*,*,#669,.T.);
#3809=ORIENTED_EDGE('',*,*,#753,.F.);
#3810=ORIENTED_EDGE('',*,*,#755,.F.);
#3811=ORIENTED_EDGE('',*,*,#757,.F.);
#3812=SURFACE_STYLE_FILL_AREA(#4454);
#3813=ORIENTED_EDGE('',*,*,#755,.T.);
#3814=ORIENTED_EDGE('',*,*,#759,.F.);
#3815=ORIENTED_EDGE('',*,*,#761,.F.);
#3816=ORIENTED_EDGE('',*,*,#763,.F.);
#3817=SURFACE_STYLE_FILL_AREA(#4455);
#3818=ORIENTED_EDGE('',*,*,#761,.T.);
#3819=ORIENTED_EDGE('',*,*,#765,.F.);
#3820=ORIENTED_EDGE('',*,*,#767,.F.);
#3821=ORIENTED_EDGE('',*,*,#769,.F.);
#3822=SURFACE_STYLE_FILL_AREA(#4456);
#3823=ORIENTED_EDGE('',*,*,#771,.T.);
#3824=ORIENTED_EDGE('',*,*,#773,.F.);
#3825=ORIENTED_EDGE('',*,*,#775,.F.);
#3826=ORIENTED_EDGE('',*,*,#777,.F.);
#3827=SURFACE_STYLE_FILL_AREA(#4457);
#3828=ORIENTED_EDGE('',*,*,#779,.T.);
#3829=ORIENTED_EDGE('',*,*,#781,.F.);
#3830=ORIENTED_EDGE('',*,*,#657,.T.);
#3831=ORIENTED_EDGE('',*,*,#719,.F.);
#3832=SURFACE_STYLE_FILL_AREA(#4458);
#3833=ORIENTED_EDGE('',*,*,#775,.T.);
#3834=ORIENTED_EDGE('',*,*,#783,.F.);
#3835=ORIENTED_EDGE('',*,*,#779,.F.);
#3836=ORIENTED_EDGE('',*,*,#717,.F.);
#3837=SURFACE_STYLE_FILL_AREA(#4459);
#3838=ORIENTED_EDGE('',*,*,#767,.T.);
#3839=ORIENTED_EDGE('',*,*,#785,.F.);
#3840=ORIENTED_EDGE('',*,*,#771,.F.);
#3841=ORIENTED_EDGE('',*,*,#787,.F.);
#3842=CARTESIAN_POINT('',(0.0,0.0,121.8));
#3843=DIRECTION('',(0.0,0.0,1.0));
#3844=DIRECTION('',(1.0,0.0,0.0));
#3845=SURFACE_STYLE_FILL_AREA(#4460);
#3846=ORIENTED_EDGE('',*,*,#789,.T.);
#3847=ORIENTED_EDGE('',*,*,#791,.F.);
#3848=ORIENTED_EDGE('',*,*,#793,.T.);
#3849=CARTESIAN_POINT('',(54.2740760586517,-0.196942999222941,126.8));
#3850=DIRECTION('',(0.0,0.0,1.0));
#3851=DIRECTION('',(1.0,0.0,0.0));
#3852=SURFACE_STYLE_FILL_AREA(#4461);
#3853=ORIENTED_EDGE('',*,*,#795,.T.);
#3854=ORIENTED_EDGE('',*,*,#797,.F.);
#3855=ORIENTED_EDGE('',*,*,#799,.T.);
#3856=CARTESIAN_POINT('',(54.2740760586517,0.196942999222941,126.8));
#3857=DIRECTION('',(0.0,0.0,1.0));
#3858=DIRECTION('',(1.0,0.0,0.0));
#3859=SURFACE_STYLE_FILL_AREA(#4462);
#3860=ORIENTED_EDGE('',*,*,#799,.F.);
#3861=ORIENTED_EDGE('',*,*,#801,.F.);
#3862=ORIENTED_EDGE('',*,*,#789,.F.);
#3863=ORIENTED_EDGE('',*,*,#803,.F.);
#3864=CARTESIAN_POINT('',(54.2740760586517,0.0,126.8));
#3865=DIRECTION('',(0.0,-1.0,0.0));
#3866=DIRECTION('',(0.0,0.0,1.0));
#3867=SURFACE_STYLE_FILL_AREA(#4463);
#3868=ORIENTED_EDGE('',*,*,#653,.T.);
#3869=ORIENTED_EDGE('',*,*,#805,.F.);
#3870=ORIENTED_EDGE('',*,*,#793,.F.);
#3871=ORIENTED_EDGE('',*,*,#497,.F.);
#3872=CARTESIAN_POINT('',(54.4507533521917,-0.373620292762929,127.801986722793));
#3873=DIRECTION('',(0.171087869746036,-0.171087869746036,0.970287525247814));
#3874=DIRECTION('',(-0.984807753012208,2.84918538339178E-017,0.17364817766693));
#3875=SURFACE_STYLE_FILL_AREA(#4464);
#3876=ORIENTED_EDGE('',*,*,#649,.T.);
#3877=ORIENTED_EDGE('',*,*,#807,.F.);
#3878=ORIENTED_EDGE('',*,*,#795,.F.);
#3879=ORIENTED_EDGE('',*,*,#809,.F.);
#3880=CARTESIAN_POINT('',(51.4943763755938,-2.58275668383495,111.035539723477));
#3881=DIRECTION('',(0.171087869746036,0.171087869746036,0.970287525247814));
#3882=DIRECTION('',(-0.984807753012208,-2.84918538339178E-017,0.17364817766693));
#3883=SURFACE_STYLE_FILL_AREA(#4465);
#3884=ORIENTED_EDGE('',*,*,#811,.T.);
#3885=ORIENTED_EDGE('',*,*,#801,.T.);
#3886=ORIENTED_EDGE('',*,*,#813,.T.);
#3887=ORIENTED_EDGE('',*,*,#741,.T.);
#3888=CARTESIAN_POINT('',(-52.0,0.0,124.3));
#3889=DIRECTION('',(0.0,0.0,1.0));
#3890=DIRECTION('',(1.0,0.0,0.0));
#3891=SURFACE_STYLE_FILL_AREA(#4466);
#3892=ORIENTED_EDGE('',*,*,#651,.F.);
#3893=ORIENTED_EDGE('',*,*,#809,.T.);
#3894=ORIENTED_EDGE('',*,*,#803,.T.);
#3895=ORIENTED_EDGE('',*,*,#805,.T.);
#3896=CARTESIAN_POINT('',(56.9240387650611,0.0,127.431759111665));
#3897=DIRECTION('',(0.984807753012208,0.0,-0.173648177666931));
#3898=DIRECTION('',(-0.173648177666931,0.0,-0.984807753012208));
#3899=SURFACE_STYLE_FILL_AREA(#4467);
#3900=ORIENTED_EDGE('',*,*,#721,.T.);
#3901=ORIENTED_EDGE('',*,*,#499,.F.);
#3902=ORIENTED_EDGE('',*,*,#791,.T.);
#3903=ORIENTED_EDGE('',*,*,#811,.F.);
#3904=ORIENTED_EDGE('',*,*,#745,.T.);
#3905=CARTESIAN_POINT('',(-52.0,-0.196942999222941,126.8));
#3906=DIRECTION('',(1.0,0.0,-0.0));
#3907=DIRECTION('',(0.0,0.0,1.0));
#3908=SURFACE_STYLE_FILL_AREA(#4468);
#3909=ORIENTED_EDGE('',*,*,#735,.T.);
#3910=ORIENTED_EDGE('',*,*,#813,.F.);
#3911=ORIENTED_EDGE('',*,*,#797,.T.);
#3912=ORIENTED_EDGE('',*,*,#815,.F.);
#3913=ORIENTED_EDGE('',*,*,#727,.T.);
#3914=CARTESIAN_POINT('',(-52.0,0.196942999222941,126.8));
#3915=DIRECTION('',(1.0,0.0,-0.0));
#3916=DIRECTION('',(0.0,0.0,1.0));
#3917=SURFACE_STYLE_FILL_AREA(#4469);
#3918=ORIENTED_EDGE('',*,*,#815,.T.);
#3919=ORIENTED_EDGE('',*,*,#807,.T.);
#3920=ORIENTED_EDGE('',*,*,#675,.F.);
#3921=ORIENTED_EDGE('',*,*,#751,.T.);
#3922=CARTESIAN_POINT('',(-52.0,3.0,128.3));
#3923=DIRECTION('',(0.0,0.984807753012208,-0.17364817766693));
#3924=DIRECTION('',(0.0,0.17364817766693,0.984807753012208));
#3925=SURFACE_STYLE_FILL_AREA(#4470);
#3926=ORIENTED_EDGE('',*,*,#817,.T.);
#3927=ORIENTED_EDGE('',*,*,#819,.T.);
#3928=ORIENTED_EDGE('',*,*,#659,.T.);
#3929=ORIENTED_EDGE('',*,*,#781,.T.);
#3930=CARTESIAN_POINT('',(-52.0,-3.0,128.3));
#3931=DIRECTION('',(0.0,-0.984807753012208,-0.17364817766693));
#3932=DIRECTION('',(0.0,0.17364817766693,-0.984807753012208));
#3933=SURFACE_STYLE_FILL_AREA(#4471);
#3934=ORIENTED_EDGE('',*,*,#667,.F.);
#3935=ORIENTED_EDGE('',*,*,#821,.T.);
#3936=ORIENTED_EDGE('',*,*,#823,.T.);
#3937=ORIENTED_EDGE('',*,*,#753,.T.);
#3938=CARTESIAN_POINT('',(-52.0,3.0,128.3));
#3939=DIRECTION('',(0.0,0.984807753012208,-0.17364817766693));
#3940=DIRECTION('',(0.0,0.17364817766693,0.984807753012208));
#3941=SURFACE_STYLE_FILL_AREA(#4472);
#3942=ORIENTED_EDGE('',*,*,#825,.T.);
#3943=ORIENTED_EDGE('',*,*,#827,.T.);
#3944=ORIENTED_EDGE('',*,*,#829,.T.);
#3945=ORIENTED_EDGE('',*,*,#785,.T.);
#3946=CARTESIAN_POINT('',(-52.0,0.0,124.3));
#3947=DIRECTION('',(0.0,0.0,1.0));
#3948=DIRECTION('',(1.0,0.0,0.0));
#3949=SURFACE_STYLE_FILL_AREA(#4473);
#3950=ORIENTED_EDGE('',*,*,#823,.F.);
#3951=ORIENTED_EDGE('',*,*,#831,.F.);
#3952=ORIENTED_EDGE('',*,*,#825,.F.);
#3953=ORIENTED_EDGE('',*,*,#765,.T.);
#3954=ORIENTED_EDGE('',*,*,#759,.T.);
#3955=CARTESIAN_POINT('',(-52.0,0.196942999222941,126.8));
#3956=DIRECTION('',(1.0,0.0,-0.0));
#3957=DIRECTION('',(0.0,0.0,1.0));
#3958=SURFACE_STYLE_FILL_AREA(#4474);
#3959=ORIENTED_EDGE('',*,*,#829,.F.);
#3960=ORIENTED_EDGE('',*,*,#833,.F.);
#3961=ORIENTED_EDGE('',*,*,#817,.F.);
#3962=ORIENTED_EDGE('',*,*,#783,.T.);
#3963=ORIENTED_EDGE('',*,*,#773,.T.);
#3964=CARTESIAN_POINT('',(-52.0,-0.196942999222941,126.8));
#3965=DIRECTION('',(1.0,0.0,-0.0));
#3966=DIRECTION('',(0.0,0.0,1.0));
#3967=SURFACE_STYLE_FILL_AREA(#4475);
#3968=ORIENTED_EDGE('',*,*,#835,.T.);
#3969=ORIENTED_EDGE('',*,*,#837,.T.);
#3970=ORIENTED_EDGE('',*,*,#663,.T.);
#3971=ORIENTED_EDGE('',*,*,#839,.T.);
#3972=CARTESIAN_POINT('',(-56.9240387650611,0.0,127.431759111665));
#3973=DIRECTION('',(-0.984807753012208,0.0,-0.173648177666931));
#3974=DIRECTION('',(-0.173648177666931,0.0,0.984807753012208));
#3975=SURFACE_STYLE_FILL_AREA(#4476);
#3976=ORIENTED_EDGE('',*,*,#665,.T.);
#3977=ORIENTED_EDGE('',*,*,#837,.F.);
#3978=ORIENTED_EDGE('',*,*,#841,.F.);
#3979=ORIENTED_EDGE('',*,*,#821,.F.);
#3980=CARTESIAN_POINT('',(-54.4507533521917,0.373620292762929,127.801986722793));
#3981=DIRECTION('',(-0.171087869746036,0.171087869746036,0.970287525247814));
#3982=DIRECTION('',(-0.984807753012208,2.84918538339178E-017,-0.17364817766693));
#3983=SURFACE_STYLE_FILL_AREA(#4477);
#3984=ORIENTED_EDGE('',*,*,#661,.T.);
#3985=ORIENTED_EDGE('',*,*,#819,.F.);
#3986=ORIENTED_EDGE('',*,*,#843,.F.);
#3987=ORIENTED_EDGE('',*,*,#839,.F.);
#3988=CARTESIAN_POINT('',(-54.5385665297144,-0.461433470285638,128.3));
#3989=DIRECTION('',(-0.171087869746036,-0.171087869746036,0.970287525247814));
#3990=DIRECTION('',(-0.984807753012208,-2.84918538339178E-017,-0.17364817766693));
#3991=SURFACE_STYLE_FILL_AREA(#4478);
#3992=ORIENTED_EDGE('',*,*,#841,.T.);
#3993=ORIENTED_EDGE('',*,*,#845,.F.);
#3994=ORIENTED_EDGE('',*,*,#831,.T.);
#3995=CARTESIAN_POINT('',(-54.2740760586517,0.196942999222941,126.8));
#3996=DIRECTION('',(0.0,0.0,1.0));
#3997=DIRECTION('',(1.0,0.0,0.0));
#3998=SURFACE_STYLE_FILL_AREA(#4479);
#3999=ORIENTED_EDGE('',*,*,#833,.T.);
#4000=ORIENTED_EDGE('',*,*,#847,.F.);
#4001=ORIENTED_EDGE('',*,*,#843,.T.);
#4002=CARTESIAN_POINT('',(-54.2740760586517,-0.196942999222941,126.8));
#4003=DIRECTION('',(0.0,0.0,1.0));
#4004=DIRECTION('',(1.0,0.0,0.0));
#4005=SURFACE_STYLE_FILL_AREA(#4480);
#4006=ORIENTED_EDGE('',*,*,#845,.T.);
#4007=ORIENTED_EDGE('',*,*,#835,.F.);
#4008=ORIENTED_EDGE('',*,*,#847,.T.);
#4009=ORIENTED_EDGE('',*,*,#827,.F.);
#4010=CARTESIAN_POINT('',(-54.2740760586517,0.0,126.8));
#4011=DIRECTION('',(0.0,-1.0,0.0));
#4012=DIRECTION('',(0.0,0.0,1.0));
#4013=SURFACE_STYLE_FILL_AREA(#4481);
#4014=ORIENTED_EDGE('',*,*,#787,.T.);
#4015=ORIENTED_EDGE('',*,*,#777,.T.);
#4016=ORIENTED_EDGE('',*,*,#715,.F.);
#4017=ORIENTED_EDGE('',*,*,#747,.T.);
#4018=ORIENTED_EDGE('',*,*,#743,.T.);
#4019=ORIENTED_EDGE('',*,*,#737,.T.);
#4020=ORIENTED_EDGE('',*,*,#849,.F.);
#4021=ORIENTED_EDGE('',*,*,#769,.T.);
#4022=ORIENTED_EDGE('',*,*,#851,.F.);
#4023=CARTESIAN_POINT('',(0.0,0.0,125.8));
#4024=DIRECTION('',(0.0,0.0,-1.0));
#4025=DIRECTION('',(-1.0,0.0,0.0));
#4026=SURFACE_STYLE_FILL_AREA(#4482);
#4027=ORIENTED_EDGE('',*,*,#851,.T.);
#4028=CARTESIAN_POINT('',(0.0,0.0,123.3));
#4029=DIRECTION('',(0.0,0.0,-1.0));
#4030=DIRECTION('',(-1.0,0.0,0.0));
#4031=SURFACE_STYLE_FILL_AREA(#4483);
#4032=ORIENTED_EDGE('',*,*,#763,.T.);
#4033=ORIENTED_EDGE('',*,*,#849,.T.);
#4034=ORIENTED_EDGE('',*,*,#731,.T.);
#4035=ORIENTED_EDGE('',*,*,#749,.T.);
#4036=ORIENTED_EDGE('',*,*,#671,.F.);
#4037=ORIENTED_EDGE('',*,*,#757,.T.);
#4038=CARTESIAN_POINT('',(0.0,0.0,128.3));
#4039=DIRECTION('',(-0.0,-0.0,1.0));
#4040=DIRECTION('',(1.0,1.22464679914735E-016,0.0));
#4041=DIRECTION('',(1.0,0.0,0.0));
#4042=DIRECTION('',(0.171087869746035,-0.171087869746035,0.970287525247814));
#4043=DIRECTION('',(1.0,0.0,0.0));
#4044=CARTESIAN_POINT('',(9.87176687181215,-5.12098176428398,125.931759111665));
#4045=DIRECTION('',(0.104959347098815,-0.172689034262852,0.979368180462258));
#4046=DIRECTION('',(-3.43758437206248E-017,-0.984807753012208,-0.17364817766693));
#4047=CARTESIAN_POINT('',(-150.0,-54.0,10.5));
#4048=DIRECTION('',(0.0,0.0,1.0));
#4049=DIRECTION('',(1.0,0.0,0.0));
#4050=CARTESIAN_POINT('',(-150.0,-54.0,8.5));
#4051=DIRECTION('',(0.0,0.0,1.0));
#4052=DIRECTION('',(1.0,0.0,0.0));
#4053=CARTESIAN_POINT('',(150.0,54.0,8.5));
#4054=DIRECTION('',(0.0,0.0,1.0));
#4055=DIRECTION('',(1.0,0.0,0.0));
#4056=CARTESIAN_POINT('',(150.0,54.0,10.5));
#4057=DIRECTION('',(0.0,0.0,1.0));
#4058=DIRECTION('',(1.0,0.0,0.0));
#4059=CARTESIAN_POINT('',(-106.494513217164,-57.7445132171646,8.5));
#4060=DIRECTION('',(0.0,-0.0,1.0));
#4061=DIRECTION('',(0.707106781186547,0.707106781186548,0.0));
#4062=DIRECTION('',(-0.171087869746035,-0.171087869746035,0.970287525247814));
#4063=CARTESIAN_POINT('',(-104.995733881143,-56.2457338811426,0.0));
#4064=DIRECTION('',(0.0,-0.0,1.0));
#4065=DIRECTION('',(0.707106781186547,0.707106781186548,0.0));
#4066=DIRECTION('',(-0.171087869746035,-0.171087869746035,0.970287525247814));
#4067=CARTESIAN_POINT('',(-106.494513217164,57.7445132171644,8.5));
#4068=DIRECTION('',(0.0,0.0,1.0));
#4069=DIRECTION('',(0.707106781186548,-0.707106781186548,0.0));
#4070=DIRECTION('',(-0.171087869746035,0.171087869746035,0.970287525247814));
#4071=CARTESIAN_POINT('',(-104.995733881143,56.2457338811425,0.0));
#4072=DIRECTION('',(0.0,0.0,1.0));
#4073=DIRECTION('',(0.707106781186548,-0.707106781186548,0.0));
#4074=DIRECTION('',(-0.171087869746035,0.171087869746035,0.970287525247814));
#4075=CARTESIAN_POINT('',(106.494513217164,57.7445132171645,8.5));
#4076=DIRECTION('',(0.0,0.0,1.0));
#4077=DIRECTION('',(-0.707106781186547,-0.707106781186548,0.0));
#4078=DIRECTION('',(0.171087869746035,0.171087869746035,0.970287525247814));
#4079=CARTESIAN_POINT('',(104.995733881143,56.2457338811426,0.0));
#4080=DIRECTION('',(0.0,0.0,1.0));
#4081=DIRECTION('',(-0.707106781186547,-0.707106781186548,0.0));
#4082=DIRECTION('',(0.171087869746035,0.171087869746035,0.970287525247814));
#4083=CARTESIAN_POINT('',(106.494513217165,-57.7445132171645,8.5));
#4084=DIRECTION('',(0.0,0.0,1.0));
#4085=DIRECTION('',(-0.707106781186548,0.707106781186547,0.0));
#4086=DIRECTION('',(0.171087869746035,-0.171087869746035,0.970287525247814));
#4087=CARTESIAN_POINT('',(104.995733881143,-56.2457338811426,0.0));
#4088=DIRECTION('',(0.0,0.0,1.0));
#4089=DIRECTION('',(-0.707106781186548,0.707106781186547,0.0));
#4090=DIRECTION('',(0.171087869746035,-0.171087869746035,0.970287525247814));
#4091=DIRECTION('',(2.0900282843094E-016,-1.0,0.0));
#4092=DIRECTION('',(2.0900282843094E-016,-1.0,0.0));
#4093=DIRECTION('',(-1.0,-2.41038433483534E-016,0.0));
#4094=DIRECTION('',(-1.0,-2.41038433483534E-016,0.0));
#4095=DIRECTION('',(-3.13504242646411E-016,1.0,0.0));
#4096=DIRECTION('',(-3.13504242646411E-016,1.0,0.0));
#4097=DIRECTION('',(1.0,3.01298041854417E-016,0.0));
#4098=DIRECTION('',(1.0,3.01298041854417E-016,0.0));
#4099=DIRECTION('',(0.0,1.0,0.0));
#4100=DIRECTION('',(0.0,0.0,-1.0));
#4101=DIRECTION('',(0.0,1.0,0.0));
#4102=DIRECTION('',(0.0,0.0,-1.0));
#4103=DIRECTION('',(1.0,0.0,0.0));
#4104=DIRECTION('',(1.0,0.0,0.0));
#4105=DIRECTION('',(0.0,0.0,-1.0));
#4106=DIRECTION('',(0.0,-1.0,0.0));
#4107=DIRECTION('',(0.0,-1.0,0.0));
#4108=DIRECTION('',(0.0,0.0,-1.0));
#4109=DIRECTION('',(-1.0,0.0,0.0));
#4110=DIRECTION('',(-1.0,0.0,0.0));
#4111=CARTESIAN_POINT('',(133.0,83.0,49.0));
#4112=DIRECTION('',(0.0,0.0,1.0));
#4113=DIRECTION('',(1.0,0.0,0.0));
#4114=CARTESIAN_POINT('',(133.0,83.0,128.3));
#4115=DIRECTION('',(0.0,0.0,1.0));
#4116=DIRECTION('',(1.0,0.0,0.0));
#4117=CARTESIAN_POINT('',(80.0,-90.0,128.3));
#4118=DIRECTION('',(0.0,0.0,-1.0));
#4119=DIRECTION('',(1.0,1.22464679914735E-016,0.0));
#4120=CARTESIAN_POINT('',(80.0,-90.0,49.0));
#4121=DIRECTION('',(0.0,0.0,-1.0));
#4122=DIRECTION('',(-1.0,0.0,0.0));
#4123=CARTESIAN_POINT('',(0.0,95.0,8.5));
#4124=DIRECTION('',(0.0,0.0,1.0));
#4125=DIRECTION('',(1.0,0.0,0.0));
#4126=CARTESIAN_POINT('',(0.0,95.0,103.3));
#4127=DIRECTION('',(0.0,0.0,1.0));
#4128=DIRECTION('',(1.0,0.0,0.0));
#4129=CARTESIAN_POINT('',(-80.0,90.0,128.3));
#4130=DIRECTION('',(0.0,0.0,-1.0));
#4131=DIRECTION('',(-1.0,0.0,0.0));
#4132=CARTESIAN_POINT('',(-80.0,90.0,49.0));
#4133=DIRECTION('',(0.0,0.0,-1.0));
#4134=DIRECTION('',(-1.0,0.0,0.0));
#4135=CARTESIAN_POINT('',(-80.0,-90.0,49.0));
#4136=DIRECTION('',(0.0,0.0,1.0));
#4137=DIRECTION('',(1.0,0.0,0.0));
#4138=CARTESIAN_POINT('',(-80.0,-90.0,128.3));
#4139=DIRECTION('',(0.0,0.0,1.0));
#4140=DIRECTION('',(-1.0,1.22464679914735E-016,0.0));
#4141=CARTESIAN_POINT('',(-133.0,-83.0,49.0));
#4142=DIRECTION('',(0.0,0.0,1.0));
#4143=DIRECTION('',(1.0,0.0,0.0));
#4144=CARTESIAN_POINT('',(-133.0,-83.0,128.3));
#4145=DIRECTION('',(0.0,0.0,1.0));
#4146=DIRECTION('',(-1.0,1.22464679914735E-016,0.0));
#4147=CARTESIAN_POINT('',(-133.0,83.0,128.3));
#4148=DIRECTION('',(0.0,0.0,-1.0));
#4149=DIRECTION('',(-1.0,0.0,0.0));
#4150=CARTESIAN_POINT('',(-133.0,83.0,49.0));
#4151=DIRECTION('',(0.0,0.0,-1.0));
#4152=DIRECTION('',(-1.0,0.0,0.0));
#4153=CARTESIAN_POINT('',(0.0,-95.0,8.5));
#4154=DIRECTION('',(0.0,0.0,-1.0));
#4155=DIRECTION('',(1.0,1.22464679914735E-016,0.0));
#4156=CARTESIAN_POINT('',(0.0,-95.0,103.3));
#4157=DIRECTION('',(0.0,0.0,-1.0));
#4158=DIRECTION('',(-1.0,0.0,0.0));
#4159=CARTESIAN_POINT('',(80.0,90.0,49.0));
#4160=DIRECTION('',(0.0,0.0,1.0));
#4161=DIRECTION('',(1.0,0.0,0.0));
#4162=CARTESIAN_POINT('',(80.0,90.0,128.3));
#4163=DIRECTION('',(0.0,0.0,1.0));
#4164=DIRECTION('',(1.0,0.0,0.0));
#4165=CARTESIAN_POINT('',(133.0,-83.0,128.3));
#4166=DIRECTION('',(0.0,0.0,-1.0));
#4167=DIRECTION('',(1.0,1.22464679914735E-016,0.0));
#4168=CARTESIAN_POINT('',(133.0,-83.0,49.0));
#4169=DIRECTION('',(0.0,0.0,-1.0));
#4170=DIRECTION('',(-1.0,0.0,0.0));
#4171=CARTESIAN_POINT('',(-80.0,90.0,8.5));
#4172=DIRECTION('',(0.0,0.0,-1.0));
#4173=DIRECTION('',(-1.0,0.0,0.0));
#4174=CARTESIAN_POINT('',(80.0,90.0,8.5));
#4175=DIRECTION('',(0.0,0.0,1.0));
#4176=DIRECTION('',(1.0,0.0,0.0));
#4177=CARTESIAN_POINT('',(-133.0,83.0,8.5));
#4178=DIRECTION('',(0.0,0.0,-1.0));
#4179=DIRECTION('',(-1.0,0.0,0.0));
#4180=CARTESIAN_POINT('',(133.0,83.0,8.5));
#4181=DIRECTION('',(0.0,0.0,1.0));
#4182=DIRECTION('',(1.0,0.0,0.0));
#4183=CARTESIAN_POINT('',(-133.0,-83.0,8.5));
#4184=DIRECTION('',(0.0,0.0,1.0));
#4185=DIRECTION('',(1.0,0.0,0.0));
#4186=CARTESIAN_POINT('',(133.0,-83.0,8.5));
#4187=DIRECTION('',(0.0,0.0,-1.0));
#4188=DIRECTION('',(-1.0,0.0,0.0));
#4189=CARTESIAN_POINT('',(-80.0,-90.0,8.5));
#4190=DIRECTION('',(0.0,0.0,1.0));
#4191=DIRECTION('',(1.0,0.0,0.0));
#4192=CARTESIAN_POINT('',(80.0,-90.0,8.5));
#4193=DIRECTION('',(0.0,0.0,-1.0));
#4194=DIRECTION('',(-1.0,0.0,0.0));
#4195=CARTESIAN_POINT('',(0.0,95.0,128.3));
#4196=DIRECTION('',(0.0,0.0,-1.0));
#4197=DIRECTION('',(-1.0,0.0,0.0));
#4198=CARTESIAN_POINT('',(0.0,-95.0,128.3));
#4199=DIRECTION('',(0.0,0.0,-1.0));
#4200=DIRECTION('',(-1.0,0.0,0.0));
#4201=CARTESIAN_POINT('',(54.5385665297144,0.461433470285638,128.3));
#4202=DIRECTION('',(0.0,0.0,1.0));
#4203=DIRECTION('',(-0.707106781186548,-0.707106781186547,0.0));
#4204=DIRECTION('',(0.0,-1.0,0.0));
#4205=CARTESIAN_POINT('',(54.5385665297144,-0.461433470285641,128.3));
#4206=DIRECTION('',(0.0,0.0,1.0));
#4207=DIRECTION('',(-0.707106781186548,0.707106781186547,0.0));
#4208=CARTESIAN_POINT('',(0.0,0.0,128.3));
#4209=DIRECTION('',(0.0,0.0,-1.0));
#4210=DIRECTION('',(1.0,1.22464679914735E-016,0.0));
#4211=DIRECTION('',(1.0,0.0,0.0));
#4212=CARTESIAN_POINT('',(-54.5385665297144,-0.461433470285638,128.3));
#4213=DIRECTION('',(0.0,-0.0,1.0));
#4214=DIRECTION('',(0.707106781186548,0.707106781186547,0.0));
#4215=DIRECTION('',(0.0,-1.0,0.0));
#4216=CARTESIAN_POINT('',(-54.5385665297144,0.461433470285641,128.3));
#4217=DIRECTION('',(0.0,0.0,1.0));
#4218=DIRECTION('',(0.707106781186548,-0.707106781186547,0.0));
#4219=DIRECTION('',(1.0,0.0,0.0));
#4220=CARTESIAN_POINT('',(0.0,0.0,128.3));
#4221=DIRECTION('',(0.0,0.0,-1.0));
#4222=DIRECTION('',(1.0,1.22464679914735E-016,0.0));
#4223=DIRECTION('',(1.0,0.0,0.0));
#4224=CARTESIAN_POINT('',(-150.0,-54.0,53.5));
#4225=DIRECTION('',(0.0,0.0,-1.0));
#4226=DIRECTION('',(-1.0,0.0,0.0));
#4227=CARTESIAN_POINT('',(150.0,54.0,53.5));
#4228=DIRECTION('',(0.0,0.0,1.0));
#4229=DIRECTION('',(1.0,0.0,0.0));
#4230=CARTESIAN_POINT('',(133.0,83.0,49.0));
#4231=DIRECTION('',(0.0,0.0,1.0));
#4232=DIRECTION('',(1.0,0.0,0.0));
#4233=CARTESIAN_POINT('',(133.0,-83.0,49.0));
#4234=DIRECTION('',(0.0,0.0,-1.0));
#4235=DIRECTION('',(-1.0,0.0,0.0));
#4236=CARTESIAN_POINT('',(-133.0,-83.0,49.0));
#4237=DIRECTION('',(0.0,0.0,1.0));
#4238=DIRECTION('',(1.0,0.0,0.0));
#4239=CARTESIAN_POINT('',(-133.0,83.0,49.0));
#4240=DIRECTION('',(0.0,0.0,-1.0));
#4241=DIRECTION('',(-1.0,0.0,0.0));
#4242=CARTESIAN_POINT('',(80.0,90.0,49.0));
#4243=DIRECTION('',(0.0,0.0,1.0));
#4244=DIRECTION('',(1.0,0.0,0.0));
#4245=CARTESIAN_POINT('',(80.0,-90.0,49.0));
#4246=DIRECTION('',(0.0,0.0,-1.0));
#4247=DIRECTION('',(-1.0,0.0,0.0));
#4248=CARTESIAN_POINT('',(-80.0,-90.0,49.0));
#4249=DIRECTION('',(0.0,0.0,1.0));
#4250=DIRECTION('',(1.0,0.0,0.0));
#4251=CARTESIAN_POINT('',(-80.0,90.0,49.0));
#4252=DIRECTION('',(0.0,0.0,-1.0));
#4253=DIRECTION('',(-1.0,0.0,0.0));
#4254=CARTESIAN_POINT('',(0.0,95.0,103.3));
#4255=DIRECTION('',(0.0,0.0,-1.0));
#4256=DIRECTION('',(-1.0,0.0,0.0));
#4257=CARTESIAN_POINT('',(0.0,-95.0,103.3));
#4258=DIRECTION('',(0.0,0.0,-1.0));
#4259=DIRECTION('',(-1.0,0.0,0.0));
#4260=CARTESIAN_POINT('',(-52.0,0.0,86.66));
#4261=DIRECTION('',(0.0,0.0,1.0));
#4262=DIRECTION('',(1.0,0.0,0.0));
#4263=CARTESIAN_POINT('',(-52.0,0.0,83.7173253335854));
#4264=DIRECTION('',(0.0,0.0,1.0));
#4265=DIRECTION('',(1.0,0.0,0.0));
#4266=CARTESIAN_POINT('',(-52.0,0.0,0.0));
#4267=DIRECTION('',(0.0,0.0,1.0));
#4268=DIRECTION('',(1.0,0.0,0.0));
#4269=CARTESIAN_POINT('',(52.0,0.0,86.66));
#4270=DIRECTION('',(0.0,0.0,1.0));
#4271=DIRECTION('',(1.0,0.0,0.0));
#4272=CARTESIAN_POINT('',(52.0,0.0,83.7173253335854));
#4273=DIRECTION('',(0.0,0.0,1.0));
#4274=DIRECTION('',(1.0,0.0,0.0));
#4275=CARTESIAN_POINT('',(52.0,0.0,0.0));
#4276=DIRECTION('',(0.0,0.0,1.0));
#4277=DIRECTION('',(1.0,0.0,0.0));
#4278=CARTESIAN_POINT('',(0.0,0.0,125.365879555833));
#4279=DIRECTION('',(0.0,0.0,1.0));
#4280=DIRECTION('',(1.0,0.0,0.0));
#4281=CARTESIAN_POINT('',(9.81887063941976,-4.83479551770114,124.931759111665));
#4282=DIRECTION('',(-0.00167552548920262,-0.373647653179293,0.927569201670658));
#4283=DIRECTION('',(2.97633116233451E-019,-0.927570503695639,-0.37364817766693));
#4284=CARTESIAN_POINT('',(9.81887063941976,4.83479551770114,124.931759111665));
#4285=DIRECTION('',(0.00167552548920273,-0.373647653179293,-0.927569201670658));
#4286=DIRECTION('',(-3.53439325527248E-019,0.92757050369564,-0.37364817766693));
#4287=CARTESIAN_POINT('',(9.87176687181215,5.12098176428398,125.931759111665));
#4288=DIRECTION('',(-0.104959347098815,-0.172689034262852,-0.979368180462258));
#4289=DIRECTION('',(-3.43758437206248E-017,0.984807753012208,-0.17364817766693));
#4290=CARTESIAN_POINT('',(9.01846587888078,0.196942999222941,121.8));
#4291=DIRECTION('',(0.0218325443427281,-0.999761641596397,0.0));
#4292=DIRECTION('',(0.999761641596397,0.0218325443427281,0.0));
#4293=CARTESIAN_POINT('',(9.01846587888078,-0.196942999222941,121.8));
#4294=DIRECTION('',(-0.0218325443427281,-0.999761641596397,0.0));
#4295=DIRECTION('',(0.999761641596397,-0.0218325443427281,0.0));
#4296=CARTESIAN_POINT('',(0.0,0.0,124.3));
#4297=DIRECTION('',(0.0,0.0,1.0));
#4298=DIRECTION('',(1.0,0.0,0.0));
#4299=CARTESIAN_POINT('',(0.0,0.0,123.8));
#4300=DIRECTION('',(0.0,0.0,1.0));
#4301=DIRECTION('',(1.0,0.0,0.0));
#4302=CARTESIAN_POINT('',(-9.87176687181215,5.12098176428398,125.931759111665));
#4303=DIRECTION('',(-0.104959347098815,0.172689034262852,0.979368180462258));
#4304=DIRECTION('',(-3.43758437206248E-017,-0.984807753012208,0.17364817766693));
#4305=CARTESIAN_POINT('',(-9.81887063941976,4.83479551770114,124.931759111665));
#4306=DIRECTION('',(0.0016755254892027,0.373647653179293,0.927569201670658));
#4307=DIRECTION('',(-3.53439325527241E-019,-0.92757050369564,0.37364817766693));
#4308=CARTESIAN_POINT('',(-9.01846587888078,0.196942999222941,121.8));
#4309=DIRECTION('',(0.0218325443427281,0.999761641596397,0.0));
#4310=DIRECTION('',(-0.999761641596397,0.0218325443427281,0.0));
#4311=CARTESIAN_POINT('',(-9.01846587888078,-0.196942999223177,121.8));
#4312=DIRECTION('',(-0.0218325443427543,0.999761641596396,0.0));
#4313=DIRECTION('',(-0.999761641596397,-0.0218325443427543,0.0));
#4314=CARTESIAN_POINT('',(-9.81887063941976,-4.83479551770114,124.931759111665));
#4315=DIRECTION('',(-0.00167552548920265,0.373647653179293,-0.927569201670658));
#4316=DIRECTION('',(-3.53439325527232E-019,0.92757050369564,0.37364817766693));
#4317=CARTESIAN_POINT('',(-9.87176687181215,-5.12098176428398,125.931759111665));
#4318=DIRECTION('',(0.104959347098815,0.172689034262852,-0.979368180462258));
#4319=DIRECTION('',(-3.43758437206248E-017,0.984807753012208,0.17364817766693));
#4320=CARTESIAN_POINT('',(0.0,0.0,124.3));
#4321=DIRECTION('',(0.0,0.0,1.0));
#4322=DIRECTION('',(1.0,0.0,0.0));
#4323=CARTESIAN_POINT('',(0.0,0.0,123.8));
#4324=DIRECTION('',(0.0,0.0,1.0));
#4325=DIRECTION('',(1.0,0.0,0.0));
#4326=CARTESIAN_POINT('',(54.2740760586517,-0.196942999222941,126.8));
#4327=DIRECTION('',(-1.4752431697322E-015,-1.0,0.0));
#4328=DIRECTION('',(1.0,-1.4752431697322E-015,0.0));
#4329=CARTESIAN_POINT('',(54.2740760586517,-0.196942999222941,126.8));
#4330=DIRECTION('',(1.0,0.0,0.0));
#4331=DIRECTION('',(0.0,0.0,-1.0));
#4332=CARTESIAN_POINT('',(54.2740760586517,-0.196942999222944,126.8));
#4333=DIRECTION('',(-0.171087869746035,0.171087869746035,-0.970287525247814));
#4334=DIRECTION('',(-3.22907676784399E-017,0.984807753012208,0.173648177666929));
#4335=CARTESIAN_POINT('',(54.2740760586517,0.196942999222941,126.8));
#4336=DIRECTION('',(-0.171087869746037,-0.171087869746035,-0.970287525247814));
#4337=DIRECTION('',(-0.984807753012208,6.17323499734883E-017,0.173648177666932));
#4338=CARTESIAN_POINT('',(54.2740760586517,0.196942999222941,126.8));
#4339=DIRECTION('',(1.0,-1.12735000433267E-014,0.0));
#4340=DIRECTION('',(1.12735000433267E-014,1.0,0.0));
#4341=CARTESIAN_POINT('',(54.2740760586517,0.196942999222943,126.8));
#4342=DIRECTION('',(-1.47204053574983E-016,1.0,-8.34835672813838E-016));
#4343=DIRECTION('',(0.0,8.34835672813838E-016,1.0));
#4344=DIRECTION('',(0.0,1.0,0.0));
#4345=DIRECTION('',(0.0,-1.0,0.0));
#4346=DIRECTION('',(0.171087869746035,-0.171087869746035,0.970287525247814));
#4347=DIRECTION('',(0.171087869746035,0.171087869746035,0.970287525247814));
#4348=DIRECTION('',(-0.171087869746035,-0.171087869746035,-0.970287525247814));
#4349=DIRECTION('',(-1.0,0.0,0.0));
#4350=DIRECTION('',(1.0,0.0,0.0));
#4351=DIRECTION('',(1.0,0.0,0.0));
#4352=DIRECTION('',(1.0,0.0,0.0));
#4353=DIRECTION('',(-0.171087869746035,-0.171087869746035,0.970287525247814));
#4354=DIRECTION('',(-0.171087869746035,0.171087869746035,0.970287525247814));
#4355=DIRECTION('',(1.0,0.0,0.0));
#4356=DIRECTION('',(1.0,0.0,0.0));
#4357=DIRECTION('',(0.0,1.0,0.0));
#4358=DIRECTION('',(-1.0,0.0,0.0));
#4359=CARTESIAN_POINT('',(-54.2740760586517,0.196942999222941,126.8));
#4360=DIRECTION('',(-1.0,0.0,0.0));
#4361=DIRECTION('',(0.0,0.0,1.0));
#4362=CARTESIAN_POINT('',(-54.2740760586517,-0.196942999222941,126.8));
#4363=DIRECTION('',(-1.0,2.81837501083167E-015,0.0));
#4364=DIRECTION('',(-2.81837501083167E-015,-1.0,0.0));
#4365=DIRECTION('',(0.0,-1.0,0.0));
#4366=DIRECTION('',(0.171087869746035,-0.171087869746035,-0.970287525247814));
#4367=DIRECTION('',(-0.171087869746035,-0.171087869746035,0.970287525247814));
#4368=CARTESIAN_POINT('',(-54.2740760586517,0.196942999222945,126.8));
#4369=DIRECTION('',(0.171087869746035,-0.171087869746035,-0.970287525247814));
#4370=DIRECTION('',(-3.22907676784399E-017,0.984807753012208,-0.173648177666929));
#4371=CARTESIAN_POINT('',(-54.2740760586517,-0.196942999222941,126.8));
#4372=DIRECTION('',(0.171087869746036,0.171087869746035,-0.970287525247814));
#4373=DIRECTION('',(-0.984807753012208,-2.84918538339177E-017,-0.17364817766693));
#4374=CARTESIAN_POINT('',(-54.2740760586517,0.196942999222941,126.8));
#4375=DIRECTION('',(1.56331738882069E-015,1.0,0.0));
#4376=DIRECTION('',(-1.0,1.56331738882069E-015,0.0));
#4377=CARTESIAN_POINT('',(-54.2740760586517,-0.196942999222942,126.8));
#4378=DIRECTION('',(8.79400839538861E-017,-1.0,-4.98732999343332E-016));
#4379=DIRECTION('',(0.0,4.98732999343332E-016,-1.0));
#4380=CARTESIAN_POINT('',(0.0,0.0,125.365879555833));
#4381=DIRECTION('',(0.0,0.0,1.0));
#4382=DIRECTION('',(1.0,0.0,0.0));
#4383=CARTESIAN_POINT('',(0.0,0.0,123.3));
#4384=DIRECTION('',(0.0,0.0,-1.0));
#4385=DIRECTION('',(-1.0,0.0,0.0));
#4386=SURFACE_STYLE_FILL_AREA(#4484);
#4387=FILL_AREA_STYLE('',(#4485));
#4388=FILL_AREA_STYLE('',(#4486));
#4389=FILL_AREA_STYLE('',(#4487));
#4390=FILL_AREA_STYLE('',(#4488));
#4391=FILL_AREA_STYLE('',(#4489));
#4392=FILL_AREA_STYLE('',(#4490));
#4393=FILL_AREA_STYLE('',(#4491));
#4394=FILL_AREA_STYLE('',(#4492));
#4395=FILL_AREA_STYLE('',(#4493));
#4396=FILL_AREA_STYLE('',(#4494));
#4397=FILL_AREA_STYLE('',(#4495));
#4398=FILL_AREA_STYLE('',(#4496));
#4399=FILL_AREA_STYLE('',(#4497));
#4400=FILL_AREA_STYLE('',(#4498));
#4401=FILL_AREA_STYLE('',(#4499));
#4402=FILL_AREA_STYLE('',(#4500));
#4403=FILL_AREA_STYLE('',(#4501));
#4404=FILL_AREA_STYLE('',(#4502));
#4405=FILL_AREA_STYLE('',(#4503));
#4406=FILL_AREA_STYLE('',(#4504));
#4407=FILL_AREA_STYLE('',(#4505));
#4408=FILL_AREA_STYLE('',(#4506));
#4409=FILL_AREA_STYLE('',(#4507));
#4410=FILL_AREA_STYLE('',(#4508));
#4411=FILL_AREA_STYLE('',(#4509));
#4412=FILL_AREA_STYLE('',(#4510));
#4413=FILL_AREA_STYLE('',(#4511));
#4414=FILL_AREA_STYLE('',(#4512));
#4415=FILL_AREA_STYLE('',(#4513));
#4416=FILL_AREA_STYLE('',(#4514));
#4417=FILL_AREA_STYLE('',(#4515));
#4418=FILL_AREA_STYLE('',(#4516));
#4419=FILL_AREA_STYLE('',(#4517));
#4420=FILL_AREA_STYLE('',(#4518));
#4421=FILL_AREA_STYLE('',(#4519));
#4422=FILL_AREA_STYLE('',(#4520));
#4423=FILL_AREA_STYLE('',(#4521));
#4424=FILL_AREA_STYLE('',(#4522));
#4425=FILL_AREA_STYLE('',(#4523));
#4426=FILL_AREA_STYLE('',(#4524));
#4427=FILL_AREA_STYLE('',(#4525));
#4428=FILL_AREA_STYLE('',(#4526));
#4429=FILL_AREA_STYLE('',(#4527));
#4430=FILL_AREA_STYLE('',(#4528));
#4431=FILL_AREA_STYLE('',(#4529));
#4432=FILL_AREA_STYLE('',(#4530));
#4433=FILL_AREA_STYLE('',(#4531));
#4434=FILL_AREA_STYLE('',(#4532));
#4435=FILL_AREA_STYLE('',(#4533));
#4436=FILL_AREA_STYLE('',(#4534));
#4437=FILL_AREA_STYLE('',(#4535));
#4438=FILL_AREA_STYLE('',(#4536));
#4439=FILL_AREA_STYLE('',(#4537));
#4440=FILL_AREA_STYLE('',(#4538));
#4441=FILL_AREA_STYLE('',(#4539));
#4442=FILL_AREA_STYLE('',(#4540));
#4443=FILL_AREA_STYLE('',(#4541));
#4444=FILL_AREA_STYLE('',(#4542));
#4445=FILL_AREA_STYLE('',(#4543));
#4446=FILL_AREA_STYLE('',(#4544));
#4447=FILL_AREA_STYLE('',(#4545));
#4448=FILL_AREA_STYLE('',(#4546));
#4449=FILL_AREA_STYLE('',(#4547));
#4450=FILL_AREA_STYLE('',(#4548));
#4451=FILL_AREA_STYLE('',(#4549));
#4452=FILL_AREA_STYLE('',(#4550));
#4453=FILL_AREA_STYLE('',(#4551));
#4454=FILL_AREA_STYLE('',(#4552));
#4455=FILL_AREA_STYLE('',(#4553));
#4456=FILL_AREA_STYLE('',(#4554));
#4457=FILL_AREA_STYLE('',(#4555));
#4458=FILL_AREA_STYLE('',(#4556));
#4459=FILL_AREA_STYLE('',(#4557));
#4460=FILL_AREA_STYLE('',(#4558));
#4461=FILL_AREA_STYLE('',(#4559));
#4462=FILL_AREA_STYLE('',(#4560));
#4463=FILL_AREA_STYLE('',(#4561));
#4464=FILL_AREA_STYLE('',(#4562));
#4465=FILL_AREA_STYLE('',(#4563));
#4466=FILL_AREA_STYLE('',(#4564));
#4467=FILL_AREA_STYLE('',(#4565));
#4468=FILL_AREA_STYLE('',(#4566));
#4469=FILL_AREA_STYLE('',(#4567));
#4470=FILL_AREA_STYLE('',(#4568));
#4471=FILL_AREA_STYLE('',(#4569));
#4472=FILL_AREA_STYLE('',(#4570));
#4473=FILL_AREA_STYLE('',(#4571));
#4474=FILL_AREA_STYLE('',(#4572));
#4475=FILL_AREA_STYLE('',(#4573));
#4476=FILL_AREA_STYLE('',(#4574));
#4477=FILL_AREA_STYLE('',(#4575));
#4478=FILL_AREA_STYLE('',(#4576));
#4479=FILL_AREA_STYLE('',(#4577));
#4480=FILL_AREA_STYLE('',(#4578));
#4481=FILL_AREA_STYLE('',(#4579));
#4482=FILL_AREA_STYLE('',(#4580));
#4483=FILL_AREA_STYLE('',(#4581));
#4484=FILL_AREA_STYLE('',(#4582));
#4485=FILL_AREA_STYLE_COLOUR('',#4583);
#4486=FILL_AREA_STYLE_COLOUR('',#4584);
#4487=FILL_AREA_STYLE_COLOUR('',#4585);
#4488=FILL_AREA_STYLE_COLOUR('',#4586);
#4489=FILL_AREA_STYLE_COLOUR('',#4587);
#4490=FILL_AREA_STYLE_COLOUR('',#4588);
#4491=FILL_AREA_STYLE_COLOUR('',#4589);
#4492=FILL_AREA_STYLE_COLOUR('',#4590);
#4493=FILL_AREA_STYLE_COLOUR('',#4591);
#4494=FILL_AREA_STYLE_COLOUR('',#4592);
#4495=FILL_AREA_STYLE_COLOUR('',#4593);
#4496=FILL_AREA_STYLE_COLOUR('',#4594);
#4497=FILL_AREA_STYLE_COLOUR('',#4595);
#4498=FILL_AREA_STYLE_COLOUR('',#4596);
#4499=FILL_AREA_STYLE_COLOUR('',#4597);
#4500=FILL_AREA_STYLE_COLOUR('',#4598);
#4501=FILL_AREA_STYLE_COLOUR('',#4599);
#4502=FILL_AREA_STYLE_COLOUR('',#4600);
#4503=FILL_AREA_STYLE_COLOUR('',#4601);
#4504=FILL_AREA_STYLE_COLOUR('',#4602);
#4505=FILL_AREA_STYLE_COLOUR('',#4603);
#4506=FILL_AREA_STYLE_COLOUR('',#4604);
#4507=FILL_AREA_STYLE_COLOUR('',#4605);
#4508=FILL_AREA_STYLE_COLOUR('',#4606);
#4509=FILL_AREA_STYLE_COLOUR('',#4607);
#4510=FILL_AREA_STYLE_COLOUR('',#4608);
#4511=FILL_AREA_STYLE_COLOUR('',#4609);
#4512=FILL_AREA_STYLE_COLOUR('',#4610);
#4513=FILL_AREA_STYLE_COLOUR('',#4611);
#4514=FILL_AREA_STYLE_COLOUR('',#4612);
#4515=FILL_AREA_STYLE_COLOUR('',#4613);
#4516=FILL_AREA_STYLE_COLOUR('',#4614);
#4517=FILL_AREA_STYLE_COLOUR('',#4615);
#4518=FILL_AREA_STYLE_COLOUR('',#4616);
#4519=FILL_AREA_STYLE_COLOUR('',#4617);
#4520=FILL_AREA_STYLE_COLOUR('',#4618);
#4521=FILL_AREA_STYLE_COLOUR('',#4619);
#4522=FILL_AREA_STYLE_COLOUR('',#4620);
#4523=FILL_AREA_STYLE_COLOUR('',#4621);
#4524=FILL_AREA_STYLE_COLOUR('',#4622);
#4525=FILL_AREA_STYLE_COLOUR('',#4623);
#4526=FILL_AREA_STYLE_COLOUR('',#4624);
#4527=FILL_AREA_STYLE_COLOUR('',#4625);
#4528=FILL_AREA_STYLE_COLOUR('',#4626);
#4529=FILL_AREA_STYLE_COLOUR('',#4627);
#4530=FILL_AREA_STYLE_COLOUR('',#4628);
#4531=FILL_AREA_STYLE_COLOUR('',#4629);
#4532=FILL_AREA_STYLE_COLOUR('',#4630);
#4533=FILL_AREA_STYLE_COLOUR('',#4631);
#4534=FILL_AREA_STYLE_COLOUR('',#4632);
#4535=FILL_AREA_STYLE_COLOUR('',#4633);
#4536=FILL_AREA_STYLE_COLOUR('',#4634);
#4537=FILL_AREA_STYLE_COLOUR('',#4635);
#4538=FILL_AREA_STYLE_COLOUR('',#4636);
#4539=FILL_AREA_STYLE_COLOUR('',#4637);
#4540=FILL_AREA_STYLE_COLOUR('',#4638);
#4541=FILL_AREA_STYLE_COLOUR('',#4639);
#4542=FILL_AREA_STYLE_COLOUR('',#4640);
#4543=FILL_AREA_STYLE_COLOUR('',#4641);
#4544=FILL_AREA_STYLE_COLOUR('',#4642);
#4545=FILL_AREA_STYLE_COLOUR('',#4643);
#4546=FILL_AREA_STYLE_COLOUR('',#4644);
#4547=FILL_AREA_STYLE_COLOUR('',#4645);
#4548=FILL_AREA_STYLE_COLOUR('',#4646);
#4549=FILL_AREA_STYLE_COLOUR('',#4647);
#4550=FILL_AREA_STYLE_COLOUR('',#4648);
#4551=FILL_AREA_STYLE_COLOUR('',#4649);
#4552=FILL_AREA_STYLE_COLOUR('',#4650);
#4553=FILL_AREA_STYLE_COLOUR('',#4651);
#4554=FILL_AREA_STYLE_COLOUR('',#4652);
#4555=FILL_AREA_STYLE_COLOUR('',#4653);
#4556=FILL_AREA_STYLE_COLOUR('',#4654);
#4557=FILL_AREA_STYLE_COLOUR('',#4655);
#4558=FILL_AREA_STYLE_COLOUR('',#4656);
#4559=FILL_AREA_STYLE_COLOUR('',#4657);
#4560=FILL_AREA_STYLE_COLOUR('',#4658);
#4561=FILL_AREA_STYLE_COLOUR('',#4659);
#4562=FILL_AREA_STYLE_COLOUR('',#4660);
#4563=FILL_AREA_STYLE_COLOUR('',#4661);
#4564=FILL_AREA_STYLE_COLOUR('',#4662);
#4565=FILL_AREA_STYLE_COLOUR('',#4663);
#4566=FILL_AREA_STYLE_COLOUR('',#4664);
#4567=FILL_AREA_STYLE_COLOUR('',#4665);
#4568=FILL_AREA_STYLE_COLOUR('',#4666);
#4569=FILL_AREA_STYLE_COLOUR('',#4667);
#4570=FILL_AREA_STYLE_COLOUR('',#4668);
#4571=FILL_AREA_STYLE_COLOUR('',#4669);
#4572=FILL_AREA_STYLE_COLOUR('',#4670);
#4573=FILL_AREA_STYLE_COLOUR('',#4671);
#4574=FILL_AREA_STYLE_COLOUR('',#4672);
#4575=FILL_AREA_STYLE_COLOUR('',#4673);
#4576=FILL_AREA_STYLE_COLOUR('',#4674);
#4577=FILL_AREA_STYLE_COLOUR('',#4675);
#4578=FILL_AREA_STYLE_COLOUR('',#4676);
#4579=FILL_AREA_STYLE_COLOUR('',#4677);
#4580=FILL_AREA_STYLE_COLOUR('',#4678);
#4581=FILL_AREA_STYLE_COLOUR('',#4679);
#4582=FILL_AREA_STYLE_COLOUR('',#4680);
#4583=COLOUR_RGB('',0.592156887054443,0.666666686534882,0.682352960109711);
#4584=COLOUR_RGB('',0.592156887054443,0.666666686534882,0.682352960109711);
#4585=COLOUR_RGB('',0.592156887054443,0.666666686534882,0.682352960109711);
#4586=COLOUR_RGB('',0.592156887054443,0.666666686534882,0.682352960109711);
#4587=COLOUR_RGB('',0.592156887054443,0.666666686534882,0.682352960109711);
#4588=COLOUR_RGB('',0.592156887054443,0.666666686534882,0.682352960109711);
#4589=COLOUR_RGB('',0.592156887054443,0.666666686534882,0.682352960109711);
#4590=COLOUR_RGB('',0.592156887054443,0.666666686534882,0.682352960109711);
#4591=COLOUR_RGB('',0.592156887054443,0.666666686534882,0.682352960109711);
#4592=COLOUR_RGB('',0.592156887054443,0.666666686534882,0.682352960109711);
#4593=COLOUR_RGB('',0.592156887054443,0.666666686534882,0.682352960109711);
#4594=COLOUR_RGB('',0.592156887054443,0.666666686534882,0.682352960109711);
#4595=COLOUR_RGB('',0.592156887054443,0.666666686534882,0.682352960109711);
#4596=COLOUR_RGB('',0.592156887054443,0.666666686534882,0.682352960109711);
#4597=COLOUR_RGB('',0.592156887054443,0.666666686534882,0.682352960109711);
#4598=COLOUR_RGB('',0.592156887054443,0.666666686534882,0.682352960109711);
#4599=COLOUR_RGB('',0.592156887054443,0.666666686534882,0.682352960109711);
#4600=COLOUR_RGB('',0.592156887054443,0.666666686534882,0.682352960109711);
#4601=COLOUR_RGB('',0.592156887054443,0.666666686534882,0.682352960109711);
#4602=COLOUR_RGB('',0.592156887054443,0.666666686534882,0.682352960109711);
#4603=COLOUR_RGB('',0.592156887054443,0.666666686534882,0.682352960109711);
#4604=COLOUR_RGB('',0.592156887054443,0.666666686534882,0.682352960109711);
#4605=COLOUR_RGB('',0.592156887054443,0.666666686534882,0.682352960109711);
#4606=COLOUR_RGB('',0.592156887054443,0.666666686534882,0.682352960109711);
#4607=COLOUR_RGB('',0.592156887054443,0.666666686534882,0.682352960109711);
#4608=COLOUR_RGB('',0.592156887054443,0.666666686534882,0.682352960109711);
#4609=COLOUR_RGB('',0.592156887054443,0.666666686534882,0.682352960109711);
#4610=COLOUR_RGB('',0.592156887054443,0.666666686534882,0.682352960109711);
#4611=COLOUR_RGB('',0.592156887054443,0.666666686534882,0.682352960109711);
#4612=COLOUR_RGB('',0.592156887054443,0.666666686534882,0.682352960109711);
#4613=COLOUR_RGB('',0.592156887054443,0.666666686534882,0.682352960109711);
#4614=COLOUR_RGB('',0.592156887054443,0.666666686534882,0.682352960109711);
#4615=COLOUR_RGB('',0.592156887054443,0.666666686534882,0.682352960109711);
#4616=COLOUR_RGB('',0.592156887054443,0.666666686534882,0.682352960109711);
#4617=COLOUR_RGB('',0.592156887054443,0.666666686534882,0.682352960109711);
#4618=COLOUR_RGB('',0.592156887054443,0.666666686534882,0.682352960109711);
#4619=COLOUR_RGB('',0.592156887054443,0.666666686534882,0.682352960109711);
#4620=COLOUR_RGB('',0.592156887054443,0.666666686534882,0.682352960109711);
#4621=COLOUR_RGB('',0.592156887054443,0.666666686534882,0.682352960109711);
#4622=COLOUR_RGB('',0.592156887054443,0.666666686534882,0.682352960109711);
#4623=COLOUR_RGB('',0.592156887054443,0.666666686534882,0.682352960109711);
#4624=COLOUR_RGB('',0.592156887054443,0.666666686534882,0.682352960109711);
#4625=COLOUR_RGB('',0.592156887054443,0.666666686534882,0.682352960109711);
#4626=COLOUR_RGB('',0.592156887054443,0.666666686534882,0.682352960109711);
#4627=COLOUR_RGB('',0.592156887054443,0.666666686534882,0.682352960109711);
#4628=COLOUR_RGB('',0.592156887054443,0.666666686534882,0.682352960109711);
#4629=COLOUR_RGB('',0.592156887054443,0.666666686534882,0.682352960109711);
#4630=COLOUR_RGB('',0.592156887054443,0.666666686534882,0.682352960109711);
#4631=COLOUR_RGB('',0.592156887054443,0.666666686534882,0.682352960109711);
#4632=COLOUR_RGB('',0.592156887054443,0.666666686534882,0.682352960109711);
#4633=COLOUR_RGB('',0.592156887054443,0.666666686534882,0.682352960109711);
#4634=COLOUR_RGB('',0.592156887054443,0.666666686534882,0.682352960109711);
#4635=COLOUR_RGB('',0.592156887054443,0.666666686534882,0.682352960109711);
#4636=COLOUR_RGB('',0.592156887054443,0.666666686534882,0.682352960109711);
#4637=COLOUR_RGB('',0.592156887054443,0.666666686534882,0.682352960109711);
#4638=COLOUR_RGB('',0.592156887054443,0.666666686534882,0.682352960109711);
#4639=COLOUR_RGB('',0.592156887054443,0.666666686534882,0.682352960109711);
#4640=COLOUR_RGB('',0.592156887054443,0.666666686534882,0.682352960109711);
#4641=COLOUR_RGB('',0.592156887054443,0.666666686534882,0.682352960109711);
#4642=COLOUR_RGB('',0.592156887054443,0.666666686534882,0.682352960109711);
#4643=COLOUR_RGB('',0.592156887054443,0.666666686534882,0.682352960109711);
#4644=COLOUR_RGB('',0.592156887054443,0.666666686534882,0.682352960109711);
#4645=COLOUR_RGB('',0.592156887054443,0.666666686534882,0.682352960109711);
#4646=COLOUR_RGB('',0.592156887054443,0.666666686534882,0.682352960109711);
#4647=COLOUR_RGB('',0.592156887054443,0.666666686534882,0.682352960109711);
#4648=COLOUR_RGB('',0.592156887054443,0.666666686534882,0.682352960109711);
#4649=COLOUR_RGB('',0.592156887054443,0.666666686534882,0.682352960109711);
#4650=COLOUR_RGB('',0.592156887054443,0.666666686534882,0.682352960109711);
#4651=COLOUR_RGB('',0.592156887054443,0.666666686534882,0.682352960109711);
#4652=COLOUR_RGB('',0.592156887054443,0.666666686534882,0.682352960109711);
#4653=COLOUR_RGB('',0.592156887054443,0.666666686534882,0.682352960109711);
#4654=COLOUR_RGB('',0.592156887054443,0.666666686534882,0.682352960109711);
#4655=COLOUR_RGB('',0.592156887054443,0.666666686534882,0.682352960109711);
#4656=COLOUR_RGB('',0.592156887054443,0.666666686534882,0.682352960109711);
#4657=COLOUR_RGB('',0.592156887054443,0.666666686534882,0.682352960109711);
#4658=COLOUR_RGB('',0.592156887054443,0.666666686534882,0.682352960109711);
#4659=COLOUR_RGB('',0.592156887054443,0.666666686534882,0.682352960109711);
#4660=COLOUR_RGB('',0.592156887054443,0.666666686534882,0.682352960109711);
#4661=COLOUR_RGB('',0.592156887054443,0.666666686534882,0.682352960109711);
#4662=COLOUR_RGB('',0.592156887054443,0.666666686534882,0.682352960109711);
#4663=COLOUR_RGB('',0.592156887054443,0.666666686534882,0.682352960109711);
#4664=COLOUR_RGB('',0.592156887054443,0.666666686534882,0.682352960109711);
#4665=COLOUR_RGB('',0.592156887054443,0.666666686534882,0.682352960109711);
#4666=COLOUR_RGB('',0.592156887054443,0.666666686534882,0.682352960109711);
#4667=COLOUR_RGB('',0.592156887054443,0.666666686534882,0.682352960109711);
#4668=COLOUR_RGB('',0.592156887054443,0.666666686534882,0.682352960109711);
#4669=COLOUR_RGB('',0.592156887054443,0.666666686534882,0.682352960109711);
#4670=COLOUR_RGB('',0.592156887054443,0.666666686534882,0.682352960109711);
#4671=COLOUR_RGB('',0.592156887054443,0.666666686534882,0.682352960109711);
#4672=COLOUR_RGB('',0.592156887054443,0.666666686534882,0.682352960109711);
#4673=COLOUR_RGB('',0.592156887054443,0.666666686534882,0.682352960109711);
#4674=COLOUR_RGB('',0.592156887054443,0.666666686534882,0.682352960109711);
#4675=COLOUR_RGB('',0.592156887054443,0.666666686534882,0.682352960109711);
#4676=COLOUR_RGB('',0.592156887054443,0.666666686534882,0.682352960109711);
#4677=COLOUR_RGB('',0.592156887054443,0.666666686534882,0.682352960109711);
#4678=COLOUR_RGB('',0.592156887054443,0.666666686534882,0.682352960109711);
#4679=COLOUR_RGB('',0.592156887054443,0.666666686534882,0.682352960109711);
#4680=COLOUR_RGB('',0.941176474094391,0.627451002597809,0.431372553110123);
ENDSEC;
END-ISO-10303-21;
