ISO-10303-21;
HEADER;
FILE_DESCRIPTION(('STEP AP214'),'1');
FILE_NAME('3.stp','2026-06-06T04:28:26',('Boonlert'),('None'),'Spatial InterOp 3D','Cimatron E 12.0',' ');
FILE_SCHEMA(('automotive_design'));
ENDSEC;
DATA;
#1=MECHANICAL_DESIGN_GEOMETRIC_PRESENTATION_REPRESENTATION(' ',(#10,#11,#12,#13,#14,#15,#16,#17,#18,#19,#20,#21,#22,#23,#24,#25,#26,#27,#28,#29,#30,#31,#32,#33,#34,#35,#36,#37,#38,#39,#40,#41,#42,#43,#44,#45,#46,#47,#48,#49,#50,#51,#52,#53,#54,#55,#56,#57,#58,#59,#60,#61,#62,#63,#64,#65,#66,#67,#68,#69,#70,#71,#72,#73,#74,#75,#76,#77,#78,#79,#80,#81,#82,#83,#84,#85,#86,#87,#88,#89,#90,#91,#92,#93,#94,#95,#96,#97,#98,#99,#100,#101,#102,#103,#104,#105,#106,#107,#108,#109,#110,#111,#112,#113,#114,#115,#116,#117,#118,#119,#120,#121,#122,#123,#124,#125,#126,#127,#128,#129,#130,#131,#132,#133,#134,#135,#136,#137,#138,#139,#140,#141,#142,#143,#144,#145,#146,#147,#148,#149,#150,#151,#152,#153,#154,#155,#156,#157,#158,#159,#160,#161,#162,#163,#164,#165,#166,#167,#168,#169,#170,#171,#172,#173,#174,#175,#176,#177,#178,#179,#180,#181,#182,#183,#184,#185,#186,#187,#188,#189,#190,#191,#192,#193,#194,#195,#196,#197,#198,#199,#200,#201,#202,#203,#204,#205,#206,#207,#208,#209,#210,#211,#212,#213,#214,#215,#216,#217,#218,#219,#220,#221,#222,#223,#224,#225,#226,#227,#228,#229,#230,#231,#232,#233,#234,#235,#236,#237,#238,#239,#240,#241,#242,#243,#244,#245,#246,#247,#248,#249,#250,#251,#252,#253,#254,#255,#256,#257,#258,#259,#260,#261,#262,#263,#264,#265,#266,#267,#268,#269,#270,#271,#272,#273,#274,#275,#276,#277,#278,#279,#280,#281,#282,#283,#284,#285,#286,#287,#288,#289,#290,#291,#292,#293,#294,#295,#296,#297,#298,#299,#300,#301,#302,#303,#304,#305,#306,#307,#308,#309,#310,#311,#312,#313,#314,#315,#316,#317,#318,#319,#320,#321,#322,#323,#324,#325,#326,#327,#328,#329,#330,#331,#332,#333,#334,#335,#336,#337,#338,#339,#340,#341,#342,#343,#344,#345,#346,#347,#348,#349,#350,#351,#352,#353,#354,#355,#356,#357,#358,#359,#360,#361,#362,#363,#364,#365,#366,#367,#368,#369,#370,#371,#372,#373,#374,#375,#376,#377,#378,#379,#380,#381,#382,#383,#384,#385,#386,#387,#388,#389,#390,#391,#392,#393,#394,#395,#396,#397,#398,#399,#400,#401,#402,#403,#404,#405,#406,#407,#408,#409,#410,#411,#412,#413,#414,#415,#416,#417,#418,#419,#420,#421,#422,#423,#424,#425,#426,#427,#428,#429,#430,#431,#432,#433,#434,#435,#436,#437,#438,#439,#440,#441,#442,#443,#444,#445,#446,#447,#448,#449,#450,#451,#452,#453,#454,#455,#456,#457,#458,#459,#460,#461,#462,#463,#464,#465,#466,#467,#468,#469,#470,#471,#472,#473,#474,#475,#476,#477,#478,#479,#480,#481,#482,#483,#484,#485,#486,#487,#488,#489,#490,#491,#492,#493,#494,#495,#496,#497,#498,#499,#500,#501,#502,#503,#504,#505,#506,#507,#508,#509,#510,#511,#512,#513,#514,#515,#516,#517,#518,#519,#520,#521,#522,#523,#524,#525,#526,#527,#528,#529,#530,#531,#532,#533,#534,#535,#536,#537,#538,#539,#540,#541,#542,#543,#544,#545,#546,#547,#548,#549,#550,#551,#552,#553,#554,#555,#556,#557,#558,#559,#560,#561,#562,#563,#564,#565,#566,#567,#568,#569,#570,#571,#572,#573,#574,#575,#576,#577,#578,#579,#580,#581,#582,#583,#584,#585,#586,#587,#588,#589,#590,#591,#592,#593,#594),#6);
#2=PRODUCT_DEFINITION_CONTEXT('',#595,'design');
#3=APPLICATION_PROTOCOL_DEFINITION('INTERNATIONAL STANDARD','automotive_design',1994,#595);
#4=PRODUCT_CATEGORY_RELATIONSHIP('NONE','NONE',#596,#597);
#5=SHAPE_DEFINITION_REPRESENTATION(#598,#599);
#6= (GEOMETRIC_REPRESENTATION_CONTEXT(3)GLOBAL_UNCERTAINTY_ASSIGNED_CONTEXT((#602))GLOBAL_UNIT_ASSIGNED_CONTEXT((#604,#605,#606))REPRESENTATION_CONTEXT('NONE','WORKSPACE'));
#10=STYLED_ITEM('',(#608),#609);
#11=STYLED_ITEM('',(#610),#611);
#12=STYLED_ITEM('',(#612),#613);
#13=STYLED_ITEM('',(#614),#615);
#14=STYLED_ITEM('',(#616),#617);
#15=STYLED_ITEM('',(#618),#619);
#16=STYLED_ITEM('',(#620),#621);
#17=STYLED_ITEM('',(#622),#623);
#18=STYLED_ITEM('',(#624),#625);
#19=STYLED_ITEM('',(#626),#627);
#20=STYLED_ITEM('',(#628),#629);
#21=STYLED_ITEM('',(#630),#631);
#22=STYLED_ITEM('',(#632),#633);
#23=STYLED_ITEM('',(#634),#635);
#24=STYLED_ITEM('',(#636),#637);
#25=STYLED_ITEM('',(#638),#639);
#26=STYLED_ITEM('',(#640),#641);
#27=STYLED_ITEM('',(#642),#643);
#28=STYLED_ITEM('',(#644),#645);
#29=STYLED_ITEM('',(#646),#647);
#30=STYLED_ITEM('',(#648),#649);
#31=STYLED_ITEM('',(#650),#651);
#32=STYLED_ITEM('',(#652),#653);
#33=STYLED_ITEM('',(#654),#655);
#34=STYLED_ITEM('',(#656),#657);
#35=STYLED_ITEM('',(#658),#659);
#36=STYLED_ITEM('',(#660),#661);
#37=STYLED_ITEM('',(#662),#663);
#38=STYLED_ITEM('',(#664),#665);
#39=STYLED_ITEM('',(#666),#667);
#40=STYLED_ITEM('',(#668),#669);
#41=STYLED_ITEM('',(#670),#671);
#42=STYLED_ITEM('',(#672),#673);
#43=STYLED_ITEM('',(#674),#675);
#44=STYLED_ITEM('',(#676),#677);
#45=STYLED_ITEM('',(#678),#679);
#46=STYLED_ITEM('',(#680),#681);
#47=STYLED_ITEM('',(#682),#683);
#48=STYLED_ITEM('',(#684),#685);
#49=STYLED_ITEM('',(#686),#687);
#50=STYLED_ITEM('',(#688),#689);
#51=STYLED_ITEM('',(#690),#691);
#52=STYLED_ITEM('',(#692),#693);
#53=STYLED_ITEM('',(#694),#695);
#54=STYLED_ITEM('',(#696),#697);
#55=STYLED_ITEM('',(#698),#699);
#56=STYLED_ITEM('',(#700),#701);
#57=STYLED_ITEM('',(#702),#703);
#58=STYLED_ITEM('',(#704),#705);
#59=STYLED_ITEM('',(#706),#707);
#60=STYLED_ITEM('',(#708),#709);
#61=STYLED_ITEM('',(#710),#711);
#62=STYLED_ITEM('',(#712),#713);
#63=STYLED_ITEM('',(#714),#715);
#64=STYLED_ITEM('',(#716),#717);
#65=STYLED_ITEM('',(#718),#719);
#66=STYLED_ITEM('',(#720),#721);
#67=STYLED_ITEM('',(#722),#723);
#68=STYLED_ITEM('',(#724),#725);
#69=STYLED_ITEM('',(#726),#727);
#70=STYLED_ITEM('',(#728),#729);
#71=STYLED_ITEM('',(#730),#731);
#72=STYLED_ITEM('',(#732),#733);
#73=STYLED_ITEM('',(#734),#735);
#74=STYLED_ITEM('',(#736),#737);
#75=STYLED_ITEM('',(#738),#739);
#76=STYLED_ITEM('',(#740),#741);
#77=STYLED_ITEM('',(#742),#743);
#78=STYLED_ITEM('',(#744),#745);
#79=STYLED_ITEM('',(#746),#747);
#80=STYLED_ITEM('',(#748),#749);
#81=STYLED_ITEM('',(#750),#751);
#82=STYLED_ITEM('',(#752),#753);
#83=STYLED_ITEM('',(#754),#755);
#84=STYLED_ITEM('',(#756),#757);
#85=STYLED_ITEM('',(#758),#759);
#86=STYLED_ITEM('',(#760),#761);
#87=STYLED_ITEM('',(#762),#763);
#88=STYLED_ITEM('',(#764),#765);
#89=STYLED_ITEM('',(#766),#767);
#90=STYLED_ITEM('',(#768),#769);
#91=STYLED_ITEM('',(#770),#771);
#92=STYLED_ITEM('',(#772),#773);
#93=STYLED_ITEM('',(#774),#775);
#94=STYLED_ITEM('',(#776),#777);
#95=STYLED_ITEM('',(#778),#779);
#96=STYLED_ITEM('',(#780),#781);
#97=STYLED_ITEM('',(#782),#783);
#98=STYLED_ITEM('',(#784),#785);
#99=STYLED_ITEM('',(#786),#787);
#100=STYLED_ITEM('',(#788),#789);
#101=STYLED_ITEM('',(#790),#791);
#102=STYLED_ITEM('',(#792),#793);
#103=STYLED_ITEM('',(#794),#795);
#104=STYLED_ITEM('',(#796),#797);
#105=STYLED_ITEM('',(#798),#799);
#106=STYLED_ITEM('',(#800),#801);
#107=STYLED_ITEM('',(#802),#803);
#108=STYLED_ITEM('',(#804),#805);
#109=STYLED_ITEM('',(#806),#807);
#110=STYLED_ITEM('',(#808),#809);
#111=STYLED_ITEM('',(#810),#811);
#112=STYLED_ITEM('',(#812),#813);
#113=STYLED_ITEM('',(#814),#815);
#114=STYLED_ITEM('',(#816),#817);
#115=STYLED_ITEM('',(#818),#819);
#116=STYLED_ITEM('',(#820),#821);
#117=STYLED_ITEM('',(#822),#823);
#118=STYLED_ITEM('',(#824),#825);
#119=STYLED_ITEM('',(#826),#827);
#120=STYLED_ITEM('',(#828),#829);
#121=STYLED_ITEM('',(#830),#831);
#122=STYLED_ITEM('',(#832),#833);
#123=STYLED_ITEM('',(#834),#835);
#124=STYLED_ITEM('',(#836),#837);
#125=STYLED_ITEM('',(#838),#839);
#126=STYLED_ITEM('',(#840),#841);
#127=STYLED_ITEM('',(#842),#843);
#128=STYLED_ITEM('',(#844),#845);
#129=STYLED_ITEM('',(#846),#847);
#130=STYLED_ITEM('',(#848),#849);
#131=STYLED_ITEM('',(#850),#851);
#132=STYLED_ITEM('',(#852),#853);
#133=STYLED_ITEM('',(#854),#855);
#134=STYLED_ITEM('',(#856),#857);
#135=STYLED_ITEM('',(#858),#859);
#136=STYLED_ITEM('',(#860),#861);
#137=STYLED_ITEM('',(#862),#863);
#138=STYLED_ITEM('',(#864),#865);
#139=STYLED_ITEM('',(#866),#867);
#140=STYLED_ITEM('',(#868),#869);
#141=STYLED_ITEM('',(#870),#871);
#142=STYLED_ITEM('',(#872),#873);
#143=STYLED_ITEM('',(#874),#875);
#144=STYLED_ITEM('',(#876),#877);
#145=STYLED_ITEM('',(#878),#879);
#146=STYLED_ITEM('',(#880),#881);
#147=STYLED_ITEM('',(#882),#883);
#148=STYLED_ITEM('',(#884),#885);
#149=STYLED_ITEM('',(#886),#887);
#150=STYLED_ITEM('',(#888),#889);
#151=STYLED_ITEM('',(#890),#891);
#152=STYLED_ITEM('',(#892),#893);
#153=STYLED_ITEM('',(#894),#895);
#154=STYLED_ITEM('',(#896),#897);
#155=STYLED_ITEM('',(#898),#899);
#156=STYLED_ITEM('',(#900),#901);
#157=STYLED_ITEM('',(#902),#903);
#158=STYLED_ITEM('',(#904),#905);
#159=STYLED_ITEM('',(#906),#907);
#160=STYLED_ITEM('',(#908),#909);
#161=STYLED_ITEM('',(#910),#911);
#162=STYLED_ITEM('',(#912),#913);
#163=STYLED_ITEM('',(#914),#915);
#164=STYLED_ITEM('',(#916),#917);
#165=STYLED_ITEM('',(#918),#919);
#166=STYLED_ITEM('',(#920),#921);
#167=STYLED_ITEM('',(#922),#923);
#168=STYLED_ITEM('',(#924),#925);
#169=STYLED_ITEM('',(#926),#927);
#170=STYLED_ITEM('',(#928),#929);
#171=STYLED_ITEM('',(#930),#931);
#172=STYLED_ITEM('',(#932),#933);
#173=STYLED_ITEM('',(#934),#935);
#174=STYLED_ITEM('',(#936),#937);
#175=STYLED_ITEM('',(#938),#939);
#176=STYLED_ITEM('',(#940),#941);
#177=STYLED_ITEM('',(#942),#943);
#178=STYLED_ITEM('',(#944),#945);
#179=STYLED_ITEM('',(#946),#947);
#180=STYLED_ITEM('',(#948),#949);
#181=STYLED_ITEM('',(#950),#951);
#182=STYLED_ITEM('',(#952),#953);
#183=STYLED_ITEM('',(#954),#955);
#184=STYLED_ITEM('',(#956),#957);
#185=STYLED_ITEM('',(#958),#959);
#186=STYLED_ITEM('',(#960),#961);
#187=STYLED_ITEM('',(#962),#963);
#188=STYLED_ITEM('',(#964),#965);
#189=STYLED_ITEM('',(#966),#967);
#190=STYLED_ITEM('',(#968),#969);
#191=STYLED_ITEM('',(#970),#971);
#192=STYLED_ITEM('',(#972),#973);
#193=STYLED_ITEM('',(#974),#975);
#194=STYLED_ITEM('',(#976),#977);
#195=STYLED_ITEM('',(#978),#979);
#196=STYLED_ITEM('',(#980),#981);
#197=STYLED_ITEM('',(#982),#983);
#198=STYLED_ITEM('',(#984),#985);
#199=STYLED_ITEM('',(#986),#987);
#200=STYLED_ITEM('',(#988),#989);
#201=STYLED_ITEM('',(#990),#991);
#202=STYLED_ITEM('',(#992),#993);
#203=STYLED_ITEM('',(#994),#995);
#204=STYLED_ITEM('',(#996),#997);
#205=STYLED_ITEM('',(#998),#999);
#206=STYLED_ITEM('',(#1000),#1001);
#207=STYLED_ITEM('',(#1002),#1003);
#208=STYLED_ITEM('',(#1004),#1005);
#209=STYLED_ITEM('',(#1006),#1007);
#210=STYLED_ITEM('',(#1008),#1009);
#211=STYLED_ITEM('',(#1010),#1011);
#212=STYLED_ITEM('',(#1012),#1013);
#213=STYLED_ITEM('',(#1014),#1015);
#214=STYLED_ITEM('',(#1016),#1017);
#215=STYLED_ITEM('',(#1018),#1019);
#216=STYLED_ITEM('',(#1020),#1021);
#217=STYLED_ITEM('',(#1022),#1023);
#218=STYLED_ITEM('',(#1024),#1025);
#219=STYLED_ITEM('',(#1026),#1027);
#220=STYLED_ITEM('',(#1028),#1029);
#221=STYLED_ITEM('',(#1030),#1031);
#222=STYLED_ITEM('',(#1032),#1033);
#223=STYLED_ITEM('',(#1034),#1035);
#224=STYLED_ITEM('',(#1036),#1037);
#225=STYLED_ITEM('',(#1038),#1039);
#226=STYLED_ITEM('',(#1040),#1041);
#227=STYLED_ITEM('',(#1042),#1043);
#228=STYLED_ITEM('',(#1044),#1045);
#229=STYLED_ITEM('',(#1046),#1047);
#230=STYLED_ITEM('',(#1048),#1049);
#231=STYLED_ITEM('',(#1050),#1051);
#232=STYLED_ITEM('',(#1052),#1053);
#233=STYLED_ITEM('',(#1054),#1055);
#234=STYLED_ITEM('',(#1056),#1057);
#235=STYLED_ITEM('',(#1058),#1059);
#236=STYLED_ITEM('',(#1060),#1061);
#237=STYLED_ITEM('',(#1062),#1063);
#238=STYLED_ITEM('',(#1064),#1065);
#239=STYLED_ITEM('',(#1066),#1067);
#240=STYLED_ITEM('',(#1068),#1069);
#241=STYLED_ITEM('',(#1070),#1071);
#242=STYLED_ITEM('',(#1072),#1073);
#243=STYLED_ITEM('',(#1074),#1075);
#244=STYLED_ITEM('',(#1076),#1077);
#245=STYLED_ITEM('',(#1078),#1079);
#246=STYLED_ITEM('',(#1080),#1081);
#247=STYLED_ITEM('',(#1082),#1083);
#248=STYLED_ITEM('',(#1084),#1085);
#249=STYLED_ITEM('',(#1086),#1087);
#250=STYLED_ITEM('',(#1088),#1089);
#251=STYLED_ITEM('',(#1090),#1091);
#252=STYLED_ITEM('',(#1092),#1093);
#253=STYLED_ITEM('',(#1094),#1095);
#254=STYLED_ITEM('',(#1096),#1097);
#255=STYLED_ITEM('',(#1098),#1099);
#256=STYLED_ITEM('',(#1100),#1101);
#257=STYLED_ITEM('',(#1102),#1103);
#258=STYLED_ITEM('',(#1104),#1105);
#259=STYLED_ITEM('',(#1106),#1107);
#260=STYLED_ITEM('',(#1108),#1109);
#261=STYLED_ITEM('',(#1110),#1111);
#262=STYLED_ITEM('',(#1112),#1113);
#263=STYLED_ITEM('',(#1114),#1115);
#264=STYLED_ITEM('',(#1116),#1117);
#265=STYLED_ITEM('',(#1118),#1119);
#266=STYLED_ITEM('',(#1120),#1121);
#267=STYLED_ITEM('',(#1122),#1123);
#268=STYLED_ITEM('',(#1124),#1125);
#269=STYLED_ITEM('',(#1126),#1127);
#270=STYLED_ITEM('',(#1128),#1129);
#271=STYLED_ITEM('',(#1130),#1131);
#272=STYLED_ITEM('',(#1132),#1133);
#273=STYLED_ITEM('',(#1134),#1135);
#274=STYLED_ITEM('',(#1136),#1137);
#275=STYLED_ITEM('',(#1138),#1139);
#276=STYLED_ITEM('',(#1140),#1141);
#277=STYLED_ITEM('',(#1142),#1143);
#278=STYLED_ITEM('',(#1144),#1145);
#279=STYLED_ITEM('',(#1146),#1147);
#280=STYLED_ITEM('',(#1148),#1149);
#281=STYLED_ITEM('',(#1150),#1151);
#282=STYLED_ITEM('',(#1152),#1153);
#283=STYLED_ITEM('',(#1154),#1155);
#284=STYLED_ITEM('',(#1156),#1157);
#285=STYLED_ITEM('',(#1158),#1159);
#286=STYLED_ITEM('',(#1160),#1161);
#287=STYLED_ITEM('',(#1162),#1163);
#288=STYLED_ITEM('',(#1164),#1165);
#289=STYLED_ITEM('',(#1166),#1167);
#290=STYLED_ITEM('',(#1168),#1169);
#291=STYLED_ITEM('',(#1170),#1171);
#292=STYLED_ITEM('',(#1172),#1173);
#293=STYLED_ITEM('',(#1174),#1175);
#294=STYLED_ITEM('',(#1176),#1177);
#295=STYLED_ITEM('',(#1178),#1179);
#296=STYLED_ITEM('',(#1180),#1181);
#297=STYLED_ITEM('',(#1182),#1183);
#298=STYLED_ITEM('',(#1184),#1185);
#299=STYLED_ITEM('',(#1186),#1187);
#300=STYLED_ITEM('',(#1188),#1189);
#301=STYLED_ITEM('',(#1190),#1191);
#302=STYLED_ITEM('',(#1192),#1193);
#303=STYLED_ITEM('',(#1194),#1195);
#304=STYLED_ITEM('',(#1196),#1197);
#305=STYLED_ITEM('',(#1198),#1199);
#306=STYLED_ITEM('',(#1200),#1201);
#307=STYLED_ITEM('',(#1202),#1203);
#308=STYLED_ITEM('',(#1204),#1205);
#309=STYLED_ITEM('',(#1206),#1207);
#310=STYLED_ITEM('',(#1208),#1209);
#311=STYLED_ITEM('',(#1210),#1211);
#312=STYLED_ITEM('',(#1212),#1213);
#313=STYLED_ITEM('',(#1214),#1215);
#314=STYLED_ITEM('',(#1216),#1217);
#315=STYLED_ITEM('',(#1218),#1219);
#316=STYLED_ITEM('',(#1220),#1221);
#317=STYLED_ITEM('',(#1222),#1223);
#318=STYLED_ITEM('',(#1224),#1225);
#319=STYLED_ITEM('',(#1226),#1227);
#320=STYLED_ITEM('',(#1228),#1229);
#321=STYLED_ITEM('',(#1230),#1231);
#322=STYLED_ITEM('',(#1232),#1233);
#323=STYLED_ITEM('',(#1234),#1235);
#324=STYLED_ITEM('',(#1236),#1237);
#325=STYLED_ITEM('',(#1238),#1239);
#326=STYLED_ITEM('',(#1240),#1241);
#327=STYLED_ITEM('',(#1242),#1243);
#328=STYLED_ITEM('',(#1244),#1245);
#329=STYLED_ITEM('',(#1246),#1247);
#330=STYLED_ITEM('',(#1248),#1249);
#331=STYLED_ITEM('',(#1250),#1251);
#332=STYLED_ITEM('',(#1252),#1253);
#333=STYLED_ITEM('',(#1254),#1255);
#334=STYLED_ITEM('',(#1256),#1257);
#335=STYLED_ITEM('',(#1258),#1259);
#336=STYLED_ITEM('',(#1260),#1261);
#337=STYLED_ITEM('',(#1262),#1263);
#338=STYLED_ITEM('',(#1264),#1265);
#339=STYLED_ITEM('',(#1266),#1267);
#340=STYLED_ITEM('',(#1268),#1269);
#341=STYLED_ITEM('',(#1270),#1271);
#342=STYLED_ITEM('',(#1272),#1273);
#343=STYLED_ITEM('',(#1274),#1275);
#344=STYLED_ITEM('',(#1276),#1277);
#345=STYLED_ITEM('',(#1278),#1279);
#346=STYLED_ITEM('',(#1280),#1281);
#347=STYLED_ITEM('',(#1282),#1283);
#348=STYLED_ITEM('',(#1284),#1285);
#349=STYLED_ITEM('',(#1286),#1287);
#350=STYLED_ITEM('',(#1288),#1289);
#351=STYLED_ITEM('',(#1290),#1291);
#352=STYLED_ITEM('',(#1292),#1293);
#353=STYLED_ITEM('',(#1294),#1295);
#354=STYLED_ITEM('',(#1296),#1297);
#355=STYLED_ITEM('',(#1298),#1299);
#356=STYLED_ITEM('',(#1300),#1301);
#357=STYLED_ITEM('',(#1302),#1303);
#358=STYLED_ITEM('',(#1304),#1305);
#359=STYLED_ITEM('',(#1306),#1307);
#360=STYLED_ITEM('',(#1308),#1309);
#361=STYLED_ITEM('',(#1310),#1311);
#362=STYLED_ITEM('',(#1312),#1313);
#363=STYLED_ITEM('',(#1314),#1315);
#364=STYLED_ITEM('',(#1316),#1317);
#365=STYLED_ITEM('',(#1318),#1319);
#366=STYLED_ITEM('',(#1320),#1321);
#367=STYLED_ITEM('',(#1322),#1323);
#368=STYLED_ITEM('',(#1324),#1325);
#369=STYLED_ITEM('',(#1326),#1327);
#370=STYLED_ITEM('',(#1328),#1329);
#371=STYLED_ITEM('',(#1330),#1331);
#372=STYLED_ITEM('',(#1332),#1333);
#373=STYLED_ITEM('',(#1334),#1335);
#374=STYLED_ITEM('',(#1336),#1337);
#375=STYLED_ITEM('',(#1338),#1339);
#376=STYLED_ITEM('',(#1340),#1341);
#377=STYLED_ITEM('',(#1342),#1343);
#378=STYLED_ITEM('',(#1344),#1345);
#379=STYLED_ITEM('',(#1346),#1347);
#380=STYLED_ITEM('',(#1348),#1349);
#381=STYLED_ITEM('',(#1350),#1351);
#382=STYLED_ITEM('',(#1352),#1353);
#383=STYLED_ITEM('',(#1354),#1355);
#384=STYLED_ITEM('',(#1356),#1357);
#385=STYLED_ITEM('',(#1358),#1359);
#386=STYLED_ITEM('',(#1360),#1361);
#387=STYLED_ITEM('',(#1362),#1363);
#388=STYLED_ITEM('',(#1364),#1365);
#389=STYLED_ITEM('',(#1366),#1367);
#390=STYLED_ITEM('',(#1368),#1369);
#391=STYLED_ITEM('',(#1370),#1371);
#392=STYLED_ITEM('',(#1372),#1373);
#393=STYLED_ITEM('',(#1374),#1375);
#394=STYLED_ITEM('',(#1376),#1377);
#395=STYLED_ITEM('',(#1378),#1379);
#396=STYLED_ITEM('',(#1380),#1381);
#397=STYLED_ITEM('',(#1382),#1383);
#398=STYLED_ITEM('',(#1384),#1385);
#399=STYLED_ITEM('',(#1386),#1387);
#400=STYLED_ITEM('',(#1388),#1389);
#401=STYLED_ITEM('',(#1390),#1391);
#402=STYLED_ITEM('',(#1392),#1393);
#403=STYLED_ITEM('',(#1394),#1395);
#404=STYLED_ITEM('',(#1396),#1397);
#405=STYLED_ITEM('',(#1398),#1399);
#406=STYLED_ITEM('',(#1400),#1401);
#407=STYLED_ITEM('',(#1402),#1403);
#408=STYLED_ITEM('',(#1404),#1405);
#409=STYLED_ITEM('',(#1406),#1407);
#410=STYLED_ITEM('',(#1408),#1409);
#411=STYLED_ITEM('',(#1410),#1411);
#412=STYLED_ITEM('',(#1412),#1413);
#413=STYLED_ITEM('',(#1414),#1415);
#414=STYLED_ITEM('',(#1416),#1417);
#415=STYLED_ITEM('',(#1418),#1419);
#416=STYLED_ITEM('',(#1420),#1421);
#417=STYLED_ITEM('',(#1422),#1423);
#418=STYLED_ITEM('',(#1424),#1425);
#419=STYLED_ITEM('',(#1426),#1427);
#420=STYLED_ITEM('',(#1428),#1429);
#421=STYLED_ITEM('',(#1430),#1431);
#422=STYLED_ITEM('',(#1432),#1433);
#423=STYLED_ITEM('',(#1434),#1435);
#424=STYLED_ITEM('',(#1436),#1437);
#425=STYLED_ITEM('',(#1438),#1439);
#426=STYLED_ITEM('',(#1440),#1441);
#427=STYLED_ITEM('',(#1442),#1443);
#428=STYLED_ITEM('',(#1444),#1445);
#429=STYLED_ITEM('',(#1446),#1447);
#430=STYLED_ITEM('',(#1448),#1449);
#431=STYLED_ITEM('',(#1450),#1451);
#432=STYLED_ITEM('',(#1452),#1453);
#433=STYLED_ITEM('',(#1454),#1455);
#434=STYLED_ITEM('',(#1456),#1457);
#435=STYLED_ITEM('',(#1458),#1459);
#436=STYLED_ITEM('',(#1460),#1461);
#437=STYLED_ITEM('',(#1462),#1463);
#438=STYLED_ITEM('',(#1464),#1465);
#439=STYLED_ITEM('',(#1466),#1467);
#440=STYLED_ITEM('',(#1468),#1469);
#441=STYLED_ITEM('',(#1470),#1471);
#442=STYLED_ITEM('',(#1472),#1473);
#443=STYLED_ITEM('',(#1474),#1475);
#444=STYLED_ITEM('',(#1476),#1477);
#445=STYLED_ITEM('',(#1478),#1479);
#446=STYLED_ITEM('',(#1480),#1481);
#447=STYLED_ITEM('',(#1482),#1483);
#448=STYLED_ITEM('',(#1484),#1485);
#449=STYLED_ITEM('',(#1486),#1487);
#450=STYLED_ITEM('',(#1488),#1489);
#451=STYLED_ITEM('',(#1490),#1491);
#452=STYLED_ITEM('',(#1492),#1493);
#453=STYLED_ITEM('',(#1494),#1495);
#454=STYLED_ITEM('',(#1496),#1497);
#455=STYLED_ITEM('',(#1498),#1499);
#456=STYLED_ITEM('',(#1500),#1501);
#457=STYLED_ITEM('',(#1502),#1503);
#458=STYLED_ITEM('',(#1504),#1505);
#459=STYLED_ITEM('',(#1506),#1507);
#460=STYLED_ITEM('',(#1508),#1509);
#461=STYLED_ITEM('',(#1510),#1511);
#462=STYLED_ITEM('',(#1512),#1513);
#463=STYLED_ITEM('',(#1514),#1515);
#464=STYLED_ITEM('',(#1516),#1517);
#465=STYLED_ITEM('',(#1518),#1519);
#466=STYLED_ITEM('',(#1520),#1521);
#467=STYLED_ITEM('',(#1522),#1523);
#468=STYLED_ITEM('',(#1524),#1525);
#469=STYLED_ITEM('',(#1526),#1527);
#470=STYLED_ITEM('',(#1528),#1529);
#471=STYLED_ITEM('',(#1530),#1531);
#472=STYLED_ITEM('',(#1532),#1533);
#473=STYLED_ITEM('',(#1534),#1535);
#474=STYLED_ITEM('',(#1536),#1537);
#475=STYLED_ITEM('',(#1538),#1539);
#476=STYLED_ITEM('',(#1540),#1541);
#477=STYLED_ITEM('',(#1542),#1543);
#478=STYLED_ITEM('',(#1544),#1545);
#479=STYLED_ITEM('',(#1546),#1547);
#480=STYLED_ITEM('',(#1548),#1549);
#481=STYLED_ITEM('',(#1550),#1551);
#482=STYLED_ITEM('',(#1552),#1553);
#483=STYLED_ITEM('',(#1554),#1555);
#484=STYLED_ITEM('',(#1556),#1557);
#485=STYLED_ITEM('',(#1558),#1559);
#486=STYLED_ITEM('',(#1560),#1561);
#487=STYLED_ITEM('',(#1562),#1563);
#488=STYLED_ITEM('',(#1564),#1565);
#489=STYLED_ITEM('',(#1566),#1567);
#490=STYLED_ITEM('',(#1568),#1569);
#491=STYLED_ITEM('',(#1570),#1571);
#492=STYLED_ITEM('',(#1572),#1573);
#493=STYLED_ITEM('',(#1574),#1575);
#494=STYLED_ITEM('',(#1576),#1577);
#495=STYLED_ITEM('',(#1578),#1579);
#496=STYLED_ITEM('',(#1580),#1581);
#497=STYLED_ITEM('',(#1582),#1583);
#498=STYLED_ITEM('',(#1584),#1585);
#499=STYLED_ITEM('',(#1586),#1587);
#500=STYLED_ITEM('',(#1588),#1589);
#501=STYLED_ITEM('',(#1590),#1591);
#502=STYLED_ITEM('',(#1592),#1593);
#503=STYLED_ITEM('',(#1594),#1595);
#504=STYLED_ITEM('',(#1596),#1597);
#505=STYLED_ITEM('',(#1598),#1599);
#506=STYLED_ITEM('',(#1600),#1601);
#507=STYLED_ITEM('',(#1602),#1603);
#508=STYLED_ITEM('',(#1604),#1605);
#509=STYLED_ITEM('',(#1606),#1607);
#510=STYLED_ITEM('',(#1608),#1609);
#511=STYLED_ITEM('',(#1610),#1611);
#512=STYLED_ITEM('',(#1612),#1613);
#513=STYLED_ITEM('',(#1614),#1615);
#514=STYLED_ITEM('',(#1616),#1617);
#515=STYLED_ITEM('',(#1618),#1619);
#516=STYLED_ITEM('',(#1620),#1621);
#517=STYLED_ITEM('',(#1622),#1623);
#518=STYLED_ITEM('',(#1624),#1625);
#519=STYLED_ITEM('',(#1626),#1627);
#520=STYLED_ITEM('',(#1628),#1629);
#521=STYLED_ITEM('',(#1630),#1631);
#522=STYLED_ITEM('',(#1632),#1633);
#523=STYLED_ITEM('',(#1634),#1635);
#524=STYLED_ITEM('',(#1636),#1637);
#525=STYLED_ITEM('',(#1638),#1639);
#526=STYLED_ITEM('',(#1640),#1641);
#527=STYLED_ITEM('',(#1642),#1643);
#528=STYLED_ITEM('',(#1644),#1645);
#529=STYLED_ITEM('',(#1646),#1647);
#530=STYLED_ITEM('',(#1648),#1649);
#531=STYLED_ITEM('',(#1650),#1651);
#532=STYLED_ITEM('',(#1652),#1653);
#533=STYLED_ITEM('',(#1654),#1655);
#534=STYLED_ITEM('',(#1656),#1657);
#535=STYLED_ITEM('',(#1658),#1659);
#536=STYLED_ITEM('',(#1660),#1661);
#537=STYLED_ITEM('',(#1662),#1663);
#538=STYLED_ITEM('',(#1664),#1665);
#539=STYLED_ITEM('',(#1666),#1667);
#540=STYLED_ITEM('',(#1668),#1669);
#541=STYLED_ITEM('',(#1670),#1671);
#542=STYLED_ITEM('',(#1672),#1673);
#543=STYLED_ITEM('',(#1674),#1675);
#544=STYLED_ITEM('',(#1676),#1677);
#545=STYLED_ITEM('',(#1678),#1679);
#546=STYLED_ITEM('',(#1680),#1681);
#547=STYLED_ITEM('',(#1682),#1683);
#548=STYLED_ITEM('',(#1684),#1685);
#549=STYLED_ITEM('',(#1686),#1687);
#550=STYLED_ITEM('',(#1688),#1689);
#551=STYLED_ITEM('',(#1690),#1691);
#552=STYLED_ITEM('',(#1692),#1693);
#553=STYLED_ITEM('',(#1694),#1695);
#554=STYLED_ITEM('',(#1696),#1697);
#555=STYLED_ITEM('',(#1698),#1699);
#556=STYLED_ITEM('',(#1700),#1701);
#557=STYLED_ITEM('',(#1702),#1703);
#558=STYLED_ITEM('',(#1704),#1705);
#559=STYLED_ITEM('',(#1706),#1707);
#560=STYLED_ITEM('',(#1708),#1709);
#561=STYLED_ITEM('',(#1710),#1711);
#562=STYLED_ITEM('',(#1712),#1713);
#563=STYLED_ITEM('',(#1714),#1715);
#564=STYLED_ITEM('',(#1716),#1717);
#565=STYLED_ITEM('',(#1718),#1719);
#566=STYLED_ITEM('',(#1720),#1721);
#567=STYLED_ITEM('',(#1722),#1723);
#568=STYLED_ITEM('',(#1724),#1725);
#569=STYLED_ITEM('',(#1726),#1727);
#570=STYLED_ITEM('',(#1728),#1729);
#571=STYLED_ITEM('',(#1730),#1731);
#572=STYLED_ITEM('',(#1732),#1733);
#573=STYLED_ITEM('',(#1734),#1735);
#574=STYLED_ITEM('',(#1736),#1737);
#575=STYLED_ITEM('',(#1738),#1739);
#576=STYLED_ITEM('',(#1740),#1741);
#577=STYLED_ITEM('',(#1742),#1743);
#578=STYLED_ITEM('',(#1744),#1745);
#579=STYLED_ITEM('',(#1746),#1747);
#580=STYLED_ITEM('',(#1748),#1749);
#581=STYLED_ITEM('',(#1750),#1751);
#582=STYLED_ITEM('',(#1752),#1753);
#583=STYLED_ITEM('',(#1754),#1755);
#584=STYLED_ITEM('',(#1756),#1757);
#585=STYLED_ITEM('',(#1758),#1759);
#586=STYLED_ITEM('',(#1760),#1761);
#587=STYLED_ITEM('',(#1762),#1763);
#588=STYLED_ITEM('',(#1764),#1765);
#589=STYLED_ITEM('',(#1766),#1767);
#590=STYLED_ITEM('',(#1768),#1769);
#591=STYLED_ITEM('',(#1770),#1771);
#592=STYLED_ITEM('',(#1772),#1773);
#593=STYLED_ITEM('',(#1774),#1775);
#594=STYLED_ITEM('',(#1776),#1777);
#595=APPLICATION_CONTEXT(' ');
#596=PRODUCT_CATEGORY('part','NONE');
#597=PRODUCT_RELATED_PRODUCT_CATEGORY('detail',' ',(#1778));
#598=PRODUCT_DEFINITION_SHAPE('NONE','NONE',#1779);
#599=ADVANCED_BREP_SHAPE_REPRESENTATION('1',(#1777,#1780),#6);
#602=UNCERTAINTY_MEASURE_WITH_UNIT(LENGTH_MEASURE(1.0E-006),#604,'','');
#604= (CONVERSION_BASED_UNIT('MILLIMETRE',#1783)LENGTH_UNIT()NAMED_UNIT(#1786));
#605= (NAMED_UNIT(#1788)PLANE_ANGLE_UNIT()SI_UNIT($,.RADIAN.));
#606= (NAMED_UNIT(#1788)SOLID_ANGLE_UNIT()SI_UNIT($,.STERADIAN.));
#608=PRESENTATION_STYLE_ASSIGNMENT((#1794));
#609=ADVANCED_FACE('',(#1795),#1796,.F.);
#610=PRESENTATION_STYLE_ASSIGNMENT((#1797));
#611=ADVANCED_FACE('',(#1798),#1799,.F.);
#612=PRESENTATION_STYLE_ASSIGNMENT((#1800));
#613=ADVANCED_FACE('',(#1801),#1802,.F.);
#614=PRESENTATION_STYLE_ASSIGNMENT((#1803));
#615=ADVANCED_FACE('',(#1804),#1805,.F.);
#616=PRESENTATION_STYLE_ASSIGNMENT((#1806));
#617=ADVANCED_FACE('',(#1807),#1808,.F.);
#618=PRESENTATION_STYLE_ASSIGNMENT((#1809));
#619=ADVANCED_FACE('',(#1810),#1811,.F.);
#620=PRESENTATION_STYLE_ASSIGNMENT((#1812));
#621=ADVANCED_FACE('',(#1813),#1814,.F.);
#622=PRESENTATION_STYLE_ASSIGNMENT((#1815));
#623=ADVANCED_FACE('',(#1816),#1817,.F.);
#624=PRESENTATION_STYLE_ASSIGNMENT((#1818));
#625=ADVANCED_FACE('',(#1819),#1820,.F.);
#626=PRESENTATION_STYLE_ASSIGNMENT((#1821));
#627=ADVANCED_FACE('',(#1822),#1823,.F.);
#628=PRESENTATION_STYLE_ASSIGNMENT((#1824));
#629=ADVANCED_FACE('',(#1825),#1826,.F.);
#630=PRESENTATION_STYLE_ASSIGNMENT((#1827));
#631=ADVANCED_FACE('',(#1828),#1829,.F.);
#632=PRESENTATION_STYLE_ASSIGNMENT((#1830));
#633=ADVANCED_FACE('',(#1831),#1832,.F.);
#634=PRESENTATION_STYLE_ASSIGNMENT((#1833));
#635=ADVANCED_FACE('',(#1834),#1835,.F.);
#636=PRESENTATION_STYLE_ASSIGNMENT((#1836));
#637=ADVANCED_FACE('',(#1837),#1838,.T.);
#638=PRESENTATION_STYLE_ASSIGNMENT((#1839));
#639=ADVANCED_FACE('',(#1840),#1841,.T.);
#640=PRESENTATION_STYLE_ASSIGNMENT((#1842));
#641=ADVANCED_FACE('',(#1843),#1844,.T.);
#642=PRESENTATION_STYLE_ASSIGNMENT((#1845));
#643=ADVANCED_FACE('',(#1846),#1847,.T.);
#644=PRESENTATION_STYLE_ASSIGNMENT((#1848));
#645=ADVANCED_FACE('',(#1849),#1850,.T.);
#646=PRESENTATION_STYLE_ASSIGNMENT((#1851));
#647=ADVANCED_FACE('',(#1852),#1853,.F.);
#648=PRESENTATION_STYLE_ASSIGNMENT((#1854));
#649=ADVANCED_FACE('',(#1855),#1856,.T.);
#650=PRESENTATION_STYLE_ASSIGNMENT((#1857));
#651=ADVANCED_FACE('',(#1858),#1859,.T.);
#652=PRESENTATION_STYLE_ASSIGNMENT((#1860));
#653=ADVANCED_FACE('',(#1861),#1862,.F.);
#654=PRESENTATION_STYLE_ASSIGNMENT((#1863));
#655=ADVANCED_FACE('',(#1864),#1865,.T.);
#656=PRESENTATION_STYLE_ASSIGNMENT((#1866));
#657=ADVANCED_FACE('',(#1867),#1868,.T.);
#658=PRESENTATION_STYLE_ASSIGNMENT((#1869));
#659=ADVANCED_FACE('',(#1870),#1871,.T.);
#660=PRESENTATION_STYLE_ASSIGNMENT((#1872));
#661=ADVANCED_FACE('',(#1873),#1874,.T.);
#662=PRESENTATION_STYLE_ASSIGNMENT((#1875));
#663=ADVANCED_FACE('',(#1876),#1877,.T.);
#664=PRESENTATION_STYLE_ASSIGNMENT((#1878));
#665=ADVANCED_FACE('',(#1879),#1880,.T.);
#666=PRESENTATION_STYLE_ASSIGNMENT((#1881));
#667=ADVANCED_FACE('',(#1882),#1883,.T.);
#668=PRESENTATION_STYLE_ASSIGNMENT((#1884));
#669=ADVANCED_FACE('',(#1885),#1886,.T.);
#670=PRESENTATION_STYLE_ASSIGNMENT((#1887));
#671=ADVANCED_FACE('',(#1888),#1889,.T.);
#672=PRESENTATION_STYLE_ASSIGNMENT((#1890));
#673=ADVANCED_FACE('',(#1891,#1892,#1893,#1894,#1895,#1896,#1897,#1898,#1899,#1900,#1901,#1902),#1903,.F.);
#674=PRESENTATION_STYLE_ASSIGNMENT((#1904));
#675=ADVANCED_FACE('',(#1905),#1906,.F.);
#676=PRESENTATION_STYLE_ASSIGNMENT((#1907));
#677=ADVANCED_FACE('',(#1908),#1909,.T.);
#678=PRESENTATION_STYLE_ASSIGNMENT((#1910));
#679=ADVANCED_FACE('',(#1911),#1912,.T.);
#680=PRESENTATION_STYLE_ASSIGNMENT((#1913));
#681=ADVANCED_FACE('',(#1914),#1915,.T.);
#682=PRESENTATION_STYLE_ASSIGNMENT((#1916));
#683=ADVANCED_FACE('',(#1917),#1918,.T.);
#684=PRESENTATION_STYLE_ASSIGNMENT((#1919));
#685=ADVANCED_FACE('',(#1920),#1921,.T.);
#686=PRESENTATION_STYLE_ASSIGNMENT((#1922));
#687=ADVANCED_FACE('',(#1923),#1924,.T.);
#688=PRESENTATION_STYLE_ASSIGNMENT((#1925));
#689=ADVANCED_FACE('',(#1926),#1927,.T.);
#690=PRESENTATION_STYLE_ASSIGNMENT((#1928));
#691=ADVANCED_FACE('',(#1929),#1930,.T.);
#692=PRESENTATION_STYLE_ASSIGNMENT((#1931));
#693=ADVANCED_FACE('',(#1932),#1933,.T.);
#694=PRESENTATION_STYLE_ASSIGNMENT((#1934));
#695=ADVANCED_FACE('',(#1935),#1936,.T.);
#696=PRESENTATION_STYLE_ASSIGNMENT((#1937));
#697=ADVANCED_FACE('',(#1938),#1939,.T.);
#698=PRESENTATION_STYLE_ASSIGNMENT((#1940));
#699=ADVANCED_FACE('',(#1941),#1942,.T.);
#700=PRESENTATION_STYLE_ASSIGNMENT((#1943));
#701=ADVANCED_FACE('',(#1944),#1945,.T.);
#702=PRESENTATION_STYLE_ASSIGNMENT((#1946));
#703=ADVANCED_FACE('',(#1947),#1948,.F.);
#704=PRESENTATION_STYLE_ASSIGNMENT((#1949));
#705=ADVANCED_FACE('',(#1950),#1951,.T.);
#706=PRESENTATION_STYLE_ASSIGNMENT((#1952));
#707=ADVANCED_FACE('',(#1953,#1954),#1955,.F.);
#708=PRESENTATION_STYLE_ASSIGNMENT((#1956));
#709=ADVANCED_FACE('',(#1957,#1958),#1959,.F.);
#710=PRESENTATION_STYLE_ASSIGNMENT((#1960));
#711=ADVANCED_FACE('',(#1961,#1962),#1963,.T.);
#712=PRESENTATION_STYLE_ASSIGNMENT((#1964));
#713=ADVANCED_FACE('',(#1965,#1966),#1967,.T.);
#714=PRESENTATION_STYLE_ASSIGNMENT((#1968));
#715=ADVANCED_FACE('',(#1969,#1970),#1971,.F.);
#716=PRESENTATION_STYLE_ASSIGNMENT((#1972));
#717=ADVANCED_FACE('',(#1973,#1974),#1975,.F.);
#718=PRESENTATION_STYLE_ASSIGNMENT((#1976));
#719=ADVANCED_FACE('',(#1977,#1978),#1979,.F.);
#720=PRESENTATION_STYLE_ASSIGNMENT((#1980));
#721=ADVANCED_FACE('',(#1981,#1982),#1983,.F.);
#722=PRESENTATION_STYLE_ASSIGNMENT((#1984));
#723=ADVANCED_FACE('',(#1985,#1986),#1987,.F.);
#724=PRESENTATION_STYLE_ASSIGNMENT((#1988));
#725=ADVANCED_FACE('',(#1989,#1990),#1991,.F.);
#726=PRESENTATION_STYLE_ASSIGNMENT((#1992));
#727=ADVANCED_FACE('',(#1993,#1994),#1995,.F.);
#728=PRESENTATION_STYLE_ASSIGNMENT((#1996));
#729=ADVANCED_FACE('',(#1997,#1998),#1999,.F.);
#730=PRESENTATION_STYLE_ASSIGNMENT((#2000));
#731=ADVANCED_FACE('',(#2001,#2002),#2003,.F.);
#732=PRESENTATION_STYLE_ASSIGNMENT((#2004));
#733=ADVANCED_FACE('',(#2005,#2006),#2007,.F.);
#734=PRESENTATION_STYLE_ASSIGNMENT((#2008));
#735=ADVANCED_FACE('',(#2009,#2010),#2011,.F.);
#736=PRESENTATION_STYLE_ASSIGNMENT((#2012));
#737=ADVANCED_FACE('',(#2013,#2014),#2015,.F.);
#738=PRESENTATION_STYLE_ASSIGNMENT((#2016));
#739=ADVANCED_FACE('',(#2017,#2018),#2019,.F.);
#740=PRESENTATION_STYLE_ASSIGNMENT((#2020));
#741=ADVANCED_FACE('',(#2021,#2022),#2023,.F.);
#742=PRESENTATION_STYLE_ASSIGNMENT((#2024));
#743=ADVANCED_FACE('',(#2025,#2026),#2027,.F.);
#744=PRESENTATION_STYLE_ASSIGNMENT((#2028));
#745=ADVANCED_FACE('',(#2029,#2030),#2031,.F.);
#746=PRESENTATION_STYLE_ASSIGNMENT((#2032));
#747=ADVANCED_FACE('',(#2033,#2034),#2035,.F.);
#748=PRESENTATION_STYLE_ASSIGNMENT((#2036));
#749=ADVANCED_FACE('',(#2037,#2038),#2039,.F.);
#750=PRESENTATION_STYLE_ASSIGNMENT((#2040));
#751=ADVANCED_FACE('',(#2041,#2042),#2043,.F.);
#752=PRESENTATION_STYLE_ASSIGNMENT((#2044));
#753=ADVANCED_FACE('',(#2045,#2046),#2047,.F.);
#754=PRESENTATION_STYLE_ASSIGNMENT((#2048));
#755=ADVANCED_FACE('',(#2049,#2050),#2051,.T.);
#756=PRESENTATION_STYLE_ASSIGNMENT((#2052));
#757=ADVANCED_FACE('',(#2053,#2054),#2055,.T.);
#758=PRESENTATION_STYLE_ASSIGNMENT((#2056));
#759=ADVANCED_FACE('',(#2057,#2058),#2059,.F.);
#760=PRESENTATION_STYLE_ASSIGNMENT((#2060));
#761=ADVANCED_FACE('',(#2061,#2062),#2063,.T.);
#762=PRESENTATION_STYLE_ASSIGNMENT((#2064));
#763=ADVANCED_FACE('',(#2065,#2066),#2067,.T.);
#764=PRESENTATION_STYLE_ASSIGNMENT((#2068));
#765=ADVANCED_FACE('',(#2069,#2070),#2071,.T.);
#766=PRESENTATION_STYLE_ASSIGNMENT((#2072));
#767=ADVANCED_FACE('',(#2073,#2074),#2075,.T.);
#768=PRESENTATION_STYLE_ASSIGNMENT((#2076));
#769=ADVANCED_FACE('',(#2077,#2078),#2079,.F.);
#770=PRESENTATION_STYLE_ASSIGNMENT((#2080));
#771=ADVANCED_FACE('',(#2081),#2082,.T.);
#772=PRESENTATION_STYLE_ASSIGNMENT((#2083));
#773=ADVANCED_FACE('',(#2084),#2085,.T.);
#774=PRESENTATION_STYLE_ASSIGNMENT((#2086));
#775=ADVANCED_FACE('',(#2087),#2088,.T.);
#776=PRESENTATION_STYLE_ASSIGNMENT((#2089));
#777=ADVANCED_FACE('',(#2090),#2091,.F.);
#778=PRESENTATION_STYLE_ASSIGNMENT((#2092));
#779=ADVANCED_FACE('',(#2093),#2094,.T.);
#780=PRESENTATION_STYLE_ASSIGNMENT((#2095));
#781=ADVANCED_FACE('',(#2096),#2097,.T.);
#782=PRESENTATION_STYLE_ASSIGNMENT((#2098));
#783=ADVANCED_FACE('',(#2099),#2100,.T.);
#784=PRESENTATION_STYLE_ASSIGNMENT((#2101));
#785=ADVANCED_FACE('',(#2102),#2103,.T.);
#786=PRESENTATION_STYLE_ASSIGNMENT((#2104));
#787=ADVANCED_FACE('',(#2105),#2106,.T.);
#788=PRESENTATION_STYLE_ASSIGNMENT((#2107));
#789=ADVANCED_FACE('',(#2108),#2109,.T.);
#790=PRESENTATION_STYLE_ASSIGNMENT((#2110));
#791=ADVANCED_FACE('',(#2111),#2112,.T.);
#792=PRESENTATION_STYLE_ASSIGNMENT((#2113));
#793=ADVANCED_FACE('',(#2114),#2115,.T.);
#794=PRESENTATION_STYLE_ASSIGNMENT((#2116));
#795=ADVANCED_FACE('',(#2117),#2118,.T.);
#796=PRESENTATION_STYLE_ASSIGNMENT((#2119));
#797=ADVANCED_FACE('',(#2120),#2121,.T.);
#798=PRESENTATION_STYLE_ASSIGNMENT((#2122));
#799=ADVANCED_FACE('',(#2123),#2124,.T.);
#800=PRESENTATION_STYLE_ASSIGNMENT((#2125));
#801=ADVANCED_FACE('',(#2126),#2127,.T.);
#802=PRESENTATION_STYLE_ASSIGNMENT((#2128));
#803=ADVANCED_FACE('',(#2129),#2130,.T.);
#804=PRESENTATION_STYLE_ASSIGNMENT((#2131));
#805=ADVANCED_FACE('',(#2132),#2133,.T.);
#806=PRESENTATION_STYLE_ASSIGNMENT((#2134));
#807=ADVANCED_FACE('',(#2135),#2136,.T.);
#808=PRESENTATION_STYLE_ASSIGNMENT((#2137));
#809=ADVANCED_FACE('',(#2138),#2139,.T.);
#810=PRESENTATION_STYLE_ASSIGNMENT((#2140));
#811=ADVANCED_FACE('',(#2141),#2142,.F.);
#812=PRESENTATION_STYLE_ASSIGNMENT((#2143));
#813=ADVANCED_FACE('',(#2144),#2145,.F.);
#814=PRESENTATION_STYLE_ASSIGNMENT((#2146));
#815=ADVANCED_FACE('',(#2147),#2148,.F.);
#816=PRESENTATION_STYLE_ASSIGNMENT((#2149));
#817=ADVANCED_FACE('',(#2150),#2151,.T.);
#818=PRESENTATION_STYLE_ASSIGNMENT((#2152));
#819=ADVANCED_FACE('',(#2153),#2154,.T.);
#820=PRESENTATION_STYLE_ASSIGNMENT((#2155));
#821=ADVANCED_FACE('',(#2156),#2157,.T.);
#822=PRESENTATION_STYLE_ASSIGNMENT((#2158));
#823=ADVANCED_FACE('',(#2159),#2160,.T.);
#824=PRESENTATION_STYLE_ASSIGNMENT((#2161));
#825=ADVANCED_FACE('',(#2162),#2163,.T.);
#826=PRESENTATION_STYLE_ASSIGNMENT((#2164));
#827=ADVANCED_FACE('',(#2165,#2166),#2167,.F.);
#828=PRESENTATION_STYLE_ASSIGNMENT((#2168));
#829=ADVANCED_FACE('',(#2169,#2170),#2171,.F.);
#830=PRESENTATION_STYLE_ASSIGNMENT((#2172));
#831=ADVANCED_FACE('',(#2173,#2174),#2175,.F.);
#832=PRESENTATION_STYLE_ASSIGNMENT((#2176));
#833=ADVANCED_FACE('',(#2177,#2178),#2179,.F.);
#834=PRESENTATION_STYLE_ASSIGNMENT((#2180));
#835=ADVANCED_FACE('',(#2181,#2182),#2183,.F.);
#836=PRESENTATION_STYLE_ASSIGNMENT((#2184));
#837=ADVANCED_FACE('',(#2185,#2186),#2187,.F.);
#838=PRESENTATION_STYLE_ASSIGNMENT((#2188));
#839=ADVANCED_FACE('',(#2189,#2190),#2191,.F.);
#840=PRESENTATION_STYLE_ASSIGNMENT((#2192));
#841=ADVANCED_FACE('',(#2193,#2194),#2195,.F.);
#842=PRESENTATION_STYLE_ASSIGNMENT((#2196));
#843=ADVANCED_FACE('',(#2197),#2198,.F.);
#844=PRESENTATION_STYLE_ASSIGNMENT((#2199));
#845=ADVANCED_FACE('',(#2200,#2201),#2202,.F.);
#846=PRESENTATION_STYLE_ASSIGNMENT((#2203));
#847=ADVANCED_FACE('',(#2204),#2205,.F.);
#848=PRESENTATION_STYLE_ASSIGNMENT((#2206));
#849=ADVANCED_FACE('',(#2207),#2208,.F.);
#850=PRESENTATION_STYLE_ASSIGNMENT((#2209));
#851=ADVANCED_FACE('',(#2210),#2211,.F.);
#852=PRESENTATION_STYLE_ASSIGNMENT((#2212));
#853=ADVANCED_FACE('',(#2213),#2214,.T.);
#854=PRESENTATION_STYLE_ASSIGNMENT((#2215));
#855=ADVANCED_FACE('',(#2216),#2217,.F.);
#856=PRESENTATION_STYLE_ASSIGNMENT((#2218));
#857=ADVANCED_FACE('',(#2219),#2220,.T.);
#858=PRESENTATION_STYLE_ASSIGNMENT((#2221));
#859=ADVANCED_FACE('',(#2222),#2223,.F.);
#860=PRESENTATION_STYLE_ASSIGNMENT((#2224));
#861=ADVANCED_FACE('',(#2225),#2226,.F.);
#862=PRESENTATION_STYLE_ASSIGNMENT((#2227));
#863=ADVANCED_FACE('',(#2228),#2229,.F.);
#864=PRESENTATION_STYLE_ASSIGNMENT((#2230));
#865=ADVANCED_FACE('',(#2231),#2232,.T.);
#866=PRESENTATION_STYLE_ASSIGNMENT((#2233));
#867=ADVANCED_FACE('',(#2234),#2235,.F.);
#868=PRESENTATION_STYLE_ASSIGNMENT((#2236));
#869=ADVANCED_FACE('',(#2237),#2238,.F.);
#870=PRESENTATION_STYLE_ASSIGNMENT((#2239));
#871=ADVANCED_FACE('',(#2240),#2241,.F.);
#872=PRESENTATION_STYLE_ASSIGNMENT((#2242));
#873=ADVANCED_FACE('',(#2243),#2244,.F.);
#874=PRESENTATION_STYLE_ASSIGNMENT((#2245));
#875=ADVANCED_FACE('',(#2246),#2247,.T.);
#876=PRESENTATION_STYLE_ASSIGNMENT((#2248));
#877=ADVANCED_FACE('',(#2249),#2250,.F.);
#878=PRESENTATION_STYLE_ASSIGNMENT((#2251));
#879=ADVANCED_FACE('',(#2252),#2253,.F.);
#880=PRESENTATION_STYLE_ASSIGNMENT((#2254));
#881=ADVANCED_FACE('',(#2255),#2256,.F.);
#882=PRESENTATION_STYLE_ASSIGNMENT((#2257));
#883=ADVANCED_FACE('',(#2258),#2259,.T.);
#884=PRESENTATION_STYLE_ASSIGNMENT((#2260));
#885=ADVANCED_FACE('',(#2261),#2262,.F.);
#886=PRESENTATION_STYLE_ASSIGNMENT((#2263));
#887=ADVANCED_FACE('',(#2264),#2265,.T.);
#888=PRESENTATION_STYLE_ASSIGNMENT((#2266));
#889=ADVANCED_FACE('',(#2267),#2268,.F.);
#890=PRESENTATION_STYLE_ASSIGNMENT((#2269));
#891=ADVANCED_FACE('',(#2270),#2271,.T.);
#892=PRESENTATION_STYLE_ASSIGNMENT((#2272));
#893=ADVANCED_FACE('',(#2273),#2274,.F.);
#894=PRESENTATION_STYLE_ASSIGNMENT((#2275));
#895=ADVANCED_FACE('',(#2276),#2277,.F.);
#896=PRESENTATION_STYLE_ASSIGNMENT((#2278));
#897=ADVANCED_FACE('',(#2279),#2280,.T.);
#898=PRESENTATION_STYLE_ASSIGNMENT((#2281));
#899=ADVANCED_FACE('',(#2282),#2283,.F.);
#900=PRESENTATION_STYLE_ASSIGNMENT((#2284));
#901=ADVANCED_FACE('',(#2285),#2286,.T.);
#902=PRESENTATION_STYLE_ASSIGNMENT((#2287));
#903=ADVANCED_FACE('',(#2288),#2289,.T.);
#904=PRESENTATION_STYLE_ASSIGNMENT((#2290));
#905=ADVANCED_FACE('',(#2291,#2292),#2293,.F.);
#906=PRESENTATION_STYLE_ASSIGNMENT((#2294));
#907=ADVANCED_FACE('',(#2295,#2296),#2297,.F.);
#908=PRESENTATION_STYLE_ASSIGNMENT((#2298));
#909=ADVANCED_FACE('',(#2299,#2300),#2301,.F.);
#910=PRESENTATION_STYLE_ASSIGNMENT((#2302));
#911=ADVANCED_FACE('',(#2303,#2304),#2305,.F.);
#912=PRESENTATION_STYLE_ASSIGNMENT((#2306));
#913=ADVANCED_FACE('',(#2307,#2308),#2309,.F.);
#914=PRESENTATION_STYLE_ASSIGNMENT((#2310));
#915=ADVANCED_FACE('',(#2311,#2312),#2313,.F.);
#916=PRESENTATION_STYLE_ASSIGNMENT((#2314));
#917=ADVANCED_FACE('',(#2315,#2316),#2317,.F.);
#918=PRESENTATION_STYLE_ASSIGNMENT((#2318));
#919=ADVANCED_FACE('',(#2319,#2320),#2321,.F.);
#920=PRESENTATION_STYLE_ASSIGNMENT((#2322));
#921=ADVANCED_FACE('',(#2323,#2324),#2325,.F.);
#922=PRESENTATION_STYLE_ASSIGNMENT((#2326));
#923=ADVANCED_FACE('',(#2327,#2328),#2329,.F.);
#924=PRESENTATION_STYLE_ASSIGNMENT((#2330));
#925=ADVANCED_FACE('',(#2331),#2332,.F.);
#926=PRESENTATION_STYLE_ASSIGNMENT((#2333));
#927=ADVANCED_FACE('',(#2334),#2335,.F.);
#928=PRESENTATION_STYLE_ASSIGNMENT((#2336));
#929=ADVANCED_FACE('',(#2337),#2338,.F.);
#930=PRESENTATION_STYLE_ASSIGNMENT((#2339));
#931=ADVANCED_FACE('',(#2340),#2341,.F.);
#932=PRESENTATION_STYLE_ASSIGNMENT((#2342));
#933=ADVANCED_FACE('',(#2343,#2344,#2345,#2346,#2347,#2348,#2349,#2350,#2351,#2352,#2353,#2354),#2355,.T.);
#934=PRESENTATION_STYLE_ASSIGNMENT((#2356));
#935=ADVANCED_FACE('',(#2357),#2358,.F.);
#936=PRESENTATION_STYLE_ASSIGNMENT((#2359));
#937=ADVANCED_FACE('',(#2360),#2361,.F.);
#938=PRESENTATION_STYLE_ASSIGNMENT((#2362));
#939=ADVANCED_FACE('',(#2363),#2364,.F.);
#940=PRESENTATION_STYLE_ASSIGNMENT((#2365));
#941=ADVANCED_FACE('',(#2366),#2367,.F.);
#942=PRESENTATION_STYLE_ASSIGNMENT((#2368));
#943=ADVANCED_FACE('',(#2369),#2370,.T.);
#944=PRESENTATION_STYLE_ASSIGNMENT((#2371));
#945=ADVANCED_FACE('',(#2372),#2373,.T.);
#946=PRESENTATION_STYLE_ASSIGNMENT((#2374));
#947=ADVANCED_FACE('',(#2375),#2376,.T.);
#948=PRESENTATION_STYLE_ASSIGNMENT((#2377));
#949=ADVANCED_FACE('',(#2378),#2379,.F.);
#950=PRESENTATION_STYLE_ASSIGNMENT((#2380));
#951=ADVANCED_FACE('',(#2381),#2382,.F.);
#952=PRESENTATION_STYLE_ASSIGNMENT((#2383));
#953=ADVANCED_FACE('',(#2384),#2385,.F.);
#954=PRESENTATION_STYLE_ASSIGNMENT((#2386));
#955=ADVANCED_FACE('',(#2387),#2388,.F.);
#956=PRESENTATION_STYLE_ASSIGNMENT((#2389));
#957=ADVANCED_FACE('',(#2390),#2391,.T.);
#958=PRESENTATION_STYLE_ASSIGNMENT((#2392));
#959=ADVANCED_FACE('',(#2393),#2394,.T.);
#960=PRESENTATION_STYLE_ASSIGNMENT((#2395));
#961=ADVANCED_FACE('',(#2396),#2397,.T.);
#962=PRESENTATION_STYLE_ASSIGNMENT((#2398));
#963=ADVANCED_FACE('',(#2399),#2400,.T.);
#964=PRESENTATION_STYLE_ASSIGNMENT((#2401));
#965=ADVANCED_FACE('',(#2402),#2403,.T.);
#966=PRESENTATION_STYLE_ASSIGNMENT((#2404));
#967=ADVANCED_FACE('',(#2405),#2406,.T.);
#968=PRESENTATION_STYLE_ASSIGNMENT((#2407));
#969=ADVANCED_FACE('',(#2408),#2409,.T.);
#970=PRESENTATION_STYLE_ASSIGNMENT((#2410));
#971=ADVANCED_FACE('',(#2411,#2412),#2413,.F.);
#972=PRESENTATION_STYLE_ASSIGNMENT((#2414));
#973=ADVANCED_FACE('',(#2415,#2416),#2417,.F.);
#974=PRESENTATION_STYLE_ASSIGNMENT((#2418));
#975=ADVANCED_FACE('',(#2419),#2420,.F.);
#976=PRESENTATION_STYLE_ASSIGNMENT((#2421));
#977=ADVANCED_FACE('',(#2422),#2423,.F.);
#978=PRESENTATION_STYLE_ASSIGNMENT((#2424));
#979=EDGE_CURVE('',#2425,#2426,#2427,.T.);
#980=PRESENTATION_STYLE_ASSIGNMENT((#2428));
#981=EDGE_CURVE('',#2429,#2426,#2430,.F.);
#982=PRESENTATION_STYLE_ASSIGNMENT((#2431));
#983=EDGE_CURVE('',#2432,#2429,#2433,.T.);
#984=PRESENTATION_STYLE_ASSIGNMENT((#2434));
#985=EDGE_CURVE('',#2425,#2432,#2435,.F.);
#986=PRESENTATION_STYLE_ASSIGNMENT((#2436));
#987=EDGE_CURVE('',#2437,#2438,#2439,.T.);
#988=PRESENTATION_STYLE_ASSIGNMENT((#2440));
#989=EDGE_CURVE('',#2441,#2438,#2442,.F.);
#990=PRESENTATION_STYLE_ASSIGNMENT((#2443));
#991=EDGE_CURVE('',#2444,#2441,#2445,.T.);
#992=PRESENTATION_STYLE_ASSIGNMENT((#2446));
#993=EDGE_CURVE('',#2437,#2444,#2447,.F.);
#994=PRESENTATION_STYLE_ASSIGNMENT((#2448));
#995=EDGE_CURVE('',#2449,#2450,#2451,.T.);
#996=PRESENTATION_STYLE_ASSIGNMENT((#2452));
#997=EDGE_CURVE('',#2453,#2450,#2454,.F.);
#998=PRESENTATION_STYLE_ASSIGNMENT((#2455));
#999=EDGE_CURVE('',#2456,#2453,#2457,.T.);
#1000=PRESENTATION_STYLE_ASSIGNMENT((#2458));
#1001=EDGE_CURVE('',#2449,#2456,#2459,.F.);
#1002=PRESENTATION_STYLE_ASSIGNMENT((#2460));
#1003=EDGE_CURVE('',#2453,#2461,#2462,.T.);
#1004=PRESENTATION_STYLE_ASSIGNMENT((#2463));
#1005=EDGE_CURVE('',#2464,#2450,#2465,.T.);
#1006=PRESENTATION_STYLE_ASSIGNMENT((#2466));
#1007=EDGE_CURVE('',#2464,#2461,#2467,.F.);
#1008=PRESENTATION_STYLE_ASSIGNMENT((#2468));
#1009=EDGE_CURVE('',#2469,#2470,#2471,.T.);
#1010=PRESENTATION_STYLE_ASSIGNMENT((#2472));
#1011=EDGE_CURVE('',#2469,#2473,#2474,.F.);
#1012=PRESENTATION_STYLE_ASSIGNMENT((#2475));
#1013=EDGE_CURVE('',#2476,#2473,#2477,.F.);
#1014=PRESENTATION_STYLE_ASSIGNMENT((#2478));
#1015=EDGE_CURVE('',#2476,#2470,#2479,.F.);
#1016=PRESENTATION_STYLE_ASSIGNMENT((#2480));
#1017=EDGE_CURVE('',#2481,#2473,#2482,.T.);
#1018=PRESENTATION_STYLE_ASSIGNMENT((#2483));
#1019=EDGE_CURVE('',#2484,#2469,#2485,.T.);
#1020=PRESENTATION_STYLE_ASSIGNMENT((#2486));
#1021=EDGE_CURVE('',#2481,#2484,#2487,.F.);
#1022=PRESENTATION_STYLE_ASSIGNMENT((#2488));
#1023=EDGE_CURVE('',#2489,#2490,#2491,.F.);
#1024=PRESENTATION_STYLE_ASSIGNMENT((#2492));
#1025=EDGE_CURVE('',#2493,#2490,#2494,.T.);
#1026=PRESENTATION_STYLE_ASSIGNMENT((#2495));
#1027=EDGE_CURVE('',#2496,#2493,#2497,.F.);
#1028=PRESENTATION_STYLE_ASSIGNMENT((#2498));
#1029=EDGE_CURVE('',#2489,#2496,#2499,.T.);
#1030=PRESENTATION_STYLE_ASSIGNMENT((#2500));
#1031=EDGE_CURVE('',#2501,#2496,#2502,.F.);
#1032=PRESENTATION_STYLE_ASSIGNMENT((#2503));
#1033=EDGE_CURVE('',#2501,#2504,#2505,.T.);
#1034=PRESENTATION_STYLE_ASSIGNMENT((#2506));
#1035=EDGE_CURVE('',#2489,#2504,#2507,.F.);
#1036=PRESENTATION_STYLE_ASSIGNMENT((#2508));
#1037=EDGE_CURVE('',#2509,#2510,#2511,.F.);
#1038=PRESENTATION_STYLE_ASSIGNMENT((#2512));
#1039=EDGE_CURVE('',#2509,#2513,#2514,.T.);
#1040=PRESENTATION_STYLE_ASSIGNMENT((#2515));
#1041=EDGE_CURVE('',#2516,#2513,#2517,.T.);
#1042=PRESENTATION_STYLE_ASSIGNMENT((#2518));
#1043=EDGE_CURVE('',#2516,#2510,#2519,.T.);
#1044=PRESENTATION_STYLE_ASSIGNMENT((#2520));
#1045=EDGE_CURVE('',#2516,#2521,#2522,.F.);
#1046=PRESENTATION_STYLE_ASSIGNMENT((#2523));
#1047=EDGE_CURVE('',#2524,#2521,#2525,.T.);
#1048=PRESENTATION_STYLE_ASSIGNMENT((#2526));
#1049=EDGE_CURVE('',#2510,#2524,#2527,.F.);
#1050=PRESENTATION_STYLE_ASSIGNMENT((#2528));
#1051=EDGE_CURVE('',#2529,#2530,#2531,.F.);
#1052=PRESENTATION_STYLE_ASSIGNMENT((#2532));
#1053=EDGE_CURVE('',#2533,#2530,#2534,.T.);
#1054=PRESENTATION_STYLE_ASSIGNMENT((#2535));
#1055=EDGE_CURVE('',#2536,#2533,#2537,.F.);
#1056=PRESENTATION_STYLE_ASSIGNMENT((#2538));
#1057=EDGE_CURVE('',#2529,#2536,#2539,.T.);
#1058=PRESENTATION_STYLE_ASSIGNMENT((#2540));
#1059=EDGE_CURVE('',#2541,#2536,#2542,.F.);
#1060=PRESENTATION_STYLE_ASSIGNMENT((#2543));
#1061=EDGE_CURVE('',#2541,#2544,#2545,.T.);
#1062=PRESENTATION_STYLE_ASSIGNMENT((#2546));
#1063=EDGE_CURVE('',#2529,#2544,#2547,.F.);
#1064=PRESENTATION_STYLE_ASSIGNMENT((#2548));
#1065=EDGE_CURVE('',#2549,#2550,#2551,.F.);
#1066=PRESENTATION_STYLE_ASSIGNMENT((#2552));
#1067=EDGE_CURVE('',#2549,#2553,#2554,.T.);
#1068=PRESENTATION_STYLE_ASSIGNMENT((#2555));
#1069=EDGE_CURVE('',#2556,#2553,#2557,.T.);
#1070=PRESENTATION_STYLE_ASSIGNMENT((#2558));
#1071=EDGE_CURVE('',#2556,#2550,#2559,.T.);
#1072=PRESENTATION_STYLE_ASSIGNMENT((#2560));
#1073=EDGE_CURVE('',#2556,#2561,#2562,.F.);
#1074=PRESENTATION_STYLE_ASSIGNMENT((#2563));
#1075=EDGE_CURVE('',#2564,#2561,#2565,.T.);
#1076=PRESENTATION_STYLE_ASSIGNMENT((#2566));
#1077=EDGE_CURVE('',#2550,#2564,#2567,.F.);
#1078=PRESENTATION_STYLE_ASSIGNMENT((#2568));
#1079=EDGE_CURVE('',#2569,#2570,#2571,.T.);
#1080=PRESENTATION_STYLE_ASSIGNMENT((#2572));
#1081=EDGE_CURVE('',#2573,#2570,#2574,.F.);
#1082=PRESENTATION_STYLE_ASSIGNMENT((#2575));
#1083=EDGE_CURVE('',#2576,#2573,#2577,.T.);
#1084=PRESENTATION_STYLE_ASSIGNMENT((#2578));
#1085=EDGE_CURVE('',#2569,#2576,#2579,.F.);
#1086=PRESENTATION_STYLE_ASSIGNMENT((#2580));
#1087=EDGE_CURVE('',#2581,#2582,#2583,.F.);
#1088=PRESENTATION_STYLE_ASSIGNMENT((#2584));
#1089=EDGE_CURVE('',#2582,#2585,#2586,.T.);
#1090=PRESENTATION_STYLE_ASSIGNMENT((#2587));
#1091=EDGE_CURVE('',#2588,#2585,#2589,.F.);
#1092=PRESENTATION_STYLE_ASSIGNMENT((#2590));
#1093=EDGE_CURVE('',#2591,#2588,#2592,.T.);
#1094=PRESENTATION_STYLE_ASSIGNMENT((#2593));
#1095=EDGE_CURVE('',#2591,#2594,#2595,.T.);
#1096=PRESENTATION_STYLE_ASSIGNMENT((#2596));
#1097=EDGE_CURVE('',#2594,#2597,#2598,.F.);
#1098=PRESENTATION_STYLE_ASSIGNMENT((#2599));
#1099=EDGE_CURVE('',#2597,#2600,#2601,.F.);
#1100=PRESENTATION_STYLE_ASSIGNMENT((#2602));
#1101=EDGE_CURVE('',#2600,#2603,#2604,.F.);
#1102=PRESENTATION_STYLE_ASSIGNMENT((#2605));
#1103=EDGE_CURVE('',#2603,#2606,#2607,.F.);
#1104=PRESENTATION_STYLE_ASSIGNMENT((#2608));
#1105=EDGE_CURVE('',#2606,#2609,#2610,.F.);
#1106=PRESENTATION_STYLE_ASSIGNMENT((#2611));
#1107=EDGE_CURVE('',#2609,#2612,#2613,.F.);
#1108=PRESENTATION_STYLE_ASSIGNMENT((#2614));
#1109=EDGE_CURVE('',#2612,#2615,#2616,.F.);
#1110=PRESENTATION_STYLE_ASSIGNMENT((#2617));
#1111=EDGE_CURVE('',#2615,#2618,#2619,.T.);
#1112=PRESENTATION_STYLE_ASSIGNMENT((#2620));
#1113=EDGE_CURVE('',#2621,#2618,#2622,.T.);
#1114=PRESENTATION_STYLE_ASSIGNMENT((#2623));
#1115=EDGE_CURVE('',#2621,#2624,#2625,.T.);
#1116=PRESENTATION_STYLE_ASSIGNMENT((#2626));
#1117=EDGE_CURVE('',#2624,#2627,#2628,.F.);
#1118=PRESENTATION_STYLE_ASSIGNMENT((#2629));
#1119=EDGE_CURVE('',#2627,#2630,#2631,.F.);
#1120=PRESENTATION_STYLE_ASSIGNMENT((#2632));
#1121=EDGE_CURVE('',#2630,#2633,#2634,.F.);
#1122=PRESENTATION_STYLE_ASSIGNMENT((#2635));
#1123=EDGE_CURVE('',#2633,#2636,#2637,.F.);
#1124=PRESENTATION_STYLE_ASSIGNMENT((#2638));
#1125=EDGE_CURVE('',#2636,#2639,#2640,.F.);
#1126=PRESENTATION_STYLE_ASSIGNMENT((#2641));
#1127=EDGE_CURVE('',#2639,#2642,#2643,.F.);
#1128=PRESENTATION_STYLE_ASSIGNMENT((#2644));
#1129=EDGE_CURVE('',#2642,#2645,#2646,.F.);
#1130=PRESENTATION_STYLE_ASSIGNMENT((#2647));
#1131=EDGE_CURVE('',#2645,#2648,#2649,.T.);
#1132=PRESENTATION_STYLE_ASSIGNMENT((#2650));
#1133=EDGE_CURVE('',#2581,#2648,#2651,.T.);
#1134=PRESENTATION_STYLE_ASSIGNMENT((#2652));
#1135=EDGE_CURVE('',#2627,#2653,#2654,.T.);
#1136=PRESENTATION_STYLE_ASSIGNMENT((#2655));
#1137=EDGE_CURVE('',#2624,#2656,#2657,.T.);
#1138=PRESENTATION_STYLE_ASSIGNMENT((#2658));
#1139=EDGE_CURVE('',#2653,#2656,#2659,.T.);
#1140=PRESENTATION_STYLE_ASSIGNMENT((#2660));
#1141=EDGE_CURVE('',#2661,#2662,#2663,.T.);
#1142=PRESENTATION_STYLE_ASSIGNMENT((#2664));
#1143=EDGE_CURVE('',#2665,#2662,#2666,.T.);
#1144=PRESENTATION_STYLE_ASSIGNMENT((#2667));
#1145=EDGE_CURVE('',#2668,#2665,#2669,.T.);
#1146=PRESENTATION_STYLE_ASSIGNMENT((#2670));
#1147=EDGE_CURVE('',#2661,#2668,#2671,.T.);
#1148=PRESENTATION_STYLE_ASSIGNMENT((#2672));
#1149=EDGE_CURVE('',#2673,#2674,#2675,.T.);
#1150=PRESENTATION_STYLE_ASSIGNMENT((#2676));
#1151=EDGE_CURVE('',#2662,#2673,#2677,.T.);
#1152=PRESENTATION_STYLE_ASSIGNMENT((#2678));
#1153=EDGE_CURVE('',#2674,#2661,#2679,.T.);
#1154=PRESENTATION_STYLE_ASSIGNMENT((#2680));
#1155=EDGE_CURVE('',#2513,#2674,#2681,.F.);
#1156=PRESENTATION_STYLE_ASSIGNMENT((#2682));
#1157=EDGE_CURVE('',#2661,#2516,#2683,.T.);
#1158=PRESENTATION_STYLE_ASSIGNMENT((#2684));
#1159=EDGE_CURVE('',#2685,#2665,#2686,.T.);
#1160=PRESENTATION_STYLE_ASSIGNMENT((#2687));
#1161=EDGE_CURVE('',#2688,#2685,#2689,.T.);
#1162=PRESENTATION_STYLE_ASSIGNMENT((#2690));
#1163=EDGE_CURVE('',#2668,#2688,#2691,.T.);
#1164=PRESENTATION_STYLE_ASSIGNMENT((#2692));
#1165=EDGE_CURVE('',#2693,#2694,#2695,.T.);
#1166=PRESENTATION_STYLE_ASSIGNMENT((#2696));
#1167=EDGE_CURVE('',#2697,#2694,#2698,.T.);
#1168=PRESENTATION_STYLE_ASSIGNMENT((#2699));
#1169=EDGE_CURVE('',#2700,#2697,#2701,.T.);
#1170=PRESENTATION_STYLE_ASSIGNMENT((#2702));
#1171=EDGE_CURVE('',#2693,#2700,#2703,.T.);
#1172=PRESENTATION_STYLE_ASSIGNMENT((#2704));
#1173=EDGE_CURVE('',#2473,#2705,#2706,.F.);
#1174=PRESENTATION_STYLE_ASSIGNMENT((#2707));
#1175=EDGE_CURVE('',#2705,#2708,#2709,.T.);
#1176=PRESENTATION_STYLE_ASSIGNMENT((#2710));
#1177=EDGE_CURVE('',#2708,#2476,#2711,.T.);
#1178=PRESENTATION_STYLE_ASSIGNMENT((#2712));
#1179=EDGE_CURVE('',#2705,#2713,#2714,.T.);
#1180=PRESENTATION_STYLE_ASSIGNMENT((#2715));
#1181=EDGE_CURVE('',#2716,#2713,#2717,.T.);
#1182=PRESENTATION_STYLE_ASSIGNMENT((#2718));
#1183=EDGE_CURVE('',#2708,#2716,#2719,.T.);
#1184=PRESENTATION_STYLE_ASSIGNMENT((#2720));
#1185=EDGE_CURVE('',#2721,#2722,#2723,.T.);
#1186=PRESENTATION_STYLE_ASSIGNMENT((#2724));
#1187=EDGE_CURVE('',#2713,#2722,#2725,.T.);
#1188=PRESENTATION_STYLE_ASSIGNMENT((#2726));
#1189=EDGE_CURVE('',#2721,#2705,#2727,.T.);
#1190=PRESENTATION_STYLE_ASSIGNMENT((#2728));
#1191=EDGE_CURVE('',#2729,#2730,#2731,.T.);
#1192=PRESENTATION_STYLE_ASSIGNMENT((#2732));
#1193=EDGE_CURVE('',#2722,#2730,#2733,.T.);
#1194=PRESENTATION_STYLE_ASSIGNMENT((#2734));
#1195=EDGE_CURVE('',#2729,#2721,#2735,.T.);
#1196=PRESENTATION_STYLE_ASSIGNMENT((#2736));
#1197=EDGE_CURVE('',#2737,#2738,#2739,.T.);
#1198=PRESENTATION_STYLE_ASSIGNMENT((#2740));
#1199=EDGE_CURVE('',#2730,#2738,#2741,.T.);
#1200=PRESENTATION_STYLE_ASSIGNMENT((#2742));
#1201=EDGE_CURVE('',#2737,#2729,#2743,.F.);
#1202=PRESENTATION_STYLE_ASSIGNMENT((#2744));
#1203=EDGE_CURVE('',#2745,#2746,#2747,.T.);
#1204=PRESENTATION_STYLE_ASSIGNMENT((#2748));
#1205=EDGE_CURVE('',#2738,#2746,#2749,.T.);
#1206=PRESENTATION_STYLE_ASSIGNMENT((#2750));
#1207=EDGE_CURVE('',#2745,#2737,#2751,.T.);
#1208=PRESENTATION_STYLE_ASSIGNMENT((#2752));
#1209=EDGE_CURVE('',#2753,#2754,#2755,.T.);
#1210=PRESENTATION_STYLE_ASSIGNMENT((#2756));
#1211=EDGE_CURVE('',#2746,#2754,#2757,.T.);
#1212=PRESENTATION_STYLE_ASSIGNMENT((#2758));
#1213=EDGE_CURVE('',#2753,#2745,#2759,.T.);
#1214=PRESENTATION_STYLE_ASSIGNMENT((#2760));
#1215=EDGE_CURVE('',#2761,#2762,#2763,.T.);
#1216=PRESENTATION_STYLE_ASSIGNMENT((#2764));
#1217=EDGE_CURVE('',#2754,#2761,#2765,.T.);
#1218=PRESENTATION_STYLE_ASSIGNMENT((#2766));
#1219=EDGE_CURVE('',#2762,#2753,#2767,.T.);
#1220=PRESENTATION_STYLE_ASSIGNMENT((#2768));
#1221=EDGE_CURVE('',#2769,#2770,#2771,.T.);
#1222=PRESENTATION_STYLE_ASSIGNMENT((#2772));
#1223=EDGE_CURVE('',#2773,#2769,#2774,.T.);
#1224=PRESENTATION_STYLE_ASSIGNMENT((#2775));
#1225=EDGE_CURVE('',#2773,#2776,#2777,.T.);
#1226=PRESENTATION_STYLE_ASSIGNMENT((#2778));
#1227=EDGE_CURVE('',#2770,#2776,#2779,.T.);
#1228=PRESENTATION_STYLE_ASSIGNMENT((#2780));
#1229=EDGE_CURVE('',#2776,#2697,#2781,.T.);
#1230=PRESENTATION_STYLE_ASSIGNMENT((#2782));
#1231=EDGE_CURVE('',#2700,#2773,#2783,.T.);
#1232=PRESENTATION_STYLE_ASSIGNMENT((#2784));
#1233=EDGE_CURVE('',#2785,#2785,#2786,.T.);
#1234=PRESENTATION_STYLE_ASSIGNMENT((#2787));
#1235=EDGE_CURVE('',#2788,#2788,#2789,.T.);
#1236=PRESENTATION_STYLE_ASSIGNMENT((#2790));
#1237=EDGE_CURVE('',#2791,#2791,#2792,.T.);
#1238=PRESENTATION_STYLE_ASSIGNMENT((#2793));
#1239=EDGE_CURVE('',#2794,#2794,#2795,.T.);
#1240=PRESENTATION_STYLE_ASSIGNMENT((#2796));
#1241=EDGE_CURVE('',#2797,#2797,#2798,.T.);
#1242=PRESENTATION_STYLE_ASSIGNMENT((#2799));
#1243=EDGE_CURVE('',#2800,#2800,#2801,.T.);
#1244=PRESENTATION_STYLE_ASSIGNMENT((#2802));
#1245=EDGE_CURVE('',#2803,#2803,#2804,.T.);
#1246=PRESENTATION_STYLE_ASSIGNMENT((#2805));
#1247=EDGE_CURVE('',#2806,#2806,#2807,.T.);
#1248=PRESENTATION_STYLE_ASSIGNMENT((#2808));
#1249=EDGE_CURVE('',#2809,#2809,#2810,.T.);
#1250=PRESENTATION_STYLE_ASSIGNMENT((#2811));
#1251=EDGE_CURVE('',#2812,#2812,#2813,.T.);
#1252=PRESENTATION_STYLE_ASSIGNMENT((#2814));
#1253=EDGE_CURVE('',#2815,#2816,#2817,.T.);
#1254=PRESENTATION_STYLE_ASSIGNMENT((#2818));
#1255=EDGE_CURVE('',#2816,#2819,#2820,.T.);
#1256=PRESENTATION_STYLE_ASSIGNMENT((#2821));
#1257=EDGE_CURVE('',#2673,#2819,#2822,.T.);
#1258=PRESENTATION_STYLE_ASSIGNMENT((#2823));
#1259=EDGE_CURVE('',#2509,#2504,#2824,.F.);
#1260=PRESENTATION_STYLE_ASSIGNMENT((#2825));
#1261=EDGE_CURVE('',#2501,#2769,#2826,.F.);
#1262=PRESENTATION_STYLE_ASSIGNMENT((#2827));
#1263=EDGE_CURVE('',#2761,#2770,#2828,.T.);
#1264=PRESENTATION_STYLE_ASSIGNMENT((#2829));
#1265=EDGE_CURVE('',#2762,#2461,#2830,.T.);
#1266=PRESENTATION_STYLE_ASSIGNMENT((#2831));
#1267=EDGE_CURVE('',#2464,#2470,#2832,.T.);
#1268=PRESENTATION_STYLE_ASSIGNMENT((#2833));
#1269=EDGE_CURVE('',#2834,#2716,#2835,.T.);
#1270=PRESENTATION_STYLE_ASSIGNMENT((#2836));
#1271=EDGE_CURVE('',#2834,#2837,#2838,.T.);
#1272=PRESENTATION_STYLE_ASSIGNMENT((#2839));
#1273=EDGE_CURVE('',#2553,#2837,#2840,.F.);
#1274=PRESENTATION_STYLE_ASSIGNMENT((#2841));
#1275=EDGE_CURVE('',#2549,#2544,#2842,.F.);
#1276=PRESENTATION_STYLE_ASSIGNMENT((#2843));
#1277=EDGE_CURVE('',#2541,#2844,#2845,.F.);
#1278=PRESENTATION_STYLE_ASSIGNMENT((#2846));
#1279=EDGE_CURVE('',#2844,#2847,#2848,.T.);
#1280=PRESENTATION_STYLE_ASSIGNMENT((#2849));
#1281=EDGE_CURVE('',#2850,#2847,#2851,.T.);
#1282=PRESENTATION_STYLE_ASSIGNMENT((#2852));
#1283=EDGE_CURVE('',#2850,#2853,#2854,.T.);
#1284=PRESENTATION_STYLE_ASSIGNMENT((#2855));
#1285=EDGE_CURVE('',#2856,#2853,#2857,.T.);
#1286=PRESENTATION_STYLE_ASSIGNMENT((#2858));
#1287=EDGE_CURVE('',#2859,#2856,#2860,.F.);
#1288=PRESENTATION_STYLE_ASSIGNMENT((#2861));
#1289=EDGE_CURVE('',#2859,#2862,#2863,.T.);
#1290=PRESENTATION_STYLE_ASSIGNMENT((#2864));
#1291=EDGE_CURVE('',#2815,#2862,#2865,.F.);
#1292=PRESENTATION_STYLE_ASSIGNMENT((#2866));
#1293=EDGE_CURVE('',#2867,#2868,#2869,.T.);
#1294=PRESENTATION_STYLE_ASSIGNMENT((#2870));
#1295=EDGE_CURVE('',#2868,#2871,#2872,.T.);
#1296=PRESENTATION_STYLE_ASSIGNMENT((#2873));
#1297=EDGE_CURVE('',#2871,#2874,#2875,.T.);
#1298=PRESENTATION_STYLE_ASSIGNMENT((#2876));
#1299=EDGE_CURVE('',#2874,#2867,#2877,.T.);
#1300=PRESENTATION_STYLE_ASSIGNMENT((#2878));
#1301=EDGE_CURVE('',#2879,#2880,#2881,.T.);
#1302=PRESENTATION_STYLE_ASSIGNMENT((#2882));
#1303=EDGE_CURVE('',#2880,#2834,#2883,.T.);
#1304=PRESENTATION_STYLE_ASSIGNMENT((#2884));
#1305=EDGE_CURVE('',#2722,#2879,#2885,.T.);
#1306=PRESENTATION_STYLE_ASSIGNMENT((#2886));
#1307=EDGE_CURVE('',#2887,#2816,#2888,.T.);
#1308=PRESENTATION_STYLE_ASSIGNMENT((#2889));
#1309=EDGE_CURVE('',#2887,#2890,#2891,.T.);
#1310=PRESENTATION_STYLE_ASSIGNMENT((#2892));
#1311=EDGE_CURVE('',#2819,#2890,#2893,.T.);
#1312=PRESENTATION_STYLE_ASSIGNMENT((#2894));
#1313=EDGE_CURVE('',#2895,#2896,#2897,.T.);
#1314=PRESENTATION_STYLE_ASSIGNMENT((#2898));
#1315=EDGE_CURVE('',#2890,#2896,#2899,.T.);
#1316=PRESENTATION_STYLE_ASSIGNMENT((#2900));
#1317=EDGE_CURVE('',#2895,#2887,#2901,.T.);
#1318=PRESENTATION_STYLE_ASSIGNMENT((#2902));
#1319=EDGE_CURVE('',#2903,#2904,#2905,.T.);
#1320=PRESENTATION_STYLE_ASSIGNMENT((#2906));
#1321=EDGE_CURVE('',#2896,#2904,#2907,.T.);
#1322=PRESENTATION_STYLE_ASSIGNMENT((#2908));
#1323=EDGE_CURVE('',#2903,#2895,#2909,.T.);
#1324=PRESENTATION_STYLE_ASSIGNMENT((#2910));
#1325=EDGE_CURVE('',#2911,#2912,#2913,.T.);
#1326=PRESENTATION_STYLE_ASSIGNMENT((#2914));
#1327=EDGE_CURVE('',#2904,#2912,#2915,.T.);
#1328=PRESENTATION_STYLE_ASSIGNMENT((#2916));
#1329=EDGE_CURVE('',#2911,#2903,#2917,.F.);
#1330=PRESENTATION_STYLE_ASSIGNMENT((#2918));
#1331=EDGE_CURVE('',#2919,#2920,#2921,.T.);
#1332=PRESENTATION_STYLE_ASSIGNMENT((#2922));
#1333=EDGE_CURVE('',#2912,#2920,#2923,.T.);
#1334=PRESENTATION_STYLE_ASSIGNMENT((#2924));
#1335=EDGE_CURVE('',#2919,#2911,#2925,.T.);
#1336=PRESENTATION_STYLE_ASSIGNMENT((#2926));
#1337=EDGE_CURVE('',#2927,#2928,#2929,.T.);
#1338=PRESENTATION_STYLE_ASSIGNMENT((#2930));
#1339=EDGE_CURVE('',#2920,#2928,#2931,.T.);
#1340=PRESENTATION_STYLE_ASSIGNMENT((#2932));
#1341=EDGE_CURVE('',#2927,#2919,#2933,.T.);
#1342=PRESENTATION_STYLE_ASSIGNMENT((#2934));
#1343=EDGE_CURVE('',#2935,#2844,#2936,.T.);
#1344=PRESENTATION_STYLE_ASSIGNMENT((#2937));
#1345=EDGE_CURVE('',#2935,#2938,#2939,.T.);
#1346=PRESENTATION_STYLE_ASSIGNMENT((#2940));
#1347=EDGE_CURVE('',#2847,#2938,#2941,.T.);
#1348=PRESENTATION_STYLE_ASSIGNMENT((#2942));
#1349=EDGE_CURVE('',#2943,#2944,#2945,.T.);
#1350=PRESENTATION_STYLE_ASSIGNMENT((#2946));
#1351=EDGE_CURVE('',#2938,#2944,#2947,.T.);
#1352=PRESENTATION_STYLE_ASSIGNMENT((#2948));
#1353=EDGE_CURVE('',#2943,#2935,#2949,.T.);
#1354=PRESENTATION_STYLE_ASSIGNMENT((#2950));
#1355=EDGE_CURVE('',#2951,#2952,#2953,.T.);
#1356=PRESENTATION_STYLE_ASSIGNMENT((#2954));
#1357=EDGE_CURVE('',#2944,#2952,#2955,.T.);
#1358=PRESENTATION_STYLE_ASSIGNMENT((#2956));
#1359=EDGE_CURVE('',#2951,#2943,#2957,.T.);
#1360=PRESENTATION_STYLE_ASSIGNMENT((#2958));
#1361=EDGE_CURVE('',#2959,#2960,#2961,.T.);
#1362=PRESENTATION_STYLE_ASSIGNMENT((#2962));
#1363=EDGE_CURVE('',#2952,#2960,#2963,.T.);
#1364=PRESENTATION_STYLE_ASSIGNMENT((#2964));
#1365=EDGE_CURVE('',#2959,#2951,#2965,.F.);
#1366=PRESENTATION_STYLE_ASSIGNMENT((#2966));
#1367=EDGE_CURVE('',#2967,#2879,#2968,.T.);
#1368=PRESENTATION_STYLE_ASSIGNMENT((#2969));
#1369=EDGE_CURVE('',#2960,#2879,#2970,.T.);
#1370=PRESENTATION_STYLE_ASSIGNMENT((#2971));
#1371=EDGE_CURVE('',#2967,#2959,#2972,.T.);
#1372=PRESENTATION_STYLE_ASSIGNMENT((#2973));
#1373=EDGE_CURVE('',#2974,#2880,#2975,.T.);
#1374=PRESENTATION_STYLE_ASSIGNMENT((#2976));
#1375=EDGE_CURVE('',#2974,#2967,#2977,.T.);
#1376=PRESENTATION_STYLE_ASSIGNMENT((#2978));
#1377=EDGE_CURVE('',#2837,#2974,#2979,.T.);
#1378=PRESENTATION_STYLE_ASSIGNMENT((#2980));
#1379=EDGE_CURVE('',#2974,#2556,#2981,.T.);
#1380=PRESENTATION_STYLE_ASSIGNMENT((#2982));
#1381=EDGE_CURVE('',#2983,#2983,#2984,.T.);
#1382=PRESENTATION_STYLE_ASSIGNMENT((#2985));
#1383=EDGE_CURVE('',#2986,#2986,#2987,.F.);
#1384=PRESENTATION_STYLE_ASSIGNMENT((#2988));
#1385=EDGE_CURVE('',#2989,#2989,#2990,.T.);
#1386=PRESENTATION_STYLE_ASSIGNMENT((#2991));
#1387=EDGE_CURVE('',#2992,#2992,#2993,.F.);
#1388=PRESENTATION_STYLE_ASSIGNMENT((#2994));
#1389=EDGE_CURVE('',#2995,#2995,#2996,.T.);
#1390=PRESENTATION_STYLE_ASSIGNMENT((#2997));
#1391=EDGE_CURVE('',#2998,#2998,#2999,.F.);
#1392=PRESENTATION_STYLE_ASSIGNMENT((#3000));
#1393=EDGE_CURVE('',#3001,#3001,#3002,.F.);
#1394=PRESENTATION_STYLE_ASSIGNMENT((#3003));
#1395=EDGE_CURVE('',#3004,#3004,#3005,.T.);
#1396=PRESENTATION_STYLE_ASSIGNMENT((#3006));
#1397=EDGE_CURVE('',#3007,#3007,#3008,.F.);
#1398=PRESENTATION_STYLE_ASSIGNMENT((#3009));
#1399=EDGE_CURVE('',#3010,#3010,#3011,.T.);
#1400=PRESENTATION_STYLE_ASSIGNMENT((#3012));
#1401=EDGE_CURVE('',#3013,#3013,#3014,.F.);
#1402=PRESENTATION_STYLE_ASSIGNMENT((#3015));
#1403=EDGE_CURVE('',#3016,#3016,#3017,.F.);
#1404=PRESENTATION_STYLE_ASSIGNMENT((#3018));
#1405=EDGE_CURVE('',#3019,#3019,#3020,.T.);
#1406=PRESENTATION_STYLE_ASSIGNMENT((#3021));
#1407=EDGE_CURVE('',#3022,#3022,#3023,.T.);
#1408=PRESENTATION_STYLE_ASSIGNMENT((#3024));
#1409=EDGE_CURVE('',#3025,#3025,#3026,.F.);
#1410=PRESENTATION_STYLE_ASSIGNMENT((#3027));
#1411=EDGE_CURVE('',#3028,#3028,#3029,.F.);
#1412=PRESENTATION_STYLE_ASSIGNMENT((#3030));
#1413=EDGE_CURVE('',#3031,#3031,#3032,.T.);
#1414=PRESENTATION_STYLE_ASSIGNMENT((#3033));
#1415=EDGE_CURVE('',#3034,#3034,#3035,.T.);
#1416=PRESENTATION_STYLE_ASSIGNMENT((#3036));
#1417=EDGE_CURVE('',#3037,#3037,#3038,.F.);
#1418=PRESENTATION_STYLE_ASSIGNMENT((#3039));
#1419=EDGE_CURVE('',#3040,#3040,#3041,.F.);
#1420=PRESENTATION_STYLE_ASSIGNMENT((#3042));
#1421=EDGE_CURVE('',#3043,#3043,#3044,.T.);
#1422=PRESENTATION_STYLE_ASSIGNMENT((#3045));
#1423=EDGE_CURVE('',#3046,#3046,#3047,.F.);
#1424=PRESENTATION_STYLE_ASSIGNMENT((#3048));
#1425=EDGE_CURVE('',#3049,#3049,#3050,.T.);
#1426=PRESENTATION_STYLE_ASSIGNMENT((#3051));
#1427=EDGE_CURVE('',#3052,#3052,#3053,.T.);
#1428=PRESENTATION_STYLE_ASSIGNMENT((#3054));
#1429=EDGE_CURVE('',#3055,#3055,#3056,.F.);
#1430=PRESENTATION_STYLE_ASSIGNMENT((#3057));
#1431=EDGE_CURVE('',#3058,#3058,#3059,.T.);
#1432=PRESENTATION_STYLE_ASSIGNMENT((#3060));
#1433=EDGE_CURVE('',#3061,#3061,#3062,.F.);
#1434=PRESENTATION_STYLE_ASSIGNMENT((#3063));
#1435=EDGE_CURVE('',#3064,#3064,#3065,.T.);
#1436=PRESENTATION_STYLE_ASSIGNMENT((#3066));
#1437=EDGE_CURVE('',#3067,#3067,#3068,.F.);
#1438=PRESENTATION_STYLE_ASSIGNMENT((#3069));
#1439=EDGE_CURVE('',#3070,#3070,#3071,.F.);
#1440=PRESENTATION_STYLE_ASSIGNMENT((#3072));
#1441=EDGE_CURVE('',#3073,#3073,#3074,.T.);
#1442=PRESENTATION_STYLE_ASSIGNMENT((#3075));
#1443=EDGE_CURVE('',#3076,#3076,#3077,.T.);
#1444=PRESENTATION_STYLE_ASSIGNMENT((#3078));
#1445=EDGE_CURVE('',#3079,#3079,#3080,.F.);
#1446=PRESENTATION_STYLE_ASSIGNMENT((#3081));
#1447=EDGE_CURVE('',#3082,#3082,#3083,.F.);
#1448=PRESENTATION_STYLE_ASSIGNMENT((#3084));
#1449=EDGE_CURVE('',#3085,#3085,#3086,.T.);
#1450=PRESENTATION_STYLE_ASSIGNMENT((#3087));
#1451=EDGE_CURVE('',#3088,#3088,#3089,.F.);
#1452=PRESENTATION_STYLE_ASSIGNMENT((#3090));
#1453=EDGE_CURVE('',#3091,#3091,#3092,.F.);
#1454=PRESENTATION_STYLE_ASSIGNMENT((#3093));
#1455=EDGE_CURVE('',#3094,#3094,#3095,.F.);
#1456=PRESENTATION_STYLE_ASSIGNMENT((#3096));
#1457=EDGE_CURVE('',#3097,#3097,#3098,.F.);
#1458=PRESENTATION_STYLE_ASSIGNMENT((#3099));
#1459=EDGE_CURVE('',#3100,#3100,#3101,.F.);
#1460=PRESENTATION_STYLE_ASSIGNMENT((#3102));
#1461=EDGE_CURVE('',#3103,#3103,#3104,.F.);
#1462=PRESENTATION_STYLE_ASSIGNMENT((#3105));
#1463=EDGE_CURVE('',#3106,#3106,#3107,.F.);
#1464=PRESENTATION_STYLE_ASSIGNMENT((#3108));
#1465=EDGE_CURVE('',#3109,#3109,#3110,.F.);
#1466=PRESENTATION_STYLE_ASSIGNMENT((#3111));
#1467=EDGE_CURVE('',#3112,#3113,#3114,.T.);
#1468=PRESENTATION_STYLE_ASSIGNMENT((#3115));
#1469=EDGE_CURVE('',#3116,#3113,#3117,.F.);
#1470=PRESENTATION_STYLE_ASSIGNMENT((#3118));
#1471=EDGE_CURVE('',#3119,#3116,#3120,.T.);
#1472=PRESENTATION_STYLE_ASSIGNMENT((#3121));
#1473=EDGE_CURVE('',#3112,#3119,#3122,.T.);
#1474=PRESENTATION_STYLE_ASSIGNMENT((#3123));
#1475=EDGE_CURVE('',#2642,#3124,#3125,.T.);
#1476=PRESENTATION_STYLE_ASSIGNMENT((#3126));
#1477=EDGE_CURVE('',#2639,#3127,#3128,.T.);
#1478=PRESENTATION_STYLE_ASSIGNMENT((#3129));
#1479=EDGE_CURVE('',#3124,#3127,#3130,.T.);
#1480=PRESENTATION_STYLE_ASSIGNMENT((#3131));
#1481=EDGE_CURVE('',#3132,#3133,#3134,.T.);
#1482=PRESENTATION_STYLE_ASSIGNMENT((#3135));
#1483=EDGE_CURVE('',#3113,#3133,#3136,.F.);
#1484=PRESENTATION_STYLE_ASSIGNMENT((#3137));
#1485=EDGE_CURVE('',#3132,#3112,#3138,.T.);
#1486=PRESENTATION_STYLE_ASSIGNMENT((#3139));
#1487=EDGE_CURVE('',#2591,#3140,#3141,.T.);
#1488=PRESENTATION_STYLE_ASSIGNMENT((#3142));
#1489=EDGE_CURVE('',#2594,#3140,#3143,.T.);
#1490=PRESENTATION_STYLE_ASSIGNMENT((#3144));
#1491=EDGE_CURVE('',#3145,#3146,#3147,.T.);
#1492=PRESENTATION_STYLE_ASSIGNMENT((#3148));
#1493=EDGE_CURVE('',#3149,#3146,#3150,.F.);
#1494=PRESENTATION_STYLE_ASSIGNMENT((#3151));
#1495=EDGE_CURVE('',#3149,#3152,#3153,.F.);
#1496=PRESENTATION_STYLE_ASSIGNMENT((#3154));
#1497=EDGE_CURVE('',#3145,#3152,#3155,.T.);
#1498=PRESENTATION_STYLE_ASSIGNMENT((#3156));
#1499=EDGE_CURVE('',#2606,#3157,#3158,.T.);
#1500=PRESENTATION_STYLE_ASSIGNMENT((#3159));
#1501=EDGE_CURVE('',#2603,#3160,#3161,.T.);
#1502=PRESENTATION_STYLE_ASSIGNMENT((#3162));
#1503=EDGE_CURVE('',#3157,#3160,#3163,.T.);
#1504=PRESENTATION_STYLE_ASSIGNMENT((#3164));
#1505=EDGE_CURVE('',#2612,#3165,#3166,.T.);
#1506=PRESENTATION_STYLE_ASSIGNMENT((#3167));
#1507=EDGE_CURVE('',#2609,#3168,#3169,.T.);
#1508=PRESENTATION_STYLE_ASSIGNMENT((#3170));
#1509=EDGE_CURVE('',#3165,#3168,#3171,.T.);
#1510=PRESENTATION_STYLE_ASSIGNMENT((#3172));
#1511=EDGE_CURVE('',#2636,#3173,#3174,.T.);
#1512=PRESENTATION_STYLE_ASSIGNMENT((#3175));
#1513=EDGE_CURVE('',#3127,#3173,#3176,.T.);
#1514=PRESENTATION_STYLE_ASSIGNMENT((#3177));
#1515=EDGE_CURVE('',#3178,#3179,#3180,.T.);
#1516=PRESENTATION_STYLE_ASSIGNMENT((#3181));
#1517=EDGE_CURVE('',#3182,#3179,#3183,.F.);
#1518=PRESENTATION_STYLE_ASSIGNMENT((#3184));
#1519=EDGE_CURVE('',#3185,#3182,#3186,.T.);
#1520=PRESENTATION_STYLE_ASSIGNMENT((#3187));
#1521=EDGE_CURVE('',#3178,#3185,#3188,.T.);
#1522=PRESENTATION_STYLE_ASSIGNMENT((#3189));
#1523=EDGE_CURVE('',#3168,#3157,#3190,.T.);
#1524=PRESENTATION_STYLE_ASSIGNMENT((#3191));
#1525=EDGE_CURVE('',#3192,#2573,#3193,.F.);
#1526=PRESENTATION_STYLE_ASSIGNMENT((#3194));
#1527=EDGE_CURVE('',#3195,#3192,#3196,.T.);
#1528=PRESENTATION_STYLE_ASSIGNMENT((#3197));
#1529=EDGE_CURVE('',#2576,#3195,#3198,.T.);
#1530=PRESENTATION_STYLE_ASSIGNMENT((#3199));
#1531=EDGE_CURVE('',#3200,#3201,#3202,.F.);
#1532=PRESENTATION_STYLE_ASSIGNMENT((#3203));
#1533=EDGE_CURVE('',#3201,#2582,#3204,.T.);
#1534=PRESENTATION_STYLE_ASSIGNMENT((#3205));
#1535=EDGE_CURVE('',#2581,#3200,#3206,.F.);
#1536=PRESENTATION_STYLE_ASSIGNMENT((#3207));
#1537=EDGE_CURVE('',#2585,#3208,#3209,.T.);
#1538=PRESENTATION_STYLE_ASSIGNMENT((#3210));
#1539=EDGE_CURVE('',#3211,#3208,#3212,.F.);
#1540=PRESENTATION_STYLE_ASSIGNMENT((#3213));
#1541=EDGE_CURVE('',#2588,#3211,#3214,.T.);
#1542=PRESENTATION_STYLE_ASSIGNMENT((#3215));
#1543=EDGE_CURVE('',#3208,#3201,#3216,.T.);
#1544=PRESENTATION_STYLE_ASSIGNMENT((#3217));
#1545=EDGE_CURVE('',#3200,#3218,#3219,.F.);
#1546=PRESENTATION_STYLE_ASSIGNMENT((#3220));
#1547=EDGE_CURVE('',#3218,#3149,#3221,.T.);
#1548=PRESENTATION_STYLE_ASSIGNMENT((#3222));
#1549=EDGE_CURVE('',#3146,#3223,#3224,.F.);
#1550=PRESENTATION_STYLE_ASSIGNMENT((#3225));
#1551=EDGE_CURVE('',#3223,#3226,#3227,.F.);
#1552=PRESENTATION_STYLE_ASSIGNMENT((#3228));
#1553=EDGE_CURVE('',#3226,#3182,#3229,.F.);
#1554=PRESENTATION_STYLE_ASSIGNMENT((#3230));
#1555=EDGE_CURVE('',#3179,#3231,#3232,.F.);
#1556=PRESENTATION_STYLE_ASSIGNMENT((#3233));
#1557=EDGE_CURVE('',#3231,#3234,#3235,.F.);
#1558=PRESENTATION_STYLE_ASSIGNMENT((#3236));
#1559=EDGE_CURVE('',#3234,#3237,#3238,.T.);
#1560=PRESENTATION_STYLE_ASSIGNMENT((#3239));
#1561=EDGE_CURVE('',#3237,#3240,#3241,.F.);
#1562=PRESENTATION_STYLE_ASSIGNMENT((#3242));
#1563=EDGE_CURVE('',#3240,#3243,#3244,.T.);
#1564=PRESENTATION_STYLE_ASSIGNMENT((#3245));
#1565=EDGE_CURVE('',#3243,#3116,#3246,.F.);
#1566=PRESENTATION_STYLE_ASSIGNMENT((#3247));
#1567=EDGE_CURVE('',#3133,#3192,#3248,.F.);
#1568=PRESENTATION_STYLE_ASSIGNMENT((#3249));
#1569=EDGE_CURVE('',#2570,#3250,#3251,.F.);
#1570=PRESENTATION_STYLE_ASSIGNMENT((#3252));
#1571=EDGE_CURVE('',#3250,#3253,#3254,.T.);
#1572=PRESENTATION_STYLE_ASSIGNMENT((#3255));
#1573=EDGE_CURVE('',#3253,#3211,#3256,.F.);
#1574=PRESENTATION_STYLE_ASSIGNMENT((#3257));
#1575=EDGE_CURVE('',#3258,#3226,#3259,.T.);
#1576=PRESENTATION_STYLE_ASSIGNMENT((#3260));
#1577=EDGE_CURVE('',#3185,#3258,#3261,.T.);
#1578=PRESENTATION_STYLE_ASSIGNMENT((#3262));
#1579=EDGE_CURVE('',#3263,#3231,#3264,.T.);
#1580=PRESENTATION_STYLE_ASSIGNMENT((#3265));
#1581=EDGE_CURVE('',#3263,#3178,#3266,.F.);
#1582=PRESENTATION_STYLE_ASSIGNMENT((#3267));
#1583=EDGE_CURVE('',#3268,#2645,#3269,.F.);
#1584=PRESENTATION_STYLE_ASSIGNMENT((#3270));
#1585=EDGE_CURVE('',#3268,#3124,#3271,.T.);
#1586=PRESENTATION_STYLE_ASSIGNMENT((#3272));
#1587=EDGE_CURVE('',#2597,#3273,#3274,.T.);
#1588=PRESENTATION_STYLE_ASSIGNMENT((#3275));
#1589=EDGE_CURVE('',#3273,#3140,#3276,.T.);
#1590=PRESENTATION_STYLE_ASSIGNMENT((#3277));
#1591=EDGE_CURVE('',#3195,#3132,#3278,.T.);
#1592=PRESENTATION_STYLE_ASSIGNMENT((#3279));
#1593=EDGE_CURVE('',#3280,#2615,#3281,.F.);
#1594=PRESENTATION_STYLE_ASSIGNMENT((#3282));
#1595=EDGE_CURVE('',#3280,#3165,#3283,.T.);
#1596=PRESENTATION_STYLE_ASSIGNMENT((#3284));
#1597=EDGE_CURVE('',#3280,#2618,#3285,.T.);
#1598=PRESENTATION_STYLE_ASSIGNMENT((#3286));
#1599=EDGE_CURVE('',#2621,#2656,#3287,.T.);
#1600=PRESENTATION_STYLE_ASSIGNMENT((#3288));
#1601=EDGE_CURVE('',#3268,#2648,#3289,.T.);
#1602=PRESENTATION_STYLE_ASSIGNMENT((#3290));
#1603=EDGE_CURVE('',#3291,#3292,#3293,.F.);
#1604=PRESENTATION_STYLE_ASSIGNMENT((#3294));
#1605=EDGE_CURVE('',#3295,#3291,#3296,.F.);
#1606=PRESENTATION_STYLE_ASSIGNMENT((#3297));
#1607=EDGE_CURVE('',#3298,#3295,#3299,.F.);
#1608=PRESENTATION_STYLE_ASSIGNMENT((#3300));
#1609=EDGE_CURVE('',#3292,#3298,#3301,.F.);
#1610=PRESENTATION_STYLE_ASSIGNMENT((#3302));
#1611=EDGE_CURVE('',#3298,#2588,#3303,.F.);
#1612=PRESENTATION_STYLE_ASSIGNMENT((#3304));
#1613=EDGE_CURVE('',#3292,#3211,#3305,.F.);
#1614=PRESENTATION_STYLE_ASSIGNMENT((#3306));
#1615=EDGE_CURVE('',#3295,#2581,#3307,.F.);
#1616=PRESENTATION_STYLE_ASSIGNMENT((#3308));
#1617=EDGE_CURVE('',#3173,#3309,#3310,.T.);
#1618=PRESENTATION_STYLE_ASSIGNMENT((#3311));
#1619=EDGE_CURVE('',#3309,#3312,#3313,.T.);
#1620=PRESENTATION_STYLE_ASSIGNMENT((#3314));
#1621=EDGE_CURVE('',#3312,#2653,#3315,.T.);
#1622=PRESENTATION_STYLE_ASSIGNMENT((#3316));
#1623=EDGE_CURVE('',#3160,#3317,#3318,.T.);
#1624=PRESENTATION_STYLE_ASSIGNMENT((#3319));
#1625=EDGE_CURVE('',#3317,#3273,#3320,.T.);
#1626=PRESENTATION_STYLE_ASSIGNMENT((#3321));
#1627=EDGE_CURVE('',#3291,#3200,#3322,.F.);
#1628=PRESENTATION_STYLE_ASSIGNMENT((#3323));
#1629=EDGE_CURVE('',#3324,#3253,#3325,.T.);
#1630=PRESENTATION_STYLE_ASSIGNMENT((#3326));
#1631=EDGE_CURVE('',#3324,#2569,#3327,.F.);
#1632=PRESENTATION_STYLE_ASSIGNMENT((#3328));
#1633=EDGE_CURVE('',#3119,#3329,#3330,.T.);
#1634=PRESENTATION_STYLE_ASSIGNMENT((#3331));
#1635=EDGE_CURVE('',#3240,#3329,#3332,.T.);
#1636=PRESENTATION_STYLE_ASSIGNMENT((#3333));
#1637=EDGE_CURVE('',#3334,#3237,#3335,.T.);
#1638=PRESENTATION_STYLE_ASSIGNMENT((#3336));
#1639=EDGE_CURVE('',#3334,#3263,#3337,.F.);
#1640=PRESENTATION_STYLE_ASSIGNMENT((#3338));
#1641=EDGE_CURVE('',#3258,#3339,#3340,.T.);
#1642=PRESENTATION_STYLE_ASSIGNMENT((#3341));
#1643=EDGE_CURVE('',#3339,#3145,#3342,.T.);
#1644=PRESENTATION_STYLE_ASSIGNMENT((#3343));
#1645=EDGE_CURVE('',#3218,#3152,#3344,.T.);
#1646=PRESENTATION_STYLE_ASSIGNMENT((#3345));
#1647=EDGE_CURVE('',#3346,#3346,#3347,.F.);
#1648=PRESENTATION_STYLE_ASSIGNMENT((#3348));
#1649=EDGE_CURVE('',#3349,#3349,#3350,.F.);
#1650=PRESENTATION_STYLE_ASSIGNMENT((#3351));
#1651=EDGE_CURVE('',#3352,#3352,#3353,.F.);
#1652=PRESENTATION_STYLE_ASSIGNMENT((#3354));
#1653=EDGE_CURVE('',#3355,#3355,#3356,.F.);
#1654=PRESENTATION_STYLE_ASSIGNMENT((#3357));
#1655=EDGE_CURVE('',#3358,#3358,#3359,.F.);
#1656=PRESENTATION_STYLE_ASSIGNMENT((#3360));
#1657=EDGE_CURVE('',#3361,#3361,#3362,.F.);
#1658=PRESENTATION_STYLE_ASSIGNMENT((#3363));
#1659=EDGE_CURVE('',#3364,#3364,#3365,.F.);
#1660=PRESENTATION_STYLE_ASSIGNMENT((#3366));
#1661=EDGE_CURVE('',#3367,#3367,#3368,.F.);
#1662=PRESENTATION_STYLE_ASSIGNMENT((#3369));
#1663=EDGE_CURVE('',#2697,#2746,#3370,.T.);
#1664=PRESENTATION_STYLE_ASSIGNMENT((#3371));
#1665=EDGE_CURVE('',#2944,#2920,#3372,.T.);
#1666=PRESENTATION_STYLE_ASSIGNMENT((#3373));
#1667=EDGE_CURVE('',#2694,#2685,#3374,.T.);
#1668=PRESENTATION_STYLE_ASSIGNMENT((#3375));
#1669=EDGE_CURVE('',#2896,#2665,#3376,.T.);
#1670=PRESENTATION_STYLE_ASSIGNMENT((#3377));
#1671=EDGE_CURVE('',#2450,#2469,#3378,.T.);
#1672=PRESENTATION_STYLE_ASSIGNMENT((#3379));
#1673=EDGE_CURVE('',#2484,#2449,#3380,.F.);
#1674=PRESENTATION_STYLE_ASSIGNMENT((#3381));
#1675=EDGE_CURVE('',#2753,#2453,#3382,.T.);
#1676=PRESENTATION_STYLE_ASSIGNMENT((#3383));
#1677=EDGE_CURVE('',#2456,#2737,#3384,.T.);
#1678=PRESENTATION_STYLE_ASSIGNMENT((#3385));
#1679=EDGE_CURVE('',#2729,#2481,#3386,.T.);
#1680=PRESENTATION_STYLE_ASSIGNMENT((#3387));
#1681=EDGE_CURVE('',#2426,#2441,#3388,.T.);
#1682=PRESENTATION_STYLE_ASSIGNMENT((#3389));
#1683=EDGE_CURVE('',#2444,#2425,#3390,.F.);
#1684=PRESENTATION_STYLE_ASSIGNMENT((#3391));
#1685=EDGE_CURVE('',#2927,#2429,#3392,.F.);
#1686=PRESENTATION_STYLE_ASSIGNMENT((#3393));
#1687=EDGE_CURVE('',#2432,#2911,#3394,.T.);
#1688=PRESENTATION_STYLE_ASSIGNMENT((#3395));
#1689=EDGE_CURVE('',#2903,#2437,#3396,.T.);
#1690=PRESENTATION_STYLE_ASSIGNMENT((#3397));
#1691=EDGE_CURVE('',#2438,#2887,#3398,.T.);
#1692=PRESENTATION_STYLE_ASSIGNMENT((#3399));
#1693=EDGE_CURVE('',#2853,#2927,#3400,.T.);
#1694=PRESENTATION_STYLE_ASSIGNMENT((#3401));
#1695=EDGE_CURVE('',#2429,#2856,#3402,.T.);
#1696=PRESENTATION_STYLE_ASSIGNMENT((#3403));
#1697=EDGE_CURVE('',#2815,#2438,#3404,.F.);
#1698=PRESENTATION_STYLE_ASSIGNMENT((#3405));
#1699=EDGE_CURVE('',#2859,#2426,#3406,.T.);
#1700=PRESENTATION_STYLE_ASSIGNMENT((#3407));
#1701=EDGE_CURVE('',#2441,#2862,#3408,.T.);
#1702=PRESENTATION_STYLE_ASSIGNMENT((#3409));
#1703=EDGE_CURVE('',#2490,#2524,#3410,.T.);
#1704=PRESENTATION_STYLE_ASSIGNMENT((#3411));
#1705=EDGE_CURVE('',#2510,#2489,#3412,.F.);
#1706=PRESENTATION_STYLE_ASSIGNMENT((#3413));
#1707=EDGE_CURVE('',#2521,#2688,#3414,.F.);
#1708=PRESENTATION_STYLE_ASSIGNMENT((#3415));
#1709=EDGE_CURVE('',#2693,#2493,#3416,.F.);
#1710=PRESENTATION_STYLE_ASSIGNMENT((#3417));
#1711=EDGE_CURVE('',#2496,#2773,#3418,.F.);
#1712=PRESENTATION_STYLE_ASSIGNMENT((#3419));
#1713=EDGE_CURVE('',#2688,#2693,#3420,.F.);
#1714=PRESENTATION_STYLE_ASSIGNMENT((#3421));
#1715=EDGE_CURVE('',#2536,#2935,#3422,.F.);
#1716=PRESENTATION_STYLE_ASSIGNMENT((#3423));
#1717=EDGE_CURVE('',#2561,#2959,#3424,.F.);
#1718=PRESENTATION_STYLE_ASSIGNMENT((#3425));
#1719=EDGE_CURVE('',#2951,#2533,#3426,.F.);
#1720=PRESENTATION_STYLE_ASSIGNMENT((#3427));
#1721=EDGE_CURVE('',#2530,#2564,#3428,.T.);
#1722=PRESENTATION_STYLE_ASSIGNMENT((#3429));
#1723=EDGE_CURVE('',#2550,#2529,#3430,.F.);
#1724=PRESENTATION_STYLE_ASSIGNMENT((#3431));
#1725=EDGE_CURVE('',#2928,#2850,#3432,.T.);
#1726=PRESENTATION_STYLE_ASSIGNMENT((#3433));
#1727=EDGE_CURVE('',#3434,#3434,#3435,.F.);
#1728=PRESENTATION_STYLE_ASSIGNMENT((#3436));
#1729=EDGE_CURVE('',#3437,#3437,#3438,.F.);
#1730=PRESENTATION_STYLE_ASSIGNMENT((#3439));
#1731=EDGE_CURVE('',#2582,#3440,#3441,.F.);
#1732=PRESENTATION_STYLE_ASSIGNMENT((#3442));
#1733=EDGE_CURVE('',#3443,#3201,#3444,.T.);
#1734=PRESENTATION_STYLE_ASSIGNMENT((#3445));
#1735=EDGE_CURVE('',#3440,#3443,#3446,.T.);
#1736=PRESENTATION_STYLE_ASSIGNMENT((#3447));
#1737=EDGE_CURVE('',#3448,#3208,#3449,.F.);
#1738=PRESENTATION_STYLE_ASSIGNMENT((#3450));
#1739=EDGE_CURVE('',#3443,#3448,#3451,.T.);
#1740=PRESENTATION_STYLE_ASSIGNMENT((#3452));
#1741=EDGE_CURVE('',#3453,#3440,#3454,.T.);
#1742=PRESENTATION_STYLE_ASSIGNMENT((#3455));
#1743=EDGE_CURVE('',#2585,#3453,#3456,.F.);
#1744=PRESENTATION_STYLE_ASSIGNMENT((#3457));
#1745=EDGE_CURVE('',#3448,#3453,#3458,.T.);
#1746=PRESENTATION_STYLE_ASSIGNMENT((#3459));
#1747=EDGE_CURVE('',#3460,#3461,#3462,.T.);
#1748=PRESENTATION_STYLE_ASSIGNMENT((#3463));
#1749=EDGE_CURVE('',#3464,#3460,#3465,.T.);
#1750=PRESENTATION_STYLE_ASSIGNMENT((#3466));
#1751=EDGE_CURVE('',#3467,#3464,#3468,.T.);
#1752=PRESENTATION_STYLE_ASSIGNMENT((#3469));
#1753=EDGE_CURVE('',#3461,#3467,#3470,.T.);
#1754=PRESENTATION_STYLE_ASSIGNMENT((#3471));
#1755=EDGE_CURVE('',#2868,#3461,#3472,.T.);
#1756=PRESENTATION_STYLE_ASSIGNMENT((#3473));
#1757=EDGE_CURVE('',#2867,#3460,#3474,.T.);
#1758=PRESENTATION_STYLE_ASSIGNMENT((#3475));
#1759=EDGE_CURVE('',#2871,#3467,#3476,.T.);
#1760=PRESENTATION_STYLE_ASSIGNMENT((#3477));
#1761=EDGE_CURVE('',#2874,#3464,#3478,.T.);
#1762=PRESENTATION_STYLE_ASSIGNMENT((#3479));
#1763=EDGE_CURVE('',#3334,#3234,#3480,.T.);
#1764=PRESENTATION_STYLE_ASSIGNMENT((#3481));
#1765=EDGE_CURVE('',#3324,#3250,#3482,.T.);
#1766=PRESENTATION_STYLE_ASSIGNMENT((#3483));
#1767=EDGE_CURVE('',#3243,#3329,#3484,.F.);
#1768=PRESENTATION_STYLE_ASSIGNMENT((#3485));
#1769=EDGE_CURVE('',#3339,#3223,#3486,.T.);
#1770=PRESENTATION_STYLE_ASSIGNMENT((#3487));
#1771=EDGE_CURVE('',#2633,#3309,#3488,.T.);
#1772=PRESENTATION_STYLE_ASSIGNMENT((#3489));
#1773=EDGE_CURVE('',#2630,#3312,#3490,.T.);
#1774=PRESENTATION_STYLE_ASSIGNMENT((#3491));
#1775=EDGE_CURVE('',#2600,#3317,#3492,.T.);
#1776=PRESENTATION_STYLE_ASSIGNMENT((#3493));
#1777=MANIFOLD_SOLID_BREP('1',#3494);
#1778=PRODUCT('1','1','PART-1-DESC',(#3495));
#1779=PRODUCT_DEFINITION('NONE','NONE',#3496,#2);
#1780=AXIS2_PLACEMENT_3D('',#3497,#3498,#3499);
#1783=LENGTH_MEASURE_WITH_UNIT(LENGTH_MEASURE(1.0),#3500);
#1786=DIMENSIONAL_EXPONENTS(1.0,0.0,0.0,0.0,0.0,0.0,0.0);
#1788=DIMENSIONAL_EXPONENTS(0.0,0.0,0.0,0.0,0.0,0.0,0.0);
#1794=SURFACE_STYLE_USAGE(.BOTH.,#3501);
#1795=FACE_OUTER_BOUND('',#3502,.T.);
#1796=(B_SPLINE_SURFACE(3,2,((#3504,#3505,#3506),(#3507,#3508,#3509),(#3510,#3511,#3512),(#3513,#3514,#3515),(#3516,#3517,#3518),(#3519,#3520,#3521),(#3522,#3523,#3524),(#3525,#3526,#3527),(#3528,#3529,#3530),(#3531,#3532,#3533)),.UNSPECIFIED.,.F.,.F.,.F.)B_SPLINE_SURFACE_WITH_KNOTS((4,2,2,2,4),(3,3),(0.0,0.392699081698729,0.785398163397449,1.17809724509617,1.57079632679489),(0.0,1.0),.UNSPECIFIED.)RATIONAL_B_SPLINE_SURFACE(((1.0,0.766044443118978,1.0),(1.0,0.766049894444798,1.0),(1.0,0.764573367580732,1.0),(1.0,0.758863534430218,1.0),(1.0,0.754625134418071,1.0),(1.0,0.743899342505126,1.0),(1.0,0.737413000509121,1.0),(1.0,0.723033698726091,1.0),(1.0,0.715146745357454,1.0),(1.0,0.70710678118654,1.0)))BOUNDED_SURFACE()REPRESENTATION_ITEM('')GEOMETRIC_REPRESENTATION_ITEM()SURFACE());
#1797=SURFACE_STYLE_USAGE(.BOTH.,#3540);
#1798=FACE_OUTER_BOUND('',#3541,.T.);
#1799=(B_SPLINE_SURFACE(3,2,((#3543,#3544,#3545),(#3546,#3547,#3548),(#3549,#3550,#3551),(#3552,#3553,#3554),(#3555,#3556,#3557),(#3558,#3559,#3560),(#3561,#3562,#3563),(#3564,#3565,#3566),(#3567,#3568,#3569),(#3570,#3571,#3572)),.UNSPECIFIED.,.F.,.F.,.F.)B_SPLINE_SURFACE_WITH_KNOTS((4,2,2,2,4),(3,3),(4.71238898038468,5.10508806208341,5.49778714378214,5.89048622548087,6.2831853071796),(0.0,1.0),.UNSPECIFIED.)RATIONAL_B_SPLINE_SURFACE(((1.0,0.707106781186538,1.0),(1.0,0.715146745357452,1.0),(1.0,0.723033698726086,1.0),(1.0,0.737413000509116,1.0),(1.0,0.743899342505146,1.0),(1.0,0.754625134418044,1.0),(1.0,0.758863534430217,1.0),(1.0,0.764573367580731,1.0),(1.0,0.766049894444798,1.0),(1.0,0.766044443118979,1.0)))BOUNDED_SURFACE()REPRESENTATION_ITEM('')GEOMETRIC_REPRESENTATION_ITEM()SURFACE());
#1800=SURFACE_STYLE_USAGE(.BOTH.,#3579);
#1801=FACE_OUTER_BOUND('',#3580,.T.);
#1802=(B_SPLINE_SURFACE(3,2,((#3582,#3583,#3584),(#3585,#3586,#3587),(#3588,#3589,#3590),(#3591,#3592,#3593),(#3594,#3595,#3596),(#3597,#3598,#3599),(#3600,#3601,#3602),(#3603,#3604,#3605),(#3606,#3607,#3608),(#3609,#3610,#3611)),.UNSPECIFIED.,.F.,.F.,.F.)B_SPLINE_SURFACE_WITH_KNOTS((4,2,2,2,4),(3,3),(0.0,0.392699081698729,0.785398163397449,1.17809724509617,1.57079632679489),(0.0,1.0),.UNSPECIFIED.)RATIONAL_B_SPLINE_SURFACE(((1.0,0.766044443118978,1.0),(1.0,0.766049894444798,1.0),(1.0,0.764573367580732,1.0),(1.0,0.758863534430218,1.0),(1.0,0.754625134418071,1.0),(1.0,0.743899342505126,1.0),(1.0,0.737413000509121,1.0),(1.0,0.723033698726091,1.0),(1.0,0.715146745357454,1.0),(1.0,0.70710678118654,1.0)))BOUNDED_SURFACE()REPRESENTATION_ITEM('')GEOMETRIC_REPRESENTATION_ITEM()SURFACE());
#1803=SURFACE_STYLE_USAGE(.BOTH.,#3618);
#1804=FACE_OUTER_BOUND('',#3619,.T.);
#1805=CYLINDRICAL_SURFACE('',#3620,2.3);
#1806=SURFACE_STYLE_USAGE(.BOTH.,#3621);
#1807=FACE_OUTER_BOUND('',#3622,.T.);
#1808=CYLINDRICAL_SURFACE('',#3623,2.3);
#1809=SURFACE_STYLE_USAGE(.BOTH.,#3624);
#1810=FACE_OUTER_BOUND('',#3625,.T.);
#1811=(B_SPLINE_SURFACE(3,2,((#3627,#3628,#3629),(#3630,#3631,#3632),(#3633,#3634,#3635),(#3636,#3637,#3638),(#3639,#3640,#3641),(#3642,#3643,#3644),(#3645,#3646,#3647),(#3648,#3649,#3650),(#3651,#3652,#3653),(#3654,#3655,#3656)),.UNSPECIFIED.,.F.,.F.,.F.)B_SPLINE_SURFACE_WITH_KNOTS((4,2,2,2,4),(3,3),(4.71238898038468,5.10508806208341,5.49778714378214,5.89048622548087,6.2831853071796),(0.0,1.0),.UNSPECIFIED.)RATIONAL_B_SPLINE_SURFACE(((1.0,0.707106781186538,1.0),(1.0,0.715146745357452,1.0),(1.0,0.723033698726086,1.0),(1.0,0.737413000509116,1.0),(1.0,0.743899342505146,1.0),(1.0,0.754625134418044,1.0),(1.0,0.758863534430217,1.0),(1.0,0.764573367580731,1.0),(1.0,0.766049894444798,1.0),(1.0,0.766044443118979,1.0)))BOUNDED_SURFACE()REPRESENTATION_ITEM('')GEOMETRIC_REPRESENTATION_ITEM()SURFACE());
#1812=SURFACE_STYLE_USAGE(.BOTH.,#3663);
#1813=FACE_OUTER_BOUND('',#3664,.T.);
#1814=(B_SPLINE_SURFACE(3,2,((#3666,#3667,#3668),(#3669,#3670,#3671),(#3672,#3673,#3674),(#3675,#3676,#3677),(#3678,#3679,#3680),(#3681,#3682,#3683),(#3684,#3685,#3686),(#3687,#3688,#3689),(#3690,#3691,#3692),(#3693,#3694,#3695)),.UNSPECIFIED.,.F.,.F.,.F.)B_SPLINE_SURFACE_WITH_KNOTS((4,2,2,2,4),(3,3),(0.0,0.392699081698729,0.785398163397449,1.17809724509617,1.57079632679489),(0.0,1.0),.UNSPECIFIED.)RATIONAL_B_SPLINE_SURFACE(((1.0,0.766044443118978,1.0),(1.0,0.766049894444798,1.0),(1.0,0.764573367580732,1.0),(1.0,0.758863534430218,1.0),(1.0,0.754625134418071,1.0),(1.0,0.743899342505126,1.0),(1.0,0.737413000509121,1.0),(1.0,0.723033698726091,1.0),(1.0,0.715146745357454,1.0),(1.0,0.70710678118654,1.0)))BOUNDED_SURFACE()REPRESENTATION_ITEM('')GEOMETRIC_REPRESENTATION_ITEM()SURFACE());
#1815=SURFACE_STYLE_USAGE(.BOTH.,#3702);
#1816=FACE_OUTER_BOUND('',#3703,.T.);
#1817=CYLINDRICAL_SURFACE('',#3704,2.3);
#1818=SURFACE_STYLE_USAGE(.BOTH.,#3705);
#1819=FACE_OUTER_BOUND('',#3706,.T.);
#1820=CYLINDRICAL_SURFACE('',#3707,2.3);
#1821=SURFACE_STYLE_USAGE(.BOTH.,#3708);
#1822=FACE_OUTER_BOUND('',#3709,.T.);
#1823=(B_SPLINE_SURFACE(3,2,((#3711,#3712,#3713),(#3714,#3715,#3716),(#3717,#3718,#3719),(#3720,#3721,#3722),(#3723,#3724,#3725),(#3726,#3727,#3728),(#3729,#3730,#3731),(#3732,#3733,#3734),(#3735,#3736,#3737),(#3738,#3739,#3740)),.UNSPECIFIED.,.F.,.F.,.F.)B_SPLINE_SURFACE_WITH_KNOTS((4,2,2,2,4),(3,3),(4.71238898038468,5.10508806208341,5.49778714378214,5.89048622548087,6.2831853071796),(0.0,1.0),.UNSPECIFIED.)RATIONAL_B_SPLINE_SURFACE(((1.0,0.707106781186538,1.0),(1.0,0.715146745357452,1.0),(1.0,0.723033698726086,1.0),(1.0,0.737413000509116,1.0),(1.0,0.743899342505146,1.0),(1.0,0.754625134418044,1.0),(1.0,0.758863534430217,1.0),(1.0,0.764573367580731,1.0),(1.0,0.766049894444798,1.0),(1.0,0.766044443118979,1.0)))BOUNDED_SURFACE()REPRESENTATION_ITEM('')GEOMETRIC_REPRESENTATION_ITEM()SURFACE());
#1824=SURFACE_STYLE_USAGE(.BOTH.,#3747);
#1825=FACE_OUTER_BOUND('',#3748,.T.);
#1826=(B_SPLINE_SURFACE(3,2,((#3750,#3751,#3752),(#3753,#3754,#3755),(#3756,#3757,#3758),(#3759,#3760,#3761),(#3762,#3763,#3764),(#3765,#3766,#3767),(#3768,#3769,#3770),(#3771,#3772,#3773),(#3774,#3775,#3776),(#3777,#3778,#3779)),.UNSPECIFIED.,.F.,.F.,.F.)B_SPLINE_SURFACE_WITH_KNOTS((4,2,2,2,4),(3,3),(0.0,0.392699081698729,0.785398163397449,1.17809724509617,1.57079632679489),(0.0,1.0),.UNSPECIFIED.)RATIONAL_B_SPLINE_SURFACE(((1.0,0.766044443118978,1.0),(1.0,0.766049894444798,1.0),(1.0,0.764573367580732,1.0),(1.0,0.758863534430218,1.0),(1.0,0.754625134418071,1.0),(1.0,0.743899342505126,1.0),(1.0,0.737413000509121,1.0),(1.0,0.723033698726091,1.0),(1.0,0.715146745357454,1.0),(1.0,0.70710678118654,1.0)))BOUNDED_SURFACE()REPRESENTATION_ITEM('')GEOMETRIC_REPRESENTATION_ITEM()SURFACE());
#1827=SURFACE_STYLE_USAGE(.BOTH.,#3786);
#1828=FACE_OUTER_BOUND('',#3787,.T.);
#1829=CYLINDRICAL_SURFACE('',#3788,2.3);
#1830=SURFACE_STYLE_USAGE(.BOTH.,#3789);
#1831=FACE_OUTER_BOUND('',#3790,.T.);
#1832=CYLINDRICAL_SURFACE('',#3791,2.3);
#1833=SURFACE_STYLE_USAGE(.BOTH.,#3792);
#1834=FACE_OUTER_BOUND('',#3793,.T.);
#1835=(B_SPLINE_SURFACE(3,2,((#3795,#3796,#3797),(#3798,#3799,#3800),(#3801,#3802,#3803),(#3804,#3805,#3806),(#3807,#3808,#3809),(#3810,#3811,#3812),(#3813,#3814,#3815),(#3816,#3817,#3818),(#3819,#3820,#3821),(#3822,#3823,#3824)),.UNSPECIFIED.,.F.,.F.,.F.)B_SPLINE_SURFACE_WITH_KNOTS((4,2,2,2,4),(3,3),(4.71238898038468,5.10508806208341,5.49778714378214,5.89048622548087,6.2831853071796),(0.0,1.0),.UNSPECIFIED.)RATIONAL_B_SPLINE_SURFACE(((1.0,0.707106781186538,1.0),(1.0,0.715146745357452,1.0),(1.0,0.723033698726086,1.0),(1.0,0.737413000509116,1.0),(1.0,0.743899342505146,1.0),(1.0,0.754625134418044,1.0),(1.0,0.758863534430217,1.0),(1.0,0.764573367580731,1.0),(1.0,0.766049894444798,1.0),(1.0,0.766044443118979,1.0)))BOUNDED_SURFACE()REPRESENTATION_ITEM('')GEOMETRIC_REPRESENTATION_ITEM()SURFACE());
#1836=SURFACE_STYLE_USAGE(.BOTH.,#3831);
#1837=FACE_OUTER_BOUND('',#3832,.T.);
#1838=SURFACE_OF_LINEAR_EXTRUSION('',#3833,#3834);
#1839=SURFACE_STYLE_USAGE(.BOTH.,#3835);
#1840=FACE_OUTER_BOUND('',#3836,.T.);
#1841=PLANE('',#3837);
#1842=SURFACE_STYLE_USAGE(.BOTH.,#3838);
#1843=FACE_OUTER_BOUND('',#3839,.T.);
#1844=SURFACE_OF_LINEAR_EXTRUSION('',#3840,#3841);
#1845=SURFACE_STYLE_USAGE(.BOTH.,#3842);
#1846=FACE_OUTER_BOUND('',#3843,.T.);
#1847=(B_SPLINE_SURFACE(3,2,((#3845,#3846,#3847),(#3848,#3849,#3850),(#3851,#3852,#3853),(#3854,#3855,#3856)),.UNSPECIFIED.,.F.,.F.,.F.)B_SPLINE_SURFACE_WITH_KNOTS((4,4),(3,3),(0.0,0.00158928318296286),(0.0,1.0),.UNSPECIFIED.)RATIONAL_B_SPLINE_SURFACE(((1.0,0.837202170548302,1.0),(1.0,0.841988471574652,1.0),(1.0,0.843706725751081,1.0),(1.0,0.841584311458775,1.0)))BOUNDED_SURFACE()REPRESENTATION_ITEM('')GEOMETRIC_REPRESENTATION_ITEM()SURFACE());
#1848=SURFACE_STYLE_USAGE(.BOTH.,#3863);
#1849=FACE_OUTER_BOUND('',#3864,.T.);
#1850=(B_SPLINE_SURFACE(3,2,((#3866,#3867,#3868),(#3869,#3870,#3871),(#3872,#3873,#3874),(#3875,#3876,#3877)),.UNSPECIFIED.,.F.,.F.,.F.)B_SPLINE_SURFACE_WITH_KNOTS((4,4),(3,3),(0.0,0.00189897672260442),(0.0,1.0),.UNSPECIFIED.)RATIONAL_B_SPLINE_SURFACE(((1.0,0.841584311458773,1.0),(1.0,0.84292414083466,1.0),(1.0,0.84422985532226,1.0),(1.0,0.845503950462615,1.0)))BOUNDED_SURFACE()REPRESENTATION_ITEM('')GEOMETRIC_REPRESENTATION_ITEM()SURFACE());
#1851=SURFACE_STYLE_USAGE(.BOTH.,#3884);
#1852=FACE_OUTER_BOUND('',#3885,.T.);
#1853=PLANE('',#3886);
#1854=SURFACE_STYLE_USAGE(.BOTH.,#3887);
#1855=FACE_OUTER_BOUND('',#3888,.T.);
#1856=(B_SPLINE_SURFACE(3,2,((#3890,#3891,#3892),(#3893,#3894,#3895),(#3896,#3897,#3898),(#3899,#3900,#3901),(#3902,#3903,#3904),(#3905,#3906,#3907),(#3908,#3909,#3910),(#3911,#3912,#3913),(#3914,#3915,#3916),(#3917,#3918,#3919),(#3920,#3921,#3922),(#3923,#3924,#3925),(#3926,#3927,#3928),(#3929,#3930,#3931)),.UNSPECIFIED.,.F.,.F.,.F.)B_SPLINE_SURFACE_WITH_KNOTS((4,2,2,2,2,2,4),(3,3),(0.0,0.00134362516754115,0.00201543775131172,0.0026872503350823,0.00335906291885287,0.00403087550262344,0.00537450067016458),(0.0,1.0),.UNSPECIFIED.)RATIONAL_B_SPLINE_SURFACE(((1.0,0.92195444572929,1.0),(1.0,0.922959316998864,1.0),(1.0,0.920078131954101,1.0),(1.0,0.911410842541302,1.0),(1.0,0.907787939362362,1.0),(1.0,0.899690361117899,1.0),(1.0,0.895195345819935,1.0),(1.0,0.885705992671141,1.0),(1.0,0.880672875054291,1.0),(1.0,0.870695812263094,1.0),(1.0,0.86575953278533,1.0),(1.0,0.851653104285953,1.0),(1.0,0.843120845775241,1.0),(1.0,0.837202170548301,1.0)))BOUNDED_SURFACE()REPRESENTATION_ITEM('')GEOMETRIC_REPRESENTATION_ITEM()SURFACE());
#1857=SURFACE_STYLE_USAGE(.BOTH.,#3938);
#1858=FACE_OUTER_BOUND('',#3939,.T.);
#1859=(B_SPLINE_SURFACE(3,2,((#3941,#3942,#3943),(#3944,#3945,#3946),(#3947,#3948,#3949),(#3950,#3951,#3952),(#3953,#3954,#3955),(#3956,#3957,#3958),(#3959,#3960,#3961),(#3962,#3963,#3964),(#3965,#3966,#3967),(#3968,#3969,#3970),(#3971,#3972,#3973),(#3974,#3975,#3976),(#3977,#3978,#3979),(#3980,#3981,#3982)),.UNSPECIFIED.,.F.,.F.,.F.)B_SPLINE_SURFACE_WITH_KNOTS((4,2,2,2,2,2,4),(3,3),(0.0,0.00134432745861044,0.00201649118791566,0.00268865491722089,0.00336081864652612,0.00403298237583134,0.0053773098344418),(0.0,1.0),.UNSPECIFIED.)RATIONAL_B_SPLINE_SURFACE(((1.0,0.837202170548301,1.0),(1.0,0.843118096105029,1.0),(1.0,0.851467468192654,1.0),(1.0,0.865667017764434,1.0),(1.0,0.870696255120333,1.0),(1.0,0.880644526368638,1.0),(1.0,0.885599391412204,1.0),(1.0,0.895086991404572,1.0),(1.0,0.89964709529931,1.0),(1.0,0.907792575511095,1.0),(1.0,0.911351984836546,1.0),(1.0,0.919981037593763,1.0),(1.0,0.922986819240578,1.0),(1.0,0.92195444572929,1.0)))BOUNDED_SURFACE()REPRESENTATION_ITEM('')GEOMETRIC_REPRESENTATION_ITEM()SURFACE());
#1860=SURFACE_STYLE_USAGE(.BOTH.,#3989);
#1861=FACE_OUTER_BOUND('',#3990,.T.);
#1862=PLANE('',#3991);
#1863=SURFACE_STYLE_USAGE(.BOTH.,#3992);
#1864=FACE_OUTER_BOUND('',#3993,.T.);
#1865=(B_SPLINE_SURFACE(3,2,((#3995,#3996,#3997),(#3998,#3999,#4000),(#4001,#4002,#4003),(#4004,#4005,#4006)),.UNSPECIFIED.,.F.,.F.,.F.)B_SPLINE_SURFACE_WITH_KNOTS((4,4),(3,3),(0.0,0.00189897672260442),(0.0,1.0),.UNSPECIFIED.)RATIONAL_B_SPLINE_SURFACE(((1.0,0.841584311458773,1.0),(1.0,0.84292414083466,1.0),(1.0,0.84422985532226,1.0),(1.0,0.845503950462615,1.0)))BOUNDED_SURFACE()REPRESENTATION_ITEM('')GEOMETRIC_REPRESENTATION_ITEM()SURFACE());
#1866=SURFACE_STYLE_USAGE(.BOTH.,#4013);
#1867=FACE_OUTER_BOUND('',#4014,.T.);
#1868=(B_SPLINE_SURFACE(3,2,((#4016,#4017,#4018),(#4019,#4020,#4021),(#4022,#4023,#4024),(#4025,#4026,#4027)),.UNSPECIFIED.,.F.,.F.,.F.)B_SPLINE_SURFACE_WITH_KNOTS((4,4),(3,3),(0.0,0.00158928318296289),(0.0,1.0),.UNSPECIFIED.)RATIONAL_B_SPLINE_SURFACE(((1.0,0.841584311458775,1.0),(1.0,0.843706725751081,1.0),(1.0,0.841988471574652,1.0),(1.0,0.837202170548302,1.0)))BOUNDED_SURFACE()REPRESENTATION_ITEM('')GEOMETRIC_REPRESENTATION_ITEM()SURFACE());
#1869=SURFACE_STYLE_USAGE(.BOTH.,#4034);
#1870=FACE_OUTER_BOUND('',#4035,.T.);
#1871=(B_SPLINE_SURFACE(3,2,((#4037,#4038,#4039),(#4040,#4041,#4042),(#4043,#4044,#4045),(#4046,#4047,#4048),(#4049,#4050,#4051),(#4052,#4053,#4054),(#4055,#4056,#4057),(#4058,#4059,#4060),(#4061,#4062,#4063),(#4064,#4065,#4066),(#4067,#4068,#4069),(#4070,#4071,#4072),(#4073,#4074,#4075),(#4076,#4077,#4078)),.UNSPECIFIED.,.F.,.F.,.F.)B_SPLINE_SURFACE_WITH_KNOTS((4,2,2,2,2,2,4),(3,3),(0.0,0.00134432745861044,0.00201649118791566,0.00268865491722088,0.00336081864652611,0.00403298237583133,0.00537730983444178),(0.0,1.0),.UNSPECIFIED.)RATIONAL_B_SPLINE_SURFACE(((1.0,0.837202170548301,1.0),(1.0,0.843118096105048,1.0),(1.0,0.851467468192628,1.0),(1.0,0.865667017764447,1.0),(1.0,0.870696255120246,1.0),(1.0,0.880644526368726,1.0),(1.0,0.885599391412204,1.0),(1.0,0.895086991404572,1.0),(1.0,0.899647095299322,1.0),(1.0,0.907792575511082,1.0),(1.0,0.911351984836546,1.0),(1.0,0.919981037593763,1.0),(1.0,0.922986819240577,1.0),(1.0,0.92195444572929,1.0)))BOUNDED_SURFACE()REPRESENTATION_ITEM('')GEOMETRIC_REPRESENTATION_ITEM()SURFACE());
#1872=SURFACE_STYLE_USAGE(.BOTH.,#4085);
#1873=FACE_OUTER_BOUND('',#4086,.T.);
#1874=TOROIDAL_SURFACE('',#4087,12.5108800483745,3.0);
#1875=SURFACE_STYLE_USAGE(.BOTH.,#4088);
#1876=FACE_OUTER_BOUND('',#4089,.T.);
#1877=(B_SPLINE_SURFACE(3,2,((#4091,#4092,#4093),(#4094,#4095,#4096),(#4097,#4098,#4099),(#4100,#4101,#4102),(#4103,#4104,#4105),(#4106,#4107,#4108),(#4109,#4110,#4111),(#4112,#4113,#4114),(#4115,#4116,#4117),(#4118,#4119,#4120),(#4121,#4122,#4123),(#4124,#4125,#4126),(#4127,#4128,#4129),(#4130,#4131,#4132)),.UNSPECIFIED.,.F.,.F.,.F.)B_SPLINE_SURFACE_WITH_KNOTS((4,2,2,2,2,2,4),(3,3),(0.0,0.00134362516754115,0.00201543775131173,0.0026872503350823,0.00335906291885288,0.00403087550262345,0.0053745006701646),(0.0,1.0),.UNSPECIFIED.)RATIONAL_B_SPLINE_SURFACE(((1.0,0.92195444572929,1.0),(1.0,0.922959316998903,1.0),(1.0,0.920078131954052,1.0),(1.0,0.911410842541327,1.0),(1.0,0.907787939362251,1.0),(1.0,0.899690361118013,1.0),(1.0,0.895195345819948,1.0),(1.0,0.885705992671129,1.0),(1.0,0.880672875054292,1.0),(1.0,0.870695812263095,1.0),(1.0,0.86575953278533,1.0),(1.0,0.851653104285953,1.0),(1.0,0.843120845775242,1.0),(1.0,0.837202170548301,1.0)))BOUNDED_SURFACE()REPRESENTATION_ITEM('')GEOMETRIC_REPRESENTATION_ITEM()SURFACE());
#1878=SURFACE_STYLE_USAGE(.BOTH.,#4139);
#1879=FACE_OUTER_BOUND('',#4140,.T.);
#1880=(B_SPLINE_SURFACE(3,2,((#4142,#4143,#4144),(#4145,#4146,#4147),(#4148,#4149,#4150),(#4151,#4152,#4153)),.UNSPECIFIED.,.F.,.F.,.F.)B_SPLINE_SURFACE_WITH_KNOTS((4,4),(3,3),(0.0,0.00158928318296287),(0.0,1.0),.UNSPECIFIED.)RATIONAL_B_SPLINE_SURFACE(((1.0,0.837202170548303,1.0),(1.0,0.841988471574652,1.0),(1.0,0.843706725751083,1.0),(1.0,0.841584311458775,1.0)))BOUNDED_SURFACE()REPRESENTATION_ITEM('')GEOMETRIC_REPRESENTATION_ITEM()SURFACE());
#1881=SURFACE_STYLE_USAGE(.BOTH.,#4160);
#1882=FACE_OUTER_BOUND('',#4161,.T.);
#1883=(B_SPLINE_SURFACE(3,2,((#4163,#4164,#4165),(#4166,#4167,#4168),(#4169,#4170,#4171),(#4172,#4173,#4174)),.UNSPECIFIED.,.F.,.F.,.F.)B_SPLINE_SURFACE_WITH_KNOTS((4,4),(3,3),(0.0,0.00189897672260438),(0.0,1.0),.UNSPECIFIED.)RATIONAL_B_SPLINE_SURFACE(((1.0,0.841584311458773,1.0),(1.0,0.84292414083466,1.0),(1.0,0.844229855322261,1.0),(1.0,0.845503950462615,1.0)))BOUNDED_SURFACE()REPRESENTATION_ITEM('')GEOMETRIC_REPRESENTATION_ITEM()SURFACE());
#1884=SURFACE_STYLE_USAGE(.BOTH.,#4181);
#1885=FACE_OUTER_BOUND('',#4182,.T.);
#1886=(B_SPLINE_SURFACE(3,2,((#4184,#4185,#4186),(#4187,#4188,#4189),(#4190,#4191,#4192),(#4193,#4194,#4195)),.UNSPECIFIED.,.F.,.F.,.F.)B_SPLINE_SURFACE_WITH_KNOTS((4,4),(3,3),(0.0,0.00189897672260438),(0.0,1.0),.UNSPECIFIED.)RATIONAL_B_SPLINE_SURFACE(((1.0,0.841584311458773,1.0),(1.0,0.842924140834661,1.0),(1.0,0.84422985532226,1.0),(1.0,0.845503950462615,1.0)))BOUNDED_SURFACE()REPRESENTATION_ITEM('')GEOMETRIC_REPRESENTATION_ITEM()SURFACE());
#1887=SURFACE_STYLE_USAGE(.BOTH.,#4202);
#1888=FACE_OUTER_BOUND('',#4203,.T.);
#1889=(B_SPLINE_SURFACE(3,2,((#4205,#4206,#4207),(#4208,#4209,#4210),(#4211,#4212,#4213),(#4214,#4215,#4216)),.UNSPECIFIED.,.F.,.F.,.F.)B_SPLINE_SURFACE_WITH_KNOTS((4,4),(3,3),(0.0,0.00158928318296289),(0.0,1.0),.UNSPECIFIED.)RATIONAL_B_SPLINE_SURFACE(((1.0,0.841584311458775,1.0),(1.0,0.843706725751082,1.0),(1.0,0.841988471574653,1.0),(1.0,0.837202170548303,1.0)))BOUNDED_SURFACE()REPRESENTATION_ITEM('')GEOMETRIC_REPRESENTATION_ITEM()SURFACE());
#1890=SURFACE_STYLE_USAGE(.BOTH.,#4223);
#1891=FACE_BOUND('',#4224,.T.);
#1892=FACE_BOUND('',#4225,.T.);
#1893=FACE_BOUND('',#4226,.T.);
#1894=FACE_BOUND('',#4227,.T.);
#1895=FACE_BOUND('',#4228,.T.);
#1896=FACE_BOUND('',#4229,.T.);
#1897=FACE_BOUND('',#4230,.T.);
#1898=FACE_BOUND('',#4231,.T.);
#1899=FACE_BOUND('',#4232,.T.);
#1900=FACE_BOUND('',#4233,.T.);
#1901=FACE_BOUND('',#4234,.T.);
#1902=FACE_OUTER_BOUND('',#4235,.T.);
#1903=PLANE('',#4236);
#1904=SURFACE_STYLE_USAGE(.BOTH.,#4237);
#1905=FACE_OUTER_BOUND('',#4238,.T.);
#1906=CONICAL_SURFACE('',#4239,11.5,0.174532925199433);
#1907=SURFACE_STYLE_USAGE(.BOTH.,#4240);
#1908=FACE_OUTER_BOUND('',#4241,.T.);
#1909=(B_SPLINE_SURFACE(3,2,((#4243,#4244,#4245),(#4246,#4247,#4248),(#4249,#4250,#4251),(#4252,#4253,#4254)),.UNSPECIFIED.,.F.,.F.,.F.)B_SPLINE_SURFACE_WITH_KNOTS((4,4),(3,3),(0.0,0.00189897672260438),(0.0,1.0),.UNSPECIFIED.)RATIONAL_B_SPLINE_SURFACE(((1.0,0.841584311458773,1.0),(1.0,0.842924140834659,1.0),(1.0,0.844229855322262,1.0),(1.0,0.845503950462615,1.0)))BOUNDED_SURFACE()REPRESENTATION_ITEM('')GEOMETRIC_REPRESENTATION_ITEM()SURFACE());
#1910=SURFACE_STYLE_USAGE(.BOTH.,#4261);
#1911=FACE_OUTER_BOUND('',#4262,.T.);
#1912=(B_SPLINE_SURFACE(3,2,((#4264,#4265,#4266),(#4267,#4268,#4269),(#4270,#4271,#4272),(#4273,#4274,#4275)),.UNSPECIFIED.,.F.,.F.,.F.)B_SPLINE_SURFACE_WITH_KNOTS((4,4),(3,3),(0.0,0.00158928318296289),(0.0,1.0),.UNSPECIFIED.)RATIONAL_B_SPLINE_SURFACE(((1.0,0.841584311458772,1.0),(1.0,0.843706725751078,1.0),(1.0,0.841988471574651,1.0),(1.0,0.837202170548299,1.0)))BOUNDED_SURFACE()REPRESENTATION_ITEM('')GEOMETRIC_REPRESENTATION_ITEM()SURFACE());
#1913=SURFACE_STYLE_USAGE(.BOTH.,#4282);
#1914=FACE_OUTER_BOUND('',#4283,.T.);
#1915=(B_SPLINE_SURFACE(3,2,((#4285,#4286,#4287),(#4288,#4289,#4290),(#4291,#4292,#4293),(#4294,#4295,#4296),(#4297,#4298,#4299),(#4300,#4301,#4302),(#4303,#4304,#4305),(#4306,#4307,#4308),(#4309,#4310,#4311),(#4312,#4313,#4314),(#4315,#4316,#4317),(#4318,#4319,#4320),(#4321,#4322,#4323),(#4324,#4325,#4326)),.UNSPECIFIED.,.F.,.F.,.F.)B_SPLINE_SURFACE_WITH_KNOTS((4,2,2,2,2,2,4),(3,3),(0.0,0.00134432745861043,0.00201649118791566,0.00268865491722089,0.00336081864652612,0.00403298237583134,0.0053773098344418),(0.0,1.0),.UNSPECIFIED.)RATIONAL_B_SPLINE_SURFACE(((1.0,0.837202170548298,1.0),(1.0,0.843118096105026,1.0),(1.0,0.851467468192651,1.0),(1.0,0.865667017764432,1.0),(1.0,0.870696255120268,1.0),(1.0,0.880644526368698,1.0),(1.0,0.885599391412202,1.0),(1.0,0.89508699140457,1.0),(1.0,0.899647095299307,1.0),(1.0,0.907792575511092,1.0),(1.0,0.911351984836518,1.0),(1.0,0.91998103759381,1.0),(1.0,0.922986819240538,1.0),(1.0,0.921954445729288,1.0)))BOUNDED_SURFACE()REPRESENTATION_ITEM('')GEOMETRIC_REPRESENTATION_ITEM()SURFACE());
#1916=SURFACE_STYLE_USAGE(.BOTH.,#4333);
#1917=FACE_OUTER_BOUND('',#4334,.T.);
#1918=TOROIDAL_SURFACE('',#4335,12.5108800483745,3.0);
#1919=SURFACE_STYLE_USAGE(.BOTH.,#4336);
#1920=FACE_OUTER_BOUND('',#4337,.T.);
#1921=(B_SPLINE_SURFACE(3,2,((#4339,#4340,#4341),(#4342,#4343,#4344),(#4345,#4346,#4347),(#4348,#4349,#4350),(#4351,#4352,#4353),(#4354,#4355,#4356),(#4357,#4358,#4359),(#4360,#4361,#4362),(#4363,#4364,#4365),(#4366,#4367,#4368),(#4369,#4370,#4371),(#4372,#4373,#4374),(#4375,#4376,#4377),(#4378,#4379,#4380)),.UNSPECIFIED.,.F.,.F.,.F.)B_SPLINE_SURFACE_WITH_KNOTS((4,2,2,2,2,2,4),(3,3),(0.0,0.00134362516754115,0.00201543775131172,0.0026872503350823,0.00335906291885287,0.00403087550262345,0.00537450067016459),(0.0,1.0),.UNSPECIFIED.)RATIONAL_B_SPLINE_SURFACE(((1.0,0.921954445729287,1.0),(1.0,0.922959316998862,1.0),(1.0,0.920078131954099,1.0),(1.0,0.9114108425413,1.0),(1.0,0.907787939362385,1.0),(1.0,0.899690361117872,1.0),(1.0,0.89519534581992,1.0),(1.0,0.885705992671151,1.0),(1.0,0.880672875054339,1.0),(1.0,0.870695812263041,1.0),(1.0,0.86575953278529,1.0),(1.0,0.851653104286024,1.0),(1.0,0.843120845775181,1.0),(1.0,0.837202170548298,1.0)))BOUNDED_SURFACE()REPRESENTATION_ITEM('')GEOMETRIC_REPRESENTATION_ITEM()SURFACE());
#1922=SURFACE_STYLE_USAGE(.BOTH.,#4387);
#1923=FACE_OUTER_BOUND('',#4388,.T.);
#1924=(B_SPLINE_SURFACE(3,2,((#4390,#4391,#4392),(#4393,#4394,#4395),(#4396,#4397,#4398),(#4399,#4400,#4401)),.UNSPECIFIED.,.F.,.F.,.F.)B_SPLINE_SURFACE_WITH_KNOTS((4,4),(3,3),(0.0,0.00158928318296286),(0.0,1.0),.UNSPECIFIED.)RATIONAL_B_SPLINE_SURFACE(((1.0,0.837202170548299,1.0),(1.0,0.841988471574649,1.0),(1.0,0.843706725751078,1.0),(1.0,0.841584311458771,1.0)))BOUNDED_SURFACE()REPRESENTATION_ITEM('')GEOMETRIC_REPRESENTATION_ITEM()SURFACE());
#1925=SURFACE_STYLE_USAGE(.BOTH.,#4408);
#1926=FACE_OUTER_BOUND('',#4409,.T.);
#1927=(B_SPLINE_SURFACE(3,2,((#4411,#4412,#4413),(#4414,#4415,#4416),(#4417,#4418,#4419),(#4420,#4421,#4422)),.UNSPECIFIED.,.F.,.F.,.F.)B_SPLINE_SURFACE_WITH_KNOTS((4,4),(3,3),(0.0,0.00189897672260442),(0.0,1.0),.UNSPECIFIED.)RATIONAL_B_SPLINE_SURFACE(((1.0,0.841584311458774,1.0),(1.0,0.842924140834661,1.0),(1.0,0.844229855322261,1.0),(1.0,0.845503950462615,1.0)))BOUNDED_SURFACE()REPRESENTATION_ITEM('')GEOMETRIC_REPRESENTATION_ITEM()SURFACE());
#1928=SURFACE_STYLE_USAGE(.BOTH.,#4429);
#1929=FACE_OUTER_BOUND('',#4430,.T.);
#1930=(B_SPLINE_SURFACE(3,2,((#4432,#4433,#4434),(#4435,#4436,#4437),(#4438,#4439,#4440),(#4441,#4442,#4443)),.UNSPECIFIED.,.F.,.F.,.F.)B_SPLINE_SURFACE_WITH_KNOTS((4,4),(3,3),(0.0,0.00158928318296288),(0.0,1.0),.UNSPECIFIED.)RATIONAL_B_SPLINE_SURFACE(((1.0,0.841584311458775,1.0),(1.0,0.843706725751083,1.0),(1.0,0.841988471574652,1.0),(1.0,0.837202170548303,1.0)))BOUNDED_SURFACE()REPRESENTATION_ITEM('')GEOMETRIC_REPRESENTATION_ITEM()SURFACE());
#1931=SURFACE_STYLE_USAGE(.BOTH.,#4450);
#1932=FACE_OUTER_BOUND('',#4451,.T.);
#1933=(B_SPLINE_SURFACE(3,2,((#4453,#4454,#4455),(#4456,#4457,#4458),(#4459,#4460,#4461),(#4462,#4463,#4464),(#4465,#4466,#4467),(#4468,#4469,#4470),(#4471,#4472,#4473),(#4474,#4475,#4476),(#4477,#4478,#4479),(#4480,#4481,#4482),(#4483,#4484,#4485),(#4486,#4487,#4488),(#4489,#4490,#4491),(#4492,#4493,#4494)),.UNSPECIFIED.,.F.,.F.,.F.)B_SPLINE_SURFACE_WITH_KNOTS((4,2,2,2,2,2,4),(3,3),(0.0,0.00134432745861043,0.00201649118791566,0.00268865491722089,0.00336081864652611,0.00403298237583134,0.00537730983444179),(0.0,1.0),.UNSPECIFIED.)RATIONAL_B_SPLINE_SURFACE(((1.0,0.837202170548302,1.0),(1.0,0.843118096105085,1.0),(1.0,0.851467468192579,1.0),(1.0,0.865667017764473,1.0),(1.0,0.870696255120308,1.0),(1.0,0.880644526368664,1.0),(1.0,0.885599391412192,1.0),(1.0,0.895086991404585,1.0),(1.0,0.89964709529931,1.0),(1.0,0.907792575511095,1.0),(1.0,0.911351984836546,1.0),(1.0,0.919981037593763,1.0),(1.0,0.922986819240578,1.0),(1.0,0.92195444572929,1.0)))BOUNDED_SURFACE()REPRESENTATION_ITEM('')GEOMETRIC_REPRESENTATION_ITEM()SURFACE());
#1934=SURFACE_STYLE_USAGE(.BOTH.,#4501);
#1935=FACE_OUTER_BOUND('',#4502,.T.);
#1936=TOROIDAL_SURFACE('',#4503,12.5108800483745,3.0);
#1937=SURFACE_STYLE_USAGE(.BOTH.,#4504);
#1938=FACE_OUTER_BOUND('',#4505,.T.);
#1939=(B_SPLINE_SURFACE(3,2,((#4507,#4508,#4509),(#4510,#4511,#4512),(#4513,#4514,#4515),(#4516,#4517,#4518),(#4519,#4520,#4521),(#4522,#4523,#4524),(#4525,#4526,#4527),(#4528,#4529,#4530),(#4531,#4532,#4533),(#4534,#4535,#4536),(#4537,#4538,#4539),(#4540,#4541,#4542),(#4543,#4544,#4545),(#4546,#4547,#4548)),.UNSPECIFIED.,.F.,.F.,.F.)B_SPLINE_SURFACE_WITH_KNOTS((4,2,2,2,2,2,4),(3,3),(0.0,0.00134362516754115,0.00201543775131172,0.00268725033508229,0.00335906291885287,0.00403087550262344,0.00537450067016458),(0.0,1.0),.UNSPECIFIED.)RATIONAL_B_SPLINE_SURFACE(((1.0,0.92195444572929,1.0),(1.0,0.922959316998901,1.0),(1.0,0.920078131954051,1.0),(1.0,0.911410842541327,1.0),(1.0,0.90778793936235,1.0),(1.0,0.899690361117912,1.0),(1.0,0.895195345819935,1.0),(1.0,0.885705992671141,1.0),(1.0,0.880672875054316,1.0),(1.0,0.870695812263069,1.0),(1.0,0.86575953278528,1.0),(1.0,0.851653104286052,1.0),(1.0,0.843120845775167,1.0),(1.0,0.837202170548301,1.0)))BOUNDED_SURFACE()REPRESENTATION_ITEM('')GEOMETRIC_REPRESENTATION_ITEM()SURFACE());
#1940=SURFACE_STYLE_USAGE(.BOTH.,#4555);
#1941=FACE_OUTER_BOUND('',#4556,.T.);
#1942=(B_SPLINE_SURFACE(3,2,((#4558,#4559,#4560),(#4561,#4562,#4563),(#4564,#4565,#4566),(#4567,#4568,#4569)),.UNSPECIFIED.,.F.,.F.,.F.)B_SPLINE_SURFACE_WITH_KNOTS((4,4),(3,3),(0.0,0.00158928318296286),(0.0,1.0),.UNSPECIFIED.)RATIONAL_B_SPLINE_SURFACE(((1.0,0.837202170548302,1.0),(1.0,0.841988471574652,1.0),(1.0,0.843706725751081,1.0),(1.0,0.841584311458774,1.0)))BOUNDED_SURFACE()REPRESENTATION_ITEM('')GEOMETRIC_REPRESENTATION_ITEM()SURFACE());
#1943=SURFACE_STYLE_USAGE(.BOTH.,#4576);
#1944=FACE_OUTER_BOUND('',#4577,.T.);
#1945=(B_SPLINE_SURFACE(3,2,((#4579,#4580,#4581),(#4582,#4583,#4584),(#4585,#4586,#4587),(#4588,#4589,#4590)),.UNSPECIFIED.,.F.,.F.,.F.)B_SPLINE_SURFACE_WITH_KNOTS((4,4),(3,3),(0.0,0.00189897672260437),(0.0,1.0),.UNSPECIFIED.)RATIONAL_B_SPLINE_SURFACE(((1.0,0.841584311458773,1.0),(1.0,0.842924140834659,1.0),(1.0,0.84422985532226,1.0),(1.0,0.845503950462614,1.0)))BOUNDED_SURFACE()REPRESENTATION_ITEM('')GEOMETRIC_REPRESENTATION_ITEM()SURFACE());
#1946=SURFACE_STYLE_USAGE(.BOTH.,#4597);
#1947=FACE_OUTER_BOUND('',#4598,.T.);
#1948=PLANE('',#4599);
#1949=SURFACE_STYLE_USAGE(.BOTH.,#4600);
#1950=FACE_OUTER_BOUND('',#4601,.T.);
#1951=PLANE('',#4602);
#1952=SURFACE_STYLE_USAGE(.BOTH.,#4603);
#1953=FACE_BOUND('',#4604,.T.);
#1954=FACE_BOUND('',#4605,.T.);
#1955=CONICAL_SURFACE('',#4606,8.2,0.785398163397448);
#1956=SURFACE_STYLE_USAGE(.BOTH.,#4607);
#1957=FACE_BOUND('',#4608,.T.);
#1958=FACE_BOUND('',#4609,.T.);
#1959=CONICAL_SURFACE('',#4610,8.2,0.785398163397448);
#1960=SURFACE_STYLE_USAGE(.BOTH.,#4611);
#1961=FACE_BOUND('',#4612,.T.);
#1962=FACE_OUTER_BOUND('',#4613,.T.);
#1963=PLANE('',#4614);
#1964=SURFACE_STYLE_USAGE(.BOTH.,#4615);
#1965=FACE_BOUND('',#4616,.T.);
#1966=FACE_OUTER_BOUND('',#4617,.T.);
#1967=PLANE('',#4618);
#1968=SURFACE_STYLE_USAGE(.BOTH.,#4619);
#1969=FACE_BOUND('',#4620,.T.);
#1970=FACE_BOUND('',#4621,.T.);
#1971=CONICAL_SURFACE('',#4622,16.0,0.785398163397448);
#1972=SURFACE_STYLE_USAGE(.BOTH.,#4623);
#1973=FACE_BOUND('',#4624,.T.);
#1974=FACE_BOUND('',#4625,.T.);
#1975=CONICAL_SURFACE('',#4626,16.0,0.785398163397445);
#1976=SURFACE_STYLE_USAGE(.BOTH.,#4627);
#1977=FACE_BOUND('',#4628,.T.);
#1978=FACE_BOUND('',#4629,.T.);
#1979=CONICAL_SURFACE('',#4630,17.5,0.785398163397448);
#1980=SURFACE_STYLE_USAGE(.BOTH.,#4631);
#1981=FACE_BOUND('',#4632,.T.);
#1982=FACE_BOUND('',#4633,.T.);
#1983=CONICAL_SURFACE('',#4634,15.0,0.785398163397448);
#1984=SURFACE_STYLE_USAGE(.BOTH.,#4635);
#1985=FACE_BOUND('',#4636,.T.);
#1986=FACE_BOUND('',#4637,.T.);
#1987=CONICAL_SURFACE('',#4638,15.0,0.785398163397445);
#1988=SURFACE_STYLE_USAGE(.BOTH.,#4639);
#1989=FACE_BOUND('',#4640,.T.);
#1990=FACE_BOUND('',#4641,.T.);
#1991=CONICAL_SURFACE('',#4642,18.5,0.785398163397455);
#1992=SURFACE_STYLE_USAGE(.BOTH.,#4643);
#1993=FACE_BOUND('',#4644,.T.);
#1994=FACE_BOUND('',#4645,.T.);
#1995=CONICAL_SURFACE('',#4646,15.0,0.785398163397448);
#1996=SURFACE_STYLE_USAGE(.BOTH.,#4647);
#1997=FACE_BOUND('',#4648,.T.);
#1998=FACE_BOUND('',#4649,.T.);
#1999=CONICAL_SURFACE('',#4650,17.5,0.785398163397442);
#2000=SURFACE_STYLE_USAGE(.BOTH.,#4651);
#2001=FACE_BOUND('',#4652,.T.);
#2002=FACE_BOUND('',#4653,.T.);
#2003=CONICAL_SURFACE('',#4654,15.0,0.785398163397448);
#2004=SURFACE_STYLE_USAGE(.BOTH.,#4655);
#2005=FACE_BOUND('',#4656,.T.);
#2006=FACE_BOUND('',#4657,.T.);
#2007=CONICAL_SURFACE('',#4658,18.5,0.785398163397448);
#2008=SURFACE_STYLE_USAGE(.BOTH.,#4659);
#2009=FACE_BOUND('',#4660,.T.);
#2010=FACE_BOUND('',#4661,.T.);
#2011=CYLINDRICAL_SURFACE('',#4662,14.0);
#2012=SURFACE_STYLE_USAGE(.BOTH.,#4663);
#2013=FACE_BOUND('',#4664,.T.);
#2014=FACE_BOUND('',#4665,.T.);
#2015=CYLINDRICAL_SURFACE('',#4666,14.0);
#2016=SURFACE_STYLE_USAGE(.BOTH.,#4667);
#2017=FACE_BOUND('',#4668,.T.);
#2018=FACE_BOUND('',#4669,.T.);
#2019=CYLINDRICAL_SURFACE('',#4670,17.5);
#2020=SURFACE_STYLE_USAGE(.BOTH.,#4671);
#2021=FACE_BOUND('',#4672,.T.);
#2022=FACE_BOUND('',#4673,.T.);
#2023=CYLINDRICAL_SURFACE('',#4674,15.0);
#2024=SURFACE_STYLE_USAGE(.BOTH.,#4675);
#2025=FACE_BOUND('',#4676,.T.);
#2026=FACE_BOUND('',#4677,.T.);
#2027=CYLINDRICAL_SURFACE('',#4678,15.0);
#2028=SURFACE_STYLE_USAGE(.BOTH.,#4679);
#2029=FACE_BOUND('',#4680,.T.);
#2030=FACE_BOUND('',#4681,.T.);
#2031=CYLINDRICAL_SURFACE('',#4682,17.5);
#2032=SURFACE_STYLE_USAGE(.BOTH.,#4683);
#2033=FACE_BOUND('',#4684,.T.);
#2034=FACE_BOUND('',#4685,.T.);
#2035=CYLINDRICAL_SURFACE('',#4686,15.0);
#2036=SURFACE_STYLE_USAGE(.BOTH.,#4687);
#2037=FACE_BOUND('',#4688,.T.);
#2038=FACE_BOUND('',#4689,.T.);
#2039=CYLINDRICAL_SURFACE('',#4690,17.5);
#2040=SURFACE_STYLE_USAGE(.BOTH.,#4691);
#2041=FACE_BOUND('',#4692,.T.);
#2042=FACE_BOUND('',#4693,.T.);
#2043=CYLINDRICAL_SURFACE('',#4694,17.5);
#2044=SURFACE_STYLE_USAGE(.BOTH.,#4695);
#2045=FACE_BOUND('',#4696,.T.);
#2046=FACE_BOUND('',#4697,.T.);
#2047=CYLINDRICAL_SURFACE('',#4698,15.0);
#2048=SURFACE_STYLE_USAGE(.BOTH.,#4699);
#2049=FACE_OUTER_BOUND('',#4700,.T.);
#2050=FACE_BOUND('',#4701,.T.);
#2051=PLANE('',#4702);
#2052=SURFACE_STYLE_USAGE(.BOTH.,#4703);
#2053=FACE_BOUND('',#4704,.T.);
#2054=FACE_OUTER_BOUND('',#4705,.T.);
#2055=PLANE('',#4706);
#2056=SURFACE_STYLE_USAGE(.BOTH.,#4707);
#2057=FACE_OUTER_BOUND('',#4708,.T.);
#2058=FACE_BOUND('',#4709,.T.);
#2059=PLANE('',#4710);
#2060=SURFACE_STYLE_USAGE(.BOTH.,#4711);
#2061=FACE_BOUND('',#4712,.T.);
#2062=FACE_OUTER_BOUND('',#4713,.T.);
#2063=PLANE('',#4714);
#2064=SURFACE_STYLE_USAGE(.BOTH.,#4715);
#2065=FACE_BOUND('',#4716,.T.);
#2066=FACE_OUTER_BOUND('',#4717,.T.);
#2067=PLANE('',#4718);
#2068=SURFACE_STYLE_USAGE(.BOTH.,#4719);
#2069=FACE_OUTER_BOUND('',#4720,.T.);
#2070=FACE_BOUND('',#4721,.T.);
#2071=PLANE('',#4722);
#2072=SURFACE_STYLE_USAGE(.BOTH.,#4723);
#2073=FACE_BOUND('',#4724,.T.);
#2074=FACE_OUTER_BOUND('',#4725,.T.);
#2075=PLANE('',#4726);
#2076=SURFACE_STYLE_USAGE(.BOTH.,#4727);
#2077=FACE_OUTER_BOUND('',#4728,.T.);
#2078=FACE_BOUND('',#4729,.T.);
#2079=PLANE('',#4730);
#2080=SURFACE_STYLE_USAGE(.BOTH.,#4731);
#2081=FACE_OUTER_BOUND('',#4732,.T.);
#2082=CYLINDRICAL_SURFACE('',#4733,100.0);
#2083=SURFACE_STYLE_USAGE(.BOTH.,#4734);
#2084=FACE_OUTER_BOUND('',#4735,.T.);
#2085=CYLINDRICAL_SURFACE('',#4736,100.0);
#2086=SURFACE_STYLE_USAGE(.BOTH.,#4737);
#2087=FACE_OUTER_BOUND('',#4738,.T.);
#2088=PLANE('',#4739);
#2089=SURFACE_STYLE_USAGE(.BOTH.,#4740);
#2090=FACE_OUTER_BOUND('',#4741,.T.);
#2091=CYLINDRICAL_SURFACE('',#4742,7.0);
#2092=SURFACE_STYLE_USAGE(.BOTH.,#4743);
#2093=FACE_OUTER_BOUND('',#4744,.T.);
#2094=CYLINDRICAL_SURFACE('',#4745,35.0);
#2095=SURFACE_STYLE_USAGE(.BOTH.,#4746);
#2096=FACE_OUTER_BOUND('',#4747,.T.);
#2097=CYLINDRICAL_SURFACE('',#4748,63.7510891687069);
#2098=SURFACE_STYLE_USAGE(.BOTH.,#4749);
#2099=FACE_OUTER_BOUND('',#4750,.T.);
#2100=CYLINDRICAL_SURFACE('',#4751,100.0);
#2101=SURFACE_STYLE_USAGE(.BOTH.,#4752);
#2102=FACE_OUTER_BOUND('',#4753,.T.);
#2103=PLANE('',#4754);
#2104=SURFACE_STYLE_USAGE(.BOTH.,#4755);
#2105=FACE_OUTER_BOUND('',#4756,.T.);
#2106=PLANE('',#4757);
#2107=SURFACE_STYLE_USAGE(.BOTH.,#4758);
#2108=FACE_OUTER_BOUND('',#4759,.T.);
#2109=PLANE('',#4760);
#2110=SURFACE_STYLE_USAGE(.BOTH.,#4761);
#2111=FACE_OUTER_BOUND('',#4762,.T.);
#2112=PLANE('',#4763);
#2113=SURFACE_STYLE_USAGE(.BOTH.,#4764);
#2114=FACE_OUTER_BOUND('',#4765,.T.);
#2115=PLANE('',#4766);
#2116=SURFACE_STYLE_USAGE(.BOTH.,#4767);
#2117=FACE_OUTER_BOUND('',#4768,.T.);
#2118=PLANE('',#4769);
#2119=SURFACE_STYLE_USAGE(.BOTH.,#4770);
#2120=FACE_OUTER_BOUND('',#4771,.T.);
#2121=PLANE('',#4772);
#2122=SURFACE_STYLE_USAGE(.BOTH.,#4773);
#2123=FACE_OUTER_BOUND('',#4774,.T.);
#2124=CYLINDRICAL_SURFACE('',#4775,63.7510891687069);
#2125=SURFACE_STYLE_USAGE(.BOTH.,#4776);
#2126=FACE_OUTER_BOUND('',#4777,.T.);
#2127=SURFACE_OF_LINEAR_EXTRUSION('',#4778,#4779);
#2128=SURFACE_STYLE_USAGE(.BOTH.,#4780);
#2129=FACE_OUTER_BOUND('',#4781,.T.);
#2130=CYLINDRICAL_SURFACE('',#4782,35.0);
#2131=SURFACE_STYLE_USAGE(.BOTH.,#4783);
#2132=FACE_OUTER_BOUND('',#4784,.T.);
#2133=SURFACE_OF_LINEAR_EXTRUSION('',#4785,#4786);
#2134=SURFACE_STYLE_USAGE(.BOTH.,#4787);
#2135=FACE_OUTER_BOUND('',#4788,.T.);
#2136=CYLINDRICAL_SURFACE('',#4789,63.7510891687069);
#2137=SURFACE_STYLE_USAGE(.BOTH.,#4790);
#2138=FACE_OUTER_BOUND('',#4791,.T.);
#2139=CYLINDRICAL_SURFACE('',#4792,7.0);
#2140=SURFACE_STYLE_USAGE(.BOTH.,#4793);
#2141=FACE_OUTER_BOUND('',#4794,.T.);
#2142=CYLINDRICAL_SURFACE('',#4795,7.0);
#2143=SURFACE_STYLE_USAGE(.BOTH.,#4796);
#2144=FACE_OUTER_BOUND('',#4797,.T.);
#2145=CYLINDRICAL_SURFACE('',#4798,7.0);
#2146=SURFACE_STYLE_USAGE(.BOTH.,#4799);
#2147=FACE_OUTER_BOUND('',#4800,.T.);
#2148=CYLINDRICAL_SURFACE('',#4801,7.0);
#2149=SURFACE_STYLE_USAGE(.BOTH.,#4802);
#2150=FACE_OUTER_BOUND('',#4803,.T.);
#2151=PLANE('',#4804);
#2152=SURFACE_STYLE_USAGE(.BOTH.,#4805);
#2153=FACE_OUTER_BOUND('',#4806,.T.);
#2154=PLANE('',#4807);
#2155=SURFACE_STYLE_USAGE(.BOTH.,#4808);
#2156=FACE_OUTER_BOUND('',#4809,.T.);
#2157=PLANE('',#4810);
#2158=SURFACE_STYLE_USAGE(.BOTH.,#4811);
#2159=FACE_OUTER_BOUND('',#4812,.T.);
#2160=PLANE('',#4813);
#2161=SURFACE_STYLE_USAGE(.BOTH.,#4814);
#2162=FACE_OUTER_BOUND('',#4815,.T.);
#2163=PLANE('',#4816);
#2164=SURFACE_STYLE_USAGE(.BOTH.,#4817);
#2165=FACE_BOUND('',#4818,.T.);
#2166=FACE_BOUND('',#4819,.T.);
#2167=CYLINDRICAL_SURFACE('',#4820,20.25);
#2168=SURFACE_STYLE_USAGE(.BOTH.,#4821);
#2169=FACE_BOUND('',#4822,.T.);
#2170=FACE_BOUND('',#4823,.T.);
#2171=CYLINDRICAL_SURFACE('',#4824,20.25);
#2172=SURFACE_STYLE_USAGE(.BOTH.,#4825);
#2173=FACE_BOUND('',#4826,.T.);
#2174=FACE_BOUND('',#4827,.T.);
#2175=CYLINDRICAL_SURFACE('',#4828,20.25);
#2176=SURFACE_STYLE_USAGE(.BOTH.,#4829);
#2177=FACE_BOUND('',#4830,.T.);
#2178=FACE_BOUND('',#4831,.T.);
#2179=CYLINDRICAL_SURFACE('',#4832,20.25);
#2180=SURFACE_STYLE_USAGE(.BOTH.,#4833);
#2181=FACE_BOUND('',#4834,.T.);
#2182=FACE_BOUND('',#4835,.T.);
#2183=CYLINDRICAL_SURFACE('',#4836,17.75);
#2184=SURFACE_STYLE_USAGE(.BOTH.,#4837);
#2185=FACE_BOUND('',#4838,.T.);
#2186=FACE_BOUND('',#4839,.T.);
#2187=CYLINDRICAL_SURFACE('',#4840,17.75);
#2188=SURFACE_STYLE_USAGE(.BOTH.,#4841);
#2189=FACE_BOUND('',#4842,.T.);
#2190=FACE_BOUND('',#4843,.T.);
#2191=CYLINDRICAL_SURFACE('',#4844,17.75);
#2192=SURFACE_STYLE_USAGE(.BOTH.,#4845);
#2193=FACE_BOUND('',#4846,.T.);
#2194=FACE_BOUND('',#4847,.T.);
#2195=CYLINDRICAL_SURFACE('',#4848,17.75);
#2196=SURFACE_STYLE_USAGE(.BOTH.,#4849);
#2197=FACE_OUTER_BOUND('',#4850,.T.);
#2198=CONICAL_SURFACE('',#4851,11.5,0.174532925199433);
#2199=SURFACE_STYLE_USAGE(.BOTH.,#4852);
#2200=FACE_BOUND('',#4853,.T.);
#2201=FACE_BOUND('',#4854,.T.);
#2202=TOROIDAL_SURFACE('',#4855,8.94016583410312,2.0);
#2203=SURFACE_STYLE_USAGE(.BOTH.,#4856);
#2204=FACE_OUTER_BOUND('',#4857,.T.);
#2205=CYLINDRICAL_SURFACE('',#4858,2.0);
#2206=SURFACE_STYLE_USAGE(.BOTH.,#4859);
#2207=FACE_OUTER_BOUND('',#4860,.T.);
#2208=CYLINDRICAL_SURFACE('',#4861,2.0);
#2209=SURFACE_STYLE_USAGE(.BOTH.,#4862);
#2210=FACE_OUTER_BOUND('',#4863,.T.);
#2211=CYLINDRICAL_SURFACE('',#4864,2.0);
#2212=SURFACE_STYLE_USAGE(.BOTH.,#4865);
#2213=FACE_OUTER_BOUND('',#4866,.T.);
#2214=PLANE('',#4867);
#2215=SURFACE_STYLE_USAGE(.BOTH.,#4868);
#2216=FACE_OUTER_BOUND('',#4869,.T.);
#2217=PLANE('',#4870);
#2218=SURFACE_STYLE_USAGE(.BOTH.,#4871);
#2219=FACE_OUTER_BOUND('',#4872,.T.);
#2220=PLANE('',#4873);
#2221=SURFACE_STYLE_USAGE(.BOTH.,#4874);
#2222=FACE_OUTER_BOUND('',#4875,.T.);
#2223=CYLINDRICAL_SURFACE('',#4876,2.0);
#2224=SURFACE_STYLE_USAGE(.BOTH.,#4877);
#2225=FACE_OUTER_BOUND('',#4878,.T.);
#2226=CYLINDRICAL_SURFACE('',#4879,2.0);
#2227=SURFACE_STYLE_USAGE(.BOTH.,#4880);
#2228=FACE_OUTER_BOUND('',#4881,.T.);
#2229=CYLINDRICAL_SURFACE('',#4882,2.0);
#2230=SURFACE_STYLE_USAGE(.BOTH.,#4883);
#2231=FACE_OUTER_BOUND('',#4884,.T.);
#2232=PLANE('',#4885);
#2233=SURFACE_STYLE_USAGE(.BOTH.,#4886);
#2234=FACE_OUTER_BOUND('',#4887,.T.);
#2235=PLANE('',#4888);
#2236=SURFACE_STYLE_USAGE(.BOTH.,#4889);
#2237=FACE_OUTER_BOUND('',#4890,.T.);
#2238=PLANE('',#4891);
#2239=SURFACE_STYLE_USAGE(.BOTH.,#4892);
#2240=FACE_OUTER_BOUND('',#4893,.T.);
#2241=CYLINDRICAL_SURFACE('',#4894,2.3);
#2242=SURFACE_STYLE_USAGE(.BOTH.,#4895);
#2243=FACE_OUTER_BOUND('',#4896,.T.);
#2244=CYLINDRICAL_SURFACE('',#4897,2.3);
#2245=SURFACE_STYLE_USAGE(.BOTH.,#4898);
#2246=FACE_OUTER_BOUND('',#4899,.T.);
#2247=PLANE('',#4900);
#2248=SURFACE_STYLE_USAGE(.BOTH.,#4901);
#2249=FACE_OUTER_BOUND('',#4902,.T.);
#2250=CYLINDRICAL_SURFACE('',#4903,2.0);
#2251=SURFACE_STYLE_USAGE(.BOTH.,#4904);
#2252=FACE_OUTER_BOUND('',#4905,.T.);
#2253=CYLINDRICAL_SURFACE('',#4906,2.0);
#2254=SURFACE_STYLE_USAGE(.BOTH.,#4907);
#2255=FACE_OUTER_BOUND('',#4908,.T.);
#2256=CYLINDRICAL_SURFACE('',#4909,2.0);
#2257=SURFACE_STYLE_USAGE(.BOTH.,#4910);
#2258=FACE_OUTER_BOUND('',#4911,.T.);
#2259=PLANE('',#4912);
#2260=SURFACE_STYLE_USAGE(.BOTH.,#4913);
#2261=FACE_OUTER_BOUND('',#4914,.T.);
#2262=PLANE('',#4915);
#2263=SURFACE_STYLE_USAGE(.BOTH.,#4916);
#2264=FACE_OUTER_BOUND('',#4917,.T.);
#2265=PLANE('',#4918);
#2266=SURFACE_STYLE_USAGE(.BOTH.,#4919);
#2267=FACE_OUTER_BOUND('',#4920,.T.);
#2268=PLANE('',#4921);
#2269=SURFACE_STYLE_USAGE(.BOTH.,#4922);
#2270=FACE_OUTER_BOUND('',#4923,.T.);
#2271=PLANE('',#4924);
#2272=SURFACE_STYLE_USAGE(.BOTH.,#4925);
#2273=FACE_OUTER_BOUND('',#4926,.T.);
#2274=CYLINDRICAL_SURFACE('',#4927,2.0);
#2275=SURFACE_STYLE_USAGE(.BOTH.,#4928);
#2276=FACE_OUTER_BOUND('',#4929,.T.);
#2277=CYLINDRICAL_SURFACE('',#4930,2.0);
#2278=SURFACE_STYLE_USAGE(.BOTH.,#4931);
#2279=FACE_OUTER_BOUND('',#4932,.T.);
#2280=PLANE('',#4933);
#2281=SURFACE_STYLE_USAGE(.BOTH.,#4934);
#2282=FACE_OUTER_BOUND('',#4935,.T.);
#2283=CYLINDRICAL_SURFACE('',#4936,2.0);
#2284=SURFACE_STYLE_USAGE(.BOTH.,#4937);
#2285=FACE_OUTER_BOUND('',#4938,.T.);
#2286=(B_SPLINE_SURFACE(3,2,((#4940,#4941,#4942),(#4943,#4944,#4945),(#4946,#4947,#4948),(#4949,#4950,#4951)),.UNSPECIFIED.,.F.,.F.,.F.)B_SPLINE_SURFACE_WITH_KNOTS((4,4),(3,3),(0.0,0.00189897672260442),(0.0,1.0),.UNSPECIFIED.)RATIONAL_B_SPLINE_SURFACE(((1.0,0.841584311458773,1.0),(1.0,0.84292414083466,1.0),(1.0,0.84422985532226,1.0),(1.0,0.845503950462615,1.0)))BOUNDED_SURFACE()REPRESENTATION_ITEM('')GEOMETRIC_REPRESENTATION_ITEM()SURFACE());
#2287=SURFACE_STYLE_USAGE(.BOTH.,#4958);
#2288=FACE_OUTER_BOUND('',#4959,.T.);
#2289=TOROIDAL_SURFACE('',#4960,12.5108800483745,3.0);
#2290=SURFACE_STYLE_USAGE(.BOTH.,#4961);
#2291=FACE_BOUND('',#4962,.T.);
#2292=FACE_BOUND('',#4963,.T.);
#2293=CONICAL_SURFACE('',#4964,20.25,0.785398163397443);
#2294=SURFACE_STYLE_USAGE(.BOTH.,#4965);
#2295=FACE_BOUND('',#4966,.T.);
#2296=FACE_BOUND('',#4967,.T.);
#2297=CONICAL_SURFACE('',#4968,17.75,0.785398163397446);
#2298=SURFACE_STYLE_USAGE(.BOTH.,#4969);
#2299=FACE_BOUND('',#4970,.T.);
#2300=FACE_BOUND('',#4971,.T.);
#2301=CONICAL_SURFACE('',#4972,8.2,0.785398163397448);
#2302=SURFACE_STYLE_USAGE(.BOTH.,#4973);
#2303=FACE_BOUND('',#4974,.T.);
#2304=FACE_BOUND('',#4975,.T.);
#2305=CONICAL_SURFACE('',#4976,18.75,0.785398163397446);
#2306=SURFACE_STYLE_USAGE(.BOTH.,#4977);
#2307=FACE_BOUND('',#4978,.T.);
#2308=FACE_BOUND('',#4979,.T.);
#2309=CONICAL_SURFACE('',#4980,21.25,0.785398163397443);
#2310=SURFACE_STYLE_USAGE(.BOTH.,#4981);
#2311=FACE_BOUND('',#4982,.T.);
#2312=FACE_BOUND('',#4983,.T.);
#2313=CONICAL_SURFACE('',#4984,20.25,0.78539816339745);
#2314=SURFACE_STYLE_USAGE(.BOTH.,#4985);
#2315=FACE_BOUND('',#4986,.T.);
#2316=FACE_BOUND('',#4987,.T.);
#2317=CONICAL_SURFACE('',#4988,17.75,0.785398163397446);
#2318=SURFACE_STYLE_USAGE(.BOTH.,#4989);
#2319=FACE_BOUND('',#4990,.T.);
#2320=FACE_BOUND('',#4991,.T.);
#2321=CONICAL_SURFACE('',#4992,8.2,0.785398163397448);
#2322=SURFACE_STYLE_USAGE(.BOTH.,#4993);
#2323=FACE_BOUND('',#4994,.T.);
#2324=FACE_BOUND('',#4995,.T.);
#2325=CONICAL_SURFACE('',#4996,17.75,0.785398163397446);
#2326=SURFACE_STYLE_USAGE(.BOTH.,#4997);
#2327=FACE_BOUND('',#4998,.T.);
#2328=FACE_BOUND('',#4999,.T.);
#2329=CONICAL_SURFACE('',#5000,20.25,0.785398163397443);
#2330=SURFACE_STYLE_USAGE(.BOTH.,#5001);
#2331=FACE_OUTER_BOUND('',#5002,.T.);
#2332=PLANE('',#5003);
#2333=SURFACE_STYLE_USAGE(.BOTH.,#5004);
#2334=FACE_OUTER_BOUND('',#5005,.T.);
#2335=PLANE('',#5006);
#2336=SURFACE_STYLE_USAGE(.BOTH.,#5007);
#2337=FACE_OUTER_BOUND('',#5008,.T.);
#2338=PLANE('',#5009);
#2339=SURFACE_STYLE_USAGE(.BOTH.,#5010);
#2340=FACE_OUTER_BOUND('',#5011,.T.);
#2341=PLANE('',#5012);
#2342=SURFACE_STYLE_USAGE(.BOTH.,#5013);
#2343=FACE_BOUND('',#5014,.T.);
#2344=FACE_BOUND('',#5015,.T.);
#2345=FACE_BOUND('',#5016,.T.);
#2346=FACE_BOUND('',#5017,.T.);
#2347=FACE_BOUND('',#5018,.T.);
#2348=FACE_BOUND('',#5019,.T.);
#2349=FACE_BOUND('',#5020,.T.);
#2350=FACE_BOUND('',#5021,.T.);
#2351=FACE_BOUND('',#5022,.T.);
#2352=FACE_BOUND('',#5023,.T.);
#2353=FACE_BOUND('',#5024,.T.);
#2354=FACE_OUTER_BOUND('',#5025,.T.);
#2355=PLANE('',#5026);
#2356=SURFACE_STYLE_USAGE(.BOTH.,#5027);
#2357=FACE_OUTER_BOUND('',#5028,.T.);
#2358=PLANE('',#5029);
#2359=SURFACE_STYLE_USAGE(.BOTH.,#5030);
#2360=FACE_OUTER_BOUND('',#5031,.T.);
#2361=PLANE('',#5032);
#2362=SURFACE_STYLE_USAGE(.BOTH.,#5033);
#2363=FACE_OUTER_BOUND('',#5034,.T.);
#2364=PLANE('',#5035);
#2365=SURFACE_STYLE_USAGE(.BOTH.,#5036);
#2366=FACE_OUTER_BOUND('',#5037,.T.);
#2367=PLANE('',#5038);
#2368=SURFACE_STYLE_USAGE(.BOTH.,#5039);
#2369=FACE_OUTER_BOUND('',#5040,.T.);
#2370=SURFACE_OF_LINEAR_EXTRUSION('',#5041,#5042);
#2371=SURFACE_STYLE_USAGE(.BOTH.,#5043);
#2372=FACE_OUTER_BOUND('',#5044,.T.);
#2373=SURFACE_OF_LINEAR_EXTRUSION('',#5045,#5046);
#2374=SURFACE_STYLE_USAGE(.BOTH.,#5047);
#2375=FACE_OUTER_BOUND('',#5048,.T.);
#2376=CYLINDRICAL_SURFACE('',#5049,7.0);
#2377=SURFACE_STYLE_USAGE(.BOTH.,#5050);
#2378=FACE_OUTER_BOUND('',#5051,.T.);
#2379=CYLINDRICAL_SURFACE('',#5052,7.0);
#2380=SURFACE_STYLE_USAGE(.BOTH.,#5053);
#2381=FACE_OUTER_BOUND('',#5054,.T.);
#2382=CYLINDRICAL_SURFACE('',#5055,7.0);
#2383=SURFACE_STYLE_USAGE(.BOTH.,#5056);
#2384=FACE_OUTER_BOUND('',#5057,.T.);
#2385=CYLINDRICAL_SURFACE('',#5058,7.0);
#2386=SURFACE_STYLE_USAGE(.BOTH.,#5059);
#2387=FACE_OUTER_BOUND('',#5060,.T.);
#2388=CYLINDRICAL_SURFACE('',#5061,7.0);
#2389=SURFACE_STYLE_USAGE(.BOTH.,#5062);
#2390=FACE_OUTER_BOUND('',#5063,.T.);
#2391=PLANE('',#5064);
#2392=SURFACE_STYLE_USAGE(.BOTH.,#5065);
#2393=FACE_OUTER_BOUND('',#5066,.T.);
#2394=PLANE('',#5067);
#2395=SURFACE_STYLE_USAGE(.BOTH.,#5068);
#2396=FACE_OUTER_BOUND('',#5069,.T.);
#2397=PLANE('',#5070);
#2398=SURFACE_STYLE_USAGE(.BOTH.,#5071);
#2399=FACE_OUTER_BOUND('',#5072,.T.);
#2400=CYLINDRICAL_SURFACE('',#5073,63.7510891687069);
#2401=SURFACE_STYLE_USAGE(.BOTH.,#5074);
#2402=FACE_OUTER_BOUND('',#5075,.T.);
#2403=SURFACE_OF_LINEAR_EXTRUSION('',#5076,#5077);
#2404=SURFACE_STYLE_USAGE(.BOTH.,#5078);
#2405=FACE_OUTER_BOUND('',#5079,.T.);
#2406=CYLINDRICAL_SURFACE('',#5080,100.0);
#2407=SURFACE_STYLE_USAGE(.BOTH.,#5081);
#2408=FACE_OUTER_BOUND('',#5082,.T.);
#2409=SURFACE_OF_LINEAR_EXTRUSION('',#5083,#5084);
#2410=SURFACE_STYLE_USAGE(.BOTH.,#5085);
#2411=FACE_BOUND('',#5086,.T.);
#2412=FACE_BOUND('',#5087,.T.);
#2413=CYLINDRICAL_SURFACE('',#5088,8.2);
#2414=SURFACE_STYLE_USAGE(.BOTH.,#5089);
#2415=FACE_BOUND('',#5090,.T.);
#2416=FACE_BOUND('',#5091,.T.);
#2417=CYLINDRICAL_SURFACE('',#5092,8.2);
#2418=SURFACE_STYLE_USAGE(.BOTH.,#5093);
#2419=FACE_OUTER_BOUND('',#5094,.T.);
#2420=CONICAL_SURFACE('',#5095,11.5,0.174532925199433);
#2421=SURFACE_STYLE_USAGE(.BOTH.,#5096);
#2422=FACE_OUTER_BOUND('',#5097,.T.);
#2423=CONICAL_SURFACE('',#5098,11.5,0.174532925199433);
#2424=CURVE_STYLE('',#5099,POSITIVE_LENGTH_MEASURE(1.0E-006),#5100);
#2425=VERTEX_POINT('',#5101);
#2426=VERTEX_POINT('',#5102);
#2427=CIRCLE('',#5103,2.0);
#2428=CURVE_STYLE('',#5104,POSITIVE_LENGTH_MEASURE(1.0E-006),#5105);
#2429=VERTEX_POINT('',#5106);
#2430=ELLIPSE('',#5107,2.30060822574625,2.3);
#2431=CURVE_STYLE('',#5108,POSITIVE_LENGTH_MEASURE(1.0E-006),#5109);
#2432=VERTEX_POINT('',#5110);
#2433=CIRCLE('',#5111,2.0);
#2434=CURVE_STYLE('',#5112,POSITIVE_LENGTH_MEASURE(1.0E-006),#5113);
#2435=ELLIPSE('',#5114,0.304627983565724,0.3);
#2436=CURVE_STYLE('',#5115,POSITIVE_LENGTH_MEASURE(1.0E-006),#5116);
#2437=VERTEX_POINT('',#5117);
#2438=VERTEX_POINT('',#5118);
#2439=CIRCLE('',#5119,2.0);
#2440=CURVE_STYLE('',#5120,POSITIVE_LENGTH_MEASURE(1.0E-006),#5121);
#2441=VERTEX_POINT('',#5122);
#2442=ELLIPSE('',#5123,2.30060822574626,2.3);
#2443=CURVE_STYLE('',#5124,POSITIVE_LENGTH_MEASURE(1.0E-006),#5125);
#2444=VERTEX_POINT('',#5126);
#2445=CIRCLE('',#5127,2.0);
#2446=CURVE_STYLE('',#5128,POSITIVE_LENGTH_MEASURE(1.0E-006),#5129);
#2447=ELLIPSE('',#5130,0.304627983565724,0.3);
#2448=CURVE_STYLE('',#5131,POSITIVE_LENGTH_MEASURE(1.0E-006),#5132);
#2449=VERTEX_POINT('',#5133);
#2450=VERTEX_POINT('',#5134);
#2451=CIRCLE('',#5135,2.0);
#2452=CURVE_STYLE('',#5136,POSITIVE_LENGTH_MEASURE(1.0E-006),#5137);
#2453=VERTEX_POINT('',#5138);
#2454=ELLIPSE('',#5139,2.30060822574625,2.3);
#2455=CURVE_STYLE('',#5140,POSITIVE_LENGTH_MEASURE(1.0E-006),#5141);
#2456=VERTEX_POINT('',#5142);
#2457=CIRCLE('',#5143,2.0);
#2458=CURVE_STYLE('',#5144,POSITIVE_LENGTH_MEASURE(1.0E-006),#5145);
#2459=ELLIPSE('',#5146,0.304627983565724,0.3);
#2460=CURVE_STYLE('',#5147,POSITIVE_LENGTH_MEASURE(1.0E-006),#5148);
#2461=VERTEX_POINT('',#5149);
#2462=LINE('',#5150,#5151);
#2463=CURVE_STYLE('',#5152,POSITIVE_LENGTH_MEASURE(1.0E-006),#5153);
#2464=VERTEX_POINT('',#5154);
#2465=LINE('',#5155,#5156);
#2466=CURVE_STYLE('',#5157,POSITIVE_LENGTH_MEASURE(1.0E-006),#5158);
#2467=ELLIPSE('',#5159,2.33548120733722,2.3);
#2468=CURVE_STYLE('',#5160,POSITIVE_LENGTH_MEASURE(1.0E-006),#5161);
#2469=VERTEX_POINT('',#5162);
#2470=VERTEX_POINT('',#5163);
#2471=LINE('',#5164,#5165);
#2472=CURVE_STYLE('',#5166,POSITIVE_LENGTH_MEASURE(1.0E-006),#5167);
#2473=VERTEX_POINT('',#5168);
#2474=ELLIPSE('',#5169,2.30060822574626,2.3);
#2475=CURVE_STYLE('',#5170,POSITIVE_LENGTH_MEASURE(1.0E-006),#5171);
#2476=VERTEX_POINT('',#5172);
#2477=LINE('',#5173,#5174);
#2478=CURVE_STYLE('',#5175,POSITIVE_LENGTH_MEASURE(1.0E-006),#5176);
#2479=ELLIPSE('',#5177,2.33548120733722,2.3);
#2480=CURVE_STYLE('',#5178,POSITIVE_LENGTH_MEASURE(1.0E-006),#5179);
#2481=VERTEX_POINT('',#5180);
#2482=CIRCLE('',#5181,2.0);
#2483=CURVE_STYLE('',#5182,POSITIVE_LENGTH_MEASURE(1.0E-006),#5183);
#2484=VERTEX_POINT('',#5184);
#2485=CIRCLE('',#5185,2.0);
#2486=CURVE_STYLE('',#5186,POSITIVE_LENGTH_MEASURE(1.0E-006),#5187);
#2487=ELLIPSE('',#5188,0.304627983565724,0.3);
#2488=CURVE_STYLE('',#5189,POSITIVE_LENGTH_MEASURE(1.0E-006),#5190);
#2489=VERTEX_POINT('',#5191);
#2490=VERTEX_POINT('',#5192);
#2491=CIRCLE('',#5193,2.0);
#2492=CURVE_STYLE('',#5194,POSITIVE_LENGTH_MEASURE(1.0E-006),#5195);
#2493=VERTEX_POINT('',#5196);
#2494=ELLIPSE('',#5197,0.304627983565724,0.3);
#2495=CURVE_STYLE('',#5198,POSITIVE_LENGTH_MEASURE(1.0E-006),#5199);
#2496=VERTEX_POINT('',#5200);
#2497=CIRCLE('',#5201,2.0);
#2498=CURVE_STYLE('',#5202,POSITIVE_LENGTH_MEASURE(1.0E-006),#5203);
#2499=ELLIPSE('',#5204,2.30060822574625,2.3);
#2500=CURVE_STYLE('',#5205,POSITIVE_LENGTH_MEASURE(1.0E-006),#5206);
#2501=VERTEX_POINT('',#5207);
#2502=LINE('',#5208,#5209);
#2503=CURVE_STYLE('',#5210,POSITIVE_LENGTH_MEASURE(1.0E-006),#5211);
#2504=VERTEX_POINT('',#5212);
#2505=ELLIPSE('',#5213,2.33548120733722,2.3);
#2506=CURVE_STYLE('',#5214,POSITIVE_LENGTH_MEASURE(1.0E-006),#5215);
#2507=LINE('',#5216,#5217);
#2508=CURVE_STYLE('',#5218,POSITIVE_LENGTH_MEASURE(1.0E-006),#5219);
#2509=VERTEX_POINT('',#5220);
#2510=VERTEX_POINT('',#5221);
#2511=LINE('',#5222,#5223);
#2512=CURVE_STYLE('',#5224,POSITIVE_LENGTH_MEASURE(1.0E-006),#5225);
#2513=VERTEX_POINT('',#5226);
#2514=ELLIPSE('',#5227,2.33548120733722,2.3);
#2515=CURVE_STYLE('',#5228,POSITIVE_LENGTH_MEASURE(1.0E-006),#5229);
#2516=VERTEX_POINT('',#5230);
#2517=LINE('',#5231,#5232);
#2518=CURVE_STYLE('',#5233,POSITIVE_LENGTH_MEASURE(1.0E-006),#5234);
#2519=ELLIPSE('',#5235,2.30060822574626,2.3);
#2520=CURVE_STYLE('',#5236,POSITIVE_LENGTH_MEASURE(1.0E-006),#5237);
#2521=VERTEX_POINT('',#5238);
#2522=CIRCLE('',#5239,2.0);
#2523=CURVE_STYLE('',#5240,POSITIVE_LENGTH_MEASURE(1.0E-006),#5241);
#2524=VERTEX_POINT('',#5242);
#2525=ELLIPSE('',#5243,0.304627983565724,0.3);
#2526=CURVE_STYLE('',#5244,POSITIVE_LENGTH_MEASURE(1.0E-006),#5245);
#2527=CIRCLE('',#5246,2.0);
#2528=CURVE_STYLE('',#5247,POSITIVE_LENGTH_MEASURE(1.0E-006),#5248);
#2529=VERTEX_POINT('',#5249);
#2530=VERTEX_POINT('',#5250);
#2531=CIRCLE('',#5251,2.0);
#2532=CURVE_STYLE('',#5252,POSITIVE_LENGTH_MEASURE(1.0E-006),#5253);
#2533=VERTEX_POINT('',#5254);
#2534=ELLIPSE('',#5255,0.304627983565724,0.3);
#2535=CURVE_STYLE('',#5256,POSITIVE_LENGTH_MEASURE(1.0E-006),#5257);
#2536=VERTEX_POINT('',#5258);
#2537=CIRCLE('',#5259,2.0);
#2538=CURVE_STYLE('',#5260,POSITIVE_LENGTH_MEASURE(1.0E-006),#5261);
#2539=ELLIPSE('',#5262,2.30060822574625,2.3);
#2540=CURVE_STYLE('',#5263,POSITIVE_LENGTH_MEASURE(1.0E-006),#5264);
#2541=VERTEX_POINT('',#5265);
#2542=LINE('',#5266,#5267);
#2543=CURVE_STYLE('',#5268,POSITIVE_LENGTH_MEASURE(1.0E-006),#5269);
#2544=VERTEX_POINT('',#5270);
#2545=ELLIPSE('',#5271,2.33548120733722,2.3);
#2546=CURVE_STYLE('',#5272,POSITIVE_LENGTH_MEASURE(1.0E-006),#5273);
#2547=LINE('',#5274,#5275);
#2548=CURVE_STYLE('',#5276,POSITIVE_LENGTH_MEASURE(1.0E-006),#5277);
#2549=VERTEX_POINT('',#5278);
#2550=VERTEX_POINT('',#5279);
#2551=LINE('',#5280,#5281);
#2552=CURVE_STYLE('',#5282,POSITIVE_LENGTH_MEASURE(1.0E-006),#5283);
#2553=VERTEX_POINT('',#5284);
#2554=ELLIPSE('',#5285,2.33548120733722,2.3);
#2555=CURVE_STYLE('',#5286,POSITIVE_LENGTH_MEASURE(1.0E-006),#5287);
#2556=VERTEX_POINT('',#5288);
#2557=LINE('',#5289,#5290);
#2558=CURVE_STYLE('',#5291,POSITIVE_LENGTH_MEASURE(1.0E-006),#5292);
#2559=ELLIPSE('',#5293,2.30060822574626,2.3);
#2560=CURVE_STYLE('',#5294,POSITIVE_LENGTH_MEASURE(1.0E-006),#5295);
#2561=VERTEX_POINT('',#5296);
#2562=CIRCLE('',#5297,2.0);
#2563=CURVE_STYLE('',#5298,POSITIVE_LENGTH_MEASURE(1.0E-006),#5299);
#2564=VERTEX_POINT('',#5300);
#2565=ELLIPSE('',#5301,0.304627983565724,0.3);
#2566=CURVE_STYLE('',#5302,POSITIVE_LENGTH_MEASURE(1.0E-006),#5303);
#2567=CIRCLE('',#5304,2.0);
#2568=CURVE_STYLE('',#5305,POSITIVE_LENGTH_MEASURE(1.0E-006),#5306);
#2569=VERTEX_POINT('',#5307);
#2570=VERTEX_POINT('',#5308);
#2571=LINE('',#5309,#5310);
#2572=CURVE_STYLE('',#5311,POSITIVE_LENGTH_MEASURE(1.0E-006),#5312);
#2573=VERTEX_POINT('',#5313);
#2574=B_SPLINE_CURVE_WITH_KNOTS('',3,(#5314,#5315,#5316,#5317),.UNSPECIFIED.,.F.,.F.,(4,4),(0.0,0.00301866577047249),.UNSPECIFIED.);
#2575=CURVE_STYLE('',#5318,POSITIVE_LENGTH_MEASURE(1.0E-006),#5319);
#2576=VERTEX_POINT('',#5320);
#2577=LINE('',#5321,#5322);
#2578=CURVE_STYLE('',#5323,POSITIVE_LENGTH_MEASURE(1.0E-006),#5324);
#2579=(B_SPLINE_CURVE(3,(#5326,#5327,#5328,#5329),.UNSPECIFIED.,.F.,.F.)B_SPLINE_CURVE_WITH_KNOTS((4,4),(0.0,1.0),.UNSPECIFIED.)RATIONAL_B_SPLINE_CURVE((0.500028462720277,0.499990512426574,0.499990512426574,0.500028462720277))BOUNDED_CURVE()REPRESENTATION_ITEM('')GEOMETRIC_REPRESENTATION_ITEM()CURVE());
#2580=CURVE_STYLE('',#5336,POSITIVE_LENGTH_MEASURE(1.0E-006),#5337);
#2581=VERTEX_POINT('',#5338);
#2582=VERTEX_POINT('',#5339);
#2583=LINE('',#5340,#5341);
#2584=CURVE_STYLE('',#5342,POSITIVE_LENGTH_MEASURE(1.0E-006),#5343);
#2585=VERTEX_POINT('',#5344);
#2586=LINE('',#5345,#5346);
#2587=CURVE_STYLE('',#5347,POSITIVE_LENGTH_MEASURE(1.0E-006),#5348);
#2588=VERTEX_POINT('',#5349);
#2589=LINE('',#5350,#5351);
#2590=CURVE_STYLE('',#5352,POSITIVE_LENGTH_MEASURE(1.0E-006),#5353);
#2591=VERTEX_POINT('',#5354);
#2592=LINE('',#5355,#5356);
#2593=CURVE_STYLE('',#5357,POSITIVE_LENGTH_MEASURE(1.0E-006),#5358);
#2594=VERTEX_POINT('',#5359);
#2595=ELLIPSE('',#5360,7.22400339147207,7.0);
#2596=CURVE_STYLE('',#5361,POSITIVE_LENGTH_MEASURE(1.0E-006),#5362);
#2597=VERTEX_POINT('',#5363);
#2598=B_SPLINE_CURVE_WITH_KNOTS('',3,(#5364,#5365,#5366,#5367,#5368,#5369,#5370,#5371),.UNSPECIFIED.,.F.,.F.,(4,2,2,4),(0.0,0.000890743002573052,0.0017814860051461,0.00356297201029221),.UNSPECIFIED.);
#2599=CURVE_STYLE('',#5372,POSITIVE_LENGTH_MEASURE(1.0E-006),#5373);
#2600=VERTEX_POINT('',#5374);
#2601=B_SPLINE_CURVE_WITH_KNOTS('',3,(#5375,#5376,#5377,#5378),.UNSPECIFIED.,.F.,.F.,(4,4),(0.0,0.00301866577271173),.UNSPECIFIED.);
#2602=CURVE_STYLE('',#5379,POSITIVE_LENGTH_MEASURE(1.0E-006),#5380);
#2603=VERTEX_POINT('',#5381);
#2604=LINE('',#5382,#5383);
#2605=CURVE_STYLE('',#5384,POSITIVE_LENGTH_MEASURE(1.0E-006),#5385);
#2606=VERTEX_POINT('',#5386);
#2607=ELLIPSE('',#5387,65.7911549092539,63.7510891687069);
#2608=CURVE_STYLE('',#5388,POSITIVE_LENGTH_MEASURE(1.0E-006),#5389);
#2609=VERTEX_POINT('',#5390);
#2610=LINE('',#5391,#5392);
#2611=CURVE_STYLE('',#5393,POSITIVE_LENGTH_MEASURE(1.0E-006),#5394);
#2612=VERTEX_POINT('',#5395);
#2613=ELLIPSE('',#5396,103.200048449601,100.0);
#2614=CURVE_STYLE('',#5397,POSITIVE_LENGTH_MEASURE(1.0E-006),#5398);
#2615=VERTEX_POINT('',#5399);
#2616=ELLIPSE('',#5400,7.22400339147207,7.0);
#2617=CURVE_STYLE('',#5401,POSITIVE_LENGTH_MEASURE(1.0E-006),#5402);
#2618=VERTEX_POINT('',#5403);
#2619=ELLIPSE('',#5404,7.22400339147207,7.0);
#2620=CURVE_STYLE('',#5405,POSITIVE_LENGTH_MEASURE(1.0E-006),#5406);
#2621=VERTEX_POINT('',#5407);
#2622=LINE('',#5408,#5409);
#2623=CURVE_STYLE('',#5410,POSITIVE_LENGTH_MEASURE(1.0E-006),#5411);
#2624=VERTEX_POINT('',#5412);
#2625=ELLIPSE('',#5413,7.22400339147207,7.0);
#2626=CURVE_STYLE('',#5414,POSITIVE_LENGTH_MEASURE(1.0E-006),#5415);
#2627=VERTEX_POINT('',#5416);
#2628=B_SPLINE_CURVE_WITH_KNOTS('',3,(#5417,#5418,#5419,#5420,#5421,#5422),.UNSPECIFIED.,.F.,.F.,(4,2,4),(0.0,0.00411026017365039,0.00822052034730078),.UNSPECIFIED.);
#2629=CURVE_STYLE('',#5423,POSITIVE_LENGTH_MEASURE(1.0E-006),#5424);
#2630=VERTEX_POINT('',#5425);
#2631=B_SPLINE_CURVE_WITH_KNOTS('',3,(#5426,#5427,#5428,#5429),.UNSPECIFIED.,.F.,.F.,(4,4),(0.0,0.00301876395077888),.UNSPECIFIED.);
#2632=CURVE_STYLE('',#5430,POSITIVE_LENGTH_MEASURE(1.0E-006),#5431);
#2633=VERTEX_POINT('',#5432);
#2634=LINE('',#5433,#5434);
#2635=CURVE_STYLE('',#5435,POSITIVE_LENGTH_MEASURE(1.0E-006),#5436);
#2636=VERTEX_POINT('',#5437);
#2637=ELLIPSE('',#5438,65.7911549092539,63.7510891687069);
#2638=CURVE_STYLE('',#5439,POSITIVE_LENGTH_MEASURE(1.0E-006),#5440);
#2639=VERTEX_POINT('',#5441);
#2640=LINE('',#5442,#5443);
#2641=CURVE_STYLE('',#5444,POSITIVE_LENGTH_MEASURE(1.0E-006),#5445);
#2642=VERTEX_POINT('',#5446);
#2643=ELLIPSE('',#5447,103.200048449601,100.0);
#2644=CURVE_STYLE('',#5448,POSITIVE_LENGTH_MEASURE(1.0E-006),#5449);
#2645=VERTEX_POINT('',#5450);
#2646=ELLIPSE('',#5451,36.1200169573603,35.0);
#2647=CURVE_STYLE('',#5452,POSITIVE_LENGTH_MEASURE(1.0E-006),#5453);
#2648=VERTEX_POINT('',#5454);
#2649=ELLIPSE('',#5455,7.22400339147207,7.0);
#2650=CURVE_STYLE('',#5456,POSITIVE_LENGTH_MEASURE(1.0E-006),#5457);
#2651=LINE('',#5458,#5459);
#2652=CURVE_STYLE('',#5460,POSITIVE_LENGTH_MEASURE(1.0E-006),#5461);
#2653=VERTEX_POINT('',#5462);
#2654=LINE('',#5463,#5464);
#2655=CURVE_STYLE('',#5465,POSITIVE_LENGTH_MEASURE(1.0E-006),#5466);
#2656=VERTEX_POINT('',#5467);
#2657=LINE('',#5468,#5469);
#2658=CURVE_STYLE('',#5470,POSITIVE_LENGTH_MEASURE(1.0E-006),#5471);
#2659=(B_SPLINE_CURVE(3,(#5473,#5474,#5475,#5476),.UNSPECIFIED.,.F.,.F.)B_SPLINE_CURVE_WITH_KNOTS((4,4),(0.0,0.830611240238936),.UNSPECIFIED.)RATIONAL_B_SPLINE_CURVE((0.502487708937192,0.499732616929626,0.499265935311437,0.501087664082624))BOUNDED_CURVE()REPRESENTATION_ITEM('')GEOMETRIC_REPRESENTATION_ITEM()CURVE());
#2660=CURVE_STYLE('',#5483,POSITIVE_LENGTH_MEASURE(1.0E-006),#5484);
#2661=VERTEX_POINT('',#5485);
#2662=VERTEX_POINT('',#5486);
#2663=CIRCLE('',#5487,3.0);
#2664=CURVE_STYLE('',#5488,POSITIVE_LENGTH_MEASURE(1.0E-006),#5489);
#2665=VERTEX_POINT('',#5490);
#2666=B_SPLINE_CURVE_WITH_KNOTS('',3,(#5491,#5492,#5493,#5494),.UNSPECIFIED.,.F.,.F.,(4,4),(0.0,0.00156463313920826),.UNSPECIFIED.);
#2667=CURVE_STYLE('',#5495,POSITIVE_LENGTH_MEASURE(1.0E-006),#5496);
#2668=VERTEX_POINT('',#5497);
#2669=CIRCLE('',#5498,3.0);
#2670=CURVE_STYLE('',#5499,POSITIVE_LENGTH_MEASURE(1.0E-006),#5500);
#2671=B_SPLINE_CURVE_WITH_KNOTS('',3,(#5501,#5502,#5503,#5504,#5505,#5506),.UNSPECIFIED.,.F.,.F.,(4,2,4),(0.0,0.000320026836938506,0.000640053673877012),.UNSPECIFIED.);
#2672=CURVE_STYLE('',#5507,POSITIVE_LENGTH_MEASURE(1.0E-006),#5508);
#2673=VERTEX_POINT('',#5509);
#2674=VERTEX_POINT('',#5510);
#2675=B_SPLINE_CURVE_WITH_KNOTS('',3,(#5511,#5512,#5513,#5514,#5515,#5516,#5517,#5518,#5519,#5520,#5521,#5522,#5523,#5524),.UNSPECIFIED.,.F.,.F.,(4,2,2,2,2,2,4),(0.0,0.000842071286141572,0.00126310692921236,0.00168414257228314,0.00210517821535393,0.00252621385842472,0.00336828514456629),.UNSPECIFIED.);
#2676=CURVE_STYLE('',#5525,POSITIVE_LENGTH_MEASURE(1.0E-006),#5526);
#2677=B_SPLINE_CURVE_WITH_KNOTS('',3,(#5527,#5528,#5529,#5530),.UNSPECIFIED.,.F.,.F.,(4,4),(0.0,0.00188331109178652),.UNSPECIFIED.);
#2678=CURVE_STYLE('',#5531,POSITIVE_LENGTH_MEASURE(1.0E-006),#5532);
#2679=B_SPLINE_CURVE_WITH_KNOTS('',3,(#5533,#5534,#5535,#5536),.UNSPECIFIED.,.F.,.F.,(4,4),(0.0,0.00188772641567425),.UNSPECIFIED.);
#2680=CURVE_STYLE('',#5537,POSITIVE_LENGTH_MEASURE(1.0E-006),#5538);
#2681=LINE('',#5539,#5540);
#2682=CURVE_STYLE('',#5541,POSITIVE_LENGTH_MEASURE(1.0E-006),#5542);
#2683=LINE('',#5543,#5544);
#2684=CURVE_STYLE('',#5545,POSITIVE_LENGTH_MEASURE(1.0E-006),#5546);
#2685=VERTEX_POINT('',#5547);
#2686=B_SPLINE_CURVE_WITH_KNOTS('',3,(#5548,#5549,#5550,#5551,#5552,#5553,#5554,#5555,#5556,#5557,#5558,#5559),.UNSPECIFIED.,.F.,.F.,(4,2,2,2,2,4),(0.0,0.000920566738084504,0.00184113347616901,0.00276170021425351,0.00322198358329576,0.00368226695233801),.UNSPECIFIED.);
#2687=CURVE_STYLE('',#5560,POSITIVE_LENGTH_MEASURE(1.0E-006),#5561);
#2688=VERTEX_POINT('',#5562);
#2689=CIRCLE('',#5563,3.0);
#2690=CURVE_STYLE('',#5564,POSITIVE_LENGTH_MEASURE(1.0E-006),#5565);
#2691=B_SPLINE_CURVE_WITH_KNOTS('',3,(#5566,#5567,#5568,#5569,#5570,#5571,#5572,#5573,#5574,#5575,#5576,#5577),.UNSPECIFIED.,.F.,.F.,(4,2,2,2,2,4),(0.0,0.000556217680911698,0.0011124353618234,0.00166865304273509,0.00194676188319095,0.0022248707236468),.UNSPECIFIED.);
#2692=CURVE_STYLE('',#5578,POSITIVE_LENGTH_MEASURE(1.0E-006),#5579);
#2693=VERTEX_POINT('',#5580);
#2694=VERTEX_POINT('',#5581);
#2695=CIRCLE('',#5582,3.0);
#2696=CURVE_STYLE('',#5583,POSITIVE_LENGTH_MEASURE(1.0E-006),#5584);
#2697=VERTEX_POINT('',#5585);
#2698=B_SPLINE_CURVE_WITH_KNOTS('',3,(#5586,#5587,#5588,#5589,#5590,#5591,#5592,#5593,#5594,#5595),.UNSPECIFIED.,.F.,.F.,(4,2,2,2,4),(0.0,0.000916500913149248,0.00183300182629849,0.00274950273944774,0.00366600365259699),.UNSPECIFIED.);
#2699=CURVE_STYLE('',#5596,POSITIVE_LENGTH_MEASURE(1.0E-006),#5597);
#2700=VERTEX_POINT('',#5598);
#2701=CIRCLE('',#5599,3.0);
#2702=CURVE_STYLE('',#5600,POSITIVE_LENGTH_MEASURE(1.0E-006),#5601);
#2703=B_SPLINE_CURVE_WITH_KNOTS('',3,(#5602,#5603,#5604,#5605,#5606,#5607,#5608,#5609,#5610,#5611,#5612,#5613),.UNSPECIFIED.,.F.,.F.,(4,2,2,2,2,4),(0.0,0.00027809812489751,0.00055619624979502,0.00111239249959005,0.00166858874938508,0.00222478499918012),.UNSPECIFIED.);
#2704=CURVE_STYLE('',#5614,POSITIVE_LENGTH_MEASURE(1.0E-006),#5615);
#2705=VERTEX_POINT('',#5616);
#2706=LINE('',#5617,#5618);
#2707=CURVE_STYLE('',#5619,POSITIVE_LENGTH_MEASURE(1.0E-006),#5620);
#2708=VERTEX_POINT('',#5621);
#2709=B_SPLINE_CURVE_WITH_KNOTS('',3,(#5622,#5623,#5624,#5625),.UNSPECIFIED.,.F.,.F.,(4,4),(0.0,0.00188772641567425),.UNSPECIFIED.);
#2710=CURVE_STYLE('',#5626,POSITIVE_LENGTH_MEASURE(1.0E-006),#5627);
#2711=LINE('',#5628,#5629);
#2712=CURVE_STYLE('',#5630,POSITIVE_LENGTH_MEASURE(1.0E-006),#5631);
#2713=VERTEX_POINT('',#5632);
#2714=CIRCLE('',#5633,3.0);
#2715=CURVE_STYLE('',#5634,POSITIVE_LENGTH_MEASURE(1.0E-006),#5635);
#2716=VERTEX_POINT('',#5636);
#2717=B_SPLINE_CURVE_WITH_KNOTS('',3,(#5637,#5638,#5639,#5640),.UNSPECIFIED.,.F.,.F.,(4,4),(0.0,0.00188331109178652),.UNSPECIFIED.);
#2718=CURVE_STYLE('',#5641,POSITIVE_LENGTH_MEASURE(1.0E-006),#5642);
#2719=B_SPLINE_CURVE_WITH_KNOTS('',3,(#5643,#5644,#5645,#5646,#5647,#5648,#5649,#5650,#5651,#5652,#5653,#5654,#5655,#5656),.UNSPECIFIED.,.F.,.F.,(4,2,2,2,2,2,4),(0.0,0.000842071332841474,0.00126310699926221,0.00168414266568295,0.00210517833210368,0.00252621399852442,0.00336828533136589),.UNSPECIFIED.);
#2720=CURVE_STYLE('',#5657,POSITIVE_LENGTH_MEASURE(1.0E-006),#5658);
#2721=VERTEX_POINT('',#5659);
#2722=VERTEX_POINT('',#5660);
#2723=CIRCLE('',#5661,3.0);
#2724=CURVE_STYLE('',#5662,POSITIVE_LENGTH_MEASURE(1.0E-006),#5663);
#2725=B_SPLINE_CURVE_WITH_KNOTS('',3,(#5664,#5665,#5666,#5667),.UNSPECIFIED.,.F.,.F.,(4,4),(0.0,0.00156463313920826),.UNSPECIFIED.);
#2726=CURVE_STYLE('',#5668,POSITIVE_LENGTH_MEASURE(1.0E-006),#5669);
#2727=B_SPLINE_CURVE_WITH_KNOTS('',3,(#5670,#5671,#5672,#5673,#5674,#5675),.UNSPECIFIED.,.F.,.F.,(4,2,4),(0.0,0.000320045637946526,0.00064009127589305),.UNSPECIFIED.);
#2728=CURVE_STYLE('',#5676,POSITIVE_LENGTH_MEASURE(1.0E-006),#5677);
#2729=VERTEX_POINT('',#5678);
#2730=VERTEX_POINT('',#5679);
#2731=CIRCLE('',#5680,3.0);
#2732=CURVE_STYLE('',#5681,POSITIVE_LENGTH_MEASURE(1.0E-006),#5682);
#2733=B_SPLINE_CURVE_WITH_KNOTS('',3,(#5683,#5684,#5685,#5686,#5687,#5688,#5689,#5690,#5691,#5692),.UNSPECIFIED.,.F.,.F.,(4,2,2,2,4),(0.0,0.000916500913149245,0.00183300182629849,0.00274950273944774,0.00366600365259698),.UNSPECIFIED.);
#2734=CURVE_STYLE('',#5693,POSITIVE_LENGTH_MEASURE(1.0E-006),#5694);
#2735=B_SPLINE_CURVE_WITH_KNOTS('',3,(#5695,#5696,#5697,#5698,#5699,#5700,#5701,#5702,#5703,#5704,#5705,#5706),.UNSPECIFIED.,.F.,.F.,(4,2,2,2,2,4),(0.0,0.000278098124897496,0.000556196249794992,0.00111239249958999,0.00166858874938499,0.00222478499917999),.UNSPECIFIED.);
#2736=CURVE_STYLE('',#5707,POSITIVE_LENGTH_MEASURE(1.0E-006),#5708);
#2737=VERTEX_POINT('',#5709);
#2738=VERTEX_POINT('',#5710);
#2739=CIRCLE('',#5711,3.0);
#2740=CURVE_STYLE('',#5712,POSITIVE_LENGTH_MEASURE(1.0E-006),#5713);
#2741=CIRCLE('',#5714,10.3684515198117);
#2742=CURVE_STYLE('',#5715,POSITIVE_LENGTH_MEASURE(1.0E-006),#5716);
#2743=CIRCLE('',#5717,12.5108800483745);
#2744=CURVE_STYLE('',#5718,POSITIVE_LENGTH_MEASURE(1.0E-006),#5719);
#2745=VERTEX_POINT('',#5720);
#2746=VERTEX_POINT('',#5721);
#2747=CIRCLE('',#5722,3.0);
#2748=CURVE_STYLE('',#5723,POSITIVE_LENGTH_MEASURE(1.0E-006),#5724);
#2749=B_SPLINE_CURVE_WITH_KNOTS('',3,(#5725,#5726,#5727,#5728,#5729,#5730,#5731,#5732,#5733,#5734,#5735,#5736),.UNSPECIFIED.,.F.,.F.,(4,2,2,2,2,4),(0.0,0.0009205667380845,0.001841133476169,0.0027617002142535,0.00322198358329576,0.00368226695233801),.UNSPECIFIED.);
#2750=CURVE_STYLE('',#5737,POSITIVE_LENGTH_MEASURE(1.0E-006),#5738);
#2751=B_SPLINE_CURVE_WITH_KNOTS('',3,(#5739,#5740,#5741,#5742,#5743,#5744,#5745,#5746,#5747,#5748,#5749,#5750),.UNSPECIFIED.,.F.,.F.,(4,2,2,2,2,4),(0.0,0.000556217680911697,0.00111243536182339,0.00166865304273509,0.00194676188319094,0.00222487072364679),.UNSPECIFIED.);
#2752=CURVE_STYLE('',#5751,POSITIVE_LENGTH_MEASURE(1.0E-006),#5752);
#2753=VERTEX_POINT('',#5753);
#2754=VERTEX_POINT('',#5754);
#2755=CIRCLE('',#5755,3.0);
#2756=CURVE_STYLE('',#5756,POSITIVE_LENGTH_MEASURE(1.0E-006),#5757);
#2757=B_SPLINE_CURVE_WITH_KNOTS('',3,(#5758,#5759,#5760,#5761),.UNSPECIFIED.,.F.,.F.,(4,4),(0.0,0.00156463313920826),.UNSPECIFIED.);
#2758=CURVE_STYLE('',#5762,POSITIVE_LENGTH_MEASURE(1.0E-006),#5763);
#2759=B_SPLINE_CURVE_WITH_KNOTS('',3,(#5764,#5765,#5766,#5767,#5768,#5769),.UNSPECIFIED.,.F.,.F.,(4,2,4),(0.0,0.000320026836938505,0.000640053673877009),.UNSPECIFIED.);
#2760=CURVE_STYLE('',#5770,POSITIVE_LENGTH_MEASURE(1.0E-006),#5771);
#2761=VERTEX_POINT('',#5772);
#2762=VERTEX_POINT('',#5773);
#2763=B_SPLINE_CURVE_WITH_KNOTS('',3,(#5774,#5775,#5776,#5777,#5778,#5779,#5780,#5781,#5782,#5783,#5784,#5785,#5786,#5787),.UNSPECIFIED.,.F.,.F.,(4,2,2,2,2,2,4),(0.0,0.000842071286141573,0.00126310692921236,0.00168414257228315,0.00210517821535393,0.00252621385842472,0.00336828514456629),.UNSPECIFIED.);
#2764=CURVE_STYLE('',#5788,POSITIVE_LENGTH_MEASURE(1.0E-006),#5789);
#2765=B_SPLINE_CURVE_WITH_KNOTS('',3,(#5790,#5791,#5792,#5793),.UNSPECIFIED.,.F.,.F.,(4,4),(0.0,0.00188331109178652),.UNSPECIFIED.);
#2766=CURVE_STYLE('',#5794,POSITIVE_LENGTH_MEASURE(1.0E-006),#5795);
#2767=B_SPLINE_CURVE_WITH_KNOTS('',3,(#5796,#5797,#5798,#5799),.UNSPECIFIED.,.F.,.F.,(4,4),(0.0,0.00188772641567425),.UNSPECIFIED.);
#2768=CURVE_STYLE('',#5800,POSITIVE_LENGTH_MEASURE(1.0E-006),#5801);
#2769=VERTEX_POINT('',#5802);
#2770=VERTEX_POINT('',#5803);
#2771=B_SPLINE_CURVE_WITH_KNOTS('',3,(#5804,#5805,#5806,#5807,#5808,#5809,#5810,#5811,#5812,#5813,#5814,#5815,#5816,#5817),.UNSPECIFIED.,.F.,.F.,(4,2,2,2,2,2,4),(0.0,0.000842071332841471,0.00126310699926221,0.00168414266568295,0.00210517833210368,0.00252621399852442,0.0033682853313659),.UNSPECIFIED.);
#2772=CURVE_STYLE('',#5818,POSITIVE_LENGTH_MEASURE(1.0E-006),#5819);
#2773=VERTEX_POINT('',#5820);
#2774=B_SPLINE_CURVE_WITH_KNOTS('',3,(#5821,#5822,#5823,#5824),.UNSPECIFIED.,.F.,.F.,(4,4),(0.0,0.00188772641567425),.UNSPECIFIED.);
#2775=CURVE_STYLE('',#5825,POSITIVE_LENGTH_MEASURE(1.0E-006),#5826);
#2776=VERTEX_POINT('',#5827);
#2777=CIRCLE('',#5828,3.0);
#2778=CURVE_STYLE('',#5829,POSITIVE_LENGTH_MEASURE(1.0E-006),#5830);
#2779=B_SPLINE_CURVE_WITH_KNOTS('',3,(#5831,#5832,#5833,#5834),.UNSPECIFIED.,.F.,.F.,(4,4),(0.0,0.00188331109178652),.UNSPECIFIED.);
#2780=CURVE_STYLE('',#5835,POSITIVE_LENGTH_MEASURE(1.0E-006),#5836);
#2781=B_SPLINE_CURVE_WITH_KNOTS('',3,(#5837,#5838,#5839,#5840),.UNSPECIFIED.,.F.,.F.,(4,4),(0.0,0.00156463313920826),.UNSPECIFIED.);
#2782=CURVE_STYLE('',#5841,POSITIVE_LENGTH_MEASURE(1.0E-006),#5842);
#2783=B_SPLINE_CURVE_WITH_KNOTS('',3,(#5843,#5844,#5845,#5846,#5847,#5848),.UNSPECIFIED.,.F.,.F.,(4,2,4),(0.0,0.000320045637946472,0.000640091275892945),.UNSPECIFIED.);
#2784=CURVE_STYLE('',#5849,POSITIVE_LENGTH_MEASURE(1.0E-006),#5850);
#2785=VERTEX_POINT('',#5851);
#2786=CIRCLE('',#5852,21.25);
#2787=CURVE_STYLE('',#5853,POSITIVE_LENGTH_MEASURE(1.0E-006),#5854);
#2788=VERTEX_POINT('',#5855);
#2789=CIRCLE('',#5856,18.75);
#2790=CURVE_STYLE('',#5857,POSITIVE_LENGTH_MEASURE(1.0E-006),#5858);
#2791=VERTEX_POINT('',#5859);
#2792=CIRCLE('',#5860,9.2);
#2793=CURVE_STYLE('',#5861,POSITIVE_LENGTH_MEASURE(1.0E-006),#5862);
#2794=VERTEX_POINT('',#5863);
#2795=CIRCLE('',#5864,18.75);
#2796=CURVE_STYLE('',#5865,POSITIVE_LENGTH_MEASURE(1.0E-006),#5866);
#2797=VERTEX_POINT('',#5867);
#2798=CIRCLE('',#5868,21.25);
#2799=CURVE_STYLE('',#5869,POSITIVE_LENGTH_MEASURE(1.0E-006),#5870);
#2800=VERTEX_POINT('',#5871);
#2801=CIRCLE('',#5872,21.25);
#2802=CURVE_STYLE('',#5873,POSITIVE_LENGTH_MEASURE(1.0E-006),#5874);
#2803=VERTEX_POINT('',#5875);
#2804=CIRCLE('',#5876,18.75);
#2805=CURVE_STYLE('',#5877,POSITIVE_LENGTH_MEASURE(1.0E-006),#5878);
#2806=VERTEX_POINT('',#5879);
#2807=CIRCLE('',#5880,9.2);
#2808=CURVE_STYLE('',#5881,POSITIVE_LENGTH_MEASURE(1.0E-006),#5882);
#2809=VERTEX_POINT('',#5883);
#2810=CIRCLE('',#5884,18.75);
#2811=CURVE_STYLE('',#5885,POSITIVE_LENGTH_MEASURE(1.0E-006),#5886);
#2812=VERTEX_POINT('',#5887);
#2813=CIRCLE('',#5888,21.25);
#2814=CURVE_STYLE('',#5889,POSITIVE_LENGTH_MEASURE(1.0E-006),#5890);
#2815=VERTEX_POINT('',#5891);
#2816=VERTEX_POINT('',#5892);
#2817=LINE('',#5893,#5894);
#2818=CURVE_STYLE('',#5895,POSITIVE_LENGTH_MEASURE(1.0E-006),#5896);
#2819=VERTEX_POINT('',#5897);
#2820=B_SPLINE_CURVE_WITH_KNOTS('',3,(#5898,#5899,#5900,#5901,#5902,#5903,#5904,#5905,#5906,#5907,#5908,#5909,#5910,#5911),.UNSPECIFIED.,.F.,.F.,(4,2,2,2,2,2,4),(0.0,0.000842071332841475,0.00126310699926221,0.00168414266568295,0.00210517833210368,0.00252621399852442,0.00336828533136589),.UNSPECIFIED.);
#2821=CURVE_STYLE('',#5912,POSITIVE_LENGTH_MEASURE(1.0E-006),#5913);
#2822=CIRCLE('',#5914,11.5);
#2823=CURVE_STYLE('',#5915,POSITIVE_LENGTH_MEASURE(1.0E-006),#5916);
#2824=LINE('',#5917,#5918);
#2825=CURVE_STYLE('',#5919,POSITIVE_LENGTH_MEASURE(1.0E-006),#5920);
#2826=LINE('',#5921,#5922);
#2827=CURVE_STYLE('',#5923,POSITIVE_LENGTH_MEASURE(1.0E-006),#5924);
#2828=CIRCLE('',#5925,11.5);
#2829=CURVE_STYLE('',#5926,POSITIVE_LENGTH_MEASURE(1.0E-006),#5927);
#2830=LINE('',#5928,#5929);
#2831=CURVE_STYLE('',#5930,POSITIVE_LENGTH_MEASURE(1.0E-006),#5931);
#2832=LINE('',#5932,#5933);
#2833=CURVE_STYLE('',#5934,POSITIVE_LENGTH_MEASURE(1.0E-006),#5935);
#2834=VERTEX_POINT('',#5936);
#2835=CIRCLE('',#5937,11.5);
#2836=CURVE_STYLE('',#5938,POSITIVE_LENGTH_MEASURE(1.0E-006),#5939);
#2837=VERTEX_POINT('',#5940);
#2838=B_SPLINE_CURVE_WITH_KNOTS('',3,(#5941,#5942,#5943,#5944,#5945,#5946,#5947,#5948,#5949,#5950,#5951,#5952,#5953,#5954),.UNSPECIFIED.,.F.,.F.,(4,2,2,2,2,2,4),(0.0,0.000842071286141567,0.00126310692921235,0.00168414257228314,0.00210517821535392,0.00252621385842471,0.00336828514456628),.UNSPECIFIED.);
#2839=CURVE_STYLE('',#5955,POSITIVE_LENGTH_MEASURE(1.0E-006),#5956);
#2840=LINE('',#5957,#5958);
#2841=CURVE_STYLE('',#5959,POSITIVE_LENGTH_MEASURE(1.0E-006),#5960);
#2842=LINE('',#5961,#5962);
#2843=CURVE_STYLE('',#5963,POSITIVE_LENGTH_MEASURE(1.0E-006),#5964);
#2844=VERTEX_POINT('',#5965);
#2845=LINE('',#5966,#5967);
#2846=CURVE_STYLE('',#5968,POSITIVE_LENGTH_MEASURE(1.0E-006),#5969);
#2847=VERTEX_POINT('',#5970);
#2848=B_SPLINE_CURVE_WITH_KNOTS('',3,(#5971,#5972,#5973,#5974,#5975,#5976,#5977,#5978,#5979,#5980,#5981,#5982,#5983,#5984),.UNSPECIFIED.,.F.,.F.,(4,2,2,2,2,2,4),(0.0,0.000842071332841469,0.00126310699926221,0.00168414266568294,0.00210517833210368,0.00252621399852442,0.00336828533136589),.UNSPECIFIED.);
#2849=CURVE_STYLE('',#5985,POSITIVE_LENGTH_MEASURE(1.0E-006),#5986);
#2850=VERTEX_POINT('',#5987);
#2851=CIRCLE('',#5988,11.5);
#2852=CURVE_STYLE('',#5989,POSITIVE_LENGTH_MEASURE(1.0E-006),#5990);
#2853=VERTEX_POINT('',#5991);
#2854=B_SPLINE_CURVE_WITH_KNOTS('',3,(#5992,#5993,#5994,#5995,#5996,#5997,#5998,#5999,#6000,#6001,#6002,#6003,#6004,#6005),.UNSPECIFIED.,.F.,.F.,(4,2,2,2,2,2,4),(0.0,0.000842071286141571,0.00126310692921236,0.00168414257228314,0.00210517821535393,0.00252621385842472,0.00336828514456628),.UNSPECIFIED.);
#2855=CURVE_STYLE('',#6006,POSITIVE_LENGTH_MEASURE(1.0E-006),#6007);
#2856=VERTEX_POINT('',#6008);
#2857=LINE('',#6009,#6010);
#2858=CURVE_STYLE('',#6011,POSITIVE_LENGTH_MEASURE(1.0E-006),#6012);
#2859=VERTEX_POINT('',#6013);
#2860=ELLIPSE('',#6014,2.33548120733722,2.3);
#2861=CURVE_STYLE('',#6015,POSITIVE_LENGTH_MEASURE(1.0E-006),#6016);
#2862=VERTEX_POINT('',#6017);
#2863=LINE('',#6018,#6019);
#2864=CURVE_STYLE('',#6020,POSITIVE_LENGTH_MEASURE(1.0E-006),#6021);
#2865=ELLIPSE('',#6022,2.33548120733722,2.3);
#2866=CURVE_STYLE('',#6023,POSITIVE_LENGTH_MEASURE(1.0E-006),#6024);
#2867=VERTEX_POINT('',#6025);
#2868=VERTEX_POINT('',#6026);
#2869=LINE('',#6027,#6028);
#2870=CURVE_STYLE('',#6029,POSITIVE_LENGTH_MEASURE(1.0E-006),#6030);
#2871=VERTEX_POINT('',#6031);
#2872=LINE('',#6032,#6033);
#2873=CURVE_STYLE('',#6034,POSITIVE_LENGTH_MEASURE(1.0E-006),#6035);
#2874=VERTEX_POINT('',#6036);
#2875=LINE('',#6037,#6038);
#2876=CURVE_STYLE('',#6039,POSITIVE_LENGTH_MEASURE(1.0E-006),#6040);
#2877=LINE('',#6041,#6042);
#2878=CURVE_STYLE('',#6043,POSITIVE_LENGTH_MEASURE(1.0E-006),#6044);
#2879=VERTEX_POINT('',#6045);
#2880=VERTEX_POINT('',#6046);
#2881=B_SPLINE_CURVE_WITH_KNOTS('',3,(#6047,#6048,#6049,#6050),.UNSPECIFIED.,.F.,.F.,(4,4),(0.0,0.00156463313920826),.UNSPECIFIED.);
#2882=CURVE_STYLE('',#6051,POSITIVE_LENGTH_MEASURE(1.0E-006),#6052);
#2883=B_SPLINE_CURVE_WITH_KNOTS('',3,(#6053,#6054,#6055,#6056),.UNSPECIFIED.,.F.,.F.,(4,4),(0.0,0.00188331109178652),.UNSPECIFIED.);
#2884=CURVE_STYLE('',#6057,POSITIVE_LENGTH_MEASURE(1.0E-006),#6058);
#2885=CIRCLE('',#6059,10.9097813401275);
#2886=CURVE_STYLE('',#6060,POSITIVE_LENGTH_MEASURE(1.0E-006),#6061);
#2887=VERTEX_POINT('',#6062);
#2888=B_SPLINE_CURVE_WITH_KNOTS('',3,(#6063,#6064,#6065,#6066),.UNSPECIFIED.,.F.,.F.,(4,4),(0.0,0.00188772641567425),.UNSPECIFIED.);
#2889=CURVE_STYLE('',#6067,POSITIVE_LENGTH_MEASURE(1.0E-006),#6068);
#2890=VERTEX_POINT('',#6069);
#2891=CIRCLE('',#6070,3.0);
#2892=CURVE_STYLE('',#6071,POSITIVE_LENGTH_MEASURE(1.0E-006),#6072);
#2893=B_SPLINE_CURVE_WITH_KNOTS('',3,(#6073,#6074,#6075,#6076),.UNSPECIFIED.,.F.,.F.,(4,4),(0.0,0.00188331109178652),.UNSPECIFIED.);
#2894=CURVE_STYLE('',#6077,POSITIVE_LENGTH_MEASURE(1.0E-006),#6078);
#2895=VERTEX_POINT('',#6079);
#2896=VERTEX_POINT('',#6080);
#2897=CIRCLE('',#6081,3.0);
#2898=CURVE_STYLE('',#6082,POSITIVE_LENGTH_MEASURE(1.0E-006),#6083);
#2899=B_SPLINE_CURVE_WITH_KNOTS('',3,(#6084,#6085,#6086,#6087),.UNSPECIFIED.,.F.,.F.,(4,4),(0.0,0.00156463313920826),.UNSPECIFIED.);
#2900=CURVE_STYLE('',#6088,POSITIVE_LENGTH_MEASURE(1.0E-006),#6089);
#2901=B_SPLINE_CURVE_WITH_KNOTS('',3,(#6090,#6091,#6092,#6093,#6094,#6095),.UNSPECIFIED.,.F.,.F.,(4,2,4),(0.0,0.000320045637946476,0.000640091275892951),.UNSPECIFIED.);
#2902=CURVE_STYLE('',#6096,POSITIVE_LENGTH_MEASURE(1.0E-006),#6097);
#2903=VERTEX_POINT('',#6098);
#2904=VERTEX_POINT('',#6099);
#2905=CIRCLE('',#6100,3.0);
#2906=CURVE_STYLE('',#6101,POSITIVE_LENGTH_MEASURE(1.0E-006),#6102);
#2907=B_SPLINE_CURVE_WITH_KNOTS('',3,(#6103,#6104,#6105,#6106,#6107,#6108,#6109,#6110,#6111,#6112),.UNSPECIFIED.,.F.,.F.,(4,2,2,2,4),(0.0,0.000916500913149248,0.0018330018262985,0.00274950273944774,0.00366600365259699),.UNSPECIFIED.);
#2908=CURVE_STYLE('',#6113,POSITIVE_LENGTH_MEASURE(1.0E-006),#6114);
#2909=B_SPLINE_CURVE_WITH_KNOTS('',3,(#6115,#6116,#6117,#6118,#6119,#6120,#6121,#6122,#6123,#6124,#6125,#6126),.UNSPECIFIED.,.F.,.F.,(4,2,2,2,2,4),(0.0,0.000278098124897512,0.000556196249795025,0.00111239249959006,0.00166858874938509,0.00222478499918012),.UNSPECIFIED.);
#2910=CURVE_STYLE('',#6127,POSITIVE_LENGTH_MEASURE(1.0E-006),#6128);
#2911=VERTEX_POINT('',#6129);
#2912=VERTEX_POINT('',#6130);
#2913=CIRCLE('',#6131,3.0);
#2914=CURVE_STYLE('',#6132,POSITIVE_LENGTH_MEASURE(1.0E-006),#6133);
#2915=CIRCLE('',#6134,10.3684515198117);
#2916=CURVE_STYLE('',#6135,POSITIVE_LENGTH_MEASURE(1.0E-006),#6136);
#2917=CIRCLE('',#6137,12.5108800483745);
#2918=CURVE_STYLE('',#6138,POSITIVE_LENGTH_MEASURE(1.0E-006),#6139);
#2919=VERTEX_POINT('',#6140);
#2920=VERTEX_POINT('',#6141);
#2921=CIRCLE('',#6142,3.0);
#2922=CURVE_STYLE('',#6143,POSITIVE_LENGTH_MEASURE(1.0E-006),#6144);
#2923=B_SPLINE_CURVE_WITH_KNOTS('',3,(#6145,#6146,#6147,#6148,#6149,#6150,#6151,#6152,#6153,#6154,#6155,#6156),.UNSPECIFIED.,.F.,.F.,(4,2,2,2,2,4),(0.0,0.000920566738084502,0.001841133476169,0.00276170021425351,0.00322198358329575,0.003682266952338),.UNSPECIFIED.);
#2924=CURVE_STYLE('',#6157,POSITIVE_LENGTH_MEASURE(1.0E-006),#6158);
#2925=B_SPLINE_CURVE_WITH_KNOTS('',3,(#6159,#6160,#6161,#6162,#6163,#6164,#6165,#6166,#6167,#6168,#6169,#6170),.UNSPECIFIED.,.F.,.F.,(4,2,2,2,2,4),(0.0,0.0005562176809117,0.0011124353618234,0.0016686530427351,0.00194676188319095,0.0022248707236468),.UNSPECIFIED.);
#2926=CURVE_STYLE('',#6171,POSITIVE_LENGTH_MEASURE(1.0E-006),#6172);
#2927=VERTEX_POINT('',#6173);
#2928=VERTEX_POINT('',#6174);
#2929=CIRCLE('',#6175,3.0);
#2930=CURVE_STYLE('',#6176,POSITIVE_LENGTH_MEASURE(1.0E-006),#6177);
#2931=B_SPLINE_CURVE_WITH_KNOTS('',3,(#6178,#6179,#6180,#6181),.UNSPECIFIED.,.F.,.F.,(4,4),(0.0,0.00156463313920826),.UNSPECIFIED.);
#2932=CURVE_STYLE('',#6182,POSITIVE_LENGTH_MEASURE(1.0E-006),#6183);
#2933=B_SPLINE_CURVE_WITH_KNOTS('',3,(#6184,#6185,#6186,#6187,#6188,#6189),.UNSPECIFIED.,.F.,.F.,(4,2,4),(0.0,0.000320026836938501,0.000640053673877001),.UNSPECIFIED.);
#2934=CURVE_STYLE('',#6190,POSITIVE_LENGTH_MEASURE(1.0E-006),#6191);
#2935=VERTEX_POINT('',#6192);
#2936=B_SPLINE_CURVE_WITH_KNOTS('',3,(#6193,#6194,#6195,#6196),.UNSPECIFIED.,.F.,.F.,(4,4),(0.0,0.00188772641567425),.UNSPECIFIED.);
#2937=CURVE_STYLE('',#6197,POSITIVE_LENGTH_MEASURE(1.0E-006),#6198);
#2938=VERTEX_POINT('',#6199);
#2939=CIRCLE('',#6200,3.0);
#2940=CURVE_STYLE('',#6201,POSITIVE_LENGTH_MEASURE(1.0E-006),#6202);
#2941=B_SPLINE_CURVE_WITH_KNOTS('',3,(#6203,#6204,#6205,#6206),.UNSPECIFIED.,.F.,.F.,(4,4),(0.0,0.00188331109178652),.UNSPECIFIED.);
#2942=CURVE_STYLE('',#6207,POSITIVE_LENGTH_MEASURE(1.0E-006),#6208);
#2943=VERTEX_POINT('',#6209);
#2944=VERTEX_POINT('',#6210);
#2945=CIRCLE('',#6211,3.0);
#2946=CURVE_STYLE('',#6212,POSITIVE_LENGTH_MEASURE(1.0E-006),#6213);
#2947=B_SPLINE_CURVE_WITH_KNOTS('',3,(#6214,#6215,#6216,#6217),.UNSPECIFIED.,.F.,.F.,(4,4),(0.0,0.00156463313920826),.UNSPECIFIED.);
#2948=CURVE_STYLE('',#6218,POSITIVE_LENGTH_MEASURE(1.0E-006),#6219);
#2949=B_SPLINE_CURVE_WITH_KNOTS('',3,(#6220,#6221,#6222,#6223,#6224,#6225),.UNSPECIFIED.,.F.,.F.,(4,2,4),(0.0,0.000320045637946523,0.000640091275893045),.UNSPECIFIED.);
#2950=CURVE_STYLE('',#6226,POSITIVE_LENGTH_MEASURE(1.0E-006),#6227);
#2951=VERTEX_POINT('',#6228);
#2952=VERTEX_POINT('',#6229);
#2953=CIRCLE('',#6230,3.0);
#2954=CURVE_STYLE('',#6231,POSITIVE_LENGTH_MEASURE(1.0E-006),#6232);
#2955=B_SPLINE_CURVE_WITH_KNOTS('',3,(#6233,#6234,#6235,#6236,#6237,#6238,#6239,#6240,#6241,#6242),.UNSPECIFIED.,.F.,.F.,(4,2,2,2,4),(0.0,0.000916500913149247,0.00183300182629849,0.00274950273944774,0.00366600365259699),.UNSPECIFIED.);
#2956=CURVE_STYLE('',#6243,POSITIVE_LENGTH_MEASURE(1.0E-006),#6244);
#2957=B_SPLINE_CURVE_WITH_KNOTS('',3,(#6245,#6246,#6247,#6248,#6249,#6250,#6251,#6252,#6253,#6254,#6255,#6256),.UNSPECIFIED.,.F.,.F.,(4,2,2,2,2,4),(0.0,0.000278098124897499,0.000556196249794998,0.00111239249959,0.00166858874938501,0.00222478499918001),.UNSPECIFIED.);
#2958=CURVE_STYLE('',#6257,POSITIVE_LENGTH_MEASURE(1.0E-006),#6258);
#2959=VERTEX_POINT('',#6259);
#2960=VERTEX_POINT('',#6260);
#2961=CIRCLE('',#6261,3.0);
#2962=CURVE_STYLE('',#6262,POSITIVE_LENGTH_MEASURE(1.0E-006),#6263);
#2963=CIRCLE('',#6264,10.3684515198117);
#2964=CURVE_STYLE('',#6265,POSITIVE_LENGTH_MEASURE(1.0E-006),#6266);
#2965=CIRCLE('',#6267,12.5108800483745);
#2966=CURVE_STYLE('',#6268,POSITIVE_LENGTH_MEASURE(1.0E-006),#6269);
#2967=VERTEX_POINT('',#6270);
#2968=CIRCLE('',#6271,3.0);
#2969=CURVE_STYLE('',#6272,POSITIVE_LENGTH_MEASURE(1.0E-006),#6273);
#2970=B_SPLINE_CURVE_WITH_KNOTS('',3,(#6274,#6275,#6276,#6277,#6278,#6279,#6280,#6281,#6282,#6283,#6284,#6285),.UNSPECIFIED.,.F.,.F.,(4,2,2,2,2,4),(0.0,0.000920566738084508,0.00184113347616901,0.00276170021425351,0.00322198358329576,0.00368226695233801),.UNSPECIFIED.);
#2971=CURVE_STYLE('',#6286,POSITIVE_LENGTH_MEASURE(1.0E-006),#6287);
#2972=B_SPLINE_CURVE_WITH_KNOTS('',3,(#6288,#6289,#6290,#6291,#6292,#6293,#6294,#6295,#6296,#6297,#6298,#6299),.UNSPECIFIED.,.F.,.F.,(4,2,2,2,2,4),(0.0,0.000556217680911698,0.0011124353618234,0.00166865304273509,0.00194676188319095,0.0022248707236468),.UNSPECIFIED.);
#2973=CURVE_STYLE('',#6300,POSITIVE_LENGTH_MEASURE(1.0E-006),#6301);
#2974=VERTEX_POINT('',#6302);
#2975=CIRCLE('',#6303,3.0);
#2976=CURVE_STYLE('',#6304,POSITIVE_LENGTH_MEASURE(1.0E-006),#6305);
#2977=B_SPLINE_CURVE_WITH_KNOTS('',3,(#6306,#6307,#6308,#6309,#6310,#6311),.UNSPECIFIED.,.F.,.F.,(4,2,4),(0.0,0.000320026836938506,0.000640053673877012),.UNSPECIFIED.);
#2978=CURVE_STYLE('',#6312,POSITIVE_LENGTH_MEASURE(1.0E-006),#6313);
#2979=B_SPLINE_CURVE_WITH_KNOTS('',3,(#6314,#6315,#6316,#6317),.UNSPECIFIED.,.F.,.F.,(4,4),(0.0,0.00188772641567425),.UNSPECIFIED.);
#2980=CURVE_STYLE('',#6318,POSITIVE_LENGTH_MEASURE(1.0E-006),#6319);
#2981=LINE('',#6320,#6321);
#2982=CURVE_STYLE('',#6322,POSITIVE_LENGTH_MEASURE(1.0E-006),#6323);
#2983=VERTEX_POINT('',#6324);
#2984=CIRCLE('',#6325,8.94016583410312);
#2985=CURVE_STYLE('',#6326,POSITIVE_LENGTH_MEASURE(1.0E-006),#6327);
#2986=VERTEX_POINT('',#6328);
#2987=CIRCLE('',#6329,8.7);
#2988=CURVE_STYLE('',#6330,POSITIVE_LENGTH_MEASURE(1.0E-006),#6331);
#2989=VERTEX_POINT('',#6332);
#2990=CIRCLE('',#6333,8.2);
#2991=CURVE_STYLE('',#6334,POSITIVE_LENGTH_MEASURE(1.0E-006),#6335);
#2992=VERTEX_POINT('',#6336);
#2993=CIRCLE('',#6337,8.7);
#2994=CURVE_STYLE('',#6338,POSITIVE_LENGTH_MEASURE(1.0E-006),#6339);
#2995=VERTEX_POINT('',#6340);
#2996=CIRCLE('',#6341,8.2);
#2997=CURVE_STYLE('',#6342,POSITIVE_LENGTH_MEASURE(1.0E-006),#6343);
#2998=VERTEX_POINT('',#6344);
#2999=CIRCLE('',#6345,14.0);
#3000=CURVE_STYLE('',#6346,POSITIVE_LENGTH_MEASURE(1.0E-006),#6347);
#3001=VERTEX_POINT('',#6348);
#3002=CIRCLE('',#6349,14.0);
#3003=CURVE_STYLE('',#6350,POSITIVE_LENGTH_MEASURE(1.0E-006),#6351);
#3004=VERTEX_POINT('',#6352);
#3005=CIRCLE('',#6353,15.0);
#3006=CURVE_STYLE('',#6354,POSITIVE_LENGTH_MEASURE(1.0E-006),#6355);
#3007=VERTEX_POINT('',#6356);
#3008=CIRCLE('',#6357,16.0);
#3009=CURVE_STYLE('',#6358,POSITIVE_LENGTH_MEASURE(1.0E-006),#6359);
#3010=VERTEX_POINT('',#6360);
#3011=CIRCLE('',#6361,15.0);
#3012=CURVE_STYLE('',#6362,POSITIVE_LENGTH_MEASURE(1.0E-006),#6363);
#3013=VERTEX_POINT('',#6364);
#3014=CIRCLE('',#6365,16.0);
#3015=CURVE_STYLE('',#6366,POSITIVE_LENGTH_MEASURE(1.0E-006),#6367);
#3016=VERTEX_POINT('',#6368);
#3017=CIRCLE('',#6369,18.5);
#3018=CURVE_STYLE('',#6370,POSITIVE_LENGTH_MEASURE(1.0E-006),#6371);
#3019=VERTEX_POINT('',#6372);
#3020=CIRCLE('',#6373,17.5);
#3021=CURVE_STYLE('',#6374,POSITIVE_LENGTH_MEASURE(1.0E-006),#6375);
#3022=VERTEX_POINT('',#6376);
#3023=CIRCLE('',#6377,14.0);
#3024=CURVE_STYLE('',#6378,POSITIVE_LENGTH_MEASURE(1.0E-006),#6379);
#3025=VERTEX_POINT('',#6380);
#3026=CIRCLE('',#6381,15.0);
#3027=CURVE_STYLE('',#6382,POSITIVE_LENGTH_MEASURE(1.0E-006),#6383);
#3028=VERTEX_POINT('',#6384);
#3029=CIRCLE('',#6385,16.0);
#3030=CURVE_STYLE('',#6386,POSITIVE_LENGTH_MEASURE(1.0E-006),#6387);
#3031=VERTEX_POINT('',#6388);
#3032=CIRCLE('',#6389,15.0);
#3033=CURVE_STYLE('',#6390,POSITIVE_LENGTH_MEASURE(1.0E-006),#6391);
#3034=VERTEX_POINT('',#6392);
#3035=CIRCLE('',#6393,17.5);
#3036=CURVE_STYLE('',#6394,POSITIVE_LENGTH_MEASURE(1.0E-006),#6395);
#3037=VERTEX_POINT('',#6396);
#3038=CIRCLE('',#6397,18.5);
#3039=CURVE_STYLE('',#6398,POSITIVE_LENGTH_MEASURE(1.0E-006),#6399);
#3040=VERTEX_POINT('',#6400);
#3041=CIRCLE('',#6401,16.0);
#3042=CURVE_STYLE('',#6402,POSITIVE_LENGTH_MEASURE(1.0E-006),#6403);
#3043=VERTEX_POINT('',#6404);
#3044=CIRCLE('',#6405,15.0);
#3045=CURVE_STYLE('',#6406,POSITIVE_LENGTH_MEASURE(1.0E-006),#6407);
#3046=VERTEX_POINT('',#6408);
#3047=CIRCLE('',#6409,18.5);
#3048=CURVE_STYLE('',#6410,POSITIVE_LENGTH_MEASURE(1.0E-006),#6411);
#3049=VERTEX_POINT('',#6412);
#3050=CIRCLE('',#6413,17.5);
#3051=CURVE_STYLE('',#6414,POSITIVE_LENGTH_MEASURE(1.0E-006),#6415);
#3052=VERTEX_POINT('',#6416);
#3053=CIRCLE('',#6417,14.0);
#3054=CURVE_STYLE('',#6418,POSITIVE_LENGTH_MEASURE(1.0E-006),#6419);
#3055=VERTEX_POINT('',#6420);
#3056=CIRCLE('',#6421,15.0);
#3057=CURVE_STYLE('',#6422,POSITIVE_LENGTH_MEASURE(1.0E-006),#6423);
#3058=VERTEX_POINT('',#6424);
#3059=CIRCLE('',#6425,17.5);
#3060=CURVE_STYLE('',#6426,POSITIVE_LENGTH_MEASURE(1.0E-006),#6427);
#3061=VERTEX_POINT('',#6428);
#3062=CIRCLE('',#6429,18.5);
#3063=CURVE_STYLE('',#6430,POSITIVE_LENGTH_MEASURE(1.0E-006),#6431);
#3064=VERTEX_POINT('',#6432);
#3065=CIRCLE('',#6433,17.5);
#3066=CURVE_STYLE('',#6434,POSITIVE_LENGTH_MEASURE(1.0E-006),#6435);
#3067=VERTEX_POINT('',#6436);
#3068=CIRCLE('',#6437,15.0);
#3069=CURVE_STYLE('',#6438,POSITIVE_LENGTH_MEASURE(1.0E-006),#6439);
#3070=VERTEX_POINT('',#6440);
#3071=CIRCLE('',#6441,15.0);
#3072=CURVE_STYLE('',#6442,POSITIVE_LENGTH_MEASURE(1.0E-006),#6443);
#3073=VERTEX_POINT('',#6444);
#3074=CIRCLE('',#6445,17.5);
#3075=CURVE_STYLE('',#6446,POSITIVE_LENGTH_MEASURE(1.0E-006),#6447);
#3076=VERTEX_POINT('',#6448);
#3077=CIRCLE('',#6449,15.0);
#3078=CURVE_STYLE('',#6450,POSITIVE_LENGTH_MEASURE(1.0E-006),#6451);
#3079=VERTEX_POINT('',#6452);
#3080=CIRCLE('',#6453,17.5);
#3081=CURVE_STYLE('',#6454,POSITIVE_LENGTH_MEASURE(1.0E-006),#6455);
#3082=VERTEX_POINT('',#6456);
#3083=CIRCLE('',#6457,17.5);
#3084=CURVE_STYLE('',#6458,POSITIVE_LENGTH_MEASURE(1.0E-006),#6459);
#3085=VERTEX_POINT('',#6460);
#3086=CIRCLE('',#6461,15.0);
#3087=CURVE_STYLE('',#6462,POSITIVE_LENGTH_MEASURE(1.0E-006),#6463);
#3088=VERTEX_POINT('',#6464);
#3089=CIRCLE('',#6465,17.75);
#3090=CURVE_STYLE('',#6466,POSITIVE_LENGTH_MEASURE(1.0E-006),#6467);
#3091=VERTEX_POINT('',#6468);
#3092=CIRCLE('',#6469,17.75);
#3093=CURVE_STYLE('',#6470,POSITIVE_LENGTH_MEASURE(1.0E-006),#6471);
#3094=VERTEX_POINT('',#6472);
#3095=CIRCLE('',#6473,17.75);
#3096=CURVE_STYLE('',#6474,POSITIVE_LENGTH_MEASURE(1.0E-006),#6475);
#3097=VERTEX_POINT('',#6476);
#3098=CIRCLE('',#6477,17.75);
#3099=CURVE_STYLE('',#6478,POSITIVE_LENGTH_MEASURE(1.0E-006),#6479);
#3100=VERTEX_POINT('',#6480);
#3101=CIRCLE('',#6481,20.25);
#3102=CURVE_STYLE('',#6482,POSITIVE_LENGTH_MEASURE(1.0E-006),#6483);
#3103=VERTEX_POINT('',#6484);
#3104=CIRCLE('',#6485,20.25);
#3105=CURVE_STYLE('',#6486,POSITIVE_LENGTH_MEASURE(1.0E-006),#6487);
#3106=VERTEX_POINT('',#6488);
#3107=CIRCLE('',#6489,20.25);
#3108=CURVE_STYLE('',#6490,POSITIVE_LENGTH_MEASURE(1.0E-006),#6491);
#3109=VERTEX_POINT('',#6492);
#3110=CIRCLE('',#6493,20.25);
#3111=CURVE_STYLE('',#6494,POSITIVE_LENGTH_MEASURE(1.0E-006),#6495);
#3112=VERTEX_POINT('',#6496);
#3113=VERTEX_POINT('',#6497);
#3114=LINE('',#6498,#6499);
#3115=CURVE_STYLE('',#6500,POSITIVE_LENGTH_MEASURE(1.0E-006),#6501);
#3116=VERTEX_POINT('',#6502);
#3117=ELLIPSE('',#6503,103.200048449601,100.0);
#3118=CURVE_STYLE('',#6504,POSITIVE_LENGTH_MEASURE(1.0E-006),#6505);
#3119=VERTEX_POINT('',#6506);
#3120=LINE('',#6507,#6508);
#3121=CURVE_STYLE('',#6509,POSITIVE_LENGTH_MEASURE(1.0E-006),#6510);
#3122=CIRCLE('',#6511,100.0);
#3123=CURVE_STYLE('',#6512,POSITIVE_LENGTH_MEASURE(1.0E-006),#6513);
#3124=VERTEX_POINT('',#6514);
#3125=LINE('',#6515,#6516);
#3126=CURVE_STYLE('',#6517,POSITIVE_LENGTH_MEASURE(1.0E-006),#6518);
#3127=VERTEX_POINT('',#6519);
#3128=LINE('',#6520,#6521);
#3129=CURVE_STYLE('',#6522,POSITIVE_LENGTH_MEASURE(1.0E-006),#6523);
#3130=CIRCLE('',#6524,100.0);
#3131=CURVE_STYLE('',#6525,POSITIVE_LENGTH_MEASURE(1.0E-006),#6526);
#3132=VERTEX_POINT('',#6527);
#3133=VERTEX_POINT('',#6528);
#3134=LINE('',#6529,#6530);
#3135=CURVE_STYLE('',#6531,POSITIVE_LENGTH_MEASURE(1.0E-006),#6532);
#3136=LINE('',#6533,#6534);
#3137=CURVE_STYLE('',#6535,POSITIVE_LENGTH_MEASURE(1.0E-006),#6536);
#3138=LINE('',#6537,#6538);
#3139=CURVE_STYLE('',#6539,POSITIVE_LENGTH_MEASURE(1.0E-006),#6540);
#3140=VERTEX_POINT('',#6541);
#3141=CIRCLE('',#6542,7.0);
#3142=CURVE_STYLE('',#6543,POSITIVE_LENGTH_MEASURE(1.0E-006),#6544);
#3143=LINE('',#6545,#6546);
#3144=CURVE_STYLE('',#6547,POSITIVE_LENGTH_MEASURE(1.0E-006),#6548);
#3145=VERTEX_POINT('',#6549);
#3146=VERTEX_POINT('',#6550);
#3147=LINE('',#6551,#6552);
#3148=CURVE_STYLE('',#6553,POSITIVE_LENGTH_MEASURE(1.0E-006),#6554);
#3149=VERTEX_POINT('',#6555);
#3150=ELLIPSE('',#6556,36.1200169573603,35.0);
#3151=CURVE_STYLE('',#6557,POSITIVE_LENGTH_MEASURE(1.0E-006),#6558);
#3152=VERTEX_POINT('',#6559);
#3153=LINE('',#6560,#6561);
#3154=CURVE_STYLE('',#6562,POSITIVE_LENGTH_MEASURE(1.0E-006),#6563);
#3155=CIRCLE('',#6564,35.0);
#3156=CURVE_STYLE('',#6565,POSITIVE_LENGTH_MEASURE(1.0E-006),#6566);
#3157=VERTEX_POINT('',#6567);
#3158=LINE('',#6568,#6569);
#3159=CURVE_STYLE('',#6570,POSITIVE_LENGTH_MEASURE(1.0E-006),#6571);
#3160=VERTEX_POINT('',#6572);
#3161=LINE('',#6573,#6574);
#3162=CURVE_STYLE('',#6575,POSITIVE_LENGTH_MEASURE(1.0E-006),#6576);
#3163=CIRCLE('',#6577,63.7510891687069);
#3164=CURVE_STYLE('',#6578,POSITIVE_LENGTH_MEASURE(1.0E-006),#6579);
#3165=VERTEX_POINT('',#6580);
#3166=LINE('',#6581,#6582);
#3167=CURVE_STYLE('',#6583,POSITIVE_LENGTH_MEASURE(1.0E-006),#6584);
#3168=VERTEX_POINT('',#6585);
#3169=LINE('',#6586,#6587);
#3170=CURVE_STYLE('',#6588,POSITIVE_LENGTH_MEASURE(1.0E-006),#6589);
#3171=CIRCLE('',#6590,100.0);
#3172=CURVE_STYLE('',#6591,POSITIVE_LENGTH_MEASURE(1.0E-006),#6592);
#3173=VERTEX_POINT('',#6593);
#3174=LINE('',#6594,#6595);
#3175=CURVE_STYLE('',#6596,POSITIVE_LENGTH_MEASURE(1.0E-006),#6597);
#3176=LINE('',#6598,#6599);
#3177=CURVE_STYLE('',#6600,POSITIVE_LENGTH_MEASURE(1.0E-006),#6601);
#3178=VERTEX_POINT('',#6602);
#3179=VERTEX_POINT('',#6603);
#3180=LINE('',#6604,#6605);
#3181=CURVE_STYLE('',#6606,POSITIVE_LENGTH_MEASURE(1.0E-006),#6607);
#3182=VERTEX_POINT('',#6608);
#3183=LINE('',#6609,#6610);
#3184=CURVE_STYLE('',#6611,POSITIVE_LENGTH_MEASURE(1.0E-006),#6612);
#3185=VERTEX_POINT('',#6613);
#3186=LINE('',#6614,#6615);
#3187=CURVE_STYLE('',#6616,POSITIVE_LENGTH_MEASURE(1.0E-006),#6617);
#3188=LINE('',#6618,#6619);
#3189=CURVE_STYLE('',#6620,POSITIVE_LENGTH_MEASURE(1.0E-006),#6621);
#3190=LINE('',#6622,#6623);
#3191=CURVE_STYLE('',#6624,POSITIVE_LENGTH_MEASURE(1.0E-006),#6625);
#3192=VERTEX_POINT('',#6626);
#3193=LINE('',#6627,#6628);
#3194=CURVE_STYLE('',#6629,POSITIVE_LENGTH_MEASURE(1.0E-006),#6630);
#3195=VERTEX_POINT('',#6631);
#3196=LINE('',#6632,#6633);
#3197=CURVE_STYLE('',#6634,POSITIVE_LENGTH_MEASURE(1.0E-006),#6635);
#3198=LINE('',#6636,#6637);
#3199=CURVE_STYLE('',#6638,POSITIVE_LENGTH_MEASURE(1.0E-006),#6639);
#3200=VERTEX_POINT('',#6640);
#3201=VERTEX_POINT('',#6641);
#3202=LINE('',#6642,#6643);
#3203=CURVE_STYLE('',#6644,POSITIVE_LENGTH_MEASURE(1.0E-006),#6645);
#3204=LINE('',#6646,#6647);
#3205=CURVE_STYLE('',#6648,POSITIVE_LENGTH_MEASURE(1.0E-006),#6649);
#3206=LINE('',#6650,#6651);
#3207=CURVE_STYLE('',#6652,POSITIVE_LENGTH_MEASURE(1.0E-006),#6653);
#3208=VERTEX_POINT('',#6654);
#3209=LINE('',#6655,#6656);
#3210=CURVE_STYLE('',#6657,POSITIVE_LENGTH_MEASURE(1.0E-006),#6658);
#3211=VERTEX_POINT('',#6659);
#3212=LINE('',#6660,#6661);
#3213=CURVE_STYLE('',#6662,POSITIVE_LENGTH_MEASURE(1.0E-006),#6663);
#3214=LINE('',#6664,#6665);
#3215=CURVE_STYLE('',#6666,POSITIVE_LENGTH_MEASURE(1.0E-006),#6667);
#3216=LINE('',#6668,#6669);
#3217=CURVE_STYLE('',#6670,POSITIVE_LENGTH_MEASURE(1.0E-006),#6671);
#3218=VERTEX_POINT('',#6672);
#3219=LINE('',#6673,#6674);
#3220=CURVE_STYLE('',#6675,POSITIVE_LENGTH_MEASURE(1.0E-006),#6676);
#3221=ELLIPSE('',#6677,7.22400339147207,7.0);
#3222=CURVE_STYLE('',#6678,POSITIVE_LENGTH_MEASURE(1.0E-006),#6679);
#3223=VERTEX_POINT('',#6680);
#3224=ELLIPSE('',#6681,103.200048449601,100.0);
#3225=CURVE_STYLE('',#6682,POSITIVE_LENGTH_MEASURE(1.0E-006),#6683);
#3226=VERTEX_POINT('',#6684);
#3227=LINE('',#6685,#6686);
#3228=CURVE_STYLE('',#6687,POSITIVE_LENGTH_MEASURE(1.0E-006),#6688);
#3229=ELLIPSE('',#6689,65.7911549092539,63.7510891687069);
#3230=CURVE_STYLE('',#6690,POSITIVE_LENGTH_MEASURE(1.0E-006),#6691);
#3231=VERTEX_POINT('',#6692);
#3232=B_SPLINE_CURVE_WITH_KNOTS('',3,(#6693,#6694,#6695,#6696),.UNSPECIFIED.,.F.,.F.,(4,4),(0.0,0.00301876395819726),.UNSPECIFIED.);
#3233=CURVE_STYLE('',#6697,POSITIVE_LENGTH_MEASURE(1.0E-006),#6698);
#3234=VERTEX_POINT('',#6699);
#3235=B_SPLINE_CURVE_WITH_KNOTS('',3,(#6700,#6701,#6702,#6703,#6704,#6705),.UNSPECIFIED.,.F.,.F.,(4,2,4),(0.00148612048801277,0.00559698977602612,0.00970785906403947),.UNSPECIFIED.);
#3236=CURVE_STYLE('',#6706,POSITIVE_LENGTH_MEASURE(1.0E-006),#6707);
#3237=VERTEX_POINT('',#6708);
#3238=ELLIPSE('',#6709,7.22400339147207,7.0);
#3239=CURVE_STYLE('',#6710,POSITIVE_LENGTH_MEASURE(1.0E-006),#6711);
#3240=VERTEX_POINT('',#6712);
#3241=LINE('',#6713,#6714);
#3242=CURVE_STYLE('',#6715,POSITIVE_LENGTH_MEASURE(1.0E-006),#6716);
#3243=VERTEX_POINT('',#6717);
#3244=ELLIPSE('',#6718,7.22400339147207,7.0);
#3245=CURVE_STYLE('',#6719,POSITIVE_LENGTH_MEASURE(1.0E-006),#6720);
#3246=ELLIPSE('',#6721,7.22400339147207,7.0);
#3247=CURVE_STYLE('',#6722,POSITIVE_LENGTH_MEASURE(1.0E-006),#6723);
#3248=ELLIPSE('',#6724,65.7911549092539,63.7510891687069);
#3249=CURVE_STYLE('',#6725,POSITIVE_LENGTH_MEASURE(1.0E-006),#6726);
#3250=VERTEX_POINT('',#6727);
#3251=B_SPLINE_CURVE_WITH_KNOTS('',3,(#6728,#6729,#6730,#6731,#6732,#6733,#6734,#6735),.UNSPECIFIED.,.F.,.F.,(4,2,2,4),(0.00224557280084154,0.00313721655049954,0.00402886030015755,0.00581214779947354),.UNSPECIFIED.);
#3252=CURVE_STYLE('',#6736,POSITIVE_LENGTH_MEASURE(1.0E-006),#6737);
#3253=VERTEX_POINT('',#6738);
#3254=ELLIPSE('',#6739,7.22400339147207,7.0);
#3255=CURVE_STYLE('',#6740,POSITIVE_LENGTH_MEASURE(1.0E-006),#6741);
#3256=LINE('',#6742,#6743);
#3257=CURVE_STYLE('',#6744,POSITIVE_LENGTH_MEASURE(1.0E-006),#6745);
#3258=VERTEX_POINT('',#6746);
#3259=LINE('',#6747,#6748);
#3260=CURVE_STYLE('',#6749,POSITIVE_LENGTH_MEASURE(1.0E-006),#6750);
#3261=CIRCLE('',#6751,63.7510891687069);
#3262=CURVE_STYLE('',#6752,POSITIVE_LENGTH_MEASURE(1.0E-006),#6753);
#3263=VERTEX_POINT('',#6754);
#3264=LINE('',#6755,#6756);
#3265=CURVE_STYLE('',#6757,POSITIVE_LENGTH_MEASURE(1.0E-006),#6758);
#3266=(B_SPLINE_CURVE(3,(#6760,#6761,#6762,#6763),.UNSPECIFIED.,.F.,.F.)B_SPLINE_CURVE_WITH_KNOTS((4,4),(0.0,1.0),.UNSPECIFIED.)RATIONAL_B_SPLINE_CURVE((0.500028462720277,0.499990512426574,0.499990512426574,0.500028462720277))BOUNDED_CURVE()REPRESENTATION_ITEM('')GEOMETRIC_REPRESENTATION_ITEM()CURVE());
#3267=CURVE_STYLE('',#6770,POSITIVE_LENGTH_MEASURE(1.0E-006),#6771);
#3268=VERTEX_POINT('',#6772);
#3269=LINE('',#6773,#6774);
#3270=CURVE_STYLE('',#6775,POSITIVE_LENGTH_MEASURE(1.0E-006),#6776);
#3271=CIRCLE('',#6777,35.0);
#3272=CURVE_STYLE('',#6778,POSITIVE_LENGTH_MEASURE(1.0E-006),#6779);
#3273=VERTEX_POINT('',#6780);
#3274=LINE('',#6781,#6782);
#3275=CURVE_STYLE('',#6783,POSITIVE_LENGTH_MEASURE(1.0E-006),#6784);
#3276=(B_SPLINE_CURVE(3,(#6786,#6787,#6788,#6789),.UNSPECIFIED.,.F.,.F.)B_SPLINE_CURVE_WITH_KNOTS((4,4),(0.0,0.603419511771595),.UNSPECIFIED.)RATIONAL_B_SPLINE_CURVE((0.52242231624277,0.504382232082769,0.497227886698914,0.500959280091206))BOUNDED_CURVE()REPRESENTATION_ITEM('')GEOMETRIC_REPRESENTATION_ITEM()CURVE());
#3277=CURVE_STYLE('',#6796,POSITIVE_LENGTH_MEASURE(1.0E-006),#6797);
#3278=CIRCLE('',#6798,63.7510891687069);
#3279=CURVE_STYLE('',#6799,POSITIVE_LENGTH_MEASURE(1.0E-006),#6800);
#3280=VERTEX_POINT('',#6801);
#3281=LINE('',#6802,#6803);
#3282=CURVE_STYLE('',#6804,POSITIVE_LENGTH_MEASURE(1.0E-006),#6805);
#3283=CIRCLE('',#6806,7.0);
#3284=CURVE_STYLE('',#6807,POSITIVE_LENGTH_MEASURE(1.0E-006),#6808);
#3285=CIRCLE('',#6809,7.0);
#3286=CURVE_STYLE('',#6810,POSITIVE_LENGTH_MEASURE(1.0E-006),#6811);
#3287=CIRCLE('',#6812,7.0);
#3288=CURVE_STYLE('',#6813,POSITIVE_LENGTH_MEASURE(1.0E-006),#6814);
#3289=CIRCLE('',#6815,7.0);
#3290=CURVE_STYLE('',#6816,POSITIVE_LENGTH_MEASURE(1.0E-006),#6817);
#3291=VERTEX_POINT('',#6818);
#3292=VERTEX_POINT('',#6819);
#3293=LINE('',#6820,#6821);
#3294=CURVE_STYLE('',#6822,POSITIVE_LENGTH_MEASURE(1.0E-006),#6823);
#3295=VERTEX_POINT('',#6824);
#3296=LINE('',#6825,#6826);
#3297=CURVE_STYLE('',#6827,POSITIVE_LENGTH_MEASURE(1.0E-006),#6828);
#3298=VERTEX_POINT('',#6829);
#3299=LINE('',#6830,#6831);
#3300=CURVE_STYLE('',#6832,POSITIVE_LENGTH_MEASURE(1.0E-006),#6833);
#3301=LINE('',#6834,#6835);
#3302=CURVE_STYLE('',#6836,POSITIVE_LENGTH_MEASURE(1.0E-006),#6837);
#3303=LINE('',#6838,#6839);
#3304=CURVE_STYLE('',#6840,POSITIVE_LENGTH_MEASURE(1.0E-006),#6841);
#3305=LINE('',#6842,#6843);
#3306=CURVE_STYLE('',#6844,POSITIVE_LENGTH_MEASURE(1.0E-006),#6845);
#3307=LINE('',#6846,#6847);
#3308=CURVE_STYLE('',#6848,POSITIVE_LENGTH_MEASURE(1.0E-006),#6849);
#3309=VERTEX_POINT('',#6850);
#3310=CIRCLE('',#6851,63.7510891687069);
#3311=CURVE_STYLE('',#6852,POSITIVE_LENGTH_MEASURE(1.0E-006),#6853);
#3312=VERTEX_POINT('',#6854);
#3313=LINE('',#6855,#6856);
#3314=CURVE_STYLE('',#6857,POSITIVE_LENGTH_MEASURE(1.0E-006),#6858);
#3315=(B_SPLINE_CURVE(3,(#6860,#6861,#6862,#6863),.UNSPECIFIED.,.F.,.F.)B_SPLINE_CURVE_WITH_KNOTS((4,4),(0.0,1.0),.UNSPECIFIED.)RATIONAL_B_SPLINE_CURVE((0.500028462720277,0.499990512426574,0.499990512426574,0.500028462720277))BOUNDED_CURVE()REPRESENTATION_ITEM('')GEOMETRIC_REPRESENTATION_ITEM()CURVE());
#3316=CURVE_STYLE('',#6870,POSITIVE_LENGTH_MEASURE(1.0E-006),#6871);
#3317=VERTEX_POINT('',#6872);
#3318=LINE('',#6873,#6874);
#3319=CURVE_STYLE('',#6875,POSITIVE_LENGTH_MEASURE(1.0E-006),#6876);
#3320=(B_SPLINE_CURVE(3,(#6878,#6879,#6880,#6881),.UNSPECIFIED.,.F.,.F.)B_SPLINE_CURVE_WITH_KNOTS((4,4),(0.0,1.0),.UNSPECIFIED.)RATIONAL_B_SPLINE_CURVE((0.500028462720277,0.499990512426574,0.499990512426574,0.500028462720277))BOUNDED_CURVE()REPRESENTATION_ITEM('')GEOMETRIC_REPRESENTATION_ITEM()CURVE());
#3321=CURVE_STYLE('',#6888,POSITIVE_LENGTH_MEASURE(1.0E-006),#6889);
#3322=LINE('',#6890,#6891);
#3323=CURVE_STYLE('',#6892,POSITIVE_LENGTH_MEASURE(1.0E-006),#6893);
#3324=VERTEX_POINT('',#6894);
#3325=CIRCLE('',#6895,7.0);
#3326=CURVE_STYLE('',#6896,POSITIVE_LENGTH_MEASURE(1.0E-006),#6897);
#3327=(B_SPLINE_CURVE(3,(#6899,#6900,#6901,#6902),.UNSPECIFIED.,.F.,.F.)B_SPLINE_CURVE_WITH_KNOTS((4,4),(0.0,0.603419511771595),.UNSPECIFIED.)RATIONAL_B_SPLINE_CURVE((0.52242231624277,0.504382232082769,0.497227886698914,0.500959280091206))BOUNDED_CURVE()REPRESENTATION_ITEM('')GEOMETRIC_REPRESENTATION_ITEM()CURVE());
#3328=CURVE_STYLE('',#6909,POSITIVE_LENGTH_MEASURE(1.0E-006),#6910);
#3329=VERTEX_POINT('',#6911);
#3330=CIRCLE('',#6912,7.0);
#3331=CURVE_STYLE('',#6913,POSITIVE_LENGTH_MEASURE(1.0E-006),#6914);
#3332=CIRCLE('',#6915,7.0);
#3333=CURVE_STYLE('',#6916,POSITIVE_LENGTH_MEASURE(1.0E-006),#6917);
#3334=VERTEX_POINT('',#6918);
#3335=CIRCLE('',#6919,7.0);
#3336=CURVE_STYLE('',#6920,POSITIVE_LENGTH_MEASURE(1.0E-006),#6921);
#3337=(B_SPLINE_CURVE(3,(#6923,#6924,#6925,#6926),.UNSPECIFIED.,.F.,.F.)B_SPLINE_CURVE_WITH_KNOTS((4,4),(0.0,0.830611240238936),.UNSPECIFIED.)RATIONAL_B_SPLINE_CURVE((0.502487708937192,0.499732616929626,0.499265935311437,0.501087664082624))BOUNDED_CURVE()REPRESENTATION_ITEM('')GEOMETRIC_REPRESENTATION_ITEM()CURVE());
#3338=CURVE_STYLE('',#6933,POSITIVE_LENGTH_MEASURE(1.0E-006),#6934);
#3339=VERTEX_POINT('',#6935);
#3340=LINE('',#6936,#6937);
#3341=CURVE_STYLE('',#6938,POSITIVE_LENGTH_MEASURE(1.0E-006),#6939);
#3342=CIRCLE('',#6940,100.0);
#3343=CURVE_STYLE('',#6941,POSITIVE_LENGTH_MEASURE(1.0E-006),#6942);
#3344=CIRCLE('',#6943,7.0);
#3345=CURVE_STYLE('',#6944,POSITIVE_LENGTH_MEASURE(1.0E-006),#6945);
#3346=VERTEX_POINT('',#6946);
#3347=CIRCLE('',#6947,20.25);
#3348=CURVE_STYLE('',#6948,POSITIVE_LENGTH_MEASURE(1.0E-006),#6949);
#3349=VERTEX_POINT('',#6950);
#3350=CIRCLE('',#6951,20.25);
#3351=CURVE_STYLE('',#6952,POSITIVE_LENGTH_MEASURE(1.0E-006),#6953);
#3352=VERTEX_POINT('',#6954);
#3353=CIRCLE('',#6955,20.25);
#3354=CURVE_STYLE('',#6956,POSITIVE_LENGTH_MEASURE(1.0E-006),#6957);
#3355=VERTEX_POINT('',#6958);
#3356=CIRCLE('',#6959,20.25);
#3357=CURVE_STYLE('',#6960,POSITIVE_LENGTH_MEASURE(1.0E-006),#6961);
#3358=VERTEX_POINT('',#6962);
#3359=CIRCLE('',#6963,17.75);
#3360=CURVE_STYLE('',#6964,POSITIVE_LENGTH_MEASURE(1.0E-006),#6965);
#3361=VERTEX_POINT('',#6966);
#3362=CIRCLE('',#6967,17.75);
#3363=CURVE_STYLE('',#6968,POSITIVE_LENGTH_MEASURE(1.0E-006),#6969);
#3364=VERTEX_POINT('',#6970);
#3365=CIRCLE('',#6971,17.75);
#3366=CURVE_STYLE('',#6972,POSITIVE_LENGTH_MEASURE(1.0E-006),#6973);
#3367=VERTEX_POINT('',#6974);
#3368=CIRCLE('',#6975,17.75);
#3369=CURVE_STYLE('',#6976,POSITIVE_LENGTH_MEASURE(1.0E-006),#6977);
#3370=CIRCLE('',#6978,10.9097813401275);
#3371=CURVE_STYLE('',#6979,POSITIVE_LENGTH_MEASURE(1.0E-006),#6980);
#3372=CIRCLE('',#6981,10.9097813401275);
#3373=CURVE_STYLE('',#6982,POSITIVE_LENGTH_MEASURE(1.0E-006),#6983);
#3374=CIRCLE('',#6984,10.3684515198117);
#3375=CURVE_STYLE('',#6985,POSITIVE_LENGTH_MEASURE(1.0E-006),#6986);
#3376=CIRCLE('',#6987,10.9097813401275);
#3377=CURVE_STYLE('',#6988,POSITIVE_LENGTH_MEASURE(1.0E-006),#6989);
#3378=LINE('',#6990,#6991);
#3379=CURVE_STYLE('',#6992,POSITIVE_LENGTH_MEASURE(1.0E-006),#6993);
#3380=LINE('',#6994,#6995);
#3381=CURVE_STYLE('',#6996,POSITIVE_LENGTH_MEASURE(1.0E-006),#6997);
#3382=LINE('',#6998,#6999);
#3383=CURVE_STYLE('',#7000,POSITIVE_LENGTH_MEASURE(1.0E-006),#7001);
#3384=LINE('',#7002,#7003);
#3385=CURVE_STYLE('',#7004,POSITIVE_LENGTH_MEASURE(1.0E-006),#7005);
#3386=LINE('',#7006,#7007);
#3387=CURVE_STYLE('',#7008,POSITIVE_LENGTH_MEASURE(1.0E-006),#7009);
#3388=LINE('',#7010,#7011);
#3389=CURVE_STYLE('',#7012,POSITIVE_LENGTH_MEASURE(1.0E-006),#7013);
#3390=LINE('',#7014,#7015);
#3391=CURVE_STYLE('',#7016,POSITIVE_LENGTH_MEASURE(1.0E-006),#7017);
#3392=LINE('',#7018,#7019);
#3393=CURVE_STYLE('',#7020,POSITIVE_LENGTH_MEASURE(1.0E-006),#7021);
#3394=LINE('',#7022,#7023);
#3395=CURVE_STYLE('',#7024,POSITIVE_LENGTH_MEASURE(1.0E-006),#7025);
#3396=LINE('',#7026,#7027);
#3397=CURVE_STYLE('',#7028,POSITIVE_LENGTH_MEASURE(1.0E-006),#7029);
#3398=LINE('',#7030,#7031);
#3399=CURVE_STYLE('',#7032,POSITIVE_LENGTH_MEASURE(1.0E-006),#7033);
#3400=B_SPLINE_CURVE_WITH_KNOTS('',3,(#7034,#7035,#7036,#7037),.UNSPECIFIED.,.F.,.F.,(4,4),(0.0,0.00188772641567425),.UNSPECIFIED.);
#3401=CURVE_STYLE('',#7038,POSITIVE_LENGTH_MEASURE(1.0E-006),#7039);
#3402=LINE('',#7040,#7041);
#3403=CURVE_STYLE('',#7042,POSITIVE_LENGTH_MEASURE(1.0E-006),#7043);
#3404=LINE('',#7044,#7045);
#3405=CURVE_STYLE('',#7046,POSITIVE_LENGTH_MEASURE(1.0E-006),#7047);
#3406=LINE('',#7048,#7049);
#3407=CURVE_STYLE('',#7050,POSITIVE_LENGTH_MEASURE(1.0E-006),#7051);
#3408=LINE('',#7052,#7053);
#3409=CURVE_STYLE('',#7054,POSITIVE_LENGTH_MEASURE(1.0E-006),#7055);
#3410=LINE('',#7056,#7057);
#3411=CURVE_STYLE('',#7058,POSITIVE_LENGTH_MEASURE(1.0E-006),#7059);
#3412=LINE('',#7060,#7061);
#3413=CURVE_STYLE('',#7062,POSITIVE_LENGTH_MEASURE(1.0E-006),#7063);
#3414=LINE('',#7064,#7065);
#3415=CURVE_STYLE('',#7066,POSITIVE_LENGTH_MEASURE(1.0E-006),#7067);
#3416=LINE('',#7068,#7069);
#3417=CURVE_STYLE('',#7070,POSITIVE_LENGTH_MEASURE(1.0E-006),#7071);
#3418=LINE('',#7072,#7073);
#3419=CURVE_STYLE('',#7074,POSITIVE_LENGTH_MEASURE(1.0E-006),#7075);
#3420=CIRCLE('',#7076,12.5108800483745);
#3421=CURVE_STYLE('',#7077,POSITIVE_LENGTH_MEASURE(1.0E-006),#7078);
#3422=LINE('',#7079,#7080);
#3423=CURVE_STYLE('',#7081,POSITIVE_LENGTH_MEASURE(1.0E-006),#7082);
#3424=LINE('',#7083,#7084);
#3425=CURVE_STYLE('',#7085,POSITIVE_LENGTH_MEASURE(1.0E-006),#7086);
#3426=LINE('',#7087,#7088);
#3427=CURVE_STYLE('',#7089,POSITIVE_LENGTH_MEASURE(1.0E-006),#7090);
#3428=LINE('',#7091,#7092);
#3429=CURVE_STYLE('',#7093,POSITIVE_LENGTH_MEASURE(1.0E-006),#7094);
#3430=LINE('',#7095,#7096);
#3431=CURVE_STYLE('',#7097,POSITIVE_LENGTH_MEASURE(1.0E-006),#7098);
#3432=B_SPLINE_CURVE_WITH_KNOTS('',3,(#7099,#7100,#7101,#7102),.UNSPECIFIED.,.F.,.F.,(4,4),(0.0,0.00188331109178652),.UNSPECIFIED.);
#3433=CURVE_STYLE('',#7103,POSITIVE_LENGTH_MEASURE(1.0E-006),#7104);
#3434=VERTEX_POINT('',#7105);
#3435=CIRCLE('',#7106,8.2);
#3436=CURVE_STYLE('',#7107,POSITIVE_LENGTH_MEASURE(1.0E-006),#7108);
#3437=VERTEX_POINT('',#7109);
#3438=CIRCLE('',#7110,8.2);
#3439=CURVE_STYLE('',#7111,POSITIVE_LENGTH_MEASURE(1.0E-006),#7112);
#3440=VERTEX_POINT('',#7113);
#3441=LINE('',#7114,#7115);
#3442=CURVE_STYLE('',#7116,POSITIVE_LENGTH_MEASURE(1.0E-006),#7117);
#3443=VERTEX_POINT('',#7118);
#3444=LINE('',#7119,#7120);
#3445=CURVE_STYLE('',#7121,POSITIVE_LENGTH_MEASURE(1.0E-006),#7122);
#3446=LINE('',#7123,#7124);
#3447=CURVE_STYLE('',#7125,POSITIVE_LENGTH_MEASURE(1.0E-006),#7126);
#3448=VERTEX_POINT('',#7127);
#3449=LINE('',#7128,#7129);
#3450=CURVE_STYLE('',#7130,POSITIVE_LENGTH_MEASURE(1.0E-006),#7131);
#3451=LINE('',#7132,#7133);
#3452=CURVE_STYLE('',#7134,POSITIVE_LENGTH_MEASURE(1.0E-006),#7135);
#3453=VERTEX_POINT('',#7136);
#3454=LINE('',#7137,#7138);
#3455=CURVE_STYLE('',#7139,POSITIVE_LENGTH_MEASURE(1.0E-006),#7140);
#3456=LINE('',#7141,#7142);
#3457=CURVE_STYLE('',#7143,POSITIVE_LENGTH_MEASURE(1.0E-006),#7144);
#3458=LINE('',#7145,#7146);
#3459=CURVE_STYLE('',#7147,POSITIVE_LENGTH_MEASURE(1.0E-006),#7148);
#3460=VERTEX_POINT('',#7149);
#3461=VERTEX_POINT('',#7150);
#3462=LINE('',#7151,#7152);
#3463=CURVE_STYLE('',#7153,POSITIVE_LENGTH_MEASURE(1.0E-006),#7154);
#3464=VERTEX_POINT('',#7155);
#3465=LINE('',#7156,#7157);
#3466=CURVE_STYLE('',#7158,POSITIVE_LENGTH_MEASURE(1.0E-006),#7159);
#3467=VERTEX_POINT('',#7160);
#3468=LINE('',#7161,#7162);
#3469=CURVE_STYLE('',#7163,POSITIVE_LENGTH_MEASURE(1.0E-006),#7164);
#3470=LINE('',#7165,#7166);
#3471=CURVE_STYLE('',#7167,POSITIVE_LENGTH_MEASURE(1.0E-006),#7168);
#3472=LINE('',#7169,#7170);
#3473=CURVE_STYLE('',#7171,POSITIVE_LENGTH_MEASURE(1.0E-006),#7172);
#3474=LINE('',#7173,#7174);
#3475=CURVE_STYLE('',#7175,POSITIVE_LENGTH_MEASURE(1.0E-006),#7176);
#3476=LINE('',#7177,#7178);
#3477=CURVE_STYLE('',#7179,POSITIVE_LENGTH_MEASURE(1.0E-006),#7180);
#3478=LINE('',#7181,#7182);
#3479=CURVE_STYLE('',#7183,POSITIVE_LENGTH_MEASURE(1.0E-006),#7184);
#3480=LINE('',#7185,#7186);
#3481=CURVE_STYLE('',#7187,POSITIVE_LENGTH_MEASURE(1.0E-006),#7188);
#3482=LINE('',#7189,#7190);
#3483=CURVE_STYLE('',#7191,POSITIVE_LENGTH_MEASURE(1.0E-006),#7192);
#3484=LINE('',#7193,#7194);
#3485=CURVE_STYLE('',#7195,POSITIVE_LENGTH_MEASURE(1.0E-006),#7196);
#3486=LINE('',#7197,#7198);
#3487=CURVE_STYLE('',#7199,POSITIVE_LENGTH_MEASURE(1.0E-006),#7200);
#3488=LINE('',#7201,#7202);
#3489=CURVE_STYLE('',#7203,POSITIVE_LENGTH_MEASURE(1.0E-006),#7204);
#3490=LINE('',#7205,#7206);
#3491=CURVE_STYLE('',#7207,POSITIVE_LENGTH_MEASURE(1.0E-006),#7208);
#3492=LINE('',#7209,#7210);
#3493=SURFACE_STYLE_USAGE(.BOTH.,#7211);
#3494=CLOSED_SHELL('',(#609,#611,#613,#615,#617,#619,#621,#623,#625,#627,#629,#631,#633,#635,#637,#639,#641,#643,#645,#647,#649,#651,#653,#655,#657,#659,#661,#663,#665,#667,#669,#671,#673,#675,#677,#679,#681,#683,#685,#687,#689,#691,#693,#695,#697,#699,#701,#703,#705,#707,#709,#711,#713,#715,#717,#719,#721,#723,#725,#727,#729,#731,#733,#735,#737,#739,#741,#743,#745,#747,#749,#751,#753,#755,#757,#759,#761,#763,#765,#767,#769,#771,#773,#775,#777,#779,#781,#783,#785,#787,#789,#791,#793,#795,#797,#799,#801,#803,#805,#807,#809,#811,#813,#815,#817,#819,#821,#823,#825,#827,#829,#831,#833,#835,#837,#839,#841,#843,#845,#847,#849,#851,#853,#855,#857,#859,#861,#863,#865,#867,#869,#871,#873,#875,#877,#879,#881,#883,#885,#887,#889,#891,#893,#895,#897,#899,#901,#903,#905,#907,#909,#911,#913,#915,#917,#919,#921,#923,#925,#927,#929,#931,#933,#935,#937,#939,#941,#943,#945,#947,#949,#951,#953,#955,#957,#959,#961,#963,#965,#967,#969,#971,#973,#975,#977));
#3495=PRODUCT_CONTEXT('',#595,'mechanical');
#3496=PRODUCT_DEFINITION_FORMATION_WITH_SPECIFIED_SOURCE(' ','NONE',#1778,.NOT_KNOWN.);
#3497=CARTESIAN_POINT('',(0.0,0.0,0.0));
#3498=DIRECTION('',(0.0,0.0,1.0));
#3499=DIRECTION('',(1.0,0.0,0.0));
#3500= (NAMED_UNIT(#1786)LENGTH_UNIT()SI_UNIT(.MILLI.,.METRE.));
#3501=SURFACE_SIDE_STYLE('',(#7213));
#3502=EDGE_LOOP('',(#7214,#7215,#7216,#7217));
#3504=CARTESIAN_POINT('',(-13.6580021144256,-35.3885867085493,47.8527036446661));
#3505=CARTESIAN_POINT('',(-13.9217991438902,-35.2647539409945,46.2));
#3506=CARTESIAN_POINT('',(-15.4409456907119,-34.5516294543535,46.2));
#3507=CARTESIAN_POINT('',(-13.7859596979727,-35.6611707030806,47.8527036446031));
#3508=CARTESIAN_POINT('',(-14.0332666919667,-35.5022097330328,46.2));
#3509=CARTESIAN_POINT('',(-15.4576358106379,-34.5871838882661,46.2));
#3510=CARTESIAN_POINT('',(-13.9674040029534,-35.908397350973,47.8617428712692));
#3511=CARTESIAN_POINT('',(-14.1859620398213,-35.7214178612131,46.2));
#3512=CARTESIAN_POINT('',(-15.4814906501094,-34.6193425008904,46.2));
#3513=CARTESIAN_POINT('',(-14.4100491843355,-36.3151555540056,47.8965371399133));
#3514=CARTESIAN_POINT('',(-14.5584198272766,-36.0981756520328,46.2));
#3515=CARTESIAN_POINT('',(-15.5399513741215,-34.6720578695024,46.2));
#3516=CARTESIAN_POINT('',(-14.6710551402349,-36.4744799661111,47.9222786787716));
#3517=CARTESIAN_POINT('',(-14.7800188336543,-36.2565788396692,46.2));
#3518=CARTESIAN_POINT('',(-15.5745315527876,-34.6925877389585,46.2));
#3519=CARTESIAN_POINT('',(-15.2330879078047,-36.6810017203895,47.9865701053525));
#3520=CARTESIAN_POINT('',(-15.2719528157809,-36.4911391265537,46.2));
#3521=CARTESIAN_POINT('',(-15.6491786839573,-34.718897030124,46.2));
#3522=CARTESIAN_POINT('',(-15.5338965783733,-36.7281189103412,48.0250950394081));
#3523=CARTESIAN_POINT('',(-15.5444415707433,-36.5667247732247,46.2));
#3524=CARTESIAN_POINT('',(-15.6892166637534,-34.7246662410712,46.2));
#3525=CARTESIAN_POINT('',(-16.1297525409089,-36.7029631422922,48.1090958379779));
#3526=CARTESIAN_POINT('',(-16.1119749960073,-36.6164826407354,46.2));
#3527=CARTESIAN_POINT('',(-15.7686858534233,-34.7205641025723,46.2));
#3528=CARTESIAN_POINT('',(-16.4245198010681,-36.6307228291844,48.1545308738077));
#3529=CARTESIAN_POINT('',(-16.4082509057586,-36.5886604724605,46.2));
#3530=CARTESIAN_POINT('',(-15.8080796872329,-34.7106974098652,46.2));
#3531=CARTESIAN_POINT('',(-16.6940512758159,-36.5041981729784,48.2));
#3532=CARTESIAN_POINT('',(-16.6940512758159,-36.5041981729784,46.2));
#3533=CARTESIAN_POINT('',(-15.8441826068943,-34.6937498181266,46.2));
#3540=SURFACE_SIDE_STYLE('',(#7218));
#3541=EDGE_LOOP('',(#7219,#7220,#7221,#7222));
#3543=CARTESIAN_POINT('',(-17.4182818925504,-36.1642266357695,48.2000000000001));
#3544=CARTESIAN_POINT('',(-17.4182818925505,-36.1642266357696,46.2));
#3545=CARTESIAN_POINT('',(-16.5684132236293,-34.3537782809175,46.2));
#3546=CARTESIAN_POINT('',(-17.6878133672983,-36.0377019795635,48.1545308738077));
#3547=CARTESIAN_POINT('',(-17.6658474577751,-35.9983139404333,46.2));
#3548=CARTESIAN_POINT('',(-16.6045161429953,-34.3368306885496,46.2));
#3549=CARTESIAN_POINT('',(-17.931704895556,-35.8570827033393,48.1090958379779));
#3550=CARTESIAN_POINT('',(-17.8765309631425,-35.7881569793004,46.2));
#3551=CARTESIAN_POINT('',(-16.6372740120697,-34.3128276099784,46.2));
#3552=CARTESIAN_POINT('',(-18.3317272801361,-35.4147488559002,48.0250950394081));
#3553=CARTESIAN_POINT('',(-18.2008264826291,-35.3197528266587,46.2));
#3554=CARTESIAN_POINT('',(-16.6911996915715,-34.254310939385,46.2));
#3555=CARTESIAN_POINT('',(-18.4876541204598,-35.153228863653,47.9865701053524));
#3556=CARTESIAN_POINT('',(-18.3167594151381,-35.0618325546294,46.2));
#3557=CARTESIAN_POINT('',(-16.7123400413356,-34.2198231265673,46.2));
#3558=CARTESIAN_POINT('',(-18.6878336261917,-34.5889060550614,47.9222786787718));
#3559=CARTESIAN_POINT('',(-18.4505848464087,-34.5335255180503,46.2));
#3560=CARTESIAN_POINT('',(-16.7397889209613,-34.1455874747496,46.2));
#3561=CARTESIAN_POINT('',(-18.7320085924622,-34.2863222655699,47.8965371399133));
#3562=CARTESIAN_POINT('',(-18.4702929429022,-34.2618468836056,46.2));
#3563=CARTESIAN_POINT('',(-16.7460867966323,-34.1058684483454,46.2));
#3564=CARTESIAN_POINT('',(-18.7018697126424,-33.6859235311793,47.8617428712693));
#3565=CARTESIAN_POINT('',(-18.4183939978254,-33.7346109441258,46.2));
#3566=CARTESIAN_POINT('',(-16.7428800344006,-34.0272155207718,46.2));
#3567=CARTESIAN_POINT('',(-18.6275906989486,-33.3883908785797,47.8527036446032));
#3568=CARTESIAN_POINT('',(-18.3473036330132,-33.4770954441113,46.2));
#3569=CARTESIAN_POINT('',(-16.7333796583927,-33.9883185724616,46.2));
#3570=CARTESIAN_POINT('',(-18.4996331154216,-33.1158068840392,47.8527036446661));
#3571=CARTESIAN_POINT('',(-18.235836085957,-33.2396396515941,46.2));
#3572=CARTESIAN_POINT('',(-16.7166895391353,-33.9527641382351,46.2));
#3579=SURFACE_SIDE_STYLE('',(#7223));
#3580=EDGE_LOOP('',(#7224,#7225,#7226,#7227));
#3582=CARTESIAN_POINT('',(13.6580021144256,35.3885867085493,47.8527036446661));
#3583=CARTESIAN_POINT('',(13.9217991438902,35.2647539409945,46.2));
#3584=CARTESIAN_POINT('',(15.4409456907119,34.5516294543535,46.2));
#3585=CARTESIAN_POINT('',(13.7859596979727,35.6611707030806,47.8527036446031));
#3586=CARTESIAN_POINT('',(14.0332666919667,35.5022097330328,46.2));
#3587=CARTESIAN_POINT('',(15.4576358106379,34.5871838882661,46.2));
#3588=CARTESIAN_POINT('',(13.9674040029534,35.908397350973,47.8617428712692));
#3589=CARTESIAN_POINT('',(14.1859620398213,35.7214178612131,46.2));
#3590=CARTESIAN_POINT('',(15.4814906501094,34.6193425008904,46.2));
#3591=CARTESIAN_POINT('',(14.4100491843355,36.3151555540056,47.8965371399133));
#3592=CARTESIAN_POINT('',(14.5584198272766,36.0981756520328,46.2));
#3593=CARTESIAN_POINT('',(15.5399513741215,34.6720578695024,46.2));
#3594=CARTESIAN_POINT('',(14.6710551402349,36.4744799661111,47.9222786787716));
#3595=CARTESIAN_POINT('',(14.7800188336543,36.2565788396692,46.2));
#3596=CARTESIAN_POINT('',(15.5745315527876,34.6925877389585,46.2));
#3597=CARTESIAN_POINT('',(15.2330879078047,36.6810017203895,47.9865701053525));
#3598=CARTESIAN_POINT('',(15.2719528157809,36.4911391265537,46.2));
#3599=CARTESIAN_POINT('',(15.6491786839573,34.718897030124,46.2));
#3600=CARTESIAN_POINT('',(15.5338965783733,36.7281189103412,48.0250950394081));
#3601=CARTESIAN_POINT('',(15.5444415707433,36.5667247732247,46.2));
#3602=CARTESIAN_POINT('',(15.6892166637534,34.7246662410712,46.2));
#3603=CARTESIAN_POINT('',(16.1297525409089,36.7029631422922,48.1090958379779));
#3604=CARTESIAN_POINT('',(16.1119749960073,36.6164826407354,46.2));
#3605=CARTESIAN_POINT('',(15.7686858534233,34.7205641025723,46.2));
#3606=CARTESIAN_POINT('',(16.4245198010681,36.6307228291844,48.1545308738077));
#3607=CARTESIAN_POINT('',(16.4082509057586,36.5886604724605,46.2));
#3608=CARTESIAN_POINT('',(15.8080796872329,34.7106974098652,46.2));
#3609=CARTESIAN_POINT('',(16.6940512758159,36.5041981729784,48.2));
#3610=CARTESIAN_POINT('',(16.6940512758159,36.5041981729784,46.2));
#3611=CARTESIAN_POINT('',(15.8441826068943,34.6937498181266,46.2));
#3618=SURFACE_SIDE_STYLE('',(#7228));
#3619=EDGE_LOOP('',(#7229,#7230,#7231,#7232));
#3620=AXIS2_PLACEMENT_3D('',#7233,#7234,#7235);
#3621=SURFACE_SIDE_STYLE('',(#7236));
#3622=EDGE_LOOP('',(#7237,#7238,#7239,#7240));
#3623=AXIS2_PLACEMENT_3D('',#7241,#7242,#7243);
#3624=SURFACE_SIDE_STYLE('',(#7244));
#3625=EDGE_LOOP('',(#7245,#7246,#7247,#7248));
#3627=CARTESIAN_POINT('',(17.4182818925504,36.1642266357695,48.2000000000001));
#3628=CARTESIAN_POINT('',(17.4182818925505,36.1642266357696,46.2));
#3629=CARTESIAN_POINT('',(16.5684132236293,34.3537782809175,46.2));
#3630=CARTESIAN_POINT('',(17.6878133672983,36.0377019795635,48.1545308738077));
#3631=CARTESIAN_POINT('',(17.6658474577751,35.9983139404333,46.2));
#3632=CARTESIAN_POINT('',(16.6045161429953,34.3368306885496,46.2));
#3633=CARTESIAN_POINT('',(17.931704895556,35.8570827033393,48.1090958379779));
#3634=CARTESIAN_POINT('',(17.8765309631425,35.7881569793004,46.2));
#3635=CARTESIAN_POINT('',(16.6372740120697,34.3128276099784,46.2));
#3636=CARTESIAN_POINT('',(18.3317272801361,35.4147488559002,48.0250950394081));
#3637=CARTESIAN_POINT('',(18.2008264826291,35.3197528266587,46.2));
#3638=CARTESIAN_POINT('',(16.6911996915715,34.254310939385,46.2));
#3639=CARTESIAN_POINT('',(18.4876541204598,35.153228863653,47.9865701053524));
#3640=CARTESIAN_POINT('',(18.3167594151381,35.0618325546294,46.2));
#3641=CARTESIAN_POINT('',(16.7123400413356,34.2198231265673,46.2));
#3642=CARTESIAN_POINT('',(18.6878336261917,34.5889060550614,47.9222786787718));
#3643=CARTESIAN_POINT('',(18.4505848464087,34.5335255180503,46.2));
#3644=CARTESIAN_POINT('',(16.7397889209613,34.1455874747496,46.2));
#3645=CARTESIAN_POINT('',(18.7320085924622,34.2863222655699,47.8965371399133));
#3646=CARTESIAN_POINT('',(18.4702929429022,34.2618468836056,46.2));
#3647=CARTESIAN_POINT('',(16.7460867966323,34.1058684483454,46.2));
#3648=CARTESIAN_POINT('',(18.7018697126424,33.6859235311793,47.8617428712693));
#3649=CARTESIAN_POINT('',(18.4183939978254,33.7346109441258,46.2));
#3650=CARTESIAN_POINT('',(16.7428800344006,34.0272155207718,46.2));
#3651=CARTESIAN_POINT('',(18.6275906989486,33.3883908785797,47.8527036446032));
#3652=CARTESIAN_POINT('',(18.3473036330132,33.4770954441113,46.2));
#3653=CARTESIAN_POINT('',(16.7333796583927,33.9883185724616,46.2));
#3654=CARTESIAN_POINT('',(18.4996331154216,33.1158068840392,47.8527036446661));
#3655=CARTESIAN_POINT('',(18.235836085957,33.2396396515941,46.2));
#3656=CARTESIAN_POINT('',(16.7166895391353,33.9527641382351,46.2));
#3663=SURFACE_SIDE_STYLE('',(#7249));
#3664=EDGE_LOOP('',(#7250,#7251,#7252,#7253));
#3666=CARTESIAN_POINT('',(-15.4409456907119,34.5516294543535,46.2));
#3667=CARTESIAN_POINT('',(-13.9217991438902,35.2647539409945,46.2));
#3668=CARTESIAN_POINT('',(-13.6580021144256,35.3885867085493,47.8527036446661));
#3669=CARTESIAN_POINT('',(-15.4576358106379,34.5871838882661,46.2));
#3670=CARTESIAN_POINT('',(-14.0332666919667,35.5022097330328,46.2));
#3671=CARTESIAN_POINT('',(-13.7859596979727,35.6611707030806,47.8527036446031));
#3672=CARTESIAN_POINT('',(-15.4814906501094,34.6193425008904,46.2));
#3673=CARTESIAN_POINT('',(-14.1859620398213,35.7214178612131,46.2));
#3674=CARTESIAN_POINT('',(-13.9674040029534,35.908397350973,47.8617428712692));
#3675=CARTESIAN_POINT('',(-15.5399513741215,34.6720578695024,46.2));
#3676=CARTESIAN_POINT('',(-14.5584198272766,36.0981756520328,46.2));
#3677=CARTESIAN_POINT('',(-14.4100491843355,36.3151555540056,47.8965371399133));
#3678=CARTESIAN_POINT('',(-15.5745315527876,34.6925877389585,46.2));
#3679=CARTESIAN_POINT('',(-14.7800188336543,36.2565788396692,46.2));
#3680=CARTESIAN_POINT('',(-14.6710551402349,36.4744799661111,47.9222786787716));
#3681=CARTESIAN_POINT('',(-15.6491786839573,34.718897030124,46.2));
#3682=CARTESIAN_POINT('',(-15.2719528157809,36.4911391265537,46.2));
#3683=CARTESIAN_POINT('',(-15.2330879078047,36.6810017203895,47.9865701053525));
#3684=CARTESIAN_POINT('',(-15.6892166637534,34.7246662410712,46.2));
#3685=CARTESIAN_POINT('',(-15.5444415707433,36.5667247732247,46.2));
#3686=CARTESIAN_POINT('',(-15.5338965783733,36.7281189103412,48.0250950394081));
#3687=CARTESIAN_POINT('',(-15.7686858534233,34.7205641025723,46.2));
#3688=CARTESIAN_POINT('',(-16.1119749960073,36.6164826407354,46.2));
#3689=CARTESIAN_POINT('',(-16.1297525409089,36.7029631422922,48.1090958379779));
#3690=CARTESIAN_POINT('',(-15.8080796872329,34.7106974098652,46.2));
#3691=CARTESIAN_POINT('',(-16.4082509057586,36.5886604724605,46.2));
#3692=CARTESIAN_POINT('',(-16.4245198010681,36.6307228291844,48.1545308738077));
#3693=CARTESIAN_POINT('',(-15.8441826068943,34.6937498181266,46.2));
#3694=CARTESIAN_POINT('',(-16.6940512758159,36.5041981729784,46.2));
#3695=CARTESIAN_POINT('',(-16.6940512758159,36.5041981729784,48.2));
#3702=SURFACE_SIDE_STYLE('',(#7254));
#3703=EDGE_LOOP('',(#7255,#7256,#7257,#7258));
#3704=AXIS2_PLACEMENT_3D('',#7259,#7260,#7261);
#3705=SURFACE_SIDE_STYLE('',(#7262));
#3706=EDGE_LOOP('',(#7263,#7264,#7265,#7266));
#3707=AXIS2_PLACEMENT_3D('',#7267,#7268,#7269);
#3708=SURFACE_SIDE_STYLE('',(#7270));
#3709=EDGE_LOOP('',(#7271,#7272,#7273,#7274));
#3711=CARTESIAN_POINT('',(-16.5684132236293,34.3537782809175,46.2));
#3712=CARTESIAN_POINT('',(-17.4182818925505,36.1642266357696,46.2));
#3713=CARTESIAN_POINT('',(-17.4182818925504,36.1642266357695,48.2000000000001));
#3714=CARTESIAN_POINT('',(-16.6045161429953,34.3368306885496,46.2));
#3715=CARTESIAN_POINT('',(-17.6658474577751,35.9983139404333,46.2));
#3716=CARTESIAN_POINT('',(-17.6878133672983,36.0377019795635,48.1545308738077));
#3717=CARTESIAN_POINT('',(-16.6372740120697,34.3128276099784,46.2));
#3718=CARTESIAN_POINT('',(-17.8765309631425,35.7881569793004,46.2));
#3719=CARTESIAN_POINT('',(-17.931704895556,35.8570827033393,48.1090958379779));
#3720=CARTESIAN_POINT('',(-16.6911996915715,34.254310939385,46.2));
#3721=CARTESIAN_POINT('',(-18.2008264826291,35.3197528266587,46.2));
#3722=CARTESIAN_POINT('',(-18.3317272801361,35.4147488559002,48.0250950394081));
#3723=CARTESIAN_POINT('',(-16.7123400413356,34.2198231265673,46.2));
#3724=CARTESIAN_POINT('',(-18.3167594151381,35.0618325546294,46.2));
#3725=CARTESIAN_POINT('',(-18.4876541204598,35.153228863653,47.9865701053524));
#3726=CARTESIAN_POINT('',(-16.7397889209613,34.1455874747496,46.2));
#3727=CARTESIAN_POINT('',(-18.4505848464087,34.5335255180503,46.2));
#3728=CARTESIAN_POINT('',(-18.6878336261917,34.5889060550614,47.9222786787718));
#3729=CARTESIAN_POINT('',(-16.7460867966323,34.1058684483454,46.2));
#3730=CARTESIAN_POINT('',(-18.4702929429022,34.2618468836056,46.2));
#3731=CARTESIAN_POINT('',(-18.7320085924622,34.2863222655699,47.8965371399133));
#3732=CARTESIAN_POINT('',(-16.7428800344006,34.0272155207718,46.2));
#3733=CARTESIAN_POINT('',(-18.4183939978254,33.7346109441258,46.2));
#3734=CARTESIAN_POINT('',(-18.7018697126424,33.6859235311793,47.8617428712693));
#3735=CARTESIAN_POINT('',(-16.7333796583927,33.9883185724616,46.2));
#3736=CARTESIAN_POINT('',(-18.3473036330132,33.4770954441113,46.2));
#3737=CARTESIAN_POINT('',(-18.6275906989486,33.3883908785797,47.8527036446032));
#3738=CARTESIAN_POINT('',(-16.7166895391353,33.9527641382351,46.2));
#3739=CARTESIAN_POINT('',(-18.235836085957,33.2396396515941,46.2));
#3740=CARTESIAN_POINT('',(-18.4996331154216,33.1158068840392,47.8527036446661));
#3747=SURFACE_SIDE_STYLE('',(#7275));
#3748=EDGE_LOOP('',(#7276,#7277,#7278,#7279));
#3750=CARTESIAN_POINT('',(15.4409456907119,-34.5516294543535,46.2));
#3751=CARTESIAN_POINT('',(13.9217991438902,-35.2647539409945,46.2));
#3752=CARTESIAN_POINT('',(13.6580021144256,-35.3885867085493,47.8527036446661));
#3753=CARTESIAN_POINT('',(15.4576358106379,-34.5871838882661,46.2));
#3754=CARTESIAN_POINT('',(14.0332666919667,-35.5022097330328,46.2));
#3755=CARTESIAN_POINT('',(13.7859596979727,-35.6611707030806,47.8527036446031));
#3756=CARTESIAN_POINT('',(15.4814906501094,-34.6193425008904,46.2));
#3757=CARTESIAN_POINT('',(14.1859620398213,-35.7214178612131,46.2));
#3758=CARTESIAN_POINT('',(13.9674040029534,-35.908397350973,47.8617428712692));
#3759=CARTESIAN_POINT('',(15.5399513741215,-34.6720578695024,46.2));
#3760=CARTESIAN_POINT('',(14.5584198272766,-36.0981756520328,46.2));
#3761=CARTESIAN_POINT('',(14.4100491843355,-36.3151555540056,47.8965371399133));
#3762=CARTESIAN_POINT('',(15.5745315527876,-34.6925877389585,46.2));
#3763=CARTESIAN_POINT('',(14.7800188336543,-36.2565788396692,46.2));
#3764=CARTESIAN_POINT('',(14.6710551402349,-36.4744799661111,47.9222786787716));
#3765=CARTESIAN_POINT('',(15.6491786839573,-34.718897030124,46.2));
#3766=CARTESIAN_POINT('',(15.2719528157809,-36.4911391265537,46.2));
#3767=CARTESIAN_POINT('',(15.2330879078047,-36.6810017203895,47.9865701053525));
#3768=CARTESIAN_POINT('',(15.6892166637534,-34.7246662410712,46.2));
#3769=CARTESIAN_POINT('',(15.5444415707433,-36.5667247732247,46.2));
#3770=CARTESIAN_POINT('',(15.5338965783733,-36.7281189103412,48.0250950394081));
#3771=CARTESIAN_POINT('',(15.7686858534233,-34.7205641025723,46.2));
#3772=CARTESIAN_POINT('',(16.1119749960073,-36.6164826407354,46.2));
#3773=CARTESIAN_POINT('',(16.1297525409089,-36.7029631422922,48.1090958379779));
#3774=CARTESIAN_POINT('',(15.8080796872329,-34.7106974098652,46.2));
#3775=CARTESIAN_POINT('',(16.4082509057586,-36.5886604724605,46.2));
#3776=CARTESIAN_POINT('',(16.4245198010681,-36.6307228291844,48.1545308738077));
#3777=CARTESIAN_POINT('',(15.8441826068943,-34.6937498181266,46.2));
#3778=CARTESIAN_POINT('',(16.6940512758159,-36.5041981729784,46.2));
#3779=CARTESIAN_POINT('',(16.6940512758159,-36.5041981729784,48.2));
#3786=SURFACE_SIDE_STYLE('',(#7280));
#3787=EDGE_LOOP('',(#7281,#7282,#7283,#7284));
#3788=AXIS2_PLACEMENT_3D('',#7285,#7286,#7287);
#3789=SURFACE_SIDE_STYLE('',(#7288));
#3790=EDGE_LOOP('',(#7289,#7290,#7291,#7292));
#3791=AXIS2_PLACEMENT_3D('',#7293,#7294,#7295);
#3792=SURFACE_SIDE_STYLE('',(#7296));
#3793=EDGE_LOOP('',(#7297,#7298,#7299,#7300));
#3795=CARTESIAN_POINT('',(16.5684132236293,-34.3537782809175,46.2));
#3796=CARTESIAN_POINT('',(17.4182818925505,-36.1642266357696,46.2));
#3797=CARTESIAN_POINT('',(17.4182818925504,-36.1642266357695,48.2000000000001));
#3798=CARTESIAN_POINT('',(16.6045161429953,-34.3368306885496,46.2));
#3799=CARTESIAN_POINT('',(17.6658474577751,-35.9983139404333,46.2));
#3800=CARTESIAN_POINT('',(17.6878133672983,-36.0377019795635,48.1545308738077));
#3801=CARTESIAN_POINT('',(16.6372740120697,-34.3128276099784,46.2));
#3802=CARTESIAN_POINT('',(17.8765309631425,-35.7881569793004,46.2));
#3803=CARTESIAN_POINT('',(17.931704895556,-35.8570827033393,48.1090958379779));
#3804=CARTESIAN_POINT('',(16.6911996915715,-34.254310939385,46.2));
#3805=CARTESIAN_POINT('',(18.2008264826291,-35.3197528266587,46.2));
#3806=CARTESIAN_POINT('',(18.3317272801361,-35.4147488559002,48.0250950394081));
#3807=CARTESIAN_POINT('',(16.7123400413356,-34.2198231265673,46.2));
#3808=CARTESIAN_POINT('',(18.3167594151381,-35.0618325546294,46.2));
#3809=CARTESIAN_POINT('',(18.4876541204598,-35.153228863653,47.9865701053524));
#3810=CARTESIAN_POINT('',(16.7397889209613,-34.1455874747496,46.2));
#3811=CARTESIAN_POINT('',(18.4505848464087,-34.5335255180503,46.2));
#3812=CARTESIAN_POINT('',(18.6878336261917,-34.5889060550614,47.9222786787718));
#3813=CARTESIAN_POINT('',(16.7460867966323,-34.1058684483454,46.2));
#3814=CARTESIAN_POINT('',(18.4702929429022,-34.2618468836056,46.2));
#3815=CARTESIAN_POINT('',(18.7320085924622,-34.2863222655699,47.8965371399133));
#3816=CARTESIAN_POINT('',(16.7428800344006,-34.0272155207718,46.2));
#3817=CARTESIAN_POINT('',(18.4183939978254,-33.7346109441258,46.2));
#3818=CARTESIAN_POINT('',(18.7018697126424,-33.6859235311793,47.8617428712693));
#3819=CARTESIAN_POINT('',(16.7333796583927,-33.9883185724616,46.2));
#3820=CARTESIAN_POINT('',(18.3473036330132,-33.4770954441113,46.2));
#3821=CARTESIAN_POINT('',(18.6275906989486,-33.3883908785797,47.8527036446032));
#3822=CARTESIAN_POINT('',(16.7166895391353,-33.9527641382351,46.2));
#3823=CARTESIAN_POINT('',(18.235836085957,-33.2396396515941,46.2));
#3824=CARTESIAN_POINT('',(18.4996331154216,-33.1158068840392,47.8527036446661));
#3831=SURFACE_SIDE_STYLE('',(#7301));
#3832=EDGE_LOOP('',(#7302,#7303,#7304,#7305));
#3833=(B_SPLINE_CURVE(3,(#7307,#7308,#7309,#7310),.UNSPECIFIED.,.F.,.F.)B_SPLINE_CURVE_WITH_KNOTS((4,4),(0.0,1.0),.UNSPECIFIED.)RATIONAL_B_SPLINE_CURVE((0.500028462720277,0.499990512426574,0.499990512426574,0.500028462720277))BOUNDED_CURVE()REPRESENTATION_ITEM('')GEOMETRIC_REPRESENTATION_ITEM()CURVE());
#3834=VECTOR('',#7317,1.0);
#3835=SURFACE_SIDE_STYLE('',(#7318));
#3836=EDGE_LOOP('',(#7319,#7320,#7321,#7322,#7323,#7324,#7325,#7326,#7327,#7328,#7329,#7330,#7331,#7332,#7333,#7334,#7335,#7336,#7337,#7338,#7339,#7340,#7341,#7342));
#3837=AXIS2_PLACEMENT_3D('',#7343,#7344,#7345);
#3838=SURFACE_SIDE_STYLE('',(#7346));
#3839=EDGE_LOOP('',(#7347,#7348,#7349,#7350));
#3840=(B_SPLINE_CURVE(3,(#7352,#7353,#7354,#7355),.UNSPECIFIED.,.F.,.F.)B_SPLINE_CURVE_WITH_KNOTS((4,4),(0.0,1.0),.UNSPECIFIED.)RATIONAL_B_SPLINE_CURVE((0.502487708937192,0.499170763687603,0.499170763687603,0.502487708937192))BOUNDED_CURVE()REPRESENTATION_ITEM('')GEOMETRIC_REPRESENTATION_ITEM()CURVE());
#3841=VECTOR('',#7362,1.0);
#3842=SURFACE_SIDE_STYLE('',(#7363));
#3843=EDGE_LOOP('',(#7364,#7365,#7366,#7367));
#3845=CARTESIAN_POINT('',(-7.70926986818073,10.6193651947206,47.2527036446662));
#3846=CARTESIAN_POINT('',(-6.85932761881361,8.8539128781999,47.2170268802427));
#3847=CARTESIAN_POINT('',(-7.94850597401517,7.47292323461443,46.3527036446662));
#3848=CARTESIAN_POINT('',(-7.79668007194237,10.5660633652758,47.4419479425206));
#3849=CARTESIAN_POINT('',(-6.99762957122499,8.81621448102711,47.4704628028039));
#3850=CARTESIAN_POINT('',(-8.13903530523822,7.39208821580787,46.8259348842506));
#3851=CARTESIAN_POINT('',(-7.86815602774494,10.5551907837791,47.6423574243769));
#3852=CARTESIAN_POINT('',(-7.09816784336996,8.81017136910143,47.7610140448164));
#3853=CARTESIAN_POINT('',(-8.28364826963893,7.36098115905327,47.3268029529668));
#3854=CARTESIAN_POINT('',(-7.92757454788509,10.5944847775485,47.8527036446661));
#3855=CARTESIAN_POINT('',(-7.1489164255217,8.84669444647513,48.0672820526166));
#3856=CARTESIAN_POINT('',(-8.38502893797658,7.38617899997392,47.8527036446661));
#3863=SURFACE_SIDE_STYLE('',(#7368));
#3864=EDGE_LOOP('',(#7369,#7370,#7371,#7372));
#3866=CARTESIAN_POINT('',(-7.92757454788509,10.5944847775485,47.8527036446661));
#3867=CARTESIAN_POINT('',(-7.14891642552169,8.84669444647514,48.0672820526165));
#3868=CARTESIAN_POINT('',(-8.38502893797658,7.38617899997392,47.8527036446661));
#3869=CARTESIAN_POINT('',(-8.05688145030572,10.6129219260832,48.4721049211948));
#3870=CARTESIAN_POINT('',(-7.28201620718542,8.87459023172813,48.6833605619126));
#3871=CARTESIAN_POINT('',(-8.50443420925205,7.41585680174308,48.4721049278545));
#3872=CARTESIAN_POINT('',(-8.18594856021014,10.6308233297755,49.091566258837));
#3873=CARTESIAN_POINT('',(-7.41500636450651,8.90176848317338,49.3006054846424));
#3874=CARTESIAN_POINT('',(-8.62388095351304,7.44485170912902,49.091566265407));
#3875=CARTESIAN_POINT('',(-8.31478720432549,10.6482142954624,49.7110848190216));
#3876=CARTESIAN_POINT('',(-7.54787007614405,8.92825865984321,49.9188594696433));
#3877=CARTESIAN_POINT('',(-8.74335951662441,7.47319362085144,49.7110848190216));
#3884=SURFACE_SIDE_STYLE('',(#7373));
#3885=EDGE_LOOP('',(#7374,#7375,#7376,#7377));
#3886=AXIS2_PLACEMENT_3D('',#7378,#7379,#7380);
#3887=SURFACE_SIDE_STYLE('',(#7381));
#3888=EDGE_LOOP('',(#7382,#7383,#7384,#7385));
#3890=CARTESIAN_POINT('',(-5.94573516804423,11.0077405899802,46.2));
#3891=CARTESIAN_POINT('',(-5.34680647096836,9.89890349196418,46.2));
#3892=CARTESIAN_POINT('',(-4.92755638301525,9.12271752335295,45.3));
#3893=CARTESIAN_POINT('',(-6.0994452485468,10.9072546096608,46.2));
#3894=CARTESIAN_POINT('',(-5.56303680126777,9.77492154160712,46.1935487162029));
#3895=CARTESIAN_POINT('',(-5.25962343791078,8.94335439771801,45.3000000006559));
#3896=CARTESIAN_POINT('',(-6.26524455818995,10.8429020301393,46.2243261353536));
#3897=CARTESIAN_POINT('',(-5.7780512090272,9.66055557090613,46.231133493291));
#3898=CARTESIAN_POINT('',(-5.58358075821274,8.77297513280853,45.3243261355411));
#3899=CARTESIAN_POINT('',(-6.52440771233684,10.7828835477354,46.2961979664401));
#3900=CARTESIAN_POINT('',(-6.06806275906402,9.50783508040046,46.3368926815394));
#3901=CARTESIAN_POINT('',(-6.04946093520562,8.53143398321231,45.3961979663456));
#3902=CARTESIAN_POINT('',(-6.61248041733829,10.7688280667587,46.3262732861728));
#3903=CARTESIAN_POINT('',(-6.16005828025586,9.45940326081059,46.3808253040954));
#3904=CARTESIAN_POINT('',(-6.20142161751906,8.45318045883318,45.4262732864343));
#3905=CARTESIAN_POINT('',(-6.78438085012346,10.7484179898591,46.3966138214835));
#3906=CARTESIAN_POINT('',(-6.32550446146293,9.36908891472266,46.4781301318209));
#3907=CARTESIAN_POINT('',(-6.48916867547225,8.30486605698288,45.4966138212218));
#3908=CARTESIAN_POINT('',(-6.86889843583038,10.7418734853617,46.4370412681335));
#3909=CARTESIAN_POINT('',(-6.39979934318381,9.32671859763835,46.531931569709));
#3910=CARTESIAN_POINT('',(-6.62623591399361,8.23413874706645,45.5370412682296));
#3911=CARTESIAN_POINT('',(-7.03312632084965,10.7313460622873,46.5284653512484));
#3912=CARTESIAN_POINT('',(-6.53082935033453,9.24545891620876,46.6446847724016));
#3913=CARTESIAN_POINT('',(-6.88741690218817,8.09795033656801,45.6284653511523));
#3914=CARTESIAN_POINT('',(-7.11338854646162,10.7273425608532,46.5798974022044));
#3915=CARTESIAN_POINT('',(-6.58775900081579,9.20629265452646,46.7041815717183));
#3916=CARTESIAN_POINT('',(-7.01237142731766,8.03203506095479,45.6798974023747));
#3917=CARTESIAN_POINT('',(-7.2638932786846,10.7179875438451,46.6916083096843));
#3918=CARTESIAN_POINT('',(-6.68257540736829,9.13115822896477,46.821294899239));
#3919=CARTESIAN_POINT('',(-7.24474343609129,7.90665924133773,45.791608309514));
#3920=CARTESIAN_POINT('',(-7.3341246379906,10.7126418910958,46.7517352399402));
#3921=CARTESIAN_POINT('',(-6.72039814881165,9.09523480343202,46.8787912961307));
#3922=CARTESIAN_POINT('',(-7.35218161485649,7.84721135712311,45.8517352399827));
#3923=CARTESIAN_POINT('',(-7.52779416720889,10.6896106795862,46.9448633193328));
#3924=CARTESIAN_POINT('',(-6.81177733475631,8.98913787674712,47.0436454147177));
#3925=CARTESIAN_POINT('',(-7.65015200805818,7.67605283247848,46.0448633192479));
#3926=CARTESIAN_POINT('',(-7.63500146381679,10.6646532853192,47.0919115293137));
#3927=CARTESIAN_POINT('',(-6.84096370256004,8.92135817756379,47.1405320091457));
#3928=CARTESIAN_POINT('',(-7.81766786864371,7.57070305345327,46.1919362786189));
#3929=CARTESIAN_POINT('',(-7.70926986818073,10.6193651947206,47.2527036446662));
#3930=CARTESIAN_POINT('',(-6.85932761881361,8.8539128781999,47.2170268802427));
#3931=CARTESIAN_POINT('',(-7.94850597401516,7.47292323461443,46.3527036446662));
#3938=SURFACE_SIDE_STYLE('',(#7386));
#3939=EDGE_LOOP('',(#7387,#7388,#7389,#7390));
#3941=CARTESIAN_POINT('',(-3.24455107283641,12.7152132257009,47.2527036446662));
#3942=CARTESIAN_POINT('',(-2.42934583884374,10.9334545058854,47.2170268802427));
#3943=CARTESIAN_POINT('',(-0.671086332968805,10.8891217287299,46.3527036446662));
#3944=CARTESIAN_POINT('',(-3.32658617755699,12.6870965488669,47.0924063568999));
#3945=CARTESIAN_POINT('',(-2.49288882279705,10.9623802952166,47.1406235688065));
#3946=CARTESIAN_POINT('',(-0.829537651547886,10.8510195436735,46.1923009764975));
#3947=CARTESIAN_POINT('',(-3.41265141277726,12.6221152071074,46.9476704741952));
#3948=CARTESIAN_POINT('',(-2.56202248865447,10.9831061088378,47.045814888561));
#3949=CARTESIAN_POINT('',(-1.01378843269707,10.7908434103564,46.0476704739559));
#3950=CARTESIAN_POINT('',(-3.55505767374869,12.4871407087318,46.7528715988291));
#3951=CARTESIAN_POINT('',(-2.70278572491011,10.9808525830776,46.8798725035279));
#3952=CARTESIAN_POINT('',(-1.33786104279164,10.6703088919868,45.8528715989488));
#3953=CARTESIAN_POINT('',(-3.60496606506049,12.4355695998025,46.691612406899));
#3954=CARTESIAN_POINT('',(-2.75557662401065,10.9745836968329,46.8212870791963));
#3955=CARTESIAN_POINT('',(-1.4543993789452,10.6247870971108,45.7916124068696));
#3956=CARTESIAN_POINT('',(-3.70800838207483,12.3260903281528,46.5802057855724));
#3957=CARTESIAN_POINT('',(-2.87358724069034,10.949734506126,46.7045131026805));
#3958=CARTESIAN_POINT('',(-1.6985749783195,10.5264163406419,45.6802057856018));
#3959=CARTESIAN_POINT('',(-3.76147719727251,12.2678617207584,46.5295366460784));
#3960=CARTESIAN_POINT('',(-2.93895863254598,10.9313204524749,46.6459464030541));
#3961=CARTESIAN_POINT('',(-1.8269743347087,10.4732922786923,45.6295366458985));
#3962=CARTESIAN_POINT('',(-3.8743075348301,12.148391230146,46.4380419300093));
#3963=CARTESIAN_POINT('',(-3.08483088125573,10.8826477395136,46.5332236758155));
#3964=CARTESIAN_POINT('',(-2.09815298382296,10.3595771067892,45.5380419301892));
#3965=CARTESIAN_POINT('',(-3.93407390466109,12.0867427773977,46.3969941281462));
#3966=CARTESIAN_POINT('',(-3.16583573883871,10.8522453078401,46.4786516670653));
#3967=CARTESIAN_POINT('',(-2.24191593970872,10.2985625739397,45.4969941280674));
#3968=CARTESIAN_POINT('',(-4.06027052025632,11.9668641968633,46.3262285616845));
#3969=CARTESIAN_POINT('',(-3.34194012210461,10.7823049698705,46.3807731234165));
#3970=CARTESIAN_POINT('',(-2.54146029343873,10.1712601739554,45.4262285617631));
#3971=CARTESIAN_POINT('',(-4.1262226362521,11.9090935625334,46.296686858466));
#3972=CARTESIAN_POINT('',(-3.43637578123087,10.7431284554426,46.3376034959987));
#3973=CARTESIAN_POINT('',(-2.69609308740462,10.1054742345692,45.3966868582611));
#3974=CARTESIAN_POINT('',(-4.33599942003113,11.7491786345784,46.2251296492905));
#3975=CARTESIAN_POINT('',(-3.73632743707438,10.6187502945031,46.2323349238072));
#3976=CARTESIAN_POINT('',(-3.17526031977999,9.90315994053649,45.3251296497002));
#3977=CARTESIAN_POINT('',(-4.49340839734698,11.660993605841,46.2));
#3978=CARTESIAN_POINT('',(-3.96454569850867,10.5251476729166,46.1935072053134));
#3979=CARTESIAN_POINT('',(-3.51799669466032,9.76077245486538,45.2999999997955));
#3980=CARTESIAN_POINT('',(-4.66999131962081,11.6066059060986,46.2));
#3981=CARTESIAN_POINT('',(-4.19957147457814,10.4374436147516,46.2));
#3982=CARTESIAN_POINT('',(-3.87027758304826,9.61903001080877,45.3));
#3989=SURFACE_SIDE_STYLE('',(#7391));
#3990=EDGE_LOOP('',(#7392,#7393,#7394,#7395));
#3991=AXIS2_PLACEMENT_3D('',#7396,#7397,#7398);
#3992=SURFACE_SIDE_STYLE('',(#7399));
#3993=EDGE_LOOP('',(#7400,#7401,#7402,#7403));
#3995=CARTESIAN_POINT('',(8.38502893797658,7.38617899997392,47.8527036446661));
#3996=CARTESIAN_POINT('',(7.14891642552169,8.84669444647514,48.0672820526165));
#3997=CARTESIAN_POINT('',(7.92757454788509,10.5944847775485,47.8527036446661));
#3998=CARTESIAN_POINT('',(8.50443420925205,7.41585680174308,48.4721049278545));
#3999=CARTESIAN_POINT('',(7.28201620718361,8.87459023172815,48.6833605619131));
#4000=CARTESIAN_POINT('',(8.05688145030572,10.6129219260832,48.4721049211948));
#4001=CARTESIAN_POINT('',(8.62388095351304,7.44485170912902,49.091566265407));
#4002=CARTESIAN_POINT('',(7.41500636450675,8.90176848317337,49.3006054846422));
#4003=CARTESIAN_POINT('',(8.18594856021014,10.6308233297755,49.091566258837));
#4004=CARTESIAN_POINT('',(8.74335951662441,7.47319362085144,49.7110848190216));
#4005=CARTESIAN_POINT('',(7.54787007614405,8.92825865984321,49.9188594696433));
#4006=CARTESIAN_POINT('',(8.31478720432549,10.6482142954624,49.7110848190216));
#4013=SURFACE_SIDE_STYLE('',(#7404));
#4014=EDGE_LOOP('',(#7405,#7406,#7407,#7408));
#4016=CARTESIAN_POINT('',(7.92757454788509,10.5944847775485,47.8527036446661));
#4017=CARTESIAN_POINT('',(7.1489164255217,8.84669444647513,48.0672820526166));
#4018=CARTESIAN_POINT('',(8.38502893797658,7.38617899997392,47.8527036446661));
#4019=CARTESIAN_POINT('',(7.86815602774502,10.5551907837794,47.6423574243767));
#4020=CARTESIAN_POINT('',(7.09816784336903,8.81017136910233,47.7610140448159));
#4021=CARTESIAN_POINT('',(8.28364826963857,7.36098115905366,47.3268029529667));
#4022=CARTESIAN_POINT('',(7.79668007194245,10.5660633652758,47.4419479425208));
#4023=CARTESIAN_POINT('',(6.99762957122534,8.81621448102701,47.4704628028045));
#4024=CARTESIAN_POINT('',(8.13903530523828,7.39208821580784,46.8259348842507));
#4025=CARTESIAN_POINT('',(7.70926986818073,10.6193651947206,47.2527036446662));
#4026=CARTESIAN_POINT('',(6.85932761881361,8.8539128781999,47.2170268802427));
#4027=CARTESIAN_POINT('',(7.94850597401517,7.47292323461443,46.3527036446662));
#4034=SURFACE_SIDE_STYLE('',(#7409));
#4035=EDGE_LOOP('',(#7410,#7411,#7412,#7413));
#4037=CARTESIAN_POINT('',(7.70926986818073,10.6193651947206,47.2527036446662));
#4038=CARTESIAN_POINT('',(6.85932761881361,8.8539128781999,47.2170268802427));
#4039=CARTESIAN_POINT('',(7.94850597401516,7.47292323461443,46.3527036446662));
#4040=CARTESIAN_POINT('',(7.63523001937114,10.664513912433,47.0924063569002));
#4041=CARTESIAN_POINT('',(6.84098568143027,8.92127744923803,47.1406235688067));
#4042=CARTESIAN_POINT('',(7.81796467097825,7.57048124334671,46.1923009764998));
#4043=CARTESIAN_POINT('',(7.5302546893795,10.6892116771873,46.9476704741953));
#4044=CARTESIAN_POINT('',(6.81276365294939,8.98770440320735,47.045814888561));
#4045=CARTESIAN_POINT('',(7.6539591147525,7.67378513921272,46.0476704739561));
#4046=CARTESIAN_POINT('',(7.3354379883406,10.7125378721641,46.7528715988291));
#4047=CARTESIAN_POINT('',(6.72110173721062,9.09455691961493,46.879872503528));
#4048=CARTESIAN_POINT('',(7.35419174459213,7.84609634174881,45.8528715989487));
#4049=CARTESIAN_POINT('',(7.26387866099888,10.717986676613,46.691612406899));
#4050=CARTESIAN_POINT('',(6.68255286772778,9.13116515125994,46.8212870791971));
#4051=CARTESIAN_POINT('',(7.24471897093242,7.906669681011,45.7916124068695));
#4052=CARTESIAN_POINT('',(7.11382410339534,10.7273172585353,46.5802057855724));
#4053=CARTESIAN_POINT('',(6.58804339283848,9.20607808127897,46.7045131026797));
#4054=CARTESIAN_POINT('',(7.01304579694406,8.03167395898712,45.6802057856019));
#4055=CARTESIAN_POINT('',(7.03486840005643,10.7312519539488,46.5295366460785));
#4056=CARTESIAN_POINT('',(6.53211378890616,9.24460567721958,46.6459464030533));
#4057=CARTESIAN_POINT('',(6.89014688387251,8.0965154414266,45.6295366458983));
#4058=CARTESIAN_POINT('',(6.87087419053947,10.7417296657902,46.4380419300092));
#4059=CARTESIAN_POINT('',(6.40147663471485,9.32573323034182,46.5332236758163));
#4060=CARTESIAN_POINT('',(6.62941770644983,8.23249079249088,45.5380419301894));
#4061=CARTESIAN_POINT('',(6.78526426010021,10.7483243984777,46.3969941281463));
#4062=CARTESIAN_POINT('',(6.3263364905371,9.36862907555611,46.4786516670661));
#4063=CARTESIAN_POINT('',(6.49063326904769,8.30411090585874,45.4969941280674));
#4064=CARTESIAN_POINT('',(6.61241689608644,10.7688243646272,46.3262285616844));
#4065=CARTESIAN_POINT('',(6.16002354108343,9.45942779539622,46.3807731234157));
#4066=CARTESIAN_POINT('',(6.2013293825891,8.45322824949468,45.4262285617631));
#4067=CARTESIAN_POINT('',(6.52583841954302,10.7826553152322,46.2966868584659));
#4068=CARTESIAN_POINT('',(6.06955288126768,9.50705082249263,46.3376034959987));
#4069=CARTESIAN_POINT('',(6.05192987636207,8.53016249628875,45.3966868582612));
#4070=CARTESIAN_POINT('',(6.26879406412243,10.8418776297917,46.2251296492905));
#4071=CARTESIAN_POINT('',(5.78223846557523,9.65834969657241,46.2323349238072));
#4072=CARTESIAN_POINT('',(5.59016355080583,8.76954539194907,45.3251296497));
#4073=CARTESIAN_POINT('',(6.1003888561488,10.9066377360262,46.2));
#4074=CARTESIAN_POINT('',(5.56442805187921,9.7741238271233,46.1935072053182));
#4075=CARTESIAN_POINT('',(5.26166065636072,8.94225401096634,45.2999999997974));
#4076=CARTESIAN_POINT('',(5.94573516804423,11.0077405899802,46.2));
#4077=CARTESIAN_POINT('',(5.34680647096836,9.89890349196418,46.2));
#4078=CARTESIAN_POINT('',(4.92755638301525,9.12271752335295,45.3));
#4085=SURFACE_SIDE_STYLE('',(#7414));
#4086=EDGE_LOOP('',(#7415,#7416,#7417,#7418));
#4087=AXIS2_PLACEMENT_3D('',#7419,#7420,#7421);
#4088=SURFACE_SIDE_STYLE('',(#7422));
#4089=EDGE_LOOP('',(#7423,#7424,#7425,#7426));
#4091=CARTESIAN_POINT('',(4.66999131962081,11.6066059060986,46.2));
#4092=CARTESIAN_POINT('',(4.19957147457814,10.4374436147516,46.2));
#4093=CARTESIAN_POINT('',(3.87027758304826,9.61903001080877,45.3));
#4094=CARTESIAN_POINT('',(4.494485806283,11.6606617649576,46.2));
#4095=CARTESIAN_POINT('',(3.96604821416896,10.5245869828494,46.1935487161982));
#4096=CARTESIAN_POINT('',(3.52014474671502,9.75990817343764,45.3000000006538));
#4097=CARTESIAN_POINT('',(4.33905515653462,11.7471023728276,46.2243261353536));
#4098=CARTESIAN_POINT('',(3.74069954150632,10.6169381957711,46.231133493291));
#4099=CARTESIAN_POINT('',(3.18210438729317,9.90028678537857,45.3243261355418));
#4100=CARTESIAN_POINT('',(4.12731224438914,11.9081386974679,46.2961979664401));
#4101=CARTESIAN_POINT('',(3.43793110972108,10.7424831044258,46.3368926815394));
#4102=CARTESIAN_POINT('',(2.69864858159761,10.1043871288428,45.3961979663453));
#4103=CARTESIAN_POINT('',(4.06023278709613,11.9669154302889,46.326273286173));
#4104=CARTESIAN_POINT('',(3.34189905359214,10.7823160212635,46.3808253040954));
#4105=CARTESIAN_POINT('',(2.54136460168977,10.1713006006658,45.4262732864339));
#4106=CARTESIAN_POINT('',(3.93471028327006,12.0861229429032,46.3966138214833));
#4107=CARTESIAN_POINT('',(3.1667210545174,10.851898983442,46.4781301318209));
#4108=CARTESIAN_POINT('',(2.24343256645911,10.2979182674419,45.4966138212222));
#4109=CARTESIAN_POINT('',(3.87568041220299,12.1469631200452,46.4370412681332));
#4110=CARTESIAN_POINT('',(3.08666050285599,10.8819868761479,46.5319315697074));
#4111=CARTESIAN_POINT('',(2.10145351607565,10.3581820998482,45.5370412682298));
#4112=CARTESIAN_POINT('',(3.76266254440471,12.2665816236852,46.5284653512487));
#4113=CARTESIAN_POINT('',(2.9404356262976,10.9308774076968,46.6446847724032));
#4114=CARTESIAN_POINT('',(1.82982231115962,10.472108744071,45.6284653511522));
#4115=CARTESIAN_POINT('',(3.70830610830586,12.3257714094467,46.5798974022043));
#4116=CARTESIAN_POINT('',(2.87393400368816,10.9496527997953,46.7041815717183));
#4117=CARTESIAN_POINT('',(1.69928361076122,10.5261282276664,45.6798974023754));
#4118=CARTESIAN_POINT('',(3.60495739356233,12.4355813995458,46.6916083096844));
#4119=CARTESIAN_POINT('',(2.75555689882735,10.9745966146769,46.821294899239));
#4120=CARTESIAN_POINT('',(1.45437571762704,10.6247992491805,45.7916083095133));
#4121=CARTESIAN_POINT('',(3.55597674690262,12.486196773555,46.7517352399402));
#4122=CARTESIAN_POINT('',(2.7037567312445,10.9807443712328,46.8787912961307));
#4123=CARTESIAN_POINT('',(1.34000304302271,10.6694747961597,45.8517352399827));
#4124=CARTESIAN_POINT('',(3.41453030715457,12.6204771814103,46.9448633193328));
#4125=CARTESIAN_POINT('',(2.56375541174867,10.9832631041145,47.0436454147176));
#4126=CARTESIAN_POINT('',(1.01796523262096,10.7893632628887,46.0448633192478));
#4127=CARTESIAN_POINT('',(3.3268394155102,12.6870097561145,47.0919115293133));
#4128=CARTESIAN_POINT('',(2.49296497029801,10.962414960626,47.1405320091414));
#4129=CARTESIAN_POINT('',(0.829897910489447,10.8509329131713,46.1919362786162));
#4130=CARTESIAN_POINT('',(3.24455107283641,12.7152132257009,47.2527036446662));
#4131=CARTESIAN_POINT('',(2.42934583884374,10.9334545058854,47.2170268802427));
#4132=CARTESIAN_POINT('',(0.671086332968805,10.8891217287299,46.3527036446662));
#4139=SURFACE_SIDE_STYLE('',(#7427));
#4140=EDGE_LOOP('',(#7428,#7429,#7430,#7431));
#4142=CARTESIAN_POINT('',(3.24455107283641,12.7152132257009,47.2527036446662));
#4143=CARTESIAN_POINT('',(2.42934583884373,10.9334545058854,47.2170268802427));
#4144=CARTESIAN_POINT('',(0.671086332968809,10.8891217287299,46.3527036446662));
#4145=CARTESIAN_POINT('',(3.14770179594296,12.7484072960876,47.4419479425179));
#4146=CARTESIAN_POINT('',(2.3119878353402,11.0157691352255,47.4704628027954));
#4147=CARTESIAN_POINT('',(0.487176323829153,10.9840576800958,46.8259348842426));
#4148=CARTESIAN_POINT('',(3.09367403830844,12.7964492224817,47.6423574243807));
#4149=CARTESIAN_POINT('',(2.24310869469976,11.0892546940436,47.7610140448233));
#4150=CARTESIAN_POINT('',(0.370857317962602,11.075438462145,47.3268029529717));
#4151=CARTESIAN_POINT('',(3.08594354688909,12.8672646020588,47.8527036446661));
#4152=CARTESIAN_POINT('',(2.23878536792178,11.1516298703269,48.0672820526165));
#4153=CARTESIAN_POINT('',(0.325474344651959,11.1695307404266,47.8527036446661));
#4160=SURFACE_SIDE_STYLE('',(#7432));
#4161=EDGE_LOOP('',(#7433,#7434,#7435,#7436));
#4163=CARTESIAN_POINT('',(3.0859435468891,12.8672646020588,47.8527036446661));
#4164=CARTESIAN_POINT('',(2.23878536792179,11.1516298703269,48.0672820526165));
#4165=CARTESIAN_POINT('',(0.325474344651958,11.1695307404266,47.8527036446661));
#4166=CARTESIAN_POINT('',(3.01751842721182,12.9785219903848,48.4721049211946));
#4167=CARTESIAN_POINT('',(2.1752138574143,11.2718479628408,48.6833605619109));
#4168=CARTESIAN_POINT('',(0.272022675191137,11.2803518113415,48.472104927854));
#4169=CARTESIAN_POINT('',(2.94883434165365,13.0892526343093,49.0915662588371));
#4170=CARTESIAN_POINT('',(2.11116036739784,11.3915233141512,49.3006054846417));
#4171=CARTESIAN_POINT('',(0.218019144795891,11.3907685133088,49.0915662654068));
#4172=CARTESIAN_POINT('',(2.87990352310448,13.1994814153024,49.7110848190216));
#4173=CARTESIAN_POINT('',(2.04665830784107,11.5106618034916,49.9188594696433));
#4174=CARTESIAN_POINT('',(0.163492922845326,11.5007925203379,49.7110848190216));
#4181=SURFACE_SIDE_STYLE('',(#7437));
#4182=EDGE_LOOP('',(#7438,#7439,#7440,#7441));
#4184=CARTESIAN_POINT('',(-0.325474344651958,11.1695307404266,47.8527036446661));
#4185=CARTESIAN_POINT('',(-2.23878536792179,11.1516298703269,48.0672820526165));
#4186=CARTESIAN_POINT('',(-3.0859435468891,12.8672646020588,47.8527036446661));
#4187=CARTESIAN_POINT('',(-0.272022675191137,11.2803518113415,48.472104927854));
#4188=CARTESIAN_POINT('',(-2.17521385741443,11.2718479628408,48.6833605619109));
#4189=CARTESIAN_POINT('',(-3.01751842721182,12.9785219903848,48.4721049211947));
#4190=CARTESIAN_POINT('',(-0.218019144795857,11.3907685133088,49.0915662654068));
#4191=CARTESIAN_POINT('',(-2.11116036739889,11.3915233141497,49.3006054846422));
#4192=CARTESIAN_POINT('',(-2.94883434165376,13.0892526343095,49.091566258837));
#4193=CARTESIAN_POINT('',(-0.163492922845326,11.5007925203379,49.7110848190216));
#4194=CARTESIAN_POINT('',(-2.04665830784107,11.5106618034916,49.9188594696433));
#4195=CARTESIAN_POINT('',(-2.87990352310448,13.1994814153024,49.7110848190216));
#4202=SURFACE_SIDE_STYLE('',(#7442));
#4203=EDGE_LOOP('',(#7443,#7444,#7445,#7446));
#4205=CARTESIAN_POINT('',(-3.08594354688909,12.8672646020588,47.8527036446661));
#4206=CARTESIAN_POINT('',(-2.23878536792178,11.1516298703269,48.0672820526165));
#4207=CARTESIAN_POINT('',(-0.325474344651957,11.1695307404266,47.8527036446661));
#4208=CARTESIAN_POINT('',(-3.09367403830805,12.7964492224812,47.6423574243814));
#4209=CARTESIAN_POINT('',(-2.24310869469805,11.0892546940429,47.7610140448253));
#4210=CARTESIAN_POINT('',(-0.370857317963055,11.0754384621451,47.3268029529723));
#4211=CARTESIAN_POINT('',(-3.14770179594294,12.7484072960869,47.4419479425175));
#4212=CARTESIAN_POINT('',(-2.31198783533897,11.0157691352252,47.470462802793));
#4213=CARTESIAN_POINT('',(-0.487176323827626,10.9840576800957,46.8259348842416));
#4214=CARTESIAN_POINT('',(-3.24455107283642,12.7152132257009,47.2527036446662));
#4215=CARTESIAN_POINT('',(-2.42934583884374,10.9334545058854,47.2170268802427));
#4216=CARTESIAN_POINT('',(-0.67108633296881,10.8891217287299,46.3527036446662));
#4223=SURFACE_SIDE_STYLE('',(#7447));
#4224=EDGE_LOOP('',(#7448));
#4225=EDGE_LOOP('',(#7449));
#4226=EDGE_LOOP('',(#7450));
#4227=EDGE_LOOP('',(#7451));
#4228=EDGE_LOOP('',(#7452));
#4229=EDGE_LOOP('',(#7453));
#4230=EDGE_LOOP('',(#7454));
#4231=EDGE_LOOP('',(#7455));
#4232=EDGE_LOOP('',(#7456));
#4233=EDGE_LOOP('',(#7457));
#4234=EDGE_LOOP('',(#7458,#7459,#7460,#7461,#7462,#7463,#7464,#7465,#7466,#7467,#7468,#7469,#7470,#7471,#7472,#7473,#7474,#7475,#7476,#7477,#7478,#7479,#7480,#7481,#7482,#7483,#7484,#7485,#7486,#7487,#7488,#7489));
#4235=EDGE_LOOP('',(#7490,#7491,#7492,#7493));
#4236=AXIS2_PLACEMENT_3D('',#7494,#7495,#7496);
#4237=SURFACE_SIDE_STYLE('',(#7497));
#4238=EDGE_LOOP('',(#7498,#7499,#7500,#7501,#7502,#7503));
#4239=AXIS2_PLACEMENT_3D('',#7504,#7505,#7506);
#4240=SURFACE_SIDE_STYLE('',(#7507));
#4241=EDGE_LOOP('',(#7508,#7509,#7510,#7511));
#4243=CARTESIAN_POINT('',(-8.38502893797658,-7.38617899997389,47.8527036446661));
#4244=CARTESIAN_POINT('',(-7.14891642552169,-8.84669444647511,48.0672820526165));
#4245=CARTESIAN_POINT('',(-7.92757454788509,-10.5944847775485,47.8527036446661));
#4246=CARTESIAN_POINT('',(-8.50443420926128,-7.41585680173223,48.4721049278533));
#4247=CARTESIAN_POINT('',(-7.28201620719557,-8.87459023172233,48.6833605619106));
#4248=CARTESIAN_POINT('',(-8.05688145030365,-10.6129219260785,48.4721049211954));
#4249=CARTESIAN_POINT('',(-8.62388095351304,-7.44485170912899,49.091566265407));
#4250=CARTESIAN_POINT('',(-7.4150063645057,-8.90176848317427,49.3006054846425));
#4251=CARTESIAN_POINT('',(-8.18594856021027,-10.6308233297757,49.0915662588369));
#4252=CARTESIAN_POINT('',(-8.74335951662442,-7.4731936208514,49.7110848190216));
#4253=CARTESIAN_POINT('',(-7.54787007614406,-8.92825865984317,49.9188594696433));
#4254=CARTESIAN_POINT('',(-8.3147872043255,-10.6482142954623,49.7110848190216));
#4261=SURFACE_SIDE_STYLE('',(#7512));
#4262=EDGE_LOOP('',(#7513,#7514,#7515,#7516));
#4264=CARTESIAN_POINT('',(-7.9275745478851,-10.5944847775485,47.8527036446661));
#4265=CARTESIAN_POINT('',(-7.14891642552169,-8.84669444647512,48.0672820526166));
#4266=CARTESIAN_POINT('',(-8.38502893797658,-7.38617899997389,47.8527036446661));
#4267=CARTESIAN_POINT('',(-7.86815602774396,-10.5551907837753,47.6423574243812));
#4268=CARTESIAN_POINT('',(-7.09816784337792,-8.81017136909402,47.7610140448261));
#4269=CARTESIAN_POINT('',(-8.28364826964688,-7.36098115904614,47.326802952974));
#4270=CARTESIAN_POINT('',(-7.79668007193934,-10.5660633652731,47.4419479425176));
#4271=CARTESIAN_POINT('',(-6.99762957122719,-8.81621448102238,47.4704628027907));
#4272=CARTESIAN_POINT('',(-8.13903530524226,-7.39208821580053,46.8259348842389));
#4273=CARTESIAN_POINT('',(-7.70926986818075,-10.6193651947206,47.2527036446662));
#4274=CARTESIAN_POINT('',(-6.8593276188136,-8.85391287819989,47.2170268802427));
#4275=CARTESIAN_POINT('',(-7.94850597401516,-7.4729232346144,46.3527036446662));
#4282=SURFACE_SIDE_STYLE('',(#7517));
#4283=EDGE_LOOP('',(#7518,#7519,#7520,#7521));
#4285=CARTESIAN_POINT('',(-7.70926986818077,-10.6193651947206,47.2527036446662));
#4286=CARTESIAN_POINT('',(-6.85932761881361,-8.85391287819988,47.2170268802427));
#4287=CARTESIAN_POINT('',(-7.94850597401518,-7.47292323461439,46.3527036446662));
#4288=CARTESIAN_POINT('',(-7.63523001936754,-10.6645139124255,47.0924063569));
#4289=CARTESIAN_POINT('',(-6.84098568142666,-8.92127744923106,47.1406235688008));
#4290=CARTESIAN_POINT('',(-7.81796467097642,-7.57048124334928,46.1923009765022));
#4291=CARTESIAN_POINT('',(-7.53025468937919,-10.6892116771871,46.9476704741951));
#4292=CARTESIAN_POINT('',(-6.8127636529488,-8.98770440320615,47.045814888561));
#4293=CARTESIAN_POINT('',(-7.65395911475263,-7.67378513921323,46.0476704739572));
#4294=CARTESIAN_POINT('',(-7.33543798834079,-10.7125378721641,46.7528715988292));
#4295=CARTESIAN_POINT('',(-6.72110173721092,-9.0945569196155,46.879872503528));
#4296=CARTESIAN_POINT('',(-7.35419174459208,-7.8460963417485,45.8528715989481));
#4297=CARTESIAN_POINT('',(-7.26387866099943,-10.7179866766138,46.6916124068991));
#4298=CARTESIAN_POINT('',(-6.68255286772858,-9.1311651512611,46.8212870791971));
#4299=CARTESIAN_POINT('',(-7.24471897093248,-7.90666968101101,45.7916124068696));
#4300=CARTESIAN_POINT('',(-7.11382410339485,-10.7273172585345,46.5802057855723));
#4301=CARTESIAN_POINT('',(-6.58804339283771,-9.20607808127779,46.7045131026797));
#4302=CARTESIAN_POINT('',(-7.01304579694401,-8.03167395898705,45.6802057856018));
#4303=CARTESIAN_POINT('',(-7.03486840005655,-10.731251953949,46.5295366460785));
#4304=CARTESIAN_POINT('',(-6.53211378890627,-9.24460567721994,46.6459464030534));
#4305=CARTESIAN_POINT('',(-6.89014688387252,-8.09651544142664,45.6295366458984));
#4306=CARTESIAN_POINT('',(-6.8708741905394,-10.74172966579,46.4380419300092));
#4307=CARTESIAN_POINT('',(-6.40147663471477,-9.32573323034141,46.5332236758163));
#4308=CARTESIAN_POINT('',(-6.62941770644983,-8.23249079249076,45.5380419301893));
#4309=CARTESIAN_POINT('',(-6.78526426010015,-10.7483243984778,46.3969941281462));
#4310=CARTESIAN_POINT('',(-6.32633649053721,-9.36862907555549,46.4786516670653));
#4311=CARTESIAN_POINT('',(-6.49063326904785,-8.30411090585864,45.4969941280674));
#4312=CARTESIAN_POINT('',(-6.61241689608655,-10.7688243646271,46.3262285616845));
#4313=CARTESIAN_POINT('',(-6.16002354108334,-9.45942779539678,46.3807731234165));
#4314=CARTESIAN_POINT('',(-6.20132938258896,-8.45322824949471,45.4262285617631));
#4315=CARTESIAN_POINT('',(-6.52583841954315,-10.7826553152325,46.2966868584659));
#4316=CARTESIAN_POINT('',(-6.0695528812676,-9.5070508224934,46.3376034959995));
#4317=CARTESIAN_POINT('',(-6.05192987636192,-8.53016249628877,45.3966868582611));
#4318=CARTESIAN_POINT('',(-6.26879406412226,-10.8418776297911,46.2251296492905));
#4319=CARTESIAN_POINT('',(-5.78223846557545,-9.65834969657086,46.2323349238056));
#4320=CARTESIAN_POINT('',(-5.59016355080615,-8.76954539194893,45.3251296497001));
#4321=CARTESIAN_POINT('',(-6.10038885614734,-10.9066377360241,46.2));
#4322=CARTESIAN_POINT('',(-5.56442805187839,-9.77412382712331,46.1935072053182));
#4323=CARTESIAN_POINT('',(-5.26166065636013,-8.94225401096573,45.2999999997966));
#4324=CARTESIAN_POINT('',(-5.94573516804425,-11.0077405899802,46.2));
#4325=CARTESIAN_POINT('',(-5.34680647096837,-9.89890349196417,46.2));
#4326=CARTESIAN_POINT('',(-4.92755638301525,-9.12271752335293,45.3));
#4333=SURFACE_SIDE_STYLE('',(#7522));
#4334=EDGE_LOOP('',(#7523,#7524,#7525,#7526));
#4335=AXIS2_PLACEMENT_3D('',#7527,#7528,#7529);
#4336=SURFACE_SIDE_STYLE('',(#7530));
#4337=EDGE_LOOP('',(#7531,#7532,#7533,#7534));
#4339=CARTESIAN_POINT('',(-4.66999131962084,-11.6066059060986,46.2));
#4340=CARTESIAN_POINT('',(-4.19957147457816,-10.4374436147516,46.2));
#4341=CARTESIAN_POINT('',(-3.87027758304827,-9.61903001080873,45.3));
#4342=CARTESIAN_POINT('',(-4.4944858062848,-11.6606617649642,46.2));
#4343=CARTESIAN_POINT('',(-3.96604821416875,-10.5245869828487,46.1935487161982));
#4344=CARTESIAN_POINT('',(-3.52014474671584,-9.759908173439,45.3000000006555));
#4345=CARTESIAN_POINT('',(-4.33905515653481,-11.7471023728269,46.2243261353534));
#4346=CARTESIAN_POINT('',(-3.74069954150662,-10.6169381957719,46.2311334932894));
#4347=CARTESIAN_POINT('',(-3.18210438729293,-9.90028678537876,45.3243261355419));
#4348=CARTESIAN_POINT('',(-4.12731224438909,-11.9081386974683,46.2961979664402));
#4349=CARTESIAN_POINT('',(-3.43793110972095,-10.7424831044254,46.3368926815402));
#4350=CARTESIAN_POINT('',(-2.69864858159774,-10.1043871288427,45.3961979663452));
#4351=CARTESIAN_POINT('',(-4.0602327870962,-11.966915430288,46.3262732861728));
#4352=CARTESIAN_POINT('',(-3.34189905359201,-10.7823160212637,46.3808253040939));
#4353=CARTESIAN_POINT('',(-2.54136460169002,-10.1713006006657,45.4262732864339));
#4354=CARTESIAN_POINT('',(-3.93471028327005,-12.0861229429041,46.3966138214835));
#4355=CARTESIAN_POINT('',(-3.16672105451755,-10.8518989834418,46.4781301318225));
#4356=CARTESIAN_POINT('',(-2.24343256645888,-10.2979182674419,45.4966138212222));
#4357=CARTESIAN_POINT('',(-3.87568041220298,-12.1469631200453,46.4370412681333));
#4358=CARTESIAN_POINT('',(-3.08666050285656,-10.8819868761479,46.5319315697075));
#4359=CARTESIAN_POINT('',(-2.10145351607559,-10.3581820998481,45.5370412682297));
#4360=CARTESIAN_POINT('',(-3.76266254440479,-12.266581623685,46.5284653512486));
#4361=CARTESIAN_POINT('',(-2.94043562629709,-10.9308774076968,46.6446847724032));
#4362=CARTESIAN_POINT('',(-1.82982231115971,-10.4721087440711,45.6284653511523));
#4363=CARTESIAN_POINT('',(-3.70830610830529,-12.3257714094461,46.5798974022046));
#4364=CARTESIAN_POINT('',(-2.87393400368824,-10.9496527997952,46.7041815717191));
#4365=CARTESIAN_POINT('',(-1.69928361076147,-10.5261282276662,45.6798974023752));
#4366=CARTESIAN_POINT('',(-3.60495739356296,-12.4355813995464,46.6916083096842));
#4367=CARTESIAN_POINT('',(-2.75555689882733,-10.9745966146769,46.8212948992382));
#4368=CARTESIAN_POINT('',(-1.45437571762681,-10.6247992491806,45.7916083095135));
#4369=CARTESIAN_POINT('',(-3.55597674690218,-12.486196773555,46.7517352399406));
#4370=CARTESIAN_POINT('',(-2.70375673124478,-10.9807443712325,46.8787912961315));
#4371=CARTESIAN_POINT('',(-1.34000304302265,-10.6694747961596,45.8517352399827));
#4372=CARTESIAN_POINT('',(-3.41453030715555,-12.6204771814104,46.944863319332));
#4373=CARTESIAN_POINT('',(-2.56375541174822,-10.9832631041149,47.0436454147161));
#4374=CARTESIAN_POINT('',(-1.01796523262112,-10.7893632628887,46.0448633192479));
#4375=CARTESIAN_POINT('',(-3.32683941551388,-12.6870097561238,47.0919115293145));
#4376=CARTESIAN_POINT('',(-2.49296497030303,-10.9624149606295,47.1405320091478));
#4377=CARTESIAN_POINT('',(-0.829897910493369,-10.8509329131717,46.1919362786199));
#4378=CARTESIAN_POINT('',(-3.24455107283643,-12.7152132257009,47.2527036446662));
#4379=CARTESIAN_POINT('',(-2.42934583884376,-10.9334545058854,47.2170268802427));
#4380=CARTESIAN_POINT('',(-0.67108633296881,-10.8891217287299,46.3527036446662));
#4387=SURFACE_SIDE_STYLE('',(#7535));
#4388=EDGE_LOOP('',(#7536,#7537,#7538,#7539));
#4390=CARTESIAN_POINT('',(-3.24455107283644,-12.7152132257009,47.2527036446662));
#4391=CARTESIAN_POINT('',(-2.42934583884376,-10.9334545058854,47.2170268802427));
#4392=CARTESIAN_POINT('',(-0.671086332968814,-10.8891217287299,46.3527036446662));
#4393=CARTESIAN_POINT('',(-3.14770179594601,-12.7484072960946,47.4419479425184));
#4394=CARTESIAN_POINT('',(-2.31198783534801,-11.0157691352328,47.4704628028096));
#4395=CARTESIAN_POINT('',(-0.48717632383534,-10.9840576800971,46.8259348842526));
#4396=CARTESIAN_POINT('',(-3.09367403830633,-12.796449222477,47.6423574243802));
#4397=CARTESIAN_POINT('',(-2.24310869470904,-11.0892546940312,47.7610140448143));
#4398=CARTESIAN_POINT('',(-0.370857317973201,-11.0754384621436,47.3268029529656));
#4399=CARTESIAN_POINT('',(-3.08594354688912,-12.8672646020589,47.8527036446661));
#4400=CARTESIAN_POINT('',(-2.23878536792181,-11.1516298703269,48.0672820526166));
#4401=CARTESIAN_POINT('',(-0.325474344651963,-11.1695307404265,47.8527036446661));
#4408=SURFACE_SIDE_STYLE('',(#7540));
#4409=EDGE_LOOP('',(#7541,#7542,#7543,#7544));
#4411=CARTESIAN_POINT('',(0.325474344651948,-11.1695307404265,47.8527036446661));
#4412=CARTESIAN_POINT('',(2.23878536792178,-11.1516298703269,48.0672820526165));
#4413=CARTESIAN_POINT('',(3.08594354688909,-12.8672646020588,47.8527036446661));
#4414=CARTESIAN_POINT('',(0.272022675192013,-11.2803518113415,48.472104927854));
#4415=CARTESIAN_POINT('',(2.17521385741536,-11.2718479628353,48.683360561912));
#4416=CARTESIAN_POINT('',(3.01751842720871,-12.9785219903785,48.4721049211954));
#4417=CARTESIAN_POINT('',(0.218019144798144,-11.3907685133088,49.091566265407));
#4418=CARTESIAN_POINT('',(2.11116036739951,-11.3915233141475,49.3006054846427));
#4419=CARTESIAN_POINT('',(2.94883434165443,-13.0892526343109,49.0915662588369));
#4420=CARTESIAN_POINT('',(0.163492922845315,-11.5007925203379,49.7110848190216));
#4421=CARTESIAN_POINT('',(2.04665830784106,-11.5106618034916,49.9188594696433));
#4422=CARTESIAN_POINT('',(2.87990352310447,-13.1994814153024,49.7110848190216));
#4429=SURFACE_SIDE_STYLE('',(#7545));
#4430=EDGE_LOOP('',(#7546,#7547,#7548,#7549));
#4432=CARTESIAN_POINT('',(3.08594354688908,-12.8672646020588,47.8527036446661));
#4433=CARTESIAN_POINT('',(2.23878536792177,-11.1516298703269,48.0672820526165));
#4434=CARTESIAN_POINT('',(0.325474344651948,-11.1695307404265,47.8527036446661));
#4435=CARTESIAN_POINT('',(3.09367403830588,-12.7964492224767,47.6423574243818));
#4436=CARTESIAN_POINT('',(2.24310869470008,-11.0892546940386,47.7610140448241));
#4437=CARTESIAN_POINT('',(0.370857317961121,-11.0754384621448,47.3268029529705));
#4438=CARTESIAN_POINT('',(3.14770179594528,-12.7484072960916,47.4419479425172));
#4439=CARTESIAN_POINT('',(2.31198783534108,-11.0157691352325,47.4704628027942));
#4440=CARTESIAN_POINT('',(0.487176323832386,-10.9840576800958,46.8259348842442));
#4441=CARTESIAN_POINT('',(3.2445510728364,-12.7152132257009,47.2527036446662));
#4442=CARTESIAN_POINT('',(2.42934583884372,-10.9334545058854,47.2170268802427));
#4443=CARTESIAN_POINT('',(0.671086332968795,-10.8891217287299,46.3527036446662));
#4450=SURFACE_SIDE_STYLE('',(#7550));
#4451=EDGE_LOOP('',(#7551,#7552,#7553,#7554));
#4453=CARTESIAN_POINT('',(3.2445510728364,-12.7152132257009,47.2527036446662));
#4454=CARTESIAN_POINT('',(2.42934583884372,-10.9334545058854,47.2170268802427));
#4455=CARTESIAN_POINT('',(0.671086332968795,-10.8891217287299,46.3527036446662));
#4456=CARTESIAN_POINT('',(3.32658617756093,-12.6870965488761,47.0924063569005));
#4457=CARTESIAN_POINT('',(2.49288882279781,-10.9623802952233,47.1406235688094));
#4458=CARTESIAN_POINT('',(0.829537651550002,-10.8510195436735,46.1923009764985));
#4459=CARTESIAN_POINT('',(3.41265141277774,-12.6221152071082,46.9476704741951));
#4460=CARTESIAN_POINT('',(2.56202248865426,-10.9831061088374,47.045814888561));
#4461=CARTESIAN_POINT('',(1.01378843269717,-10.7908434103569,46.0476704739572));
#4462=CARTESIAN_POINT('',(3.55505767374843,-12.4871407087314,46.7528715988292));
#4463=CARTESIAN_POINT('',(2.70278572491019,-10.9808525830778,46.8798725035279));
#4464=CARTESIAN_POINT('',(1.33786104279158,-10.6703088919865,45.8528715989481));
#4465=CARTESIAN_POINT('',(3.60496606506054,-12.4355695998028,46.6916124068991));
#4466=CARTESIAN_POINT('',(2.75557662401078,-10.9745836968331,46.8212870791971));
#4467=CARTESIAN_POINT('',(1.45439937894502,-10.6247870971108,45.7916124068696));
#4468=CARTESIAN_POINT('',(3.70800838207476,-12.3260903281524,46.5802057855723));
#4469=CARTESIAN_POINT('',(2.87358724069018,-10.9497345061258,46.7045131026797));
#4470=CARTESIAN_POINT('',(1.69857497831966,-10.5264163406418,45.6802057856018));
#4471=CARTESIAN_POINT('',(3.76147719727248,-12.2678617207586,46.5295366460785));
#4472=CARTESIAN_POINT('',(2.93895863254592,-10.9313204524748,46.6459464030541));
#4473=CARTESIAN_POINT('',(1.82697433470859,-10.4732922786923,45.6295366458985));
#4474=CARTESIAN_POINT('',(3.87430753483011,-12.1483912301458,46.4380419300092));
#4475=CARTESIAN_POINT('',(3.08483088125576,-10.8826477395135,46.5332236758155));
#4476=CARTESIAN_POINT('',(2.09815298382305,-10.3595771067891,45.5380419301892));
#4477=CARTESIAN_POINT('',(3.93407390466108,-12.0867427773976,46.3969941281462));
#4478=CARTESIAN_POINT('',(3.16583573883875,-10.8522453078401,46.4786516670653));
#4479=CARTESIAN_POINT('',(2.2419159397089,-10.2985625739396,45.4969941280674));
#4480=CARTESIAN_POINT('',(4.06027052025631,-11.9668641968633,46.3262285616845));
#4481=CARTESIAN_POINT('',(3.34194012210455,-10.7823049698705,46.3807731234165));
#4482=CARTESIAN_POINT('',(2.54146029343853,-10.1712601739554,45.4262285617631));
#4483=CARTESIAN_POINT('',(4.12622263625208,-11.9090935625332,46.2966868584659));
#4484=CARTESIAN_POINT('',(3.436375781231,-10.7431284554429,46.3376034959995));
#4485=CARTESIAN_POINT('',(2.69609308740466,-10.1054742345692,45.3966868582611));
#4486=CARTESIAN_POINT('',(4.33599942003113,-11.7491786345787,46.2251296492905));
#4487=CARTESIAN_POINT('',(3.73632743707407,-10.6187502945023,46.2323349238056));
#4488=CARTESIAN_POINT('',(3.17526031977989,-9.90315994053648,45.3251296497002));
#4489=CARTESIAN_POINT('',(4.49340839735078,-11.660993605853,46.2));
#4490=CARTESIAN_POINT('',(3.96454569851155,-10.5251476729246,46.1935072053183));
#4491=CARTESIAN_POINT('',(3.51799669466087,-9.76077245486658,45.2999999997969));
#4492=CARTESIAN_POINT('',(4.66999131962079,-11.6066059060985,46.2));
#4493=CARTESIAN_POINT('',(4.19957147457813,-10.4374436147516,46.2));
#4494=CARTESIAN_POINT('',(3.87027758304826,-9.61903001080873,45.3));
#4501=SURFACE_SIDE_STYLE('',(#7555));
#4502=EDGE_LOOP('',(#7556,#7557,#7558,#7559));
#4503=AXIS2_PLACEMENT_3D('',#7560,#7561,#7562);
#4504=SURFACE_SIDE_STYLE('',(#7563));
#4505=EDGE_LOOP('',(#7564,#7565,#7566,#7567));
#4507=CARTESIAN_POINT('',(5.94573516804422,-11.0077405899802,46.2));
#4508=CARTESIAN_POINT('',(5.34680647096835,-9.89890349196416,46.2));
#4509=CARTESIAN_POINT('',(4.92755638301524,-9.12271752335293,45.3));
#4510=CARTESIAN_POINT('',(6.09944524854561,-10.9072546096584,46.2));
#4511=CARTESIAN_POINT('',(5.56303680126685,-9.77492154160582,46.1935487162029));
#4512=CARTESIAN_POINT('',(5.25962343790999,-8.94335439771699,45.3000000006547));
#4513=CARTESIAN_POINT('',(6.26524455818997,-10.84290203014,46.2243261353535));
#4514=CARTESIAN_POINT('',(5.7780512090268,-9.66055557090495,46.2311334932925));
#4515=CARTESIAN_POINT('',(5.58358075821327,-8.77297513280891,45.3243261355418));
#4516=CARTESIAN_POINT('',(6.52440771233682,-10.782883547735,46.2961979664401));
#4517=CARTESIAN_POINT('',(6.06806275906421,-9.50783508040102,46.3368926815386));
#4518=CARTESIAN_POINT('',(6.04946093520534,-8.53143398321208,45.3961979663452));
#4519=CARTESIAN_POINT('',(6.61248041733844,-10.7688280667585,46.3262732861729));
#4520=CARTESIAN_POINT('',(6.16005828025624,-9.45940326081095,46.3808253040954));
#4521=CARTESIAN_POINT('',(6.20142161751891,-8.45318045883292,45.4262732864339));
#4522=CARTESIAN_POINT('',(6.78438085012329,-10.7484179898592,46.3966138214834));
#4523=CARTESIAN_POINT('',(6.32550446146253,-9.36908891472225,46.4781301318209));
#4524=CARTESIAN_POINT('',(6.48916867547238,-8.30486605698311,45.4966138212222));
#4525=CARTESIAN_POINT('',(6.86889843583052,-10.7418734853617,46.4370412681336));
#4526=CARTESIAN_POINT('',(6.39979934318399,-9.32671859763853,46.531931569709));
#4527=CARTESIAN_POINT('',(6.62623591399388,-8.23413874706621,45.5370412682296));
#4528=CARTESIAN_POINT('',(7.03312632084949,-10.7313460622873,46.5284653512484));
#4529=CARTESIAN_POINT('',(6.53082935033432,-9.24545891620854,46.6446847724016));
#4530=CARTESIAN_POINT('',(6.88741690218789,-8.0979503365682,45.6284653511523));
#4531=CARTESIAN_POINT('',(7.11338854646182,-10.727342560853,46.5798974022046));
#4532=CARTESIAN_POINT('',(6.58775900081568,-9.20629265452682,46.7041815717198));
#4533=CARTESIAN_POINT('',(7.01237142731781,-8.03203506095506,45.6798974023752));
#4534=CARTESIAN_POINT('',(7.26389327868438,-10.7179875438453,46.6916083096841));
#4535=CARTESIAN_POINT('',(6.68257540736838,-9.13115822896435,46.8212948992374));
#4536=CARTESIAN_POINT('',(7.24474343609113,-7.90665924133743,45.7916083095135));
#4537=CARTESIAN_POINT('',(7.33412463799093,-10.7126418910958,46.7517352399406));
#4538=CARTESIAN_POINT('',(6.72039814881097,-9.09523480343219,46.8787912961314));
#4539=CARTESIAN_POINT('',(7.35218161485645,-7.84721135712306,45.8517352399826));
#4540=CARTESIAN_POINT('',(7.52779416720821,-10.6896106795862,46.9448633193321));
#4541=CARTESIAN_POINT('',(6.81177733475767,-8.98913787674671,47.0436454147161));
#4542=CARTESIAN_POINT('',(7.65015200805824,-7.67605283247851,46.0448633192481));
#4543=CARTESIAN_POINT('',(7.63500146381818,-10.6646532853212,47.0919115293144));
#4544=CARTESIAN_POINT('',(6.84096370255665,-8.921358177568,47.1405320091509));
#4545=CARTESIAN_POINT('',(7.81766786864333,-7.57070305345376,46.1919362786193));
#4546=CARTESIAN_POINT('',(7.70926986818073,-10.6193651947206,47.2527036446662));
#4547=CARTESIAN_POINT('',(6.8593276188136,-8.85391287819987,47.2170268802427));
#4548=CARTESIAN_POINT('',(7.94850597401516,-7.47292323461441,46.3527036446662));
#4555=SURFACE_SIDE_STYLE('',(#7568));
#4556=EDGE_LOOP('',(#7569,#7570,#7571,#7572));
#4558=CARTESIAN_POINT('',(7.70926986818073,-10.6193651947206,47.2527036446662));
#4559=CARTESIAN_POINT('',(6.85932761881362,-8.85391287819988,47.2170268802427));
#4560=CARTESIAN_POINT('',(7.94850597401517,-7.47292323461441,46.3527036446662));
#4561=CARTESIAN_POINT('',(7.7966800719407,-10.5660633652776,47.4419479425164));
#4562=CARTESIAN_POINT('',(6.99762957122034,-8.81621448102854,47.4704628028109));
#4563=CARTESIAN_POINT('',(8.13903530523629,-7.39208821581099,46.8259348842548));
#4564=CARTESIAN_POINT('',(7.86815602774145,-10.5551907837692,47.642357424383));
#4565=CARTESIAN_POINT('',(7.09816784335988,-8.8101713690905,47.7610140448145));
#4566=CARTESIAN_POINT('',(8.28364826963662,-7.36098115905516,47.3268029529641));
#4567=CARTESIAN_POINT('',(7.92757454788509,-10.5944847775485,47.8527036446661));
#4568=CARTESIAN_POINT('',(7.1489164255217,-8.84669444647512,48.0672820526165));
#4569=CARTESIAN_POINT('',(8.38502893797659,-7.38617899997391,47.8527036446661));
#4576=SURFACE_SIDE_STYLE('',(#7573));
#4577=EDGE_LOOP('',(#7574,#7575,#7576,#7577));
#4579=CARTESIAN_POINT('',(7.92757454788509,-10.5944847775485,47.8527036446661));
#4580=CARTESIAN_POINT('',(7.14891642552169,-8.84669444647512,48.0672820526165));
#4581=CARTESIAN_POINT('',(8.38502893797659,-7.38617899997391,47.8527036446661));
#4582=CARTESIAN_POINT('',(8.05688145030217,-10.6129219260752,48.4721049211958));
#4583=CARTESIAN_POINT('',(7.28201620717398,-8.87459023172057,48.6833605619154));
#4584=CARTESIAN_POINT('',(8.50443420925066,-7.41585680174471,48.4721049278548));
#4585=CARTESIAN_POINT('',(8.18594856020934,-10.6308233297737,49.0915662588372));
#4586=CARTESIAN_POINT('',(7.41500636450519,-8.90176848316771,49.3006054846428));
#4587=CARTESIAN_POINT('',(8.62388095351362,-7.44485170912829,49.0915662654069));
#4588=CARTESIAN_POINT('',(8.31478720432548,-10.6482142954623,49.7110848190216));
#4589=CARTESIAN_POINT('',(7.54787007614404,-8.92825865984319,49.9188594696433));
#4590=CARTESIAN_POINT('',(8.7433595166244,-7.47319362085142,49.7110848190216));
#4597=SURFACE_SIDE_STYLE('',(#7578));
#4598=EDGE_LOOP('',(#7579,#7580,#7581,#7582));
#4599=AXIS2_PLACEMENT_3D('',#7583,#7584,#7585);
#4600=SURFACE_SIDE_STYLE('',(#7586));
#4601=EDGE_LOOP('',(#7587));
#4602=AXIS2_PLACEMENT_3D('',#7588,#7589,#7590);
#4603=SURFACE_SIDE_STYLE('',(#7591));
#4604=EDGE_LOOP('',(#7592));
#4605=EDGE_LOOP('',(#7593));
#4606=AXIS2_PLACEMENT_3D('',#7594,#7595,#7596);
#4607=SURFACE_SIDE_STYLE('',(#7597));
#4608=EDGE_LOOP('',(#7598));
#4609=EDGE_LOOP('',(#7599));
#4610=AXIS2_PLACEMENT_3D('',#7600,#7601,#7602);
#4611=SURFACE_SIDE_STYLE('',(#7603));
#4612=EDGE_LOOP('',(#7604));
#4613=EDGE_LOOP('',(#7605));
#4614=AXIS2_PLACEMENT_3D('',#7606,#7607,#7608);
#4615=SURFACE_SIDE_STYLE('',(#7609));
#4616=EDGE_LOOP('',(#7610));
#4617=EDGE_LOOP('',(#7611));
#4618=AXIS2_PLACEMENT_3D('',#7612,#7613,#7614);
#4619=SURFACE_SIDE_STYLE('',(#7615));
#4620=EDGE_LOOP('',(#7616));
#4621=EDGE_LOOP('',(#7617));
#4622=AXIS2_PLACEMENT_3D('',#7618,#7619,#7620);
#4623=SURFACE_SIDE_STYLE('',(#7621));
#4624=EDGE_LOOP('',(#7622));
#4625=EDGE_LOOP('',(#7623));
#4626=AXIS2_PLACEMENT_3D('',#7624,#7625,#7626);
#4627=SURFACE_SIDE_STYLE('',(#7627));
#4628=EDGE_LOOP('',(#7628));
#4629=EDGE_LOOP('',(#7629));
#4630=AXIS2_PLACEMENT_3D('',#7630,#7631,#7632);
#4631=SURFACE_SIDE_STYLE('',(#7633));
#4632=EDGE_LOOP('',(#7634));
#4633=EDGE_LOOP('',(#7635));
#4634=AXIS2_PLACEMENT_3D('',#7636,#7637,#7638);
#4635=SURFACE_SIDE_STYLE('',(#7639));
#4636=EDGE_LOOP('',(#7640));
#4637=EDGE_LOOP('',(#7641));
#4638=AXIS2_PLACEMENT_3D('',#7642,#7643,#7644);
#4639=SURFACE_SIDE_STYLE('',(#7645));
#4640=EDGE_LOOP('',(#7646));
#4641=EDGE_LOOP('',(#7647));
#4642=AXIS2_PLACEMENT_3D('',#7648,#7649,#7650);
#4643=SURFACE_SIDE_STYLE('',(#7651));
#4644=EDGE_LOOP('',(#7652));
#4645=EDGE_LOOP('',(#7653));
#4646=AXIS2_PLACEMENT_3D('',#7654,#7655,#7656);
#4647=SURFACE_SIDE_STYLE('',(#7657));
#4648=EDGE_LOOP('',(#7658));
#4649=EDGE_LOOP('',(#7659));
#4650=AXIS2_PLACEMENT_3D('',#7660,#7661,#7662);
#4651=SURFACE_SIDE_STYLE('',(#7663));
#4652=EDGE_LOOP('',(#7664));
#4653=EDGE_LOOP('',(#7665));
#4654=AXIS2_PLACEMENT_3D('',#7666,#7667,#7668);
#4655=SURFACE_SIDE_STYLE('',(#7669));
#4656=EDGE_LOOP('',(#7670));
#4657=EDGE_LOOP('',(#7671));
#4658=AXIS2_PLACEMENT_3D('',#7672,#7673,#7674);
#4659=SURFACE_SIDE_STYLE('',(#7675));
#4660=EDGE_LOOP('',(#7676));
#4661=EDGE_LOOP('',(#7677));
#4662=AXIS2_PLACEMENT_3D('',#7678,#7679,#7680);
#4663=SURFACE_SIDE_STYLE('',(#7681));
#4664=EDGE_LOOP('',(#7682));
#4665=EDGE_LOOP('',(#7683));
#4666=AXIS2_PLACEMENT_3D('',#7684,#7685,#7686);
#4667=SURFACE_SIDE_STYLE('',(#7687));
#4668=EDGE_LOOP('',(#7688));
#4669=EDGE_LOOP('',(#7689));
#4670=AXIS2_PLACEMENT_3D('',#7690,#7691,#7692);
#4671=SURFACE_SIDE_STYLE('',(#7693));
#4672=EDGE_LOOP('',(#7694));
#4673=EDGE_LOOP('',(#7695));
#4674=AXIS2_PLACEMENT_3D('',#7696,#7697,#7698);
#4675=SURFACE_SIDE_STYLE('',(#7699));
#4676=EDGE_LOOP('',(#7700));
#4677=EDGE_LOOP('',(#7701));
#4678=AXIS2_PLACEMENT_3D('',#7702,#7703,#7704);
#4679=SURFACE_SIDE_STYLE('',(#7705));
#4680=EDGE_LOOP('',(#7706));
#4681=EDGE_LOOP('',(#7707));
#4682=AXIS2_PLACEMENT_3D('',#7708,#7709,#7710);
#4683=SURFACE_SIDE_STYLE('',(#7711));
#4684=EDGE_LOOP('',(#7712));
#4685=EDGE_LOOP('',(#7713));
#4686=AXIS2_PLACEMENT_3D('',#7714,#7715,#7716);
#4687=SURFACE_SIDE_STYLE('',(#7717));
#4688=EDGE_LOOP('',(#7718));
#4689=EDGE_LOOP('',(#7719));
#4690=AXIS2_PLACEMENT_3D('',#7720,#7721,#7722);
#4691=SURFACE_SIDE_STYLE('',(#7723));
#4692=EDGE_LOOP('',(#7724));
#4693=EDGE_LOOP('',(#7725));
#4694=AXIS2_PLACEMENT_3D('',#7726,#7727,#7728);
#4695=SURFACE_SIDE_STYLE('',(#7729));
#4696=EDGE_LOOP('',(#7730));
#4697=EDGE_LOOP('',(#7731));
#4698=AXIS2_PLACEMENT_3D('',#7732,#7733,#7734);
#4699=SURFACE_SIDE_STYLE('',(#7735));
#4700=EDGE_LOOP('',(#7736));
#4701=EDGE_LOOP('',(#7737));
#4702=AXIS2_PLACEMENT_3D('',#7738,#7739,#7740);
#4703=SURFACE_SIDE_STYLE('',(#7741));
#4704=EDGE_LOOP('',(#7742));
#4705=EDGE_LOOP('',(#7743));
#4706=AXIS2_PLACEMENT_3D('',#7744,#7745,#7746);
#4707=SURFACE_SIDE_STYLE('',(#7747));
#4708=EDGE_LOOP('',(#7748));
#4709=EDGE_LOOP('',(#7749));
#4710=AXIS2_PLACEMENT_3D('',#7750,#7751,#7752);
#4711=SURFACE_SIDE_STYLE('',(#7753));
#4712=EDGE_LOOP('',(#7754));
#4713=EDGE_LOOP('',(#7755));
#4714=AXIS2_PLACEMENT_3D('',#7756,#7757,#7758);
#4715=SURFACE_SIDE_STYLE('',(#7759));
#4716=EDGE_LOOP('',(#7760));
#4717=EDGE_LOOP('',(#7761));
#4718=AXIS2_PLACEMENT_3D('',#7762,#7763,#7764);
#4719=SURFACE_SIDE_STYLE('',(#7765));
#4720=EDGE_LOOP('',(#7766));
#4721=EDGE_LOOP('',(#7767));
#4722=AXIS2_PLACEMENT_3D('',#7768,#7769,#7770);
#4723=SURFACE_SIDE_STYLE('',(#7771));
#4724=EDGE_LOOP('',(#7772));
#4725=EDGE_LOOP('',(#7773));
#4726=AXIS2_PLACEMENT_3D('',#7774,#7775,#7776);
#4727=SURFACE_SIDE_STYLE('',(#7777));
#4728=EDGE_LOOP('',(#7778));
#4729=EDGE_LOOP('',(#7779));
#4730=AXIS2_PLACEMENT_3D('',#7780,#7781,#7782);
#4731=SURFACE_SIDE_STYLE('',(#7783));
#4732=EDGE_LOOP('',(#7784,#7785,#7786,#7787));
#4733=AXIS2_PLACEMENT_3D('',#7788,#7789,#7790);
#4734=SURFACE_SIDE_STYLE('',(#7791));
#4735=EDGE_LOOP('',(#7792,#7793,#7794,#7795));
#4736=AXIS2_PLACEMENT_3D('',#7796,#7797,#7798);
#4737=SURFACE_SIDE_STYLE('',(#7799));
#4738=EDGE_LOOP('',(#7800,#7801,#7802,#7803));
#4739=AXIS2_PLACEMENT_3D('',#7804,#7805,#7806);
#4740=SURFACE_SIDE_STYLE('',(#7807));
#4741=EDGE_LOOP('',(#7808,#7809,#7810));
#4742=AXIS2_PLACEMENT_3D('',#7811,#7812,#7813);
#4743=SURFACE_SIDE_STYLE('',(#7814));
#4744=EDGE_LOOP('',(#7815,#7816,#7817,#7818));
#4745=AXIS2_PLACEMENT_3D('',#7819,#7820,#7821);
#4746=SURFACE_SIDE_STYLE('',(#7822));
#4747=EDGE_LOOP('',(#7823,#7824,#7825,#7826));
#4748=AXIS2_PLACEMENT_3D('',#7827,#7828,#7829);
#4749=SURFACE_SIDE_STYLE('',(#7830));
#4750=EDGE_LOOP('',(#7831,#7832,#7833,#7834));
#4751=AXIS2_PLACEMENT_3D('',#7835,#7836,#7837);
#4752=SURFACE_SIDE_STYLE('',(#7838));
#4753=EDGE_LOOP('',(#7839,#7840,#7841,#7842));
#4754=AXIS2_PLACEMENT_3D('',#7843,#7844,#7845);
#4755=SURFACE_SIDE_STYLE('',(#7846));
#4756=EDGE_LOOP('',(#7847,#7848,#7849,#7850));
#4757=AXIS2_PLACEMENT_3D('',#7851,#7852,#7853);
#4758=SURFACE_SIDE_STYLE('',(#7854));
#4759=EDGE_LOOP('',(#7855,#7856,#7857,#7858));
#4760=AXIS2_PLACEMENT_3D('',#7859,#7860,#7861);
#4761=SURFACE_SIDE_STYLE('',(#7862));
#4762=EDGE_LOOP('',(#7863,#7864,#7865,#7866));
#4763=AXIS2_PLACEMENT_3D('',#7867,#7868,#7869);
#4764=SURFACE_SIDE_STYLE('',(#7870));
#4765=EDGE_LOOP('',(#7871,#7872,#7873,#7874));
#4766=AXIS2_PLACEMENT_3D('',#7875,#7876,#7877);
#4767=SURFACE_SIDE_STYLE('',(#7878));
#4768=EDGE_LOOP('',(#7879,#7880,#7881,#7882));
#4769=AXIS2_PLACEMENT_3D('',#7883,#7884,#7885);
#4770=SURFACE_SIDE_STYLE('',(#7886));
#4771=EDGE_LOOP('',(#7887,#7888,#7889,#7890,#7891,#7892,#7893,#7894,#7895,#7896,#7897,#7898,#7899,#7900,#7901,#7902,#7903,#7904,#7905,#7906,#7907,#7908,#7909,#7910));
#4772=AXIS2_PLACEMENT_3D('',#7911,#7912,#7913);
#4773=SURFACE_SIDE_STYLE('',(#7914));
#4774=EDGE_LOOP('',(#7915,#7916,#7917,#7918));
#4775=AXIS2_PLACEMENT_3D('',#7919,#7920,#7921);
#4776=SURFACE_SIDE_STYLE('',(#7922));
#4777=EDGE_LOOP('',(#7923,#7924,#7925,#7926));
#4778=(B_SPLINE_CURVE(3,(#7928,#7929,#7930,#7931),.UNSPECIFIED.,.F.,.F.)B_SPLINE_CURVE_WITH_KNOTS((4,4),(0.0,1.0),.UNSPECIFIED.)RATIONAL_B_SPLINE_CURVE((0.500028462720277,0.499990512426574,0.499990512426574,0.500028462720277))BOUNDED_CURVE()REPRESENTATION_ITEM('')GEOMETRIC_REPRESENTATION_ITEM()CURVE());
#4779=VECTOR('',#7938,1.0);
#4780=SURFACE_SIDE_STYLE('',(#7939));
#4781=EDGE_LOOP('',(#7940,#7941,#7942,#7943));
#4782=AXIS2_PLACEMENT_3D('',#7944,#7945,#7946);
#4783=SURFACE_SIDE_STYLE('',(#7947));
#4784=EDGE_LOOP('',(#7948,#7949,#7950,#7951));
#4785=(B_SPLINE_CURVE(3,(#7953,#7954,#7955,#7956),.UNSPECIFIED.,.F.,.F.)B_SPLINE_CURVE_WITH_KNOTS((4,4),(0.0,1.0),.UNSPECIFIED.)RATIONAL_B_SPLINE_CURVE((0.52242231624277,0.492525894585743,0.492525894585743,0.52242231624277))BOUNDED_CURVE()REPRESENTATION_ITEM('')GEOMETRIC_REPRESENTATION_ITEM()CURVE());
#4786=VECTOR('',#7963,1.0);
#4787=SURFACE_SIDE_STYLE('',(#7964));
#4788=EDGE_LOOP('',(#7965,#7966,#7967,#7968));
#4789=AXIS2_PLACEMENT_3D('',#7969,#7970,#7971);
#4790=SURFACE_SIDE_STYLE('',(#7972));
#4791=EDGE_LOOP('',(#7973,#7974,#7975,#7976));
#4792=AXIS2_PLACEMENT_3D('',#7977,#7978,#7979);
#4793=SURFACE_SIDE_STYLE('',(#7980));
#4794=EDGE_LOOP('',(#7981,#7982,#7983));
#4795=AXIS2_PLACEMENT_3D('',#7984,#7985,#7986);
#4796=SURFACE_SIDE_STYLE('',(#7987));
#4797=EDGE_LOOP('',(#7988,#7989,#7990));
#4798=AXIS2_PLACEMENT_3D('',#7991,#7992,#7993);
#4799=SURFACE_SIDE_STYLE('',(#7994));
#4800=EDGE_LOOP('',(#7995,#7996,#7997));
#4801=AXIS2_PLACEMENT_3D('',#7998,#7999,#8000);
#4802=SURFACE_SIDE_STYLE('',(#8001));
#4803=EDGE_LOOP('',(#8002,#8003,#8004,#8005));
#4804=AXIS2_PLACEMENT_3D('',#8006,#8007,#8008);
#4805=SURFACE_SIDE_STYLE('',(#8009));
#4806=EDGE_LOOP('',(#8010,#8011,#8012,#8013));
#4807=AXIS2_PLACEMENT_3D('',#8014,#8015,#8016);
#4808=SURFACE_SIDE_STYLE('',(#8017));
#4809=EDGE_LOOP('',(#8018,#8019,#8020,#8021,#8022,#8023,#8024,#8025,#8026,#8027,#8028,#8029,#8030,#8031,#8032,#8033,#8034,#8035,#8036,#8037,#8038,#8039,#8040,#8041));
#4810=AXIS2_PLACEMENT_3D('',#8042,#8043,#8044);
#4811=SURFACE_SIDE_STYLE('',(#8045));
#4812=EDGE_LOOP('',(#8046,#8047,#8048,#8049));
#4813=AXIS2_PLACEMENT_3D('',#8050,#8051,#8052);
#4814=SURFACE_SIDE_STYLE('',(#8053));
#4815=EDGE_LOOP('',(#8054,#8055,#8056,#8057,#8058,#8059,#8060,#8061,#8062,#8063,#8064,#8065,#8066,#8067,#8068,#8069,#8070,#8071,#8072,#8073,#8074,#8075,#8076,#8077));
#4816=AXIS2_PLACEMENT_3D('',#8078,#8079,#8080);
#4817=SURFACE_SIDE_STYLE('',(#8081));
#4818=EDGE_LOOP('',(#8082));
#4819=EDGE_LOOP('',(#8083));
#4820=AXIS2_PLACEMENT_3D('',#8084,#8085,#8086);
#4821=SURFACE_SIDE_STYLE('',(#8087));
#4822=EDGE_LOOP('',(#8088));
#4823=EDGE_LOOP('',(#8089));
#4824=AXIS2_PLACEMENT_3D('',#8090,#8091,#8092);
#4825=SURFACE_SIDE_STYLE('',(#8093));
#4826=EDGE_LOOP('',(#8094));
#4827=EDGE_LOOP('',(#8095));
#4828=AXIS2_PLACEMENT_3D('',#8096,#8097,#8098);
#4829=SURFACE_SIDE_STYLE('',(#8099));
#4830=EDGE_LOOP('',(#8100));
#4831=EDGE_LOOP('',(#8101));
#4832=AXIS2_PLACEMENT_3D('',#8102,#8103,#8104);
#4833=SURFACE_SIDE_STYLE('',(#8105));
#4834=EDGE_LOOP('',(#8106));
#4835=EDGE_LOOP('',(#8107));
#4836=AXIS2_PLACEMENT_3D('',#8108,#8109,#8110);
#4837=SURFACE_SIDE_STYLE('',(#8111));
#4838=EDGE_LOOP('',(#8112));
#4839=EDGE_LOOP('',(#8113));
#4840=AXIS2_PLACEMENT_3D('',#8114,#8115,#8116);
#4841=SURFACE_SIDE_STYLE('',(#8117));
#4842=EDGE_LOOP('',(#8118));
#4843=EDGE_LOOP('',(#8119));
#4844=AXIS2_PLACEMENT_3D('',#8120,#8121,#8122);
#4845=SURFACE_SIDE_STYLE('',(#8123));
#4846=EDGE_LOOP('',(#8124));
#4847=EDGE_LOOP('',(#8125));
#4848=AXIS2_PLACEMENT_3D('',#8126,#8127,#8128);
#4849=SURFACE_SIDE_STYLE('',(#8129));
#4850=EDGE_LOOP('',(#8130,#8131,#8132,#8133,#8134,#8135));
#4851=AXIS2_PLACEMENT_3D('',#8136,#8137,#8138);
#4852=SURFACE_SIDE_STYLE('',(#8139));
#4853=EDGE_LOOP('',(#8140,#8141,#8142,#8143,#8144,#8145,#8146,#8147,#8148,#8149,#8150,#8151,#8152,#8153,#8154,#8155));
#4854=EDGE_LOOP('',(#8156));
#4855=AXIS2_PLACEMENT_3D('',#8157,#8158,#8159);
#4856=SURFACE_SIDE_STYLE('',(#8160));
#4857=EDGE_LOOP('',(#8161,#8162,#8163,#8164));
#4858=AXIS2_PLACEMENT_3D('',#8165,#8166,#8167);
#4859=SURFACE_SIDE_STYLE('',(#8168));
#4860=EDGE_LOOP('',(#8169,#8170,#8171,#8172,#8173));
#4861=AXIS2_PLACEMENT_3D('',#8174,#8175,#8176);
#4862=SURFACE_SIDE_STYLE('',(#8177));
#4863=EDGE_LOOP('',(#8178,#8179,#8180,#8181,#8182));
#4864=AXIS2_PLACEMENT_3D('',#8183,#8184,#8185);
#4865=SURFACE_SIDE_STYLE('',(#8186));
#4866=EDGE_LOOP('',(#8187,#8188,#8189,#8190,#8191,#8192));
#4867=AXIS2_PLACEMENT_3D('',#8193,#8194,#8195);
#4868=SURFACE_SIDE_STYLE('',(#8196));
#4869=EDGE_LOOP('',(#8197,#8198,#8199,#8200));
#4870=AXIS2_PLACEMENT_3D('',#8201,#8202,#8203);
#4871=SURFACE_SIDE_STYLE('',(#8204));
#4872=EDGE_LOOP('',(#8205,#8206,#8207,#8208));
#4873=AXIS2_PLACEMENT_3D('',#8209,#8210,#8211);
#4874=SURFACE_SIDE_STYLE('',(#8212));
#4875=EDGE_LOOP('',(#8213,#8214,#8215,#8216));
#4876=AXIS2_PLACEMENT_3D('',#8217,#8218,#8219);
#4877=SURFACE_SIDE_STYLE('',(#8220));
#4878=EDGE_LOOP('',(#8221,#8222,#8223,#8224,#8225));
#4879=AXIS2_PLACEMENT_3D('',#8226,#8227,#8228);
#4880=SURFACE_SIDE_STYLE('',(#8229));
#4881=EDGE_LOOP('',(#8230,#8231,#8232,#8233,#8234));
#4882=AXIS2_PLACEMENT_3D('',#8235,#8236,#8237);
#4883=SURFACE_SIDE_STYLE('',(#8238));
#4884=EDGE_LOOP('',(#8239,#8240,#8241,#8242,#8243,#8244));
#4885=AXIS2_PLACEMENT_3D('',#8245,#8246,#8247);
#4886=SURFACE_SIDE_STYLE('',(#8248));
#4887=EDGE_LOOP('',(#8249,#8250,#8251,#8252));
#4888=AXIS2_PLACEMENT_3D('',#8253,#8254,#8255);
#4889=SURFACE_SIDE_STYLE('',(#8256));
#4890=EDGE_LOOP('',(#8257,#8258,#8259,#8260));
#4891=AXIS2_PLACEMENT_3D('',#8261,#8262,#8263);
#4892=SURFACE_SIDE_STYLE('',(#8264));
#4893=EDGE_LOOP('',(#8265,#8266,#8267,#8268));
#4894=AXIS2_PLACEMENT_3D('',#8269,#8270,#8271);
#4895=SURFACE_SIDE_STYLE('',(#8272));
#4896=EDGE_LOOP('',(#8273,#8274,#8275,#8276));
#4897=AXIS2_PLACEMENT_3D('',#8277,#8278,#8279);
#4898=SURFACE_SIDE_STYLE('',(#8280));
#4899=EDGE_LOOP('',(#8281,#8282,#8283,#8284));
#4900=AXIS2_PLACEMENT_3D('',#8285,#8286,#8287);
#4901=SURFACE_SIDE_STYLE('',(#8288));
#4902=EDGE_LOOP('',(#8289,#8290,#8291,#8292));
#4903=AXIS2_PLACEMENT_3D('',#8293,#8294,#8295);
#4904=SURFACE_SIDE_STYLE('',(#8296));
#4905=EDGE_LOOP('',(#8297,#8298,#8299,#8300,#8301));
#4906=AXIS2_PLACEMENT_3D('',#8302,#8303,#8304);
#4907=SURFACE_SIDE_STYLE('',(#8305));
#4908=EDGE_LOOP('',(#8306,#8307,#8308,#8309,#8310));
#4909=AXIS2_PLACEMENT_3D('',#8311,#8312,#8313);
#4910=SURFACE_SIDE_STYLE('',(#8314));
#4911=EDGE_LOOP('',(#8315,#8316,#8317,#8318,#8319,#8320));
#4912=AXIS2_PLACEMENT_3D('',#8321,#8322,#8323);
#4913=SURFACE_SIDE_STYLE('',(#8324));
#4914=EDGE_LOOP('',(#8325,#8326,#8327,#8328));
#4915=AXIS2_PLACEMENT_3D('',#8329,#8330,#8331);
#4916=SURFACE_SIDE_STYLE('',(#8332));
#4917=EDGE_LOOP('',(#8333,#8334,#8335,#8336));
#4918=AXIS2_PLACEMENT_3D('',#8337,#8338,#8339);
#4919=SURFACE_SIDE_STYLE('',(#8340));
#4920=EDGE_LOOP('',(#8341,#8342,#8343,#8344));
#4921=AXIS2_PLACEMENT_3D('',#8345,#8346,#8347);
#4922=SURFACE_SIDE_STYLE('',(#8348));
#4923=EDGE_LOOP('',(#8349,#8350,#8351,#8352,#8353,#8354));
#4924=AXIS2_PLACEMENT_3D('',#8355,#8356,#8357);
#4925=SURFACE_SIDE_STYLE('',(#8358));
#4926=EDGE_LOOP('',(#8359,#8360,#8361,#8362,#8363));
#4927=AXIS2_PLACEMENT_3D('',#8364,#8365,#8366);
#4928=SURFACE_SIDE_STYLE('',(#8367));
#4929=EDGE_LOOP('',(#8368,#8369,#8370,#8371,#8372));
#4930=AXIS2_PLACEMENT_3D('',#8373,#8374,#8375);
#4931=SURFACE_SIDE_STYLE('',(#8376));
#4932=EDGE_LOOP('',(#8377,#8378,#8379,#8380));
#4933=AXIS2_PLACEMENT_3D('',#8381,#8382,#8383);
#4934=SURFACE_SIDE_STYLE('',(#8384));
#4935=EDGE_LOOP('',(#8385,#8386,#8387,#8388));
#4936=AXIS2_PLACEMENT_3D('',#8389,#8390,#8391);
#4937=SURFACE_SIDE_STYLE('',(#8392));
#4938=EDGE_LOOP('',(#8393,#8394,#8395,#8396));
#4940=CARTESIAN_POINT('',(-3.08594354688911,-12.8672646020588,47.8527036446661));
#4941=CARTESIAN_POINT('',(-2.2387853679218,-11.1516298703269,48.0672820526165));
#4942=CARTESIAN_POINT('',(-0.325474344651963,-11.1695307404265,47.8527036446661));
#4943=CARTESIAN_POINT('',(-3.01751842721007,-12.9785219903812,48.4721049211951));
#4944=CARTESIAN_POINT('',(-2.17521385742664,-11.2718479628292,48.6833605619145));
#4945=CARTESIAN_POINT('',(-0.272022675200976,-11.2803518113414,48.4721049278549));
#4946=CARTESIAN_POINT('',(-2.94883434165266,-13.0892526343072,49.0915662588372));
#4947=CARTESIAN_POINT('',(-2.11116036739556,-11.3915233141448,49.3006054846427));
#4948=CARTESIAN_POINT('',(-0.218019144795429,-11.3907685133088,49.0915662654067));
#4949=CARTESIAN_POINT('',(-2.8799035231045,-13.1994814153024,49.7110848190216));
#4950=CARTESIAN_POINT('',(-2.04665830784109,-11.5106618034916,49.9188594696433));
#4951=CARTESIAN_POINT('',(-0.163492922845343,-11.5007925203379,49.7110848190216));
#4958=SURFACE_SIDE_STYLE('',(#8397));
#4959=EDGE_LOOP('',(#8398,#8399,#8400,#8401));
#4960=AXIS2_PLACEMENT_3D('',#8402,#8403,#8404);
#4961=SURFACE_SIDE_STYLE('',(#8405));
#4962=EDGE_LOOP('',(#8406));
#4963=EDGE_LOOP('',(#8407));
#4964=AXIS2_PLACEMENT_3D('',#8408,#8409,#8410);
#4965=SURFACE_SIDE_STYLE('',(#8411));
#4966=EDGE_LOOP('',(#8412));
#4967=EDGE_LOOP('',(#8413));
#4968=AXIS2_PLACEMENT_3D('',#8414,#8415,#8416);
#4969=SURFACE_SIDE_STYLE('',(#8417));
#4970=EDGE_LOOP('',(#8418));
#4971=EDGE_LOOP('',(#8419));
#4972=AXIS2_PLACEMENT_3D('',#8420,#8421,#8422);
#4973=SURFACE_SIDE_STYLE('',(#8423));
#4974=EDGE_LOOP('',(#8424));
#4975=EDGE_LOOP('',(#8425));
#4976=AXIS2_PLACEMENT_3D('',#8426,#8427,#8428);
#4977=SURFACE_SIDE_STYLE('',(#8429));
#4978=EDGE_LOOP('',(#8430));
#4979=EDGE_LOOP('',(#8431));
#4980=AXIS2_PLACEMENT_3D('',#8432,#8433,#8434);
#4981=SURFACE_SIDE_STYLE('',(#8435));
#4982=EDGE_LOOP('',(#8436));
#4983=EDGE_LOOP('',(#8437));
#4984=AXIS2_PLACEMENT_3D('',#8438,#8439,#8440);
#4985=SURFACE_SIDE_STYLE('',(#8441));
#4986=EDGE_LOOP('',(#8442));
#4987=EDGE_LOOP('',(#8443));
#4988=AXIS2_PLACEMENT_3D('',#8444,#8445,#8446);
#4989=SURFACE_SIDE_STYLE('',(#8447));
#4990=EDGE_LOOP('',(#8448));
#4991=EDGE_LOOP('',(#8449));
#4992=AXIS2_PLACEMENT_3D('',#8450,#8451,#8452);
#4993=SURFACE_SIDE_STYLE('',(#8453));
#4994=EDGE_LOOP('',(#8454));
#4995=EDGE_LOOP('',(#8455));
#4996=AXIS2_PLACEMENT_3D('',#8456,#8457,#8458);
#4997=SURFACE_SIDE_STYLE('',(#8459));
#4998=EDGE_LOOP('',(#8460));
#4999=EDGE_LOOP('',(#8461));
#5000=AXIS2_PLACEMENT_3D('',#8462,#8463,#8464);
#5001=SURFACE_SIDE_STYLE('',(#8465));
#5002=EDGE_LOOP('',(#8466,#8467,#8468,#8469));
#5003=AXIS2_PLACEMENT_3D('',#8470,#8471,#8472);
#5004=SURFACE_SIDE_STYLE('',(#8473));
#5005=EDGE_LOOP('',(#8474,#8475,#8476,#8477));
#5006=AXIS2_PLACEMENT_3D('',#8478,#8479,#8480);
#5007=SURFACE_SIDE_STYLE('',(#8481));
#5008=EDGE_LOOP('',(#8482,#8483,#8484,#8485));
#5009=AXIS2_PLACEMENT_3D('',#8486,#8487,#8488);
#5010=SURFACE_SIDE_STYLE('',(#8489));
#5011=EDGE_LOOP('',(#8490,#8491,#8492,#8493));
#5012=AXIS2_PLACEMENT_3D('',#8494,#8495,#8496);
#5013=SURFACE_SIDE_STYLE('',(#8497));
#5014=EDGE_LOOP('',(#8498,#8499,#8500,#8501));
#5015=EDGE_LOOP('',(#8502));
#5016=EDGE_LOOP('',(#8503));
#5017=EDGE_LOOP('',(#8504));
#5018=EDGE_LOOP('',(#8505));
#5019=EDGE_LOOP('',(#8506));
#5020=EDGE_LOOP('',(#8507));
#5021=EDGE_LOOP('',(#8508));
#5022=EDGE_LOOP('',(#8509));
#5023=EDGE_LOOP('',(#8510));
#5024=EDGE_LOOP('',(#8511));
#5025=EDGE_LOOP('',(#8512,#8513,#8514,#8515));
#5026=AXIS2_PLACEMENT_3D('',#8516,#8517,#8518);
#5027=SURFACE_SIDE_STYLE('',(#8519));
#5028=EDGE_LOOP('',(#8520,#8521,#8522,#8523));
#5029=AXIS2_PLACEMENT_3D('',#8524,#8525,#8526);
#5030=SURFACE_SIDE_STYLE('',(#8527));
#5031=EDGE_LOOP('',(#8528,#8529,#8530,#8531));
#5032=AXIS2_PLACEMENT_3D('',#8532,#8533,#8534);
#5033=SURFACE_SIDE_STYLE('',(#8535));
#5034=EDGE_LOOP('',(#8536,#8537,#8538,#8539));
#5035=AXIS2_PLACEMENT_3D('',#8540,#8541,#8542);
#5036=SURFACE_SIDE_STYLE('',(#8543));
#5037=EDGE_LOOP('',(#8544,#8545,#8546,#8547));
#5038=AXIS2_PLACEMENT_3D('',#8548,#8549,#8550);
#5039=SURFACE_SIDE_STYLE('',(#8551));
#5040=EDGE_LOOP('',(#8552,#8553,#8554,#8555));
#5041=(B_SPLINE_CURVE(3,(#8557,#8558,#8559,#8560),.UNSPECIFIED.,.F.,.F.)B_SPLINE_CURVE_WITH_KNOTS((4,4),(0.0,1.0),.UNSPECIFIED.)RATIONAL_B_SPLINE_CURVE((0.502487708937192,0.499170763687603,0.499170763687603,0.502487708937192))BOUNDED_CURVE()REPRESENTATION_ITEM('')GEOMETRIC_REPRESENTATION_ITEM()CURVE());
#5042=VECTOR('',#8567,1.0);
#5043=SURFACE_SIDE_STYLE('',(#8568));
#5044=EDGE_LOOP('',(#8569,#8570,#8571,#8572));
#5045=(B_SPLINE_CURVE(3,(#8574,#8575,#8576,#8577),.UNSPECIFIED.,.F.,.F.)B_SPLINE_CURVE_WITH_KNOTS((4,4),(0.0,1.0),.UNSPECIFIED.)RATIONAL_B_SPLINE_CURVE((0.52242231624277,0.492525894585743,0.492525894585743,0.52242231624277))BOUNDED_CURVE()REPRESENTATION_ITEM('')GEOMETRIC_REPRESENTATION_ITEM()CURVE());
#5046=VECTOR('',#8584,1.0);
#5047=SURFACE_SIDE_STYLE('',(#8585));
#5048=EDGE_LOOP('',(#8586,#8587,#8588,#8589));
#5049=AXIS2_PLACEMENT_3D('',#8590,#8591,#8592);
#5050=SURFACE_SIDE_STYLE('',(#8593));
#5051=EDGE_LOOP('',(#8594,#8595,#8596));
#5052=AXIS2_PLACEMENT_3D('',#8597,#8598,#8599);
#5053=SURFACE_SIDE_STYLE('',(#8600));
#5054=EDGE_LOOP('',(#8601,#8602,#8603));
#5055=AXIS2_PLACEMENT_3D('',#8604,#8605,#8606);
#5056=SURFACE_SIDE_STYLE('',(#8607));
#5057=EDGE_LOOP('',(#8608,#8609,#8610));
#5058=AXIS2_PLACEMENT_3D('',#8611,#8612,#8613);
#5059=SURFACE_SIDE_STYLE('',(#8614));
#5060=EDGE_LOOP('',(#8615,#8616,#8617));
#5061=AXIS2_PLACEMENT_3D('',#8618,#8619,#8620);
#5062=SURFACE_SIDE_STYLE('',(#8621));
#5063=EDGE_LOOP('',(#8622,#8623,#8624,#8625));
#5064=AXIS2_PLACEMENT_3D('',#8626,#8627,#8628);
#5065=SURFACE_SIDE_STYLE('',(#8629));
#5066=EDGE_LOOP('',(#8630,#8631,#8632,#8633));
#5067=AXIS2_PLACEMENT_3D('',#8634,#8635,#8636);
#5068=SURFACE_SIDE_STYLE('',(#8637));
#5069=EDGE_LOOP('',(#8638,#8639,#8640,#8641));
#5070=AXIS2_PLACEMENT_3D('',#8642,#8643,#8644);
#5071=SURFACE_SIDE_STYLE('',(#8645));
#5072=EDGE_LOOP('',(#8646,#8647,#8648,#8649));
#5073=AXIS2_PLACEMENT_3D('',#8650,#8651,#8652);
#5074=SURFACE_SIDE_STYLE('',(#8653));
#5075=EDGE_LOOP('',(#8654,#8655,#8656,#8657));
#5076=(B_SPLINE_CURVE(3,(#8659,#8660,#8661,#8662),.UNSPECIFIED.,.F.,.F.)B_SPLINE_CURVE_WITH_KNOTS((4,4),(0.0,1.0),.UNSPECIFIED.)RATIONAL_B_SPLINE_CURVE((0.500028462720277,0.499990512426574,0.499990512426574,0.500028462720277))BOUNDED_CURVE()REPRESENTATION_ITEM('')GEOMETRIC_REPRESENTATION_ITEM()CURVE());
#5077=VECTOR('',#8669,1.0);
#5078=SURFACE_SIDE_STYLE('',(#8670));
#5079=EDGE_LOOP('',(#8671,#8672,#8673,#8674));
#5080=AXIS2_PLACEMENT_3D('',#8675,#8676,#8677);
#5081=SURFACE_SIDE_STYLE('',(#8678));
#5082=EDGE_LOOP('',(#8679,#8680,#8681,#8682));
#5083=(B_SPLINE_CURVE(3,(#8684,#8685,#8686,#8687),.UNSPECIFIED.,.F.,.F.)B_SPLINE_CURVE_WITH_KNOTS((4,4),(0.0,1.0),.UNSPECIFIED.)RATIONAL_B_SPLINE_CURVE((0.500028462720277,0.499990512426574,0.499990512426574,0.500028462720277))BOUNDED_CURVE()REPRESENTATION_ITEM('')GEOMETRIC_REPRESENTATION_ITEM()CURVE());
#5084=VECTOR('',#8694,1.0);
#5085=SURFACE_SIDE_STYLE('',(#8695));
#5086=EDGE_LOOP('',(#8696));
#5087=EDGE_LOOP('',(#8697));
#5088=AXIS2_PLACEMENT_3D('',#8698,#8699,#8700);
#5089=SURFACE_SIDE_STYLE('',(#8701));
#5090=EDGE_LOOP('',(#8702));
#5091=EDGE_LOOP('',(#8703));
#5092=AXIS2_PLACEMENT_3D('',#8704,#8705,#8706);
#5093=SURFACE_SIDE_STYLE('',(#8707));
#5094=EDGE_LOOP('',(#8708,#8709,#8710,#8711,#8712,#8713));
#5095=AXIS2_PLACEMENT_3D('',#8714,#8715,#8716);
#5096=SURFACE_SIDE_STYLE('',(#8717));
#5097=EDGE_LOOP('',(#8718,#8719,#8720,#8721,#8722,#8723));
#5098=AXIS2_PLACEMENT_3D('',#8724,#8725,#8726);
#5099=DRAUGHTING_PRE_DEFINED_CURVE_FONT('continuous');
#5100=COLOUR_RGB('',0.941176474094391,0.627451002597809,0.431372553110123);
#5101=CARTESIAN_POINT('',(-15.8441826068943,-34.6937498181267,46.2));
#5102=CARTESIAN_POINT('',(-16.6940512758157,-36.5041981729785,48.2));
#5103=AXIS2_PLACEMENT_3D('',#8727,#8728,#8729);
#5104=DRAUGHTING_PRE_DEFINED_CURVE_FONT('continuous');
#5105=COLOUR_RGB('',0.941176474094391,0.627451002597809,0.431372553110123);
#5106=CARTESIAN_POINT('',(-13.6580021144256,-35.3885867085495,47.8527036446661));
#5107=AXIS2_PLACEMENT_3D('',#8730,#8731,#8732);
#5108=DRAUGHTING_PRE_DEFINED_CURVE_FONT('continuous');
#5109=COLOUR_RGB('',0.941176474094391,0.627451002597809,0.431372553110123);
#5110=CARTESIAN_POINT('',(-15.4409456907119,-34.5516294543535,46.2));
#5111=AXIS2_PLACEMENT_3D('',#8733,#8734,#8735);
#5112=DRAUGHTING_PRE_DEFINED_CURVE_FONT('continuous');
#5113=COLOUR_RGB('',0.941176474094391,0.627451002597809,0.431372553110123);
#5114=AXIS2_PLACEMENT_3D('',#8736,#8737,#8738);
#5115=DRAUGHTING_PRE_DEFINED_CURVE_FONT('continuous');
#5116=COLOUR_RGB('',0.941176474094391,0.627451002597809,0.431372553110123);
#5117=CARTESIAN_POINT('',(-16.7166895391353,-33.9527641382351,46.2));
#5118=CARTESIAN_POINT('',(-18.4996331154216,-33.1158068840392,47.8527036446661));
#5119=AXIS2_PLACEMENT_3D('',#8739,#8740,#8741);
#5120=DRAUGHTING_PRE_DEFINED_CURVE_FONT('continuous');
#5121=COLOUR_RGB('',0.941176474094391,0.627451002597809,0.431372553110123);
#5122=CARTESIAN_POINT('',(-17.4182818925508,-36.1642266357694,48.2));
#5123=AXIS2_PLACEMENT_3D('',#8742,#8743,#8744);
#5124=DRAUGHTING_PRE_DEFINED_CURVE_FONT('continuous');
#5125=COLOUR_RGB('',0.941176474094391,0.627451002597809,0.431372553110123);
#5126=CARTESIAN_POINT('',(-16.5684132236294,-34.3537782809175,46.2));
#5127=AXIS2_PLACEMENT_3D('',#8745,#8746,#8747);
#5128=DRAUGHTING_PRE_DEFINED_CURVE_FONT('continuous');
#5129=COLOUR_RGB('',0.941176474094391,0.627451002597809,0.431372553110123);
#5130=AXIS2_PLACEMENT_3D('',#8748,#8749,#8750);
#5131=DRAUGHTING_PRE_DEFINED_CURVE_FONT('continuous');
#5132=COLOUR_RGB('',0.941176474094391,0.627451002597809,0.431372553110123);
#5133=CARTESIAN_POINT('',(15.8441826068943,34.6937498181267,46.2));
#5134=CARTESIAN_POINT('',(16.6940512758157,36.5041981729785,48.2));
#5135=AXIS2_PLACEMENT_3D('',#8751,#8752,#8753);
#5136=DRAUGHTING_PRE_DEFINED_CURVE_FONT('continuous');
#5137=COLOUR_RGB('',0.941176474094391,0.627451002597809,0.431372553110123);
#5138=CARTESIAN_POINT('',(13.6580021144256,35.3885867085495,47.8527036446661));
#5139=AXIS2_PLACEMENT_3D('',#8754,#8755,#8756);
#5140=DRAUGHTING_PRE_DEFINED_CURVE_FONT('continuous');
#5141=COLOUR_RGB('',0.941176474094391,0.627451002597809,0.431372553110123);
#5142=CARTESIAN_POINT('',(15.4409456907119,34.5516294543535,46.2));
#5143=AXIS2_PLACEMENT_3D('',#8757,#8758,#8759);
#5144=DRAUGHTING_PRE_DEFINED_CURVE_FONT('continuous');
#5145=COLOUR_RGB('',0.941176474094391,0.627451002597809,0.431372553110123);
#5146=AXIS2_PLACEMENT_3D('',#8760,#8761,#8762);
#5147=DRAUGHTING_PRE_DEFINED_CURVE_FONT('continuous');
#5148=COLOUR_RGB('',0.941176474094391,0.627451002597809,0.431372553110123);
#5149=CARTESIAN_POINT('',(13.3631450826458,35.5269997996764,49.7));
#5150=CARTESIAN_POINT('',(13.3631450826458,35.5269997996764,49.7));
#5151=VECTOR('',#8763,1000.0);
#5152=DRAUGHTING_PRE_DEFINED_CURVE_FONT('continuous');
#5153=COLOUR_RGB('',0.941176474094391,0.627451002597809,0.431372553110123);
#5154=CARTESIAN_POINT('',(16.454628106711,36.6165892552707,49.7));
#5155=CARTESIAN_POINT('',(16.4727667112474,36.6080745513565,49.5863605936454));
#5156=VECTOR('',#8764,1000.0);
#5157=DRAUGHTING_PRE_DEFINED_CURVE_FONT('continuous');
#5158=COLOUR_RGB('',0.941176474094391,0.627451002597809,0.431372553110123);
#5159=AXIS2_PLACEMENT_3D('',#8765,#8766,#8767);
#5160=DRAUGHTING_PRE_DEFINED_CURVE_FONT('continuous');
#5161=COLOUR_RGB('',0.941176474094391,0.627451002597809,0.431372553110123);
#5162=CARTESIAN_POINT('',(17.4182818925508,36.1642266357694,48.2));
#5163=CARTESIAN_POINT('',(17.6577050616555,36.0518355534771,49.7));
#5164=CARTESIAN_POINT('',(17.7214540037318,36.0219102433172,50.0993908086339));
#5165=VECTOR('',#8768,1000.0);
#5166=DRAUGHTING_PRE_DEFINED_CURVE_FONT('continuous');
#5167=COLOUR_RGB('',0.941176474094391,0.627451002597809,0.431372553110123);
#5168=CARTESIAN_POINT('',(18.4996331154216,33.1158068840392,47.8527036446661));
#5169=AXIS2_PLACEMENT_3D('',#8769,#8770,#8771);
#5170=DRAUGHTING_PRE_DEFINED_CURVE_FONT('continuous');
#5171=COLOUR_RGB('',0.941176474094391,0.627451002597809,0.431372553110123);
#5172=CARTESIAN_POINT('',(18.7944901472014,32.9773937929122,49.7));
#5173=CARTESIAN_POINT('',(18.235836085957,33.2396396515941,46.2));
#5174=VECTOR('',#8772,1000.0);
#5175=DRAUGHTING_PRE_DEFINED_CURVE_FONT('continuous');
#5176=COLOUR_RGB('',0.941176474094391,0.627451002597809,0.431372553110123);
#5177=AXIS2_PLACEMENT_3D('',#8773,#8774,#8775);
#5178=DRAUGHTING_PRE_DEFINED_CURVE_FONT('continuous');
#5179=COLOUR_RGB('',0.941176474094391,0.627451002597809,0.431372553110123);
#5180=CARTESIAN_POINT('',(16.7166895391353,33.9527641382351,46.2));
#5181=AXIS2_PLACEMENT_3D('',#8776,#8777,#8778);
#5182=DRAUGHTING_PRE_DEFINED_CURVE_FONT('continuous');
#5183=COLOUR_RGB('',0.941176474094391,0.627451002597809,0.431372553110123);
#5184=CARTESIAN_POINT('',(16.5684132236294,34.3537782809175,46.2));
#5185=AXIS2_PLACEMENT_3D('',#8779,#8780,#8781);
#5186=DRAUGHTING_PRE_DEFINED_CURVE_FONT('continuous');
#5187=COLOUR_RGB('',0.941176474094391,0.627451002597809,0.431372553110123);
#5188=AXIS2_PLACEMENT_3D('',#8782,#8783,#8784);
#5189=DRAUGHTING_PRE_DEFINED_CURVE_FONT('continuous');
#5190=COLOUR_RGB('',0.941176474094391,0.627451002597809,0.431372553110123);
#5191=CARTESIAN_POINT('',(-16.6940512758157,36.5041981729785,48.2));
#5192=CARTESIAN_POINT('',(-15.8441826068943,34.6937498181267,46.2));
#5193=AXIS2_PLACEMENT_3D('',#8785,#8786,#8787);
#5194=DRAUGHTING_PRE_DEFINED_CURVE_FONT('continuous');
#5195=COLOUR_RGB('',0.941176474094391,0.627451002597809,0.431372553110123);
#5196=CARTESIAN_POINT('',(-15.4409456907119,34.5516294543535,46.2));
#5197=AXIS2_PLACEMENT_3D('',#8788,#8789,#8790);
#5198=DRAUGHTING_PRE_DEFINED_CURVE_FONT('continuous');
#5199=COLOUR_RGB('',0.941176474094391,0.627451002597809,0.431372553110123);
#5200=CARTESIAN_POINT('',(-13.6580021144256,35.3885867085495,47.8527036446661));
#5201=AXIS2_PLACEMENT_3D('',#8791,#8792,#8793);
#5202=DRAUGHTING_PRE_DEFINED_CURVE_FONT('continuous');
#5203=COLOUR_RGB('',0.941176474094391,0.627451002597809,0.431372553110123);
#5204=AXIS2_PLACEMENT_3D('',#8794,#8795,#8796);
#5205=DRAUGHTING_PRE_DEFINED_CURVE_FONT('continuous');
#5206=COLOUR_RGB('',0.941176474094391,0.627451002597809,0.431372553110123);
#5207=CARTESIAN_POINT('',(-13.3631450826458,35.5269997996764,49.7));
#5208=CARTESIAN_POINT('',(-13.3631450826458,35.5269997996764,49.7));
#5209=VECTOR('',#8797,1000.0);
#5210=DRAUGHTING_PRE_DEFINED_CURVE_FONT('continuous');
#5211=COLOUR_RGB('',0.941176474094391,0.627451002597809,0.431372553110123);
#5212=CARTESIAN_POINT('',(-16.454628106711,36.6165892552707,49.7));
#5213=AXIS2_PLACEMENT_3D('',#8798,#8799,#8800);
#5214=DRAUGHTING_PRE_DEFINED_CURVE_FONT('continuous');
#5215=COLOUR_RGB('',0.941176474094391,0.627451002597809,0.431372553110123);
#5216=CARTESIAN_POINT('',(-16.4727667112474,36.6080745513565,49.5863605936454));
#5217=VECTOR('',#8801,1000.0);
#5218=DRAUGHTING_PRE_DEFINED_CURVE_FONT('continuous');
#5219=COLOUR_RGB('',0.941176474094391,0.627451002597809,0.431372553110123);
#5220=CARTESIAN_POINT('',(-17.6577050616555,36.0518355534771,49.7));
#5221=CARTESIAN_POINT('',(-17.4182818925508,36.1642266357694,48.2));
#5222=CARTESIAN_POINT('',(-17.7214540037318,36.0219102433172,50.0993908086339));
#5223=VECTOR('',#8802,1000.0);
#5224=DRAUGHTING_PRE_DEFINED_CURVE_FONT('continuous');
#5225=COLOUR_RGB('',0.941176474094391,0.627451002597809,0.431372553110123);
#5226=CARTESIAN_POINT('',(-18.7944901472014,32.9773937929122,49.7));
#5227=AXIS2_PLACEMENT_3D('',#8803,#8804,#8805);
#5228=DRAUGHTING_PRE_DEFINED_CURVE_FONT('continuous');
#5229=COLOUR_RGB('',0.941176474094391,0.627451002597809,0.431372553110123);
#5230=CARTESIAN_POINT('',(-18.4996331154216,33.1158068840392,47.8527036446661));
#5231=CARTESIAN_POINT('',(-18.235836085957,33.2396396515941,46.2));
#5232=VECTOR('',#8806,1000.0);
#5233=DRAUGHTING_PRE_DEFINED_CURVE_FONT('continuous');
#5234=COLOUR_RGB('',0.941176474094391,0.627451002597809,0.431372553110123);
#5235=AXIS2_PLACEMENT_3D('',#8807,#8808,#8809);
#5236=DRAUGHTING_PRE_DEFINED_CURVE_FONT('continuous');
#5237=COLOUR_RGB('',0.941176474094391,0.627451002597809,0.431372553110123);
#5238=CARTESIAN_POINT('',(-16.7166895391353,33.9527641382351,46.2));
#5239=AXIS2_PLACEMENT_3D('',#8810,#8811,#8812);
#5240=DRAUGHTING_PRE_DEFINED_CURVE_FONT('continuous');
#5241=COLOUR_RGB('',0.941176474094391,0.627451002597809,0.431372553110123);
#5242=CARTESIAN_POINT('',(-16.5684132236294,34.3537782809175,46.2));
#5243=AXIS2_PLACEMENT_3D('',#8813,#8814,#8815);
#5244=DRAUGHTING_PRE_DEFINED_CURVE_FONT('continuous');
#5245=COLOUR_RGB('',0.941176474094391,0.627451002597809,0.431372553110123);
#5246=AXIS2_PLACEMENT_3D('',#8816,#8817,#8818);
#5247=DRAUGHTING_PRE_DEFINED_CURVE_FONT('continuous');
#5248=COLOUR_RGB('',0.941176474094391,0.627451002597809,0.431372553110123);
#5249=CARTESIAN_POINT('',(16.6940512758157,-36.5041981729785,48.2));
#5250=CARTESIAN_POINT('',(15.8441826068943,-34.6937498181267,46.2));
#5251=AXIS2_PLACEMENT_3D('',#8819,#8820,#8821);
#5252=DRAUGHTING_PRE_DEFINED_CURVE_FONT('continuous');
#5253=COLOUR_RGB('',0.941176474094391,0.627451002597809,0.431372553110123);
#5254=CARTESIAN_POINT('',(15.4409456907119,-34.5516294543535,46.2));
#5255=AXIS2_PLACEMENT_3D('',#8822,#8823,#8824);
#5256=DRAUGHTING_PRE_DEFINED_CURVE_FONT('continuous');
#5257=COLOUR_RGB('',0.941176474094391,0.627451002597809,0.431372553110123);
#5258=CARTESIAN_POINT('',(13.6580021144256,-35.3885867085495,47.8527036446661));
#5259=AXIS2_PLACEMENT_3D('',#8825,#8826,#8827);
#5260=DRAUGHTING_PRE_DEFINED_CURVE_FONT('continuous');
#5261=COLOUR_RGB('',0.941176474094391,0.627451002597809,0.431372553110123);
#5262=AXIS2_PLACEMENT_3D('',#8828,#8829,#8830);
#5263=DRAUGHTING_PRE_DEFINED_CURVE_FONT('continuous');
#5264=COLOUR_RGB('',0.941176474094391,0.627451002597809,0.431372553110123);
#5265=CARTESIAN_POINT('',(13.3631450826458,-35.5269997996764,49.7));
#5266=CARTESIAN_POINT('',(13.3631450826458,-35.5269997996764,49.7));
#5267=VECTOR('',#8831,1000.0);
#5268=DRAUGHTING_PRE_DEFINED_CURVE_FONT('continuous');
#5269=COLOUR_RGB('',0.941176474094391,0.627451002597809,0.431372553110123);
#5270=CARTESIAN_POINT('',(16.454628106711,-36.6165892552707,49.7));
#5271=AXIS2_PLACEMENT_3D('',#8832,#8833,#8834);
#5272=DRAUGHTING_PRE_DEFINED_CURVE_FONT('continuous');
#5273=COLOUR_RGB('',0.941176474094391,0.627451002597809,0.431372553110123);
#5274=CARTESIAN_POINT('',(16.4727667112474,-36.6080745513565,49.5863605936454));
#5275=VECTOR('',#8835,1000.0);
#5276=DRAUGHTING_PRE_DEFINED_CURVE_FONT('continuous');
#5277=COLOUR_RGB('',0.941176474094391,0.627451002597809,0.431372553110123);
#5278=CARTESIAN_POINT('',(17.6577050616555,-36.0518355534771,49.7));
#5279=CARTESIAN_POINT('',(17.4182818925508,-36.1642266357694,48.2));
#5280=CARTESIAN_POINT('',(17.7214540037318,-36.0219102433172,50.0993908086339));
#5281=VECTOR('',#8836,1000.0);
#5282=DRAUGHTING_PRE_DEFINED_CURVE_FONT('continuous');
#5283=COLOUR_RGB('',0.941176474094391,0.627451002597809,0.431372553110123);
#5284=CARTESIAN_POINT('',(18.7944901472014,-32.9773937929122,49.7));
#5285=AXIS2_PLACEMENT_3D('',#8837,#8838,#8839);
#5286=DRAUGHTING_PRE_DEFINED_CURVE_FONT('continuous');
#5287=COLOUR_RGB('',0.941176474094391,0.627451002597809,0.431372553110123);
#5288=CARTESIAN_POINT('',(18.4996331154216,-33.1158068840392,47.8527036446661));
#5289=CARTESIAN_POINT('',(18.235836085957,-33.2396396515941,46.2));
#5290=VECTOR('',#8840,1000.0);
#5291=DRAUGHTING_PRE_DEFINED_CURVE_FONT('continuous');
#5292=COLOUR_RGB('',0.941176474094391,0.627451002597809,0.431372553110123);
#5293=AXIS2_PLACEMENT_3D('',#8841,#8842,#8843);
#5294=DRAUGHTING_PRE_DEFINED_CURVE_FONT('continuous');
#5295=COLOUR_RGB('',0.941176474094391,0.627451002597809,0.431372553110123);
#5296=CARTESIAN_POINT('',(16.7166895391353,-33.9527641382351,46.2));
#5297=AXIS2_PLACEMENT_3D('',#8844,#8845,#8846);
#5298=DRAUGHTING_PRE_DEFINED_CURVE_FONT('continuous');
#5299=COLOUR_RGB('',0.941176474094391,0.627451002597809,0.431372553110123);
#5300=CARTESIAN_POINT('',(16.5684132236294,-34.3537782809175,46.2));
#5301=AXIS2_PLACEMENT_3D('',#8847,#8848,#8849);
#5302=DRAUGHTING_PRE_DEFINED_CURVE_FONT('continuous');
#5303=COLOUR_RGB('',0.941176474094391,0.627451002597809,0.431372553110123);
#5304=AXIS2_PLACEMENT_3D('',#8850,#8851,#8852);
#5305=DRAUGHTING_PRE_DEFINED_CURVE_FONT('continuous');
#5306=COLOUR_RGB('',0.941176474094391,0.627451002597809,0.431372553110123);
#5307=CARTESIAN_POINT('',(66.9858413036531,-69.95,6.00192160692083));
#5308=CARTESIAN_POINT('',(66.9858413036531,-70.7655099902352,6.00192160692083));
#5309=CARTESIAN_POINT('',(66.9858413036531,80.0,6.00192160692083));
#5310=VECTOR('',#8853,1000.0);
#5311=DRAUGHTING_PRE_DEFINED_CURVE_FONT('continuous');
#5312=COLOUR_RGB('',0.941176474094391,0.627451002597809,0.431372553110123);
#5313=CARTESIAN_POINT('',(63.9861823401507,-70.8489290408724,5.67478807501003));
#5314=CARTESIAN_POINT('',(66.9858413036531,-70.7655099902352,6.00192160692083));
#5315=CARTESIAN_POINT('',(65.9877748477411,-70.7971602941146,5.8778027681781));
#5316=CARTESIAN_POINT('',(64.9877522155823,-70.8249703763727,5.76874362206768));
#5317=CARTESIAN_POINT('',(63.9861823401507,-70.8489290408724,5.67478807501002));
#5318=DRAUGHTING_PRE_DEFINED_CURVE_FONT('continuous');
#5319=COLOUR_RGB('',0.941176474094391,0.627451002597809,0.431372553110123);
#5320=CARTESIAN_POINT('',(63.9861823401507,-69.95,5.67478807501003));
#5321=CARTESIAN_POINT('',(63.9861823401507,80.0,5.67478807501003));
#5322=VECTOR('',#8854,1000.0);
#5323=DRAUGHTING_PRE_DEFINED_CURVE_FONT('continuous');
#5324=COLOUR_RGB('',0.941176474094391,0.627451002597809,0.431372553110123);
#5326=CARTESIAN_POINT('',(63.9861823401506,-69.95,5.67478807501002));
#5327=CARTESIAN_POINT('',(64.9877900118747,-69.9500000000001,5.76874716767286));
#5328=CARTESIAN_POINT('',(65.9877522264413,-69.9500000000001,5.87779995500926));
#5329=CARTESIAN_POINT('',(66.985841303653,-69.95,6.00192160692083));
#5336=DRAUGHTING_PRE_DEFINED_CURVE_FONT('continuous');
#5337=COLOUR_RGB('',0.941176474094391,0.627451002597809,0.431372553110123);
#5338=CARTESIAN_POINT('',(-90.2,69.95,9.2));
#5339=CARTESIAN_POINT('',(-92.3754070927476,72.1254070927476,0.668991793146642));
#5340=CARTESIAN_POINT('',(-91.475,71.225,4.2));
#5341=VECTOR('',#8855,1000.0);
#5342=DRAUGHTING_PRE_DEFINED_CURVE_FONT('continuous');
#5343=COLOUR_RGB('',0.941176474094391,0.627451002597809,0.431372553110123);
#5344=CARTESIAN_POINT('',(92.3754070927476,72.1254070927476,0.668991793146649));
#5345=CARTESIAN_POINT('',(0.0,72.1254070927476,0.668991793146649));
#5346=VECTOR('',#8856,1000.0);
#5347=DRAUGHTING_PRE_DEFINED_CURVE_FONT('continuous');
#5348=COLOUR_RGB('',0.941176474094391,0.627451002597809,0.431372553110123);
#5349=CARTESIAN_POINT('',(90.2,69.95,9.2));
#5350=CARTESIAN_POINT('',(91.475,71.225,4.2));
#5351=VECTOR('',#8857,1000.0);
#5352=DRAUGHTING_PRE_DEFINED_CURVE_FONT('continuous');
#5353=COLOUR_RGB('',0.941176474094391,0.627451002597809,0.431372553110123);
#5354=CARTESIAN_POINT('',(74.6667873277948,69.95,9.2));
#5355=CARTESIAN_POINT('',(0.0,69.95,9.2));
#5356=VECTOR('',#8858,1000.0);
#5357=DRAUGHTING_PRE_DEFINED_CURVE_FONT('continuous');
#5358=COLOUR_RGB('',0.941176474094391,0.627451002597809,0.431372553110123);
#5359=CARTESIAN_POINT('',(70.1301861194022,70.3756024506505,7.53097078176303));
#5360=AXIS2_PLACEMENT_3D('',#8859,#8860,#8861);
#5361=DRAUGHTING_PRE_DEFINED_CURVE_FONT('continuous');
#5362=COLOUR_RGB('',0.941176474094391,0.627451002597809,0.431372553110123);
#5363=CARTESIAN_POINT('',(66.9858413036531,70.7655099902352,6.00192160692083));
#5364=CARTESIAN_POINT('',(66.9858413036531,70.7655099902352,6.00192160692083));
#5365=CARTESIAN_POINT('',(67.2782587116629,70.7503848351743,6.06123594049307));
#5366=CARTESIAN_POINT('',(67.5645237423275,70.7306325553299,6.13869586145151));
#5367=CARTESIAN_POINT('',(68.1250440571201,70.6820956179563,6.32903679232844));
#5368=CARTESIAN_POINT('',(68.4008767134218,70.6530968119143,6.4427576003363));
#5369=CARTESIAN_POINT('',(69.1965031904466,70.553993694497,6.83139727648235));
#5370=CARTESIAN_POINT('',(69.6841964728652,70.4723832621238,7.15143818774994));
#5371=CARTESIAN_POINT('',(70.1301861194023,70.3756024506504,7.53097078176298));
#5372=DRAUGHTING_PRE_DEFINED_CURVE_FONT('continuous');
#5373=COLOUR_RGB('',0.941176474094391,0.627451002597809,0.431372553110123);
#5374=CARTESIAN_POINT('',(63.9861823401507,70.8489290408724,5.67478807501003));
#5375=CARTESIAN_POINT('',(63.9861823401507,70.8489290408724,5.67478807501002));
#5376=CARTESIAN_POINT('',(64.987752214736,70.8249703763929,5.7687436219883));
#5377=CARTESIAN_POINT('',(65.9877748479225,70.7971602941088,5.87780276820066));
#5378=CARTESIAN_POINT('',(66.9858413036531,70.7655099902352,6.00192160692083));
#5379=DRAUGHTING_PRE_DEFINED_CURVE_FONT('continuous');
#5380=COLOUR_RGB('',0.941176474094391,0.627451002597809,0.431372553110123);
#5381=CARTESIAN_POINT('',(44.5744678296927,71.313278824875,3.85380852990193));
#5382=CARTESIAN_POINT('',(-0.0467538714455548,72.3806680370794,-0.332031517958431));
#5383=VECTOR('',#8862,1000.0);
#5384=DRAUGHTING_PRE_DEFINED_CURVE_FONT('continuous');
#5385=COLOUR_RGB('',0.941176474094391,0.627451002597809,0.431372553110123);
#5386=CARTESIAN_POINT('',(35.4255321703073,71.313278824875,3.85380852990194));
#5387=AXIS2_PLACEMENT_3D('',#8863,#8864,#8865);
#5388=DRAUGHTING_PRE_DEFINED_CURVE_FONT('continuous');
#5389=COLOUR_RGB('',0.941176474094391,0.627451002597809,0.431372553110123);
#5390=CARTESIAN_POINT('',(16.0138176598494,70.8489290408724,5.67478807501012));
#5391=CARTESIAN_POINT('',(0.78956908241281,70.484748095664,7.10294864445482));
#5392=VECTOR('',#8866,1000.0);
#5393=DRAUGHTING_PRE_DEFINED_CURVE_FONT('continuous');
#5394=COLOUR_RGB('',0.941176474094391,0.627451002597809,0.431372553110123);
#5395=CARTESIAN_POINT('',(13.0138176598493,70.7655032604958,6.00194799805559));
#5396=AXIS2_PLACEMENT_3D('',#8867,#8868,#8869);
#5397=DRAUGHTING_PRE_DEFINED_CURVE_FONT('continuous');
#5398=COLOUR_RGB('',0.941176474094391,0.627451002597809,0.431372553110123);
#5399=CARTESIAN_POINT('',(9.86833244046052,70.375546700491,7.53118940983904));
#5400=AXIS2_PLACEMENT_3D('',#8870,#8871,#8872);
#5401=DRAUGHTING_PRE_DEFINED_CURVE_FONT('continuous');
#5402=COLOUR_RGB('',0.941176474094391,0.627451002597809,0.431372553110123);
#5403=CARTESIAN_POINT('',(5.33198815497909,69.95,9.2));
#5404=AXIS2_PLACEMENT_3D('',#8873,#8874,#8875);
#5405=DRAUGHTING_PRE_DEFINED_CURVE_FONT('continuous');
#5406=COLOUR_RGB('',0.941176474094391,0.627451002597809,0.431372553110123);
#5407=CARTESIAN_POINT('',(-2.30465835866173,69.95,9.2));
#5408=CARTESIAN_POINT('',(0.0,69.95,9.2));
#5409=VECTOR('',#8876,1000.0);
#5410=DRAUGHTING_PRE_DEFINED_CURVE_FONT('continuous');
#5411=COLOUR_RGB('',0.941176474094391,0.627451002597809,0.431372553110123);
#5412=CARTESIAN_POINT('',(-5.24920582533999,70.1156066397949,8.55056219688294));
#5413=AXIS2_PLACEMENT_3D('',#8877,#8878,#8879);
#5414=DRAUGHTING_PRE_DEFINED_CURVE_FONT('continuous');
#5415=COLOUR_RGB('',0.941176474094391,0.627451002597809,0.431372553110123);
#5416=CARTESIAN_POINT('',(-13.0140607622349,70.7655080576824,6.00192918555935));
#5417=CARTESIAN_POINT('',(-13.0140607622349,70.7655080576824,6.00192918555935));
#5418=CARTESIAN_POINT('',(-11.6721534080065,70.6961013641797,6.27411229733477));
#5419=CARTESIAN_POINT('',(-10.3483053880326,70.6067021208055,6.62469756546872));
#5420=CARTESIAN_POINT('',(-7.75297223153033,70.3893355256598,7.47711558564774));
#5421=CARTESIAN_POINT('',(-6.48336282735161,70.2615273644612,7.97832406093636));
#5422=CARTESIAN_POINT('',(-5.24920582533999,70.1156066397948,8.55056219688294));
#5423=DRAUGHTING_PRE_DEFINED_CURVE_FONT('continuous');
#5424=COLOUR_RGB('',0.941176474094391,0.627451002597809,0.431372553110123);
#5425=CARTESIAN_POINT('',(-16.0138176598493,70.8489290408724,5.67478807501003));
#5426=CARTESIAN_POINT('',(-16.0138176598494,70.8489290408725,5.67478807501002));
#5427=CARTESIAN_POINT('',(-15.0122152126756,70.8249695972205,5.76874667756681));
#5428=CARTESIAN_POINT('',(-14.0121600737369,70.7971586214743,5.8778093275521));
#5429=CARTESIAN_POINT('',(-13.0140607622349,70.7655080576824,6.00192918555936));
#5430=DRAUGHTING_PRE_DEFINED_CURVE_FONT('continuous');
#5431=COLOUR_RGB('',0.941176474094391,0.627451002597809,0.431372553110123);
#5432=CARTESIAN_POINT('',(-35.4255321703073,71.313278824875,3.85380852990192));
#5433=CARTESIAN_POINT('',(-0.789569082412774,70.4847480956641,7.10294864445471));
#5434=VECTOR('',#8880,1000.0);
#5435=DRAUGHTING_PRE_DEFINED_CURVE_FONT('continuous');
#5436=COLOUR_RGB('',0.941176474094391,0.627451002597809,0.431372553110123);
#5437=CARTESIAN_POINT('',(-44.5744678296927,71.313278824875,3.85380852990194));
#5438=AXIS2_PLACEMENT_3D('',#8881,#8882,#8883);
#5439=DRAUGHTING_PRE_DEFINED_CURVE_FONT('continuous');
#5440=COLOUR_RGB('',0.941176474094391,0.627451002597809,0.431372553110123);
#5441=CARTESIAN_POINT('',(-63.9861823401507,70.8489290408724,5.67478807501012));
#5442=CARTESIAN_POINT('',(0.0467538714455447,72.3806680370794,-0.332031517958546));
#5443=VECTOR('',#8884,1000.0);
#5444=DRAUGHTING_PRE_DEFINED_CURVE_FONT('continuous');
#5445=COLOUR_RGB('',0.941176474094391,0.627451002597809,0.431372553110123);
#5446=CARTESIAN_POINT('',(-66.9861823401507,70.7655032604958,6.00194799805558));
#5447=AXIS2_PLACEMENT_3D('',#8885,#8886,#8887);
#5448=DRAUGHTING_PRE_DEFINED_CURVE_FONT('continuous');
#5449=COLOUR_RGB('',0.941176474094391,0.627451002597809,0.431372553110123);
#5450=CARTESIAN_POINT('',(-74.7533142003395,70.1155756604879,8.55068368436135));
#5451=AXIS2_PLACEMENT_3D('',#8888,#8889,#8890);
#5452=DRAUGHTING_PRE_DEFINED_CURVE_FONT('continuous');
#5453=COLOUR_RGB('',0.941176474094391,0.627451002597809,0.431372553110123);
#5454=CARTESIAN_POINT('',(-77.6975996384699,69.95,9.2));
#5455=AXIS2_PLACEMENT_3D('',#8891,#8892,#8893);
#5456=DRAUGHTING_PRE_DEFINED_CURVE_FONT('continuous');
#5457=COLOUR_RGB('',0.941176474094391,0.627451002597809,0.431372553110123);
#5458=CARTESIAN_POINT('',(0.0,69.95,9.2));
#5459=VECTOR('',#8894,1000.0);
#5460=DRAUGHTING_PRE_DEFINED_CURVE_FONT('continuous');
#5461=COLOUR_RGB('',0.941176474094391,0.627451002597809,0.431372553110123);
#5462=CARTESIAN_POINT('',(-13.0140607622349,69.95,6.00192918555935));
#5463=CARTESIAN_POINT('',(-13.0140607622349,80.0,6.00192918555935));
#5464=VECTOR('',#8895,1000.0);
#5465=DRAUGHTING_PRE_DEFINED_CURVE_FONT('continuous');
#5466=COLOUR_RGB('',0.941176474094391,0.627451002597809,0.431372553110123);
#5467=CARTESIAN_POINT('',(-5.24920582534026,69.95,8.55056219688281));
#5468=CARTESIAN_POINT('',(-5.24920582534026,-70.1156066397949,8.55056219688281));
#5469=VECTOR('',#8896,1000.0);
#5470=DRAUGHTING_PRE_DEFINED_CURVE_FONT('continuous');
#5471=COLOUR_RGB('',0.941176474094391,0.627451002597809,0.431372553110123);
#5473=CARTESIAN_POINT('',(-13.014060762235,69.95,6.00192918555936));
#5474=CARTESIAN_POINT('',(-10.3334904529109,69.9499999999999,6.54563733785884));
#5475=CARTESIAN_POINT('',(-7.73325567789172,69.9499999999999,7.39878972797857));
#5476=CARTESIAN_POINT('',(-5.24920582534026,69.95,8.55056219688282));
#5483=DRAUGHTING_PRE_DEFINED_CURVE_FONT('continuous');
#5484=COLOUR_RGB('',0.941176474094391,0.627451002597809,0.431372553110123);
#5485=CARTESIAN_POINT('',(-7.9275745478851,10.5944847775485,47.8527036446661));
#5486=CARTESIAN_POINT('',(-8.3850289379766,7.38617899997393,47.8527036446661));
#5487=AXIS2_PLACEMENT_3D('',#8897,#8898,#8899);
#5488=DRAUGHTING_PRE_DEFINED_CURVE_FONT('continuous');
#5489=COLOUR_RGB('',0.941176474094391,0.627451002597809,0.431372553110123);
#5490=CARTESIAN_POINT('',(-7.94850597401517,7.47292323461443,46.3527036446662));
#5491=CARTESIAN_POINT('',(-7.94850597401517,7.47292323461443,46.3527036446662));
#5492=CARTESIAN_POINT('',(-8.14284488700237,7.39047194083585,46.8353970096121));
#5493=CARTESIAN_POINT('',(-8.28546556814985,7.36143283992143,47.3362299716539));
#5494=CARTESIAN_POINT('',(-8.38502893797659,7.38617899997393,47.8527036446661));
#5495=DRAUGHTING_PRE_DEFINED_CURVE_FONT('continuous');
#5496=COLOUR_RGB('',0.941176474094391,0.627451002597809,0.431372553110123);
#5497=CARTESIAN_POINT('',(-7.70926986818075,10.6193651947206,47.2527036446661));
#5498=AXIS2_PLACEMENT_3D('',#8900,#8901,#8902);
#5499=DRAUGHTING_PRE_DEFINED_CURVE_FONT('continuous');
#5500=COLOUR_RGB('',0.941176474094391,0.627451002597809,0.431372553110123);
#5501=CARTESIAN_POINT('',(-7.9275745478851,10.5944847775485,47.8527036446661));
#5502=CARTESIAN_POINT('',(-7.89861928749842,10.5753364066157,47.7501997542535));
#5503=CARTESIAN_POINT('',(-7.86627515318016,10.5678780516182,47.6486402794772));
#5504=CARTESIAN_POINT('',(-7.79374722381057,10.5763229606506,47.4477721713192));
#5505=CARTESIAN_POINT('',(-7.7532455862451,10.592549262404,47.3479116803169));
#5506=CARTESIAN_POINT('',(-7.70926986818077,10.6193651947207,47.2527036446661));
#5507=DRAUGHTING_PRE_DEFINED_CURVE_FONT('continuous');
#5508=COLOUR_RGB('',0.941176474094391,0.627451002597809,0.431372553110123);
#5509=CARTESIAN_POINT('',(-8.74122173259873,7.47268643939674,49.7));
#5510=CARTESIAN_POINT('',(-8.31248191592461,10.6479030706073,49.7));
#5511=CARTESIAN_POINT('',(-8.74122173259873,7.47268643939674,49.7));
#5512=CARTESIAN_POINT('',(-8.55623406254058,7.68907692424969,49.7));
#5513=CARTESIAN_POINT('',(-8.40591252644734,7.92622906614543,49.7));
#5514=CARTESIAN_POINT('',(-8.23200428689066,8.3128451490429,49.7));
#5515=CARTESIAN_POINT('',(-8.182897807128,8.44718841880948,49.7));
#5516=CARTESIAN_POINT('',(-8.10552154257977,8.71781705195288,49.7));
#5517=CARTESIAN_POINT('',(-8.0767159917832,8.85514822295449,49.7));
#5518=CARTESIAN_POINT('',(-8.03884944348139,9.13384006776148,49.7));
#5519=CARTESIAN_POINT('',(-8.02983475456201,9.27635328580171,49.7));
#5520=CARTESIAN_POINT('',(-8.03252199227887,9.55934457891694,49.7));
#5521=CARTESIAN_POINT('',(-8.04401757003046,9.69944232499679,49.7));
#5522=CARTESIAN_POINT('',(-8.10812522357372,10.1156568333027,49.7));
#5523=CARTESIAN_POINT('',(-8.19150245650622,10.390184353252,49.7));
#5524=CARTESIAN_POINT('',(-8.31248191592461,10.6479030706073,49.7));
#5525=DRAUGHTING_PRE_DEFINED_CURVE_FONT('continuous');
#5526=COLOUR_RGB('',0.941176474094391,0.627451002597809,0.431372553110123);
#5527=CARTESIAN_POINT('',(-8.3850289379766,7.38617899997393,47.8527036446661));
#5528=CARTESIAN_POINT('',(-8.5037283935292,7.41568137349103,48.4684435889898));
#5529=CARTESIAN_POINT('',(-8.62246242209135,7.44450730879975,49.0842096195994));
#5530=CARTESIAN_POINT('',(-8.74122173259873,7.47268643939674,49.7));
#5531=DRAUGHTING_PRE_DEFINED_CURVE_FONT('continuous');
#5532=COLOUR_RGB('',0.941176474094391,0.627451002597809,0.431372553110123);
#5533=CARTESIAN_POINT('',(-8.31248191592461,10.6479030706073,49.7));
#5534=CARTESIAN_POINT('',(-8.1844080057571,10.6306096411682,49.0841723619634));
#5535=CARTESIAN_POINT('',(-8.0561091337394,10.6128118057853,48.468405398125));
#5536=CARTESIAN_POINT('',(-7.9275745478851,10.5944847775485,47.8527036446661));
#5537=DRAUGHTING_PRE_DEFINED_CURVE_FONT('continuous');
#5538=COLOUR_RGB('',0.941176474094391,0.627451002597809,0.431372553110123);
#5539=CARTESIAN_POINT('',(-16.797298775236,28.7228401590103,49.7));
#5540=VECTOR('',#8903,1000.0);
#5541=DRAUGHTING_PRE_DEFINED_CURVE_FONT('continuous');
#5542=COLOUR_RGB('',0.941176474094391,0.627451002597809,0.431372553110123);
#5543=CARTESIAN_POINT('',(-2.42081550049799,-1.13638991225515,47.8527036446661));
#5544=VECTOR('',#8904,1000.0);
#5545=DRAUGHTING_PRE_DEFINED_CURVE_FONT('continuous');
#5546=COLOUR_RGB('',0.941176474094391,0.627451002597809,0.431372553110123);
#5547=CARTESIAN_POINT('',(-4.92755638301525,9.12271752335296,45.3));
#5548=CARTESIAN_POINT('',(-4.92755638301525,9.12271752335296,45.3));
#5549=CARTESIAN_POINT('',(-5.19838307867882,8.97643284343256,45.3));
#5550=CARTESIAN_POINT('',(-5.46932908821619,8.83307986116864,45.3161245311645));
#5551=CARTESIAN_POINT('',(-6.01049695227159,8.55113968068147,45.3849732629387));
#5552=CARTESIAN_POINT('',(-6.28124018567237,8.41233130285202,45.4379012979228));
#5553=CARTESIAN_POINT('',(-6.8084714638261,8.13975722211739,45.5918374780973));
#5554=CARTESIAN_POINT('',(-7.06853091500548,8.00426097817639,45.694005183074));
#5555=CARTESIAN_POINT('',(-7.42803706222244,7.80446328899915,45.8970989874317));
#5556=CARTESIAN_POINT('',(-7.54286029622231,7.73835810526208,45.9730994774869));
#5557=CARTESIAN_POINT('',(-7.75874039645278,7.60574316562032,46.1463164489319));
#5558=CARTESIAN_POINT('',(-7.86005482660199,7.53902582141522,46.244019268884));
#5559=CARTESIAN_POINT('',(-7.94850597401517,7.47292323461443,46.3527036446662));
#5560=DRAUGHTING_PRE_DEFINED_CURVE_FONT('continuous');
#5561=COLOUR_RGB('',0.941176474094391,0.627451002597809,0.431372553110123);
#5562=CARTESIAN_POINT('',(-5.94573516804424,11.0077405899802,46.2));
#5563=AXIS2_PLACEMENT_3D('',#8905,#8906,#8907);
#5564=DRAUGHTING_PRE_DEFINED_CURVE_FONT('continuous');
#5565=COLOUR_RGB('',0.941176474094391,0.627451002597809,0.431372553110123);
#5566=CARTESIAN_POINT('',(-7.70926986818075,10.6193651947206,47.2527036446661));
#5567=CARTESIAN_POINT('',(-7.6336766441677,10.6654611510338,47.0890432729067));
#5568=CARTESIAN_POINT('',(-7.52313796071873,10.6904471001027,46.9392735209674));
#5569=CARTESIAN_POINT('',(-7.26476748533034,10.7205965635076,46.6835539841626));
#5570=CARTESIAN_POINT('',(-7.11304463635855,10.726261960529,46.5731799311383));
#5571=CARTESIAN_POINT('',(-6.79322200681611,10.7466861848767,46.3946910666378));
#5572=CARTESIAN_POINT('',(-6.62202344303645,10.7613335158226,46.324220163595));
#5573=CARTESIAN_POINT('',(-6.36209302339226,10.8199928020624,46.2507516431457));
#5574=CARTESIAN_POINT('',(-6.27603969261341,10.845565430579,46.2319742985059));
#5575=CARTESIAN_POINT('',(-6.10655996331496,10.9139159058377,46.2064872514004));
#5576=CARTESIAN_POINT('',(-6.02361629608087,10.9568268071943,46.2));
#5577=CARTESIAN_POINT('',(-5.94573516804423,11.0077405899802,46.2));
#5578=DRAUGHTING_PRE_DEFINED_CURVE_FONT('continuous');
#5579=COLOUR_RGB('',0.941176474094391,0.627451002597809,0.431372553110123);
#5580=CARTESIAN_POINT('',(-4.66999131962081,11.6066059060986,46.2));
#5581=CARTESIAN_POINT('',(-3.87027758304827,9.61903001080876,45.3));
#5582=AXIS2_PLACEMENT_3D('',#8908,#8909,#8910);
#5583=DRAUGHTING_PRE_DEFINED_CURVE_FONT('continuous');
#5584=COLOUR_RGB('',0.941176474094391,0.627451002597809,0.431372553110123);
#5585=CARTESIAN_POINT('',(-0.671086332968808,10.8891217287299,46.3527036446662));
#5586=CARTESIAN_POINT('',(-0.671086332968805,10.8891217287299,46.3527036446662));
#5587=CARTESIAN_POINT('',(-0.886200565579449,10.8373940286024,46.134940251203));
#5588=CARTESIAN_POINT('',(-1.1273288707368,10.7515121253961,45.9667885405542));
#5589=CARTESIAN_POINT('',(-1.64335180683377,10.5511047404641,45.6931890608596));
#5590=CARTESIAN_POINT('',(-1.91024269241706,10.4390011450806,45.5925338171779));
#5591=CARTESIAN_POINT('',(-2.45853749928895,10.206786898126,45.4379336505064));
#5592=CARTESIAN_POINT('',(-2.73771271057769,10.0874209416698,45.3851478412118));
#5593=CARTESIAN_POINT('',(-3.29993815049019,9.85137024114141,45.3162421021832));
#5594=CARTESIAN_POINT('',(-3.58457911570386,9.7339825967173,45.3));
#5595=CARTESIAN_POINT('',(-3.87027758304827,9.61903001080876,45.3));
#5596=DRAUGHTING_PRE_DEFINED_CURVE_FONT('continuous');
#5597=COLOUR_RGB('',0.941176474094391,0.627451002597809,0.431372553110123);
#5598=CARTESIAN_POINT('',(-3.24455107283641,12.7152132257009,47.2527036446662));
#5599=AXIS2_PLACEMENT_3D('',#8911,#8912,#8913);
#5600=DRAUGHTING_PRE_DEFINED_CURVE_FONT('continuous');
#5601=COLOUR_RGB('',0.941176474094391,0.627451002597809,0.431372553110123);
#5602=CARTESIAN_POINT('',(-4.66999131962081,11.6066059060986,46.2));
#5603=CARTESIAN_POINT('',(-4.58111835103549,11.633978860969,46.2));
#5604=CARTESIAN_POINT('',(-4.49499239241035,11.6704513288845,46.2065141997882));
#5605=CARTESIAN_POINT('',(-4.33481351749617,11.7567610738364,46.2318629231496));
#5606=CARTESIAN_POINT('',(-4.26049152710712,11.8063459257639,46.2505129612668));
#5607=CARTESIAN_POINT('',(-4.05025905432212,11.9678379381054,46.3233931437132));
#5608=CARTESIAN_POINT('',(-3.92756627110125,12.0919901415135,46.3948184732121));
#5609=CARTESIAN_POINT('',(-3.70779701585339,12.3247090723499,46.5731019234319));
#5610=CARTESIAN_POINT('',(-3.60749572685016,12.4368554961456,46.6821182801742));
#5611=CARTESIAN_POINT('',(-3.41751782130314,12.6180569176755,46.9400858213478));
#5612=CARTESIAN_POINT('',(-3.3282344106821,12.6865316402974,47.0891857003058));
#5613=CARTESIAN_POINT('',(-3.24455107283641,12.7152132257009,47.2527036446662));
#5614=DRAUGHTING_PRE_DEFINED_CURVE_FONT('continuous');
#5615=COLOUR_RGB('',0.941176474094391,0.627451002597809,0.431372553110123);
#5616=CARTESIAN_POINT('',(7.9275745478851,10.5944847775485,47.8527036446661));
#5617=CARTESIAN_POINT('',(2.42081550049799,-1.13638991225515,47.8527036446661));
#5618=VECTOR('',#8914,1000.0);
#5619=DRAUGHTING_PRE_DEFINED_CURVE_FONT('continuous');
#5620=COLOUR_RGB('',0.941176474094391,0.627451002597809,0.431372553110123);
#5621=CARTESIAN_POINT('',(8.31248191592461,10.6479030706073,49.7));
#5622=CARTESIAN_POINT('',(7.9275745478851,10.5944847775485,47.8527036446661));
#5623=CARTESIAN_POINT('',(8.0561091337394,10.6128118057853,48.468405398125));
#5624=CARTESIAN_POINT('',(8.1844080057571,10.6306096411682,49.0841723619634));
#5625=CARTESIAN_POINT('',(8.31248191592461,10.6479030706073,49.7));
#5626=DRAUGHTING_PRE_DEFINED_CURVE_FONT('continuous');
#5627=COLOUR_RGB('',0.941176474094391,0.627451002597809,0.431372553110123);
#5628=CARTESIAN_POINT('',(16.797298775236,28.7228401590103,49.7));
#5629=VECTOR('',#8915,1000.0);
#5630=DRAUGHTING_PRE_DEFINED_CURVE_FONT('continuous');
#5631=COLOUR_RGB('',0.941176474094391,0.627451002597809,0.431372553110123);
#5632=CARTESIAN_POINT('',(8.3850289379766,7.38617899997393,47.8527036446661));
#5633=AXIS2_PLACEMENT_3D('',#8916,#8917,#8918);
#5634=DRAUGHTING_PRE_DEFINED_CURVE_FONT('continuous');
#5635=COLOUR_RGB('',0.941176474094391,0.627451002597809,0.431372553110123);
#5636=CARTESIAN_POINT('',(8.74122173259873,7.47268643939674,49.7));
#5637=CARTESIAN_POINT('',(8.74122173259873,7.47268643939674,49.7));
#5638=CARTESIAN_POINT('',(8.62246242209135,7.44450730879975,49.0842096195994));
#5639=CARTESIAN_POINT('',(8.5037283935292,7.41568137349103,48.4684435889898));
#5640=CARTESIAN_POINT('',(8.3850289379766,7.38617899997393,47.8527036446661));
#5641=DRAUGHTING_PRE_DEFINED_CURVE_FONT('continuous');
#5642=COLOUR_RGB('',0.941176474094391,0.627451002597809,0.431372553110123);
#5643=CARTESIAN_POINT('',(8.31248191592461,10.6479030706073,49.7));
#5644=CARTESIAN_POINT('',(8.19150963843965,10.3901996526977,49.7));
#5645=CARTESIAN_POINT('',(8.10946946039642,10.1216719750638,49.7));
#5646=CARTESIAN_POINT('',(8.04432711750777,9.70277758558595,49.7));
#5647=CARTESIAN_POINT('',(8.03260944637949,9.56022142633042,49.7));
#5648=CARTESIAN_POINT('',(8.0297794254671,9.27876277164942,49.7));
#5649=CARTESIAN_POINT('',(8.03842787201814,9.13870985449376,49.7));
#5650=CARTESIAN_POINT('',(8.07583091794075,8.85995544509891,49.7));
#5651=CARTESIAN_POINT('',(8.10493584241647,8.72015495930766,49.7));
#5652=CARTESIAN_POINT('',(8.18258097017163,8.44801053612146,49.7));
#5653=CARTESIAN_POINT('',(8.23082130561174,8.31597874691086,49.7));
#5654=CARTESIAN_POINT('',(8.40302106944206,7.93167234508157,49.7));
#5655=CARTESIAN_POINT('',(8.55622299394961,7.68908987180324,49.7));
#5656=CARTESIAN_POINT('',(8.74122173259873,7.47268643939674,49.7));
#5657=DRAUGHTING_PRE_DEFINED_CURVE_FONT('continuous');
#5658=COLOUR_RGB('',0.941176474094391,0.627451002597809,0.431372553110123);
#5659=CARTESIAN_POINT('',(7.70926986818075,10.6193651947206,47.2527036446661));
#5660=CARTESIAN_POINT('',(7.94850597401517,7.47292323461443,46.3527036446662));
#5661=AXIS2_PLACEMENT_3D('',#8919,#8920,#8921);
#5662=DRAUGHTING_PRE_DEFINED_CURVE_FONT('continuous');
#5663=COLOUR_RGB('',0.941176474094391,0.627451002597809,0.431372553110123);
#5664=CARTESIAN_POINT('',(8.3850289379766,7.38617899997393,47.8527036446661));
#5665=CARTESIAN_POINT('',(8.28546556814986,7.36143283992143,47.3362299716539));
#5666=CARTESIAN_POINT('',(8.14284488700237,7.39047194083585,46.8353970096121));
#5667=CARTESIAN_POINT('',(7.94850597401517,7.47292323461443,46.3527036446662));
#5668=DRAUGHTING_PRE_DEFINED_CURVE_FONT('continuous');
#5669=COLOUR_RGB('',0.941176474094391,0.627451002597809,0.431372553110123);
#5670=CARTESIAN_POINT('',(7.70926986818075,10.6193651947206,47.2527036446661));
#5671=CARTESIAN_POINT('',(7.75322219845338,10.5925635240344,47.3478610454256));
#5672=CARTESIAN_POINT('',(7.79295951765468,10.5765682410668,47.4457565370051));
#5673=CARTESIAN_POINT('',(7.86558906968225,10.5678074613749,47.6465775476134));
#5674=CARTESIAN_POINT('',(7.89861082051623,10.575330807325,47.7501697804728));
#5675=CARTESIAN_POINT('',(7.92757454788518,10.5944847775484,47.8527036446661));
#5676=DRAUGHTING_PRE_DEFINED_CURVE_FONT('continuous');
#5677=COLOUR_RGB('',0.941176474094391,0.627451002597809,0.431372553110123);
#5678=CARTESIAN_POINT('',(5.94573516804424,11.0077405899802,46.2));
#5679=CARTESIAN_POINT('',(4.92755638301525,9.12271752335296,45.3));
#5680=AXIS2_PLACEMENT_3D('',#8922,#8923,#8924);
#5681=DRAUGHTING_PRE_DEFINED_CURVE_FONT('continuous');
#5682=COLOUR_RGB('',0.941176474094391,0.627451002597809,0.431372553110123);
#5683=CARTESIAN_POINT('',(7.94850597401517,7.47292323461443,46.3527036446662));
#5684=CARTESIAN_POINT('',(7.77128250580478,7.60536843214013,46.134940251203));
#5685=CARTESIAN_POINT('',(7.55116407655276,7.7360070097121,45.9667885405542));
#5686=CARTESIAN_POINT('',(7.06731908279572,8.00496204783126,45.6931890608596));
#5687=CARTESIAN_POINT('',(6.81056901367488,8.13866830389948,45.5925338171779));
#5688=CARTESIAN_POINT('',(6.28163705207891,8.41213060794447,45.4379336505064));
#5689=CARTESIAN_POINT('',(6.01145190697804,8.55064781815905,45.3851478412118));
#5690=CARTESIAN_POINT('',(5.47066873169337,8.83237629707768,45.3162421021832));
#5691=CARTESIAN_POINT('',(5.19851368448007,8.97636229784699,45.3));
#5692=CARTESIAN_POINT('',(4.92755638301525,9.12271752335296,45.3));
#5693=DRAUGHTING_PRE_DEFINED_CURVE_FONT('continuous');
#5694=COLOUR_RGB('',0.941176474094391,0.627451002597809,0.431372553110123);
#5695=CARTESIAN_POINT('',(5.94573516804424,11.0077405899802,46.2));
#5696=CARTESIAN_POINT('',(6.02357130424167,10.9568562200288,46.2));
#5697=CARTESIAN_POINT('',(6.10665293374056,10.9138985140291,46.2065141997882));
#5698=CARTESIAN_POINT('',(6.27538502654804,10.8458094187257,46.2318629231495));
#5699=CARTESIAN_POINT('',(6.36101319486735,10.8203097601721,46.2505129612668));
#5700=CARTESIAN_POINT('',(6.61956195769498,10.761744412878,46.3233931437132));
#5701=CARTESIAN_POINT('',(6.79345864834436,10.7466702745356,46.3948184732121));
#5702=CARTESIAN_POINT('',(7.112896507146,10.7262722185978,46.5731019234318));
#5703=CARTESIAN_POINT('',(7.26325182508078,10.7207543100618,46.6821182801742));
#5704=CARTESIAN_POINT('',(7.52402359774122,10.6903628253328,46.9400858213477));
#5705=CARTESIAN_POINT('',(7.63374243007642,10.6654210354756,47.0891857003057));
#5706=CARTESIAN_POINT('',(7.70926986818076,10.6193651947206,47.2527036446661));
#5707=DRAUGHTING_PRE_DEFINED_CURVE_FONT('continuous');
#5708=COLOUR_RGB('',0.941176474094391,0.627451002597809,0.431372553110123);
#5709=CARTESIAN_POINT('',(4.66999131962081,11.6066059060986,46.2));
#5710=CARTESIAN_POINT('',(3.87027758304827,9.61903001080876,45.3));
#5711=AXIS2_PLACEMENT_3D('',#8925,#8926,#8927);
#5712=DRAUGHTING_PRE_DEFINED_CURVE_FONT('continuous');
#5713=COLOUR_RGB('',0.941176474094391,0.627451002597809,0.431372553110123);
#5714=AXIS2_PLACEMENT_3D('',#8928,#8929,#8930);
#5715=DRAUGHTING_PRE_DEFINED_CURVE_FONT('continuous');
#5716=COLOUR_RGB('',0.941176474094391,0.627451002597809,0.431372553110123);
#5717=AXIS2_PLACEMENT_3D('',#8931,#8932,#8933);
#5718=DRAUGHTING_PRE_DEFINED_CURVE_FONT('continuous');
#5719=COLOUR_RGB('',0.941176474094391,0.627451002597809,0.431372553110123);
#5720=CARTESIAN_POINT('',(3.24455107283641,12.7152132257009,47.2527036446661));
#5721=CARTESIAN_POINT('',(0.671086332968806,10.8891217287299,46.3527036446662));
#5722=AXIS2_PLACEMENT_3D('',#8934,#8935,#8936);
#5723=DRAUGHTING_PRE_DEFINED_CURVE_FONT('continuous');
#5724=COLOUR_RGB('',0.941176474094391,0.627451002597809,0.431372553110123);
#5725=CARTESIAN_POINT('',(3.87027758304827,9.61903001080876,45.3));
#5726=CARTESIAN_POINT('',(3.58471682698547,9.73392718771187,45.3));
#5727=CARTESIAN_POINT('',(3.30133526439511,9.85078910448559,45.3161245311645));
#5728=CARTESIAN_POINT('',(2.7387011949867,10.0870005064127,45.3849732629387));
#5729=CARTESIAN_POINT('',(2.45894544094624,10.206609796475,45.4379012979228));
#5730=CARTESIAN_POINT('',(1.91242046489569,10.4380831225946,45.5918374780973));
#5731=CARTESIAN_POINT('',(1.6420382656663,10.5515891427421,45.694005183074));
#5732=CARTESIAN_POINT('',(1.25865489380174,10.7005219351859,45.8970989874317));
#5733=CARTESIAN_POINT('',(1.13444258606121,10.7466258719904,45.9730994774869));
#5734=CARTESIAN_POINT('',(0.894501528498877,10.8279845149705,46.1463164489319));
#5735=CARTESIAN_POINT('',(0.778448528796783,10.8633047504509,46.244019268884));
#5736=CARTESIAN_POINT('',(0.671086332968805,10.8891217287299,46.3527036446662));
#5737=DRAUGHTING_PRE_DEFINED_CURVE_FONT('continuous');
#5738=COLOUR_RGB('',0.941176474094391,0.627451002597809,0.431372553110123);
#5739=CARTESIAN_POINT('',(3.24455107283641,12.7152132257009,47.2527036446661));
#5740=CARTESIAN_POINT('',(3.32830730054256,12.686506658063,47.0890432729068));
#5741=CARTESIAN_POINT('',(3.418148455215,12.6174294178415,46.9392735209674));
#5742=CARTESIAN_POINT('',(3.60640607184152,12.4379207481953,46.6835539841626));
#5743=CARTESIAN_POINT('',(3.70769449002966,12.324816477876,46.5731799311383));
#5744=CARTESIAN_POINT('',(3.92772969246221,12.0918182525649,46.3946910666378));
#5745=CARTESIAN_POINT('',(4.04837039379495,11.9694691057514,46.324220163595));
#5746=CARTESIAN_POINT('',(4.25955782336206,11.8069741688721,46.2507516431457));
#5747=CARTESIAN_POINT('',(4.33420757110361,11.7571088479616,46.231974298506));
#5748=CARTESIAN_POINT('',(4.49506516754251,11.6703909156808,46.2064872514004));
#5749=CARTESIAN_POINT('',(4.58106697954523,11.6339946834345,46.2));
#5750=CARTESIAN_POINT('',(4.66999131962081,11.6066059060986,46.2));
#5751=DRAUGHTING_PRE_DEFINED_CURVE_FONT('continuous');
#5752=COLOUR_RGB('',0.941176474094391,0.627451002597809,0.431372553110123);
#5753=CARTESIAN_POINT('',(3.08594354688911,12.8672646020589,47.8527036446661));
#5754=CARTESIAN_POINT('',(0.325474344651958,11.1695307404266,47.8527036446661));
#5755=AXIS2_PLACEMENT_3D('',#8937,#8938,#8939);
#5756=DRAUGHTING_PRE_DEFINED_CURVE_FONT('continuous');
#5757=COLOUR_RGB('',0.941176474094391,0.627451002597809,0.431372553110123);
#5758=CARTESIAN_POINT('',(0.671086332968807,10.8891217287299,46.3527036446662));
#5759=CARTESIAN_POINT('',(0.483499092891028,10.9859558978378,46.8353970096121));
#5760=CARTESIAN_POINT('',(0.370043803573085,11.0771251108357,47.3362299716539));
#5761=CARTESIAN_POINT('',(0.325474344651959,11.1695307404266,47.8527036446661));
#5762=DRAUGHTING_PRE_DEFINED_CURVE_FONT('continuous');
#5763=COLOUR_RGB('',0.941176474094391,0.627451002597809,0.431372553110123);
#5764=CARTESIAN_POINT('',(3.08594354688911,12.8672646020589,47.8527036446661));
#5765=CARTESIAN_POINT('',(3.08971069488664,12.8327555335492,47.7501997542535));
#5766=CARTESIAN_POINT('',(3.10463624692713,12.8031076334489,47.6486402794772));
#5767=CARTESIAN_POINT('',(3.15746840907437,12.7527054542296,47.4477721713192));
#5768=CARTESIAN_POINT('',(3.19582659648519,12.731913028382,47.3479116803169));
#5769=CARTESIAN_POINT('',(3.24455107283643,12.715213225701,47.2527036446661));
#5770=DRAUGHTING_PRE_DEFINED_CURVE_FONT('continuous');
#5771=COLOUR_RGB('',0.941176474094391,0.627451002597809,0.431372553110123);
#5772=CARTESIAN_POINT('',(0.164468485335091,11.4988238580009,49.7));
#5773=CARTESIAN_POINT('',(2.88113685136909,13.1975090773716,49.7));
#5774=CARTESIAN_POINT('',(0.164468485335091,11.4988238580009,49.7));
#5775=CARTESIAN_POINT('',(0.44912389689983,11.4947524116547,49.7));
#5776=CARTESIAN_POINT('',(0.727604838464313,11.5306141991802,49.7));
#5777=CARTESIAN_POINT('',(1.13614026788944,11.6438170005816,49.7));
#5778=CARTESIAN_POINT('',(1.27086570145297,11.691865081057,49.7));
#5779=CARTESIAN_POINT('',(1.52849889850656,11.8052320919925,49.7));
#5780=CARTESIAN_POINT('',(1.65255350480483,11.8708069724083,49.7));
#5781=CARTESIAN_POINT('',(1.89114866385749,12.0197209405874,49.7));
#5782=CARTESIAN_POINT('',(2.00654630908532,12.1038319708294,49.7));
#5783=CARTESIAN_POINT('',(2.22254086933027,12.2866915977845,49.7));
#5784=CARTESIAN_POINT('',(2.32297701739424,12.3850384682308,49.7));
#5785=CARTESIAN_POINT('',(2.60222393707125,12.700261351312,49.7));
#5786=CARTESIAN_POINT('',(2.76015739195069,12.9397903600163,49.7));
#5787=CARTESIAN_POINT('',(2.88113685136909,13.1975090773716,49.7));
#5788=DRAUGHTING_PRE_DEFINED_CURVE_FONT('continuous');
#5789=COLOUR_RGB('',0.941176474094391,0.627451002597809,0.431372553110123);
#5790=CARTESIAN_POINT('',(0.325474344651958,11.1695307404266,47.8527036446661));
#5791=CARTESIAN_POINT('',(0.272338633020086,11.2796967376353,48.4684435889898));
#5792=CARTESIAN_POINT('',(0.218660435449314,11.3894571821979,49.0842096195994));
#5793=CARTESIAN_POINT('',(0.164468485335092,11.4988238580009,49.7));
#5794=DRAUGHTING_PRE_DEFINED_CURVE_FONT('continuous');
#5795=COLOUR_RGB('',0.941176474094391,0.627451002597809,0.431372553110123);
#5796=CARTESIAN_POINT('',(2.88113685136909,13.1975090773716,49.7));
#5797=CARTESIAN_POINT('',(2.94965414749626,13.0879309349399,49.0841723619634));
#5798=CARTESIAN_POINT('',(3.01792711269476,12.9778574788829,48.468405398125));
#5799=CARTESIAN_POINT('',(3.0859435468891,12.8672646020589,47.8527036446661));
#5800=DRAUGHTING_PRE_DEFINED_CURVE_FONT('continuous');
#5801=COLOUR_RGB('',0.941176474094391,0.627451002597809,0.431372553110123);
#5802=CARTESIAN_POINT('',(-2.88113685136909,13.1975090773716,49.7));
#5803=CARTESIAN_POINT('',(-0.164468485335092,11.4988238580009,49.7));
#5804=CARTESIAN_POINT('',(-2.88113685136909,13.1975090773716,49.7));
#5805=CARTESIAN_POINT('',(-2.76016457388413,12.939805659462,49.7));
#5806=CARTESIAN_POINT('',(-2.60599273463864,12.7051383450517,49.7));
#5807=CARTESIAN_POINT('',(-2.32534514762603,12.3874073798044,49.7));
#5808=CARTESIAN_POINT('',(-2.22315957597525,12.2873190622805,49.7));
#5809=CARTESIAN_POINT('',(-2.00843532638904,12.1053287329967,49.7));
#5810=CARTESIAN_POINT('',(-1.89516442213219,12.0225077363811,49.7));
#5811=CARTESIAN_POINT('',(-1.65681724466866,11.873197215665,49.7));
#5812=CARTESIAN_POINT('',(-1.53067168264623,11.8062750994533,49.7));
#5813=CARTESIAN_POINT('',(-1.2717005890858,11.6921465507217,49.7));
#5814=CARTESIAN_POINT('',(-1.13930677396371,11.6449088428715,49.7));
#5815=CARTESIAN_POINT('',(-0.733639711802652,11.5318672406721,49.7));
#5816=CARTESIAN_POINT('',(-0.449140929031291,11.4947521680429,49.7));
#5817=CARTESIAN_POINT('',(-0.164468485335092,11.4988238580009,49.7));
#5818=DRAUGHTING_PRE_DEFINED_CURVE_FONT('continuous');
#5819=COLOUR_RGB('',0.941176474094391,0.627451002597809,0.431372553110123);
#5820=CARTESIAN_POINT('',(-3.08594354688911,12.8672646020589,47.8527036446661));
#5821=CARTESIAN_POINT('',(-3.08594354688911,12.8672646020589,47.8527036446661));
#5822=CARTESIAN_POINT('',(-3.01792711269477,12.9778574788829,48.468405398125));
#5823=CARTESIAN_POINT('',(-2.94965414749626,13.0879309349399,49.0841723619634));
#5824=CARTESIAN_POINT('',(-2.88113685136909,13.1975090773716,49.7));
#5825=DRAUGHTING_PRE_DEFINED_CURVE_FONT('continuous');
#5826=COLOUR_RGB('',0.941176474094391,0.627451002597809,0.431372553110123);
#5827=CARTESIAN_POINT('',(-0.325474344651958,11.1695307404266,47.8527036446661));
#5828=AXIS2_PLACEMENT_3D('',#8940,#8941,#8942);
#5829=DRAUGHTING_PRE_DEFINED_CURVE_FONT('continuous');
#5830=COLOUR_RGB('',0.941176474094391,0.627451002597809,0.431372553110123);
#5831=CARTESIAN_POINT('',(-0.164468485335092,11.4988238580009,49.7));
#5832=CARTESIAN_POINT('',(-0.218660435449314,11.3894571821979,49.0842096195994));
#5833=CARTESIAN_POINT('',(-0.272338633020085,11.2796967376353,48.4684435889898));
#5834=CARTESIAN_POINT('',(-0.325474344651957,11.1695307404266,47.8527036446661));
#5835=DRAUGHTING_PRE_DEFINED_CURVE_FONT('continuous');
#5836=COLOUR_RGB('',0.941176474094391,0.627451002597809,0.431372553110123);
#5837=CARTESIAN_POINT('',(-0.325474344651958,11.1695307404266,47.8527036446661));
#5838=CARTESIAN_POINT('',(-0.370043803573084,11.0771251108357,47.3362299716539));
#5839=CARTESIAN_POINT('',(-0.483499092891027,10.9859558978378,46.8353970096121));
#5840=CARTESIAN_POINT('',(-0.671086332968806,10.8891217287299,46.3527036446662));
#5841=DRAUGHTING_PRE_DEFINED_CURVE_FONT('continuous');
#5842=COLOUR_RGB('',0.941176474094391,0.627451002597809,0.431372553110123);
#5843=CARTESIAN_POINT('',(-3.24455107283641,12.7152132257009,47.2527036446662));
#5844=CARTESIAN_POINT('',(-3.19585250982904,12.7319041468554,47.3478610454256));
#5845=CARTESIAN_POINT('',(-3.15816034384599,12.7522561550616,47.4457565370052));
#5846=CARTESIAN_POINT('',(-3.10502025274034,12.8025347171514,47.6465775476134));
#5847=CARTESIAN_POINT('',(-3.08971179646097,12.8327454425444,47.7501697804728));
#5848=CARTESIAN_POINT('',(-3.08594354688897,12.8672646020589,47.8527036446661));
#5849=DRAUGHTING_PRE_DEFINED_CURVE_FONT('continuous');
#5850=COLOUR_RGB('',0.941176474094391,0.627451002597809,0.431372553110123);
#5851=CARTESIAN_POINT('',(-133.25,97.0,49.7));
#5852=AXIS2_PLACEMENT_3D('',#8943,#8944,#8945);
#5853=DRAUGHTING_PRE_DEFINED_CURVE_FONT('continuous');
#5854=COLOUR_RGB('',0.941176474094391,0.627451002597809,0.431372553110123);
#5855=CARTESIAN_POINT('',(-80.75,100.0,49.7));
#5856=AXIS2_PLACEMENT_3D('',#8946,#8947,#8948);
#5857=DRAUGHTING_PRE_DEFINED_CURVE_FONT('continuous');
#5858=COLOUR_RGB('',0.941176474094391,0.627451002597809,0.431372553110123);
#5859=CARTESIAN_POINT('',(-9.2,105.0,49.7));
#5860=AXIS2_PLACEMENT_3D('',#8949,#8950,#8951);
#5861=DRAUGHTING_PRE_DEFINED_CURVE_FONT('continuous');
#5862=COLOUR_RGB('',0.941176474094391,0.627451002597809,0.431372553110123);
#5863=CARTESIAN_POINT('',(43.25,100.0,49.7));
#5864=AXIS2_PLACEMENT_3D('',#8952,#8953,#8954);
#5865=DRAUGHTING_PRE_DEFINED_CURVE_FONT('continuous');
#5866=COLOUR_RGB('',0.941176474094391,0.627451002597809,0.431372553110123);
#5867=CARTESIAN_POINT('',(90.75,97.0,49.7));
#5868=AXIS2_PLACEMENT_3D('',#8955,#8956,#8957);
#5869=DRAUGHTING_PRE_DEFINED_CURVE_FONT('continuous');
#5870=COLOUR_RGB('',0.941176474094391,0.627451002597809,0.431372553110123);
#5871=CARTESIAN_POINT('',(90.75,-97.0,49.7));
#5872=AXIS2_PLACEMENT_3D('',#8958,#8959,#8960);
#5873=DRAUGHTING_PRE_DEFINED_CURVE_FONT('continuous');
#5874=COLOUR_RGB('',0.941176474094391,0.627451002597809,0.431372553110123);
#5875=CARTESIAN_POINT('',(43.25,-100.0,49.7));
#5876=AXIS2_PLACEMENT_3D('',#8961,#8962,#8963);
#5877=DRAUGHTING_PRE_DEFINED_CURVE_FONT('continuous');
#5878=COLOUR_RGB('',0.941176474094391,0.627451002597809,0.431372553110123);
#5879=CARTESIAN_POINT('',(-9.2,-105.0,49.7));
#5880=AXIS2_PLACEMENT_3D('',#8964,#8965,#8966);
#5881=DRAUGHTING_PRE_DEFINED_CURVE_FONT('continuous');
#5882=COLOUR_RGB('',0.941176474094391,0.627451002597809,0.431372553110123);
#5883=CARTESIAN_POINT('',(-80.75,-100.0,49.7));
#5884=AXIS2_PLACEMENT_3D('',#8967,#8968,#8969);
#5885=DRAUGHTING_PRE_DEFINED_CURVE_FONT('continuous');
#5886=COLOUR_RGB('',0.941176474094391,0.627451002597809,0.431372553110123);
#5887=CARTESIAN_POINT('',(-133.25,-97.0,49.7));
#5888=AXIS2_PLACEMENT_3D('',#8970,#8971,#8972);
#5889=DRAUGHTING_PRE_DEFINED_CURVE_FONT('continuous');
#5890=COLOUR_RGB('',0.941176474094391,0.627451002597809,0.431372553110123);
#5891=CARTESIAN_POINT('',(-18.7944901472014,-32.9773937929122,49.7));
#5892=CARTESIAN_POINT('',(-8.31248191592461,-10.6479030706073,49.7));
#5893=CARTESIAN_POINT('',(11.3659537106805,31.2724461657746,49.7));
#5894=VECTOR('',#8973,1000.0);
#5895=DRAUGHTING_PRE_DEFINED_CURVE_FONT('continuous');
#5896=COLOUR_RGB('',0.941176474094391,0.627451002597809,0.431372553110123);
#5897=CARTESIAN_POINT('',(-8.74122173259873,-7.47268643939671,49.7));
#5898=CARTESIAN_POINT('',(-8.31248191592461,-10.6479030706073,49.7));
#5899=CARTESIAN_POINT('',(-8.19150963843965,-10.3901996526977,49.7));
#5900=CARTESIAN_POINT('',(-8.10946946039643,-10.1216719750637,49.7));
#5901=CARTESIAN_POINT('',(-8.04432711750778,-9.70277758558591,49.7));
#5902=CARTESIAN_POINT('',(-8.03260944637951,-9.56022142633039,49.7));
#5903=CARTESIAN_POINT('',(-8.02977942546711,-9.27876277164939,49.7));
#5904=CARTESIAN_POINT('',(-8.03842787201815,-9.13870985449372,49.7));
#5905=CARTESIAN_POINT('',(-8.07583091794077,-8.85995544509888,49.7));
#5906=CARTESIAN_POINT('',(-8.10493584241648,-8.72015495930762,49.7));
#5907=CARTESIAN_POINT('',(-8.18258097017164,-8.44801053612143,49.7));
#5908=CARTESIAN_POINT('',(-8.23082130561175,-8.31597874691082,49.7));
#5909=CARTESIAN_POINT('',(-8.40302106944207,-7.93167234508154,49.7));
#5910=CARTESIAN_POINT('',(-8.55622299394962,-7.68908987180321,49.7));
#5911=CARTESIAN_POINT('',(-8.74122173259873,-7.47268643939671,49.7));
#5912=DRAUGHTING_PRE_DEFINED_CURVE_FONT('continuous');
#5913=COLOUR_RGB('',0.941176474094391,0.627451002597809,0.431372553110123);
#5914=AXIS2_PLACEMENT_3D('',#8974,#8975,#8976);
#5915=DRAUGHTING_PRE_DEFINED_CURVE_FONT('continuous');
#5916=COLOUR_RGB('',0.941176474094391,0.627451002597809,0.431372553110123);
#5917=CARTESIAN_POINT('',(-17.0561665841833,36.3342124043739,49.7));
#5918=VECTOR('',#8977,1000.0);
#5919=DRAUGHTING_PRE_DEFINED_CURVE_FONT('continuous');
#5920=COLOUR_RGB('',0.941176474094391,0.627451002597809,0.431372553110123);
#5921=CARTESIAN_POINT('',(-11.3659537106805,31.2724461657746,49.7));
#5922=VECTOR('',#8978,1000.0);
#5923=DRAUGHTING_PRE_DEFINED_CURVE_FONT('continuous');
#5924=COLOUR_RGB('',0.941176474094391,0.627451002597809,0.431372553110123);
#5925=AXIS2_PLACEMENT_3D('',#8979,#8980,#8981);
#5926=DRAUGHTING_PRE_DEFINED_CURVE_FONT('continuous');
#5927=COLOUR_RGB('',0.941176474094391,0.627451002597809,0.431372553110123);
#5928=CARTESIAN_POINT('',(11.3659537106805,31.2724461657746,49.7));
#5929=VECTOR('',#8982,1000.0);
#5930=DRAUGHTING_PRE_DEFINED_CURVE_FONT('continuous');
#5931=COLOUR_RGB('',0.941176474094391,0.627451002597809,0.431372553110123);
#5932=CARTESIAN_POINT('',(17.0561665841833,36.3342124043739,49.7));
#5933=VECTOR('',#8983,1000.0);
#5934=DRAUGHTING_PRE_DEFINED_CURVE_FONT('continuous');
#5935=COLOUR_RGB('',0.941176474094391,0.627451002597809,0.431372553110123);
#5936=CARTESIAN_POINT('',(8.74122173259872,-7.47268643939672,49.7));
#5937=AXIS2_PLACEMENT_3D('',#8984,#8985,#8986);
#5938=DRAUGHTING_PRE_DEFINED_CURVE_FONT('continuous');
#5939=COLOUR_RGB('',0.941176474094391,0.627451002597809,0.431372553110123);
#5940=CARTESIAN_POINT('',(8.3124819159246,-10.6479030706073,49.7));
#5941=CARTESIAN_POINT('',(8.74122173259872,-7.47268643939672,49.7));
#5942=CARTESIAN_POINT('',(8.55623406254057,-7.68907692424967,49.7));
#5943=CARTESIAN_POINT('',(8.40591252644733,-7.92622906614541,49.7));
#5944=CARTESIAN_POINT('',(8.23200428689065,-8.31284514904288,49.7));
#5945=CARTESIAN_POINT('',(8.18289780712799,-8.44718841880946,49.7));
#5946=CARTESIAN_POINT('',(8.10552154257976,-8.71781705195286,49.7));
#5947=CARTESIAN_POINT('',(8.07671599178319,-8.85514822295447,49.7));
#5948=CARTESIAN_POINT('',(8.03884944348138,-9.13384006776146,49.7));
#5949=CARTESIAN_POINT('',(8.029834754562,-9.27635328580169,49.7));
#5950=CARTESIAN_POINT('',(8.03252199227886,-9.55934457891691,49.7));
#5951=CARTESIAN_POINT('',(8.04401757003045,-9.69944232499677,49.7));
#5952=CARTESIAN_POINT('',(8.10812522357371,-10.1156568333026,49.7));
#5953=CARTESIAN_POINT('',(8.19150245650621,-10.390184353252,49.7));
#5954=CARTESIAN_POINT('',(8.3124819159246,-10.6479030706073,49.7));
#5955=DRAUGHTING_PRE_DEFINED_CURVE_FONT('continuous');
#5956=COLOUR_RGB('',0.941176474094391,0.627451002597809,0.431372553110123);
#5957=CARTESIAN_POINT('',(16.797298775236,-28.7228401590103,49.7));
#5958=VECTOR('',#8987,1000.0);
#5959=DRAUGHTING_PRE_DEFINED_CURVE_FONT('continuous');
#5960=COLOUR_RGB('',0.941176474094391,0.627451002597809,0.431372553110123);
#5961=CARTESIAN_POINT('',(17.0561665841833,-36.3342124043739,49.7));
#5962=VECTOR('',#8988,1000.0);
#5963=DRAUGHTING_PRE_DEFINED_CURVE_FONT('continuous');
#5964=COLOUR_RGB('',0.941176474094391,0.627451002597809,0.431372553110123);
#5965=CARTESIAN_POINT('',(2.88113685136907,-13.1975090773716,49.7));
#5966=CARTESIAN_POINT('',(11.3659537106805,-31.2724461657746,49.7));
#5967=VECTOR('',#8989,1000.0);
#5968=DRAUGHTING_PRE_DEFINED_CURVE_FONT('continuous');
#5969=COLOUR_RGB('',0.941176474094391,0.627451002597809,0.431372553110123);
#5970=CARTESIAN_POINT('',(0.164468485335081,-11.4988238580009,49.7));
#5971=CARTESIAN_POINT('',(2.88113685136907,-13.1975090773716,49.7));
#5972=CARTESIAN_POINT('',(2.76016457388411,-12.939805659462,49.7));
#5973=CARTESIAN_POINT('',(2.60599273463863,-12.7051383450517,49.7));
#5974=CARTESIAN_POINT('',(2.32534514762603,-12.3874073798044,49.7));
#5975=CARTESIAN_POINT('',(2.22315957597524,-12.2873190622805,49.7));
#5976=CARTESIAN_POINT('',(2.00843532638903,-12.1053287329966,49.7));
#5977=CARTESIAN_POINT('',(1.89516442213218,-12.0225077363811,49.7));
#5978=CARTESIAN_POINT('',(1.65681724466865,-11.8731972156649,49.7));
#5979=CARTESIAN_POINT('',(1.53067168264622,-11.8062750994532,49.7));
#5980=CARTESIAN_POINT('',(1.27170058908579,-11.6921465507217,49.7));
#5981=CARTESIAN_POINT('',(1.1393067739637,-11.6449088428714,49.7));
#5982=CARTESIAN_POINT('',(0.733639711802644,-11.531867240672,49.7));
#5983=CARTESIAN_POINT('',(0.449140929031281,-11.4947521680429,49.7));
#5984=CARTESIAN_POINT('',(0.164468485335081,-11.4988238580009,49.7));
#5985=DRAUGHTING_PRE_DEFINED_CURVE_FONT('continuous');
#5986=COLOUR_RGB('',0.941176474094391,0.627451002597809,0.431372553110123);
#5987=CARTESIAN_POINT('',(-0.164468485335095,-11.4988238580009,49.7));
#5988=AXIS2_PLACEMENT_3D('',#8990,#8991,#8992);
#5989=DRAUGHTING_PRE_DEFINED_CURVE_FONT('continuous');
#5990=COLOUR_RGB('',0.941176474094391,0.627451002597809,0.431372553110123);
#5991=CARTESIAN_POINT('',(-2.88113685136909,-13.1975090773716,49.7));
#5992=CARTESIAN_POINT('',(-0.164468485335095,-11.4988238580009,49.7));
#5993=CARTESIAN_POINT('',(-0.449123896899835,-11.4947524116547,49.7));
#5994=CARTESIAN_POINT('',(-0.72760483846432,-11.5306141991802,49.7));
#5995=CARTESIAN_POINT('',(-1.13614026788944,-11.6438170005815,49.7));
#5996=CARTESIAN_POINT('',(-1.27086570145299,-11.691865081057,49.7));
#5997=CARTESIAN_POINT('',(-1.52849889850658,-11.8052320919925,49.7));
#5998=CARTESIAN_POINT('',(-1.65255350480484,-11.8708069724083,49.7));
#5999=CARTESIAN_POINT('',(-1.8911486638575,-12.0197209405874,49.7));
#6000=CARTESIAN_POINT('',(-2.00654630908534,-12.1038319708294,49.7));
#6001=CARTESIAN_POINT('',(-2.22254086933029,-12.2866915977845,49.7));
#6002=CARTESIAN_POINT('',(-2.32297701739425,-12.3850384682307,49.7));
#6003=CARTESIAN_POINT('',(-2.60222393707127,-12.700261351312,49.7));
#6004=CARTESIAN_POINT('',(-2.76015739195069,-12.9397903600163,49.7));
#6005=CARTESIAN_POINT('',(-2.88113685136909,-13.1975090773716,49.7));
#6006=DRAUGHTING_PRE_DEFINED_CURVE_FONT('continuous');
#6007=COLOUR_RGB('',0.941176474094391,0.627451002597809,0.431372553110123);
#6008=CARTESIAN_POINT('',(-13.3631450826458,-35.5269997996764,49.7));
#6009=CARTESIAN_POINT('',(16.797298775236,28.7228401590103,49.7));
#6010=VECTOR('',#8993,1000.0);
#6011=DRAUGHTING_PRE_DEFINED_CURVE_FONT('continuous');
#6012=COLOUR_RGB('',0.941176474094391,0.627451002597809,0.431372553110123);
#6013=CARTESIAN_POINT('',(-16.454628106711,-36.6165892552707,49.7));
#6014=AXIS2_PLACEMENT_3D('',#8994,#8995,#8996);
#6015=DRAUGHTING_PRE_DEFINED_CURVE_FONT('continuous');
#6016=COLOUR_RGB('',0.941176474094391,0.627451002597809,0.431372553110123);
#6017=CARTESIAN_POINT('',(-17.6577050616555,-36.0518355534771,49.7));
#6018=CARTESIAN_POINT('',(-17.0561665841833,-36.3342124043739,49.7));
#6019=VECTOR('',#8997,1000.0);
#6020=DRAUGHTING_PRE_DEFINED_CURVE_FONT('continuous');
#6021=COLOUR_RGB('',0.941176474094391,0.627451002597809,0.431372553110123);
#6022=AXIS2_PLACEMENT_3D('',#8998,#8999,#9000);
#6023=DRAUGHTING_PRE_DEFINED_CURVE_FONT('continuous');
#6024=COLOUR_RGB('',0.941176474094391,0.627451002597809,0.431372553110123);
#6025=CARTESIAN_POINT('',(140.0,-125.0,49.7));
#6026=CARTESIAN_POINT('',(140.0,125.0,49.7));
#6027=CARTESIAN_POINT('',(140.0,-125.0,49.7));
#6028=VECTOR('',#9001,1000.0);
#6029=DRAUGHTING_PRE_DEFINED_CURVE_FONT('continuous');
#6030=COLOUR_RGB('',0.941176474094391,0.627451002597809,0.431372553110123);
#6031=CARTESIAN_POINT('',(-140.0,125.0,49.7));
#6032=CARTESIAN_POINT('',(140.0,125.0,49.7));
#6033=VECTOR('',#9002,1000.0);
#6034=DRAUGHTING_PRE_DEFINED_CURVE_FONT('continuous');
#6035=COLOUR_RGB('',0.941176474094391,0.627451002597809,0.431372553110123);
#6036=CARTESIAN_POINT('',(-140.0,-125.0,49.7));
#6037=CARTESIAN_POINT('',(-140.0,125.0,49.7));
#6038=VECTOR('',#9003,1000.0);
#6039=DRAUGHTING_PRE_DEFINED_CURVE_FONT('continuous');
#6040=COLOUR_RGB('',0.941176474094391,0.627451002597809,0.431372553110123);
#6041=CARTESIAN_POINT('',(-140.0,-125.0,49.7));
#6042=VECTOR('',#9004,1000.0);
#6043=DRAUGHTING_PRE_DEFINED_CURVE_FONT('continuous');
#6044=COLOUR_RGB('',0.941176474094391,0.627451002597809,0.431372553110123);
#6045=CARTESIAN_POINT('',(7.94850597401517,-7.47292323461441,46.3527036446662));
#6046=CARTESIAN_POINT('',(8.38502893797659,-7.38617899997391,47.8527036446661));
#6047=CARTESIAN_POINT('',(7.94850597401517,-7.47292323461441,46.3527036446662));
#6048=CARTESIAN_POINT('',(8.14284488700237,-7.39047194083583,46.8353970096121));
#6049=CARTESIAN_POINT('',(8.28546556814985,-7.36143283992141,47.3362299716539));
#6050=CARTESIAN_POINT('',(8.38502893797659,-7.38617899997391,47.8527036446661));
#6051=DRAUGHTING_PRE_DEFINED_CURVE_FONT('continuous');
#6052=COLOUR_RGB('',0.941176474094391,0.627451002597809,0.431372553110123);
#6053=CARTESIAN_POINT('',(8.38502893797659,-7.38617899997391,47.8527036446661));
#6054=CARTESIAN_POINT('',(8.50372839352919,-7.415681373491,48.4684435889898));
#6055=CARTESIAN_POINT('',(8.62246242209134,-7.44450730879973,49.0842096195994));
#6056=CARTESIAN_POINT('',(8.74122173259872,-7.47268643939672,49.7));
#6057=DRAUGHTING_PRE_DEFINED_CURVE_FONT('continuous');
#6058=COLOUR_RGB('',0.941176474094391,0.627451002597809,0.431372553110123);
#6059=AXIS2_PLACEMENT_3D('',#9005,#9006,#9007);
#6060=DRAUGHTING_PRE_DEFINED_CURVE_FONT('continuous');
#6061=COLOUR_RGB('',0.941176474094391,0.627451002597809,0.431372553110123);
#6062=CARTESIAN_POINT('',(-7.9275745478851,-10.5944847775485,47.8527036446661));
#6063=CARTESIAN_POINT('',(-7.9275745478851,-10.5944847775485,47.8527036446661));
#6064=CARTESIAN_POINT('',(-8.0561091337394,-10.6128118057852,48.468405398125));
#6065=CARTESIAN_POINT('',(-8.1844080057571,-10.6306096411681,49.0841723619634));
#6066=CARTESIAN_POINT('',(-8.31248191592461,-10.6479030706073,49.7));
#6067=DRAUGHTING_PRE_DEFINED_CURVE_FONT('continuous');
#6068=COLOUR_RGB('',0.941176474094391,0.627451002597809,0.431372553110123);
#6069=CARTESIAN_POINT('',(-8.3850289379766,-7.38617899997389,47.8527036446661));
#6070=AXIS2_PLACEMENT_3D('',#9008,#9009,#9010);
#6071=DRAUGHTING_PRE_DEFINED_CURVE_FONT('continuous');
#6072=COLOUR_RGB('',0.941176474094391,0.627451002597809,0.431372553110123);
#6073=CARTESIAN_POINT('',(-8.74122173259873,-7.47268643939671,49.7));
#6074=CARTESIAN_POINT('',(-8.62246242209135,-7.44450730879972,49.0842096195994));
#6075=CARTESIAN_POINT('',(-8.5037283935292,-7.415681373491,48.4684435889898));
#6076=CARTESIAN_POINT('',(-8.3850289379766,-7.3861789999739,47.8527036446661));
#6077=DRAUGHTING_PRE_DEFINED_CURVE_FONT('continuous');
#6078=COLOUR_RGB('',0.941176474094391,0.627451002597809,0.431372553110123);
#6079=CARTESIAN_POINT('',(-7.70926986818077,-10.6193651947206,47.2527036446662));
#6080=CARTESIAN_POINT('',(-7.94850597401518,-7.4729232346144,46.3527036446662));
#6081=AXIS2_PLACEMENT_3D('',#9011,#9012,#9013);
#6082=DRAUGHTING_PRE_DEFINED_CURVE_FONT('continuous');
#6083=COLOUR_RGB('',0.941176474094391,0.627451002597809,0.431372553110123);
#6084=CARTESIAN_POINT('',(-8.3850289379766,-7.38617899997389,47.8527036446661));
#6085=CARTESIAN_POINT('',(-8.28546556814986,-7.36143283992139,47.3362299716539));
#6086=CARTESIAN_POINT('',(-8.14284488700238,-7.39047194083582,46.8353970096121));
#6087=CARTESIAN_POINT('',(-7.94850597401518,-7.4729232346144,46.3527036446662));
#6088=DRAUGHTING_PRE_DEFINED_CURVE_FONT('continuous');
#6089=COLOUR_RGB('',0.941176474094391,0.627451002597809,0.431372553110123);
#6090=CARTESIAN_POINT('',(-7.70926986818077,-10.6193651947206,47.2527036446662));
#6091=CARTESIAN_POINT('',(-7.75322219845339,-10.5925635240344,47.3478610454256));
#6092=CARTESIAN_POINT('',(-7.79295951765475,-10.5765682410669,47.4457565370052));
#6093=CARTESIAN_POINT('',(-7.86558906968231,-10.5678074613749,47.6465775476134));
#6094=CARTESIAN_POINT('',(-7.89861082051623,-10.575330807325,47.7501697804728));
#6095=CARTESIAN_POINT('',(-7.92757454788518,-10.5944847775484,47.8527036446661));
#6096=DRAUGHTING_PRE_DEFINED_CURVE_FONT('continuous');
#6097=COLOUR_RGB('',0.941176474094391,0.627451002597809,0.431372553110123);
#6098=CARTESIAN_POINT('',(-5.94573516804424,-11.0077405899802,46.2));
#6099=CARTESIAN_POINT('',(-4.92755638301525,-9.12271752335293,45.3));
#6100=AXIS2_PLACEMENT_3D('',#9014,#9015,#9016);
#6101=DRAUGHTING_PRE_DEFINED_CURVE_FONT('continuous');
#6102=COLOUR_RGB('',0.941176474094391,0.627451002597809,0.431372553110123);
#6103=CARTESIAN_POINT('',(-7.94850597401518,-7.4729232346144,46.3527036446662));
#6104=CARTESIAN_POINT('',(-7.77128250580479,-7.6053684321401,46.134940251203));
#6105=CARTESIAN_POINT('',(-7.55116407655276,-7.73600700971207,45.9667885405542));
#6106=CARTESIAN_POINT('',(-7.06731908279572,-8.00496204783122,45.6931890608596));
#6107=CARTESIAN_POINT('',(-6.81056901367488,-8.13866830389944,45.5925338171779));
#6108=CARTESIAN_POINT('',(-6.28163705207891,-8.41213060794443,45.4379336505064));
#6109=CARTESIAN_POINT('',(-6.01145190697804,-8.55064781815902,45.3851478412118));
#6110=CARTESIAN_POINT('',(-5.47066873169337,-8.83237629707765,45.3162421021832));
#6111=CARTESIAN_POINT('',(-5.19851368448008,-8.97636229784696,45.3));
#6112=CARTESIAN_POINT('',(-4.92755638301526,-9.12271752335293,45.3));
#6113=DRAUGHTING_PRE_DEFINED_CURVE_FONT('continuous');
#6114=COLOUR_RGB('',0.941176474094391,0.627451002597809,0.431372553110123);
#6115=CARTESIAN_POINT('',(-5.94573516804424,-11.0077405899802,46.2));
#6116=CARTESIAN_POINT('',(-6.02357130424168,-10.9568562200287,46.2));
#6117=CARTESIAN_POINT('',(-6.10665293374059,-10.9138985140291,46.2065141997882));
#6118=CARTESIAN_POINT('',(-6.27538502654808,-10.8458094187257,46.2318629231495));
#6119=CARTESIAN_POINT('',(-6.3610131948674,-10.8203097601722,46.2505129612668));
#6120=CARTESIAN_POINT('',(-6.61956195769504,-10.761744412878,46.3233931437132));
#6121=CARTESIAN_POINT('',(-6.79345864834441,-10.7466702745356,46.3948184732121));
#6122=CARTESIAN_POINT('',(-7.11289650714607,-10.7262722185979,46.5731019234318));
#6123=CARTESIAN_POINT('',(-7.26325182508087,-10.7207543100619,46.6821182801742));
#6124=CARTESIAN_POINT('',(-7.52402359774131,-10.6903628253328,46.9400858213478));
#6125=CARTESIAN_POINT('',(-7.63374243007644,-10.6654210354756,47.0891857003058));
#6126=CARTESIAN_POINT('',(-7.70926986818077,-10.6193651947206,47.2527036446662));
#6127=DRAUGHTING_PRE_DEFINED_CURVE_FONT('continuous');
#6128=COLOUR_RGB('',0.941176474094391,0.627451002597809,0.431372553110123);
#6129=CARTESIAN_POINT('',(-4.66999131962082,-11.6066059060986,46.2));
#6130=CARTESIAN_POINT('',(-3.87027758304827,-9.61903001080873,45.3));
#6131=AXIS2_PLACEMENT_3D('',#9017,#9018,#9019);
#6132=DRAUGHTING_PRE_DEFINED_CURVE_FONT('continuous');
#6133=COLOUR_RGB('',0.941176474094391,0.627451002597809,0.431372553110123);
#6134=AXIS2_PLACEMENT_3D('',#9020,#9021,#9022);
#6135=DRAUGHTING_PRE_DEFINED_CURVE_FONT('continuous');
#6136=COLOUR_RGB('',0.941176474094391,0.627451002597809,0.431372553110123);
#6137=AXIS2_PLACEMENT_3D('',#9023,#9024,#9025);
#6138=DRAUGHTING_PRE_DEFINED_CURVE_FONT('continuous');
#6139=COLOUR_RGB('',0.941176474094391,0.627451002597809,0.431372553110123);
#6140=CARTESIAN_POINT('',(-3.24455107283642,-12.7152132257009,47.2527036446661));
#6141=CARTESIAN_POINT('',(-0.671086332968813,-10.8891217287299,46.3527036446662));
#6142=AXIS2_PLACEMENT_3D('',#9026,#9027,#9028);
#6143=DRAUGHTING_PRE_DEFINED_CURVE_FONT('continuous');
#6144=COLOUR_RGB('',0.941176474094391,0.627451002597809,0.431372553110123);
#6145=CARTESIAN_POINT('',(-3.87027758304827,-9.61903001080873,45.3));
#6146=CARTESIAN_POINT('',(-3.58471682698547,-9.73392718771183,45.3));
#6147=CARTESIAN_POINT('',(-3.30133526439511,-9.85078910448557,45.3161245311645));
#6148=CARTESIAN_POINT('',(-2.73870119498671,-10.0870005064126,45.3849732629387));
#6149=CARTESIAN_POINT('',(-2.45894544094625,-10.206609796475,45.4379012979228));
#6150=CARTESIAN_POINT('',(-1.9124204648957,-10.4380831225946,45.5918374780973));
#6151=CARTESIAN_POINT('',(-1.64203826566631,-10.5515891427421,45.694005183074));
#6152=CARTESIAN_POINT('',(-1.25865489380176,-10.7005219351859,45.8970989874317));
#6153=CARTESIAN_POINT('',(-1.13444258606123,-10.7466258719904,45.9730994774869));
#6154=CARTESIAN_POINT('',(-0.894501528498889,-10.8279845149705,46.1463164489319));
#6155=CARTESIAN_POINT('',(-0.778448528796788,-10.8633047504509,46.244019268884));
#6156=CARTESIAN_POINT('',(-0.67108633296881,-10.8891217287299,46.3527036446662));
#6157=DRAUGHTING_PRE_DEFINED_CURVE_FONT('continuous');
#6158=COLOUR_RGB('',0.941176474094391,0.627451002597809,0.431372553110123);
#6159=CARTESIAN_POINT('',(-3.24455107283642,-12.7152132257009,47.2527036446661));
#6160=CARTESIAN_POINT('',(-3.32830730054257,-12.686506658063,47.0890432729068));
#6161=CARTESIAN_POINT('',(-3.41814845521506,-12.6174294178415,46.9392735209674));
#6162=CARTESIAN_POINT('',(-3.60640607184158,-12.4379207481954,46.6835539841626));
#6163=CARTESIAN_POINT('',(-3.70769449002972,-12.324816477876,46.5731799311383));
#6164=CARTESIAN_POINT('',(-3.92772969246228,-12.0918182525649,46.3946910666378));
#6165=CARTESIAN_POINT('',(-4.04837039379501,-11.9694691057514,46.324220163595));
#6166=CARTESIAN_POINT('',(-4.25955782336212,-11.8069741688721,46.2507516431457));
#6167=CARTESIAN_POINT('',(-4.33420757110366,-11.7571088479617,46.2319742985059));
#6168=CARTESIAN_POINT('',(-4.49506516754257,-11.6703909156808,46.2064872514004));
#6169=CARTESIAN_POINT('',(-4.58106697954524,-11.6339946834345,46.2));
#6170=CARTESIAN_POINT('',(-4.66999131962082,-11.6066059060985,46.2));
#6171=DRAUGHTING_PRE_DEFINED_CURVE_FONT('continuous');
#6172=COLOUR_RGB('',0.941176474094391,0.627451002597809,0.431372553110123);
#6173=CARTESIAN_POINT('',(-3.08594354688911,-12.8672646020588,47.8527036446661));
#6174=CARTESIAN_POINT('',(-0.325474344651965,-11.1695307404265,47.8527036446661));
#6175=AXIS2_PLACEMENT_3D('',#9029,#9030,#9031);
#6176=DRAUGHTING_PRE_DEFINED_CURVE_FONT('continuous');
#6177=COLOUR_RGB('',0.941176474094391,0.627451002597809,0.431372553110123);
#6178=CARTESIAN_POINT('',(-0.671086332968814,-10.8891217287299,46.3527036446662));
#6179=CARTESIAN_POINT('',(-0.483499092891036,-10.9859558978377,46.8353970096121));
#6180=CARTESIAN_POINT('',(-0.370043803573091,-11.0771251108357,47.3362299716539));
#6181=CARTESIAN_POINT('',(-0.325474344651964,-11.1695307404265,47.8527036446661));
#6182=DRAUGHTING_PRE_DEFINED_CURVE_FONT('continuous');
#6183=COLOUR_RGB('',0.941176474094391,0.627451002597809,0.431372553110123);
#6184=CARTESIAN_POINT('',(-3.08594354688911,-12.8672646020588,47.8527036446661));
#6185=CARTESIAN_POINT('',(-3.08971069488664,-12.8327555335491,47.7501997542535));
#6186=CARTESIAN_POINT('',(-3.10463624692719,-12.803107633449,47.6486402794772));
#6187=CARTESIAN_POINT('',(-3.15746840907443,-12.7527054542297,47.4477721713192));
#6188=CARTESIAN_POINT('',(-3.1958265964852,-12.7319130283819,47.3479116803169));
#6189=CARTESIAN_POINT('',(-3.24455107283644,-12.7152132257009,47.2527036446661));
#6190=DRAUGHTING_PRE_DEFINED_CURVE_FONT('continuous');
#6191=COLOUR_RGB('',0.941176474094391,0.627451002597809,0.431372553110123);
#6192=CARTESIAN_POINT('',(3.08594354688909,-12.8672646020588,47.8527036446661));
#6193=CARTESIAN_POINT('',(3.08594354688909,-12.8672646020588,47.8527036446661));
#6194=CARTESIAN_POINT('',(3.01792711269475,-12.9778574788829,48.468405398125));
#6195=CARTESIAN_POINT('',(2.94965414749624,-13.0879309349399,49.0841723619634));
#6196=CARTESIAN_POINT('',(2.88113685136907,-13.1975090773716,49.7));
#6197=DRAUGHTING_PRE_DEFINED_CURVE_FONT('continuous');
#6198=COLOUR_RGB('',0.941176474094391,0.627451002597809,0.431372553110123);
#6199=CARTESIAN_POINT('',(0.325474344651948,-11.1695307404265,47.8527036446661));
#6200=AXIS2_PLACEMENT_3D('',#9032,#9033,#9034);
#6201=DRAUGHTING_PRE_DEFINED_CURVE_FONT('continuous');
#6202=COLOUR_RGB('',0.941176474094391,0.627451002597809,0.431372553110123);
#6203=CARTESIAN_POINT('',(0.164468485335081,-11.4988238580009,49.7));
#6204=CARTESIAN_POINT('',(0.218660435449303,-11.3894571821979,49.0842096195994));
#6205=CARTESIAN_POINT('',(0.272338633020075,-11.2796967376353,48.4684435889898));
#6206=CARTESIAN_POINT('',(0.325474344651948,-11.1695307404265,47.8527036446661));
#6207=DRAUGHTING_PRE_DEFINED_CURVE_FONT('continuous');
#6208=COLOUR_RGB('',0.941176474094391,0.627451002597809,0.431372553110123);
#6209=CARTESIAN_POINT('',(3.2445510728364,-12.7152132257009,47.2527036446661));
#6210=CARTESIAN_POINT('',(0.671086332968797,-10.8891217287299,46.3527036446662));
#6211=AXIS2_PLACEMENT_3D('',#9035,#9036,#9037);
#6212=DRAUGHTING_PRE_DEFINED_CURVE_FONT('continuous');
#6213=COLOUR_RGB('',0.941176474094391,0.627451002597809,0.431372553110123);
#6214=CARTESIAN_POINT('',(0.325474344651948,-11.1695307404265,47.8527036446661));
#6215=CARTESIAN_POINT('',(0.370043803573074,-11.0771251108357,47.3362299716539));
#6216=CARTESIAN_POINT('',(0.483499092891019,-10.9859558978377,46.8353970096121));
#6217=CARTESIAN_POINT('',(0.671086332968797,-10.8891217287299,46.3527036446662));
#6218=DRAUGHTING_PRE_DEFINED_CURVE_FONT('continuous');
#6219=COLOUR_RGB('',0.941176474094391,0.627451002597809,0.431372553110123);
#6220=CARTESIAN_POINT('',(3.2445510728364,-12.7152132257009,47.2527036446661));
#6221=CARTESIAN_POINT('',(3.19585250982901,-12.7319041468554,47.3478610454255));
#6222=CARTESIAN_POINT('',(3.15816034384599,-12.7522561550616,47.4457565370051));
#6223=CARTESIAN_POINT('',(3.10502025274033,-12.8025347171514,47.6465775476134));
#6224=CARTESIAN_POINT('',(3.08971179646095,-12.8327454425443,47.7501697804728));
#6225=CARTESIAN_POINT('',(3.08594354688896,-12.8672646020588,47.8527036446661));
#6226=DRAUGHTING_PRE_DEFINED_CURVE_FONT('continuous');
#6227=COLOUR_RGB('',0.941176474094391,0.627451002597809,0.431372553110123);
#6228=CARTESIAN_POINT('',(4.6699913196208,-11.6066059060986,46.2));
#6229=CARTESIAN_POINT('',(3.87027758304826,-9.61903001080873,45.3));
#6230=AXIS2_PLACEMENT_3D('',#9038,#9039,#9040);
#6231=DRAUGHTING_PRE_DEFINED_CURVE_FONT('continuous');
#6232=COLOUR_RGB('',0.941176474094391,0.627451002597809,0.431372553110123);
#6233=CARTESIAN_POINT('',(0.671086332968797,-10.8891217287299,46.3527036446662));
#6234=CARTESIAN_POINT('',(0.886200565579441,-10.8373940286024,46.134940251203));
#6235=CARTESIAN_POINT('',(1.12732887073679,-10.7515121253961,45.9667885405542));
#6236=CARTESIAN_POINT('',(1.64335180683376,-10.551104740464,45.6931890608596));
#6237=CARTESIAN_POINT('',(1.91024269241705,-10.4390011450805,45.5925338171779));
#6238=CARTESIAN_POINT('',(2.45853749928894,-10.206786898126,45.4379336505064));
#6239=CARTESIAN_POINT('',(2.73771271057768,-10.0874209416698,45.3851478412118));
#6240=CARTESIAN_POINT('',(3.29993815049018,-9.85137024114138,45.3162421021832));
#6241=CARTESIAN_POINT('',(3.58457911570385,-9.73398259671727,45.3));
#6242=CARTESIAN_POINT('',(3.87027758304826,-9.61903001080873,45.3));
#6243=DRAUGHTING_PRE_DEFINED_CURVE_FONT('continuous');
#6244=COLOUR_RGB('',0.941176474094391,0.627451002597809,0.431372553110123);
#6245=CARTESIAN_POINT('',(4.6699913196208,-11.6066059060986,46.2));
#6246=CARTESIAN_POINT('',(4.58111835103548,-11.6339788609689,46.2));
#6247=CARTESIAN_POINT('',(4.49499239241035,-11.6704513288844,46.2065141997882));
#6248=CARTESIAN_POINT('',(4.33481351749618,-11.7567610738363,46.2318629231495));
#6249=CARTESIAN_POINT('',(4.26049152710712,-11.8063459257639,46.2505129612668));
#6250=CARTESIAN_POINT('',(4.05025905432213,-11.9678379381053,46.3233931437132));
#6251=CARTESIAN_POINT('',(3.92756627110127,-12.0919901415134,46.3948184732121));
#6252=CARTESIAN_POINT('',(3.70779701585341,-12.3247090723498,46.5731019234318));
#6253=CARTESIAN_POINT('',(3.60749572685018,-12.4368554961456,46.6821182801742));
#6254=CARTESIAN_POINT('',(3.41751782130316,-12.6180569176755,46.9400858213477));
#6255=CARTESIAN_POINT('',(3.32823441068209,-12.6865316402974,47.0891857003057));
#6256=CARTESIAN_POINT('',(3.2445510728364,-12.7152132257009,47.2527036446661));
#6257=DRAUGHTING_PRE_DEFINED_CURVE_FONT('continuous');
#6258=COLOUR_RGB('',0.941176474094391,0.627451002597809,0.431372553110123);
#6259=CARTESIAN_POINT('',(5.94573516804423,-11.0077405899802,46.2));
#6260=CARTESIAN_POINT('',(4.92755638301524,-9.12271752335294,45.3));
#6261=AXIS2_PLACEMENT_3D('',#9041,#9042,#9043);
#6262=DRAUGHTING_PRE_DEFINED_CURVE_FONT('continuous');
#6263=COLOUR_RGB('',0.941176474094391,0.627451002597809,0.431372553110123);
#6264=AXIS2_PLACEMENT_3D('',#9044,#9045,#9046);
#6265=DRAUGHTING_PRE_DEFINED_CURVE_FONT('continuous');
#6266=COLOUR_RGB('',0.941176474094391,0.627451002597809,0.431372553110123);
#6267=AXIS2_PLACEMENT_3D('',#9047,#9048,#9049);
#6268=DRAUGHTING_PRE_DEFINED_CURVE_FONT('continuous');
#6269=COLOUR_RGB('',0.941176474094391,0.627451002597809,0.431372553110123);
#6270=CARTESIAN_POINT('',(7.70926986818075,-10.6193651947206,47.2527036446661));
#6271=AXIS2_PLACEMENT_3D('',#9050,#9051,#9052);
#6272=DRAUGHTING_PRE_DEFINED_CURVE_FONT('continuous');
#6273=COLOUR_RGB('',0.941176474094391,0.627451002597809,0.431372553110123);
#6274=CARTESIAN_POINT('',(4.92755638301524,-9.12271752335293,45.3));
#6275=CARTESIAN_POINT('',(5.19838307867881,-8.97643284343253,45.3));
#6276=CARTESIAN_POINT('',(5.46932908821619,-8.83307986116862,45.3161245311645));
#6277=CARTESIAN_POINT('',(6.01049695227158,-8.55113968068144,45.3849732629387));
#6278=CARTESIAN_POINT('',(6.28124018567237,-8.412331302852,45.4379012979228));
#6279=CARTESIAN_POINT('',(6.8084714638261,-8.13975722211737,45.5918374780973));
#6280=CARTESIAN_POINT('',(7.06853091500548,-8.00426097817637,45.694005183074));
#6281=CARTESIAN_POINT('',(7.42803706222244,-7.80446328899913,45.8970989874317));
#6282=CARTESIAN_POINT('',(7.5428602962223,-7.73835810526206,45.9730994774869));
#6283=CARTESIAN_POINT('',(7.75874039645277,-7.6057431656203,46.1463164489319));
#6284=CARTESIAN_POINT('',(7.86005482660199,-7.5390258214152,46.244019268884));
#6285=CARTESIAN_POINT('',(7.94850597401517,-7.47292323461441,46.3527036446662));
#6286=DRAUGHTING_PRE_DEFINED_CURVE_FONT('continuous');
#6287=COLOUR_RGB('',0.941176474094391,0.627451002597809,0.431372553110123);
#6288=CARTESIAN_POINT('',(7.70926986818075,-10.6193651947206,47.2527036446661));
#6289=CARTESIAN_POINT('',(7.6336766441677,-10.6654611510338,47.0890432729068));
#6290=CARTESIAN_POINT('',(7.52313796071872,-10.6904471001026,46.9392735209674));
#6291=CARTESIAN_POINT('',(7.26476748533034,-10.7205965635076,46.6835539841626));
#6292=CARTESIAN_POINT('',(7.11304463635855,-10.7262619605289,46.5731799311383));
#6293=CARTESIAN_POINT('',(6.7932220068161,-10.7466861848767,46.3946910666378));
#6294=CARTESIAN_POINT('',(6.62202344303644,-10.7613335158226,46.324220163595));
#6295=CARTESIAN_POINT('',(6.36209302339226,-10.8199928020623,46.2507516431457));
#6296=CARTESIAN_POINT('',(6.2760396926134,-10.845565430579,46.2319742985059));
#6297=CARTESIAN_POINT('',(6.10655996331496,-10.9139159058377,46.2064872514004));
#6298=CARTESIAN_POINT('',(6.02361629608087,-10.9568268071943,46.2));
#6299=CARTESIAN_POINT('',(5.94573516804423,-11.0077405899802,46.2));
#6300=DRAUGHTING_PRE_DEFINED_CURVE_FONT('continuous');
#6301=COLOUR_RGB('',0.941176474094391,0.627451002597809,0.431372553110123);
#6302=CARTESIAN_POINT('',(7.92757454788509,-10.5944847775485,47.8527036446661));
#6303=AXIS2_PLACEMENT_3D('',#9053,#9054,#9055);
#6304=DRAUGHTING_PRE_DEFINED_CURVE_FONT('continuous');
#6305=COLOUR_RGB('',0.941176474094391,0.627451002597809,0.431372553110123);
#6306=CARTESIAN_POINT('',(7.92757454788509,-10.5944847775485,47.8527036446661));
#6307=CARTESIAN_POINT('',(7.89861928749841,-10.5753364066157,47.7501997542535));
#6308=CARTESIAN_POINT('',(7.86627515318015,-10.5678780516182,47.6486402794772));
#6309=CARTESIAN_POINT('',(7.79374722381056,-10.5763229606506,47.4477721713192));
#6310=CARTESIAN_POINT('',(7.75324558624509,-10.5925492624039,47.3479116803169));
#6311=CARTESIAN_POINT('',(7.70926986818076,-10.6193651947206,47.2527036446661));
#6312=DRAUGHTING_PRE_DEFINED_CURVE_FONT('continuous');
#6313=COLOUR_RGB('',0.941176474094391,0.627451002597809,0.431372553110123);
#6314=CARTESIAN_POINT('',(8.3124819159246,-10.6479030706073,49.7));
#6315=CARTESIAN_POINT('',(8.18440800575709,-10.6306096411681,49.0841723619634));
#6316=CARTESIAN_POINT('',(8.05610913373939,-10.6128118057852,48.468405398125));
#6317=CARTESIAN_POINT('',(7.92757454788509,-10.5944847775485,47.8527036446661));
#6318=DRAUGHTING_PRE_DEFINED_CURVE_FONT('continuous');
#6319=COLOUR_RGB('',0.941176474094391,0.627451002597809,0.431372553110123);
#6320=CARTESIAN_POINT('',(2.42081550049799,1.13638991225515,47.8527036446661));
#6321=VECTOR('',#9056,1000.0);
#6322=DRAUGHTING_PRE_DEFINED_CURVE_FONT('continuous');
#6323=COLOUR_RGB('',0.941176474094391,0.627451002597809,0.431372553110123);
#6324=CARTESIAN_POINT('',(8.94016583410312,1.4210854715202E-014,44.7));
#6325=AXIS2_PLACEMENT_3D('',#9057,#9058,#9059);
#6326=DRAUGHTING_PRE_DEFINED_CURVE_FONT('continuous');
#6327=COLOUR_RGB('',0.941176474094391,0.627451002597809,0.431372553110123);
#6328=CARTESIAN_POINT('',(-8.7,-105.0,30.0));
#6329=AXIS2_PLACEMENT_3D('',#9060,#9061,#9062);
#6330=DRAUGHTING_PRE_DEFINED_CURVE_FONT('continuous');
#6331=COLOUR_RGB('',0.941176474094391,0.627451002597809,0.431372553110123);
#6332=CARTESIAN_POINT('',(-8.2,-105.0,30.5));
#6333=AXIS2_PLACEMENT_3D('',#9063,#9064,#9065);
#6334=DRAUGHTING_PRE_DEFINED_CURVE_FONT('continuous');
#6335=COLOUR_RGB('',0.941176474094391,0.627451002597809,0.431372553110123);
#6336=CARTESIAN_POINT('',(-8.7,105.0,30.0));
#6337=AXIS2_PLACEMENT_3D('',#9066,#9067,#9068);
#6338=DRAUGHTING_PRE_DEFINED_CURVE_FONT('continuous');
#6339=COLOUR_RGB('',0.941176474094391,0.627451002597809,0.431372553110123);
#6340=CARTESIAN_POINT('',(-8.2,105.0,30.5));
#6341=AXIS2_PLACEMENT_3D('',#9069,#9070,#9071);
#6342=DRAUGHTING_PRE_DEFINED_CURVE_FONT('continuous');
#6343=COLOUR_RGB('',0.941176474094391,0.627451002597809,0.431372553110123);
#6344=CARTESIAN_POINT('',(14.0,-105.0,30.0));
#6345=AXIS2_PLACEMENT_3D('',#9072,#9073,#9074);
#6346=DRAUGHTING_PRE_DEFINED_CURVE_FONT('continuous');
#6347=COLOUR_RGB('',0.941176474094391,0.627451002597809,0.431372553110123);
#6348=CARTESIAN_POINT('',(14.0,105.0,30.0));
#6349=AXIS2_PLACEMENT_3D('',#9075,#9076,#9077);
#6350=DRAUGHTING_PRE_DEFINED_CURVE_FONT('continuous');
#6351=COLOUR_RGB('',0.941176474094391,0.627451002597809,0.431372553110123);
#6352=CARTESIAN_POINT('',(-77.0,100.0,0.7));
#6353=AXIS2_PLACEMENT_3D('',#9078,#9079,#9080);
#6354=DRAUGHTING_PRE_DEFINED_CURVE_FONT('continuous');
#6355=COLOUR_RGB('',0.941176474094391,0.627451002597809,0.431372553110123);
#6356=CARTESIAN_POINT('',(-78.0,100.0,-0.3));
#6357=AXIS2_PLACEMENT_3D('',#9081,#9082,#9083);
#6358=DRAUGHTING_PRE_DEFINED_CURVE_FONT('continuous');
#6359=COLOUR_RGB('',0.941176474094391,0.627451002597809,0.431372553110123);
#6360=CARTESIAN_POINT('',(47.0,-100.0,0.7));
#6361=AXIS2_PLACEMENT_3D('',#9084,#9085,#9086);
#6362=DRAUGHTING_PRE_DEFINED_CURVE_FONT('continuous');
#6363=COLOUR_RGB('',0.941176474094391,0.627451002597809,0.431372553110123);
#6364=CARTESIAN_POINT('',(46.0,-100.0,-0.3));
#6365=AXIS2_PLACEMENT_3D('',#9087,#9088,#9089);
#6366=DRAUGHTING_PRE_DEFINED_CURVE_FONT('continuous');
#6367=COLOUR_RGB('',0.941176474094391,0.627451002597809,0.431372553110123);
#6368=CARTESIAN_POINT('',(-130.5,-97.0,-0.3));
#6369=AXIS2_PLACEMENT_3D('',#9090,#9091,#9092);
#6370=DRAUGHTING_PRE_DEFINED_CURVE_FONT('continuous');
#6371=COLOUR_RGB('',0.941176474094391,0.627451002597809,0.431372553110123);
#6372=CARTESIAN_POINT('',(-129.5,-97.0,0.7));
#6373=AXIS2_PLACEMENT_3D('',#9093,#9094,#9095);
#6374=DRAUGHTING_PRE_DEFINED_CURVE_FONT('continuous');
#6375=COLOUR_RGB('',0.941176474094391,0.627451002597809,0.431372553110123);
#6376=CARTESIAN_POINT('',(-14.0,105.0,0.7));
#6377=AXIS2_PLACEMENT_3D('',#9096,#9097,#9098);
#6378=DRAUGHTING_PRE_DEFINED_CURVE_FONT('continuous');
#6379=COLOUR_RGB('',0.941176474094391,0.627451002597809,0.431372553110123);
#6380=CARTESIAN_POINT('',(-15.0,105.0,-0.3));
#6381=AXIS2_PLACEMENT_3D('',#9099,#9100,#9101);
#6382=DRAUGHTING_PRE_DEFINED_CURVE_FONT('continuous');
#6383=COLOUR_RGB('',0.941176474094391,0.627451002597809,0.431372553110123);
#6384=CARTESIAN_POINT('',(46.0,100.0,-0.3));
#6385=AXIS2_PLACEMENT_3D('',#9102,#9103,#9104);
#6386=DRAUGHTING_PRE_DEFINED_CURVE_FONT('continuous');
#6387=COLOUR_RGB('',0.941176474094391,0.627451002597809,0.431372553110123);
#6388=CARTESIAN_POINT('',(47.0,100.0,0.7));
#6389=AXIS2_PLACEMENT_3D('',#9105,#9106,#9107);
#6390=DRAUGHTING_PRE_DEFINED_CURVE_FONT('continuous');
#6391=COLOUR_RGB('',0.941176474094391,0.627451002597809,0.431372553110123);
#6392=CARTESIAN_POINT('',(94.5,-97.0,0.7));
#6393=AXIS2_PLACEMENT_3D('',#9108,#9109,#9110);
#6394=DRAUGHTING_PRE_DEFINED_CURVE_FONT('continuous');
#6395=COLOUR_RGB('',0.941176474094391,0.627451002597809,0.431372553110123);
#6396=CARTESIAN_POINT('',(93.5,-97.0,-0.3));
#6397=AXIS2_PLACEMENT_3D('',#9111,#9112,#9113);
#6398=DRAUGHTING_PRE_DEFINED_CURVE_FONT('continuous');
#6399=COLOUR_RGB('',0.941176474094391,0.627451002597809,0.431372553110123);
#6400=CARTESIAN_POINT('',(-78.0,-100.0,-0.3));
#6401=AXIS2_PLACEMENT_3D('',#9114,#9115,#9116);
#6402=DRAUGHTING_PRE_DEFINED_CURVE_FONT('continuous');
#6403=COLOUR_RGB('',0.941176474094391,0.627451002597809,0.431372553110123);
#6404=CARTESIAN_POINT('',(-77.0,-100.0,0.7));
#6405=AXIS2_PLACEMENT_3D('',#9117,#9118,#9119);
#6406=DRAUGHTING_PRE_DEFINED_CURVE_FONT('continuous');
#6407=COLOUR_RGB('',0.941176474094391,0.627451002597809,0.431372553110123);
#6408=CARTESIAN_POINT('',(93.5,97.0,-0.3));
#6409=AXIS2_PLACEMENT_3D('',#9120,#9121,#9122);
#6410=DRAUGHTING_PRE_DEFINED_CURVE_FONT('continuous');
#6411=COLOUR_RGB('',0.941176474094391,0.627451002597809,0.431372553110123);
#6412=CARTESIAN_POINT('',(94.5,97.0,0.7));
#6413=AXIS2_PLACEMENT_3D('',#9123,#9124,#9125);
#6414=DRAUGHTING_PRE_DEFINED_CURVE_FONT('continuous');
#6415=COLOUR_RGB('',0.941176474094391,0.627451002597809,0.431372553110123);
#6416=CARTESIAN_POINT('',(-14.0,-105.0,0.7));
#6417=AXIS2_PLACEMENT_3D('',#9126,#9127,#9128);
#6418=DRAUGHTING_PRE_DEFINED_CURVE_FONT('continuous');
#6419=COLOUR_RGB('',0.941176474094391,0.627451002597809,0.431372553110123);
#6420=CARTESIAN_POINT('',(-15.0,-105.0,-0.3));
#6421=AXIS2_PLACEMENT_3D('',#9129,#9130,#9131);
#6422=DRAUGHTING_PRE_DEFINED_CURVE_FONT('continuous');
#6423=COLOUR_RGB('',0.941176474094391,0.627451002597809,0.431372553110123);
#6424=CARTESIAN_POINT('',(-129.5,97.0,0.7));
#6425=AXIS2_PLACEMENT_3D('',#9132,#9133,#9134);
#6426=DRAUGHTING_PRE_DEFINED_CURVE_FONT('continuous');
#6427=COLOUR_RGB('',0.941176474094391,0.627451002597809,0.431372553110123);
#6428=CARTESIAN_POINT('',(-130.5,97.0,-0.3));
#6429=AXIS2_PLACEMENT_3D('',#9135,#9136,#9137);
#6430=DRAUGHTING_PRE_DEFINED_CURVE_FONT('continuous');
#6431=COLOUR_RGB('',0.941176474094391,0.627451002597809,0.431372553110123);
#6432=CARTESIAN_POINT('',(129.5,-97.0,41.2));
#6433=AXIS2_PLACEMENT_3D('',#9138,#9139,#9140);
#6434=DRAUGHTING_PRE_DEFINED_CURVE_FONT('continuous');
#6435=COLOUR_RGB('',0.941176474094391,0.627451002597809,0.431372553110123);
#6436=CARTESIAN_POINT('',(-47.0,-100.0,41.2));
#6437=AXIS2_PLACEMENT_3D('',#9141,#9142,#9143);
#6438=DRAUGHTING_PRE_DEFINED_CURVE_FONT('continuous');
#6439=COLOUR_RGB('',0.941176474094391,0.627451002597809,0.431372553110123);
#6440=CARTESIAN_POINT('',(47.0,100.0,41.2));
#6441=AXIS2_PLACEMENT_3D('',#9144,#9145,#9146);
#6442=DRAUGHTING_PRE_DEFINED_CURVE_FONT('continuous');
#6443=COLOUR_RGB('',0.941176474094391,0.627451002597809,0.431372553110123);
#6444=CARTESIAN_POINT('',(-94.5,97.0,41.2));
#6445=AXIS2_PLACEMENT_3D('',#9147,#9148,#9149);
#6446=DRAUGHTING_PRE_DEFINED_CURVE_FONT('continuous');
#6447=COLOUR_RGB('',0.941176474094391,0.627451002597809,0.431372553110123);
#6448=CARTESIAN_POINT('',(-47.0,100.0,41.2));
#6449=AXIS2_PLACEMENT_3D('',#9150,#9151,#9152);
#6450=DRAUGHTING_PRE_DEFINED_CURVE_FONT('continuous');
#6451=COLOUR_RGB('',0.941176474094391,0.627451002597809,0.431372553110123);
#6452=CARTESIAN_POINT('',(-94.5,-97.0,41.2));
#6453=AXIS2_PLACEMENT_3D('',#9153,#9154,#9155);
#6454=DRAUGHTING_PRE_DEFINED_CURVE_FONT('continuous');
#6455=COLOUR_RGB('',0.941176474094391,0.627451002597809,0.431372553110123);
#6456=CARTESIAN_POINT('',(94.5,97.0,41.2));
#6457=AXIS2_PLACEMENT_3D('',#9156,#9157,#9158);
#6458=DRAUGHTING_PRE_DEFINED_CURVE_FONT('continuous');
#6459=COLOUR_RGB('',0.941176474094391,0.627451002597809,0.431372553110123);
#6460=CARTESIAN_POINT('',(77.0,-100.0,41.2));
#6461=AXIS2_PLACEMENT_3D('',#9159,#9160,#9161);
#6462=DRAUGHTING_PRE_DEFINED_CURVE_FONT('continuous');
#6463=COLOUR_RGB('',0.941176474094391,0.627451002597809,0.431372553110123);
#6464=CARTESIAN_POINT('',(-44.25,-100.0,41.2));
#6465=AXIS2_PLACEMENT_3D('',#9162,#9163,#9164);
#6466=DRAUGHTING_PRE_DEFINED_CURVE_FONT('continuous');
#6467=COLOUR_RGB('',0.941176474094391,0.627451002597809,0.431372553110123);
#6468=CARTESIAN_POINT('',(79.75,-100.0,41.2));
#6469=AXIS2_PLACEMENT_3D('',#9165,#9166,#9167);
#6470=DRAUGHTING_PRE_DEFINED_CURVE_FONT('continuous');
#6471=COLOUR_RGB('',0.941176474094391,0.627451002597809,0.431372553110123);
#6472=CARTESIAN_POINT('',(44.25,100.0,41.2));
#6473=AXIS2_PLACEMENT_3D('',#9168,#9169,#9170);
#6474=DRAUGHTING_PRE_DEFINED_CURVE_FONT('continuous');
#6475=COLOUR_RGB('',0.941176474094391,0.627451002597809,0.431372553110123);
#6476=CARTESIAN_POINT('',(-44.25,100.0,41.2));
#6477=AXIS2_PLACEMENT_3D('',#9171,#9172,#9173);
#6478=DRAUGHTING_PRE_DEFINED_CURVE_FONT('continuous');
#6479=COLOUR_RGB('',0.941176474094391,0.627451002597809,0.431372553110123);
#6480=CARTESIAN_POINT('',(132.25,-97.0,41.2));
#6481=AXIS2_PLACEMENT_3D('',#9174,#9175,#9176);
#6482=DRAUGHTING_PRE_DEFINED_CURVE_FONT('continuous');
#6483=COLOUR_RGB('',0.941176474094391,0.627451002597809,0.431372553110123);
#6484=CARTESIAN_POINT('',(-91.75,-97.0,41.2));
#6485=AXIS2_PLACEMENT_3D('',#9177,#9178,#9179);
#6486=DRAUGHTING_PRE_DEFINED_CURVE_FONT('continuous');
#6487=COLOUR_RGB('',0.941176474094391,0.627451002597809,0.431372553110123);
#6488=CARTESIAN_POINT('',(-91.75,97.0,41.2));
#6489=AXIS2_PLACEMENT_3D('',#9180,#9181,#9182);
#6490=DRAUGHTING_PRE_DEFINED_CURVE_FONT('continuous');
#6491=COLOUR_RGB('',0.941176474094391,0.627451002597809,0.431372553110123);
#6492=CARTESIAN_POINT('',(91.75,97.0,41.2));
#6493=AXIS2_PLACEMENT_3D('',#9183,#9184,#9185);
#6494=DRAUGHTING_PRE_DEFINED_CURVE_FONT('continuous');
#6495=COLOUR_RGB('',0.941176474094391,0.627451002597809,0.431372553110123);
#6496=CARTESIAN_POINT('',(16.0138176598494,-69.95,5.67478807501012));
#6497=CARTESIAN_POINT('',(16.0138176598494,-70.8489290408724,5.67478807501012));
#6498=CARTESIAN_POINT('',(16.0138176598494,80.0,5.67478807501012));
#6499=VECTOR('',#9186,1000.0);
#6500=DRAUGHTING_PRE_DEFINED_CURVE_FONT('continuous');
#6501=COLOUR_RGB('',0.941176474094391,0.627451002597809,0.431372553110123);
#6502=CARTESIAN_POINT('',(13.0138176598493,-70.7655032604958,6.00194799805559));
#6503=AXIS2_PLACEMENT_3D('',#9187,#9188,#9189);
#6504=DRAUGHTING_PRE_DEFINED_CURVE_FONT('continuous');
#6505=COLOUR_RGB('',0.941176474094391,0.627451002597809,0.431372553110123);
#6506=CARTESIAN_POINT('',(13.0138176598493,-69.95,6.00194799805559));
#6507=CARTESIAN_POINT('',(13.0138176598493,80.0,6.00194799805559));
#6508=VECTOR('',#9190,1000.0);
#6509=DRAUGHTING_PRE_DEFINED_CURVE_FONT('continuous');
#6510=COLOUR_RGB('',0.941176474094391,0.627451002597809,0.431372553110123);
#6511=AXIS2_PLACEMENT_3D('',#9191,#9192,#9193);
#6512=DRAUGHTING_PRE_DEFINED_CURVE_FONT('continuous');
#6513=COLOUR_RGB('',0.941176474094391,0.627451002597809,0.431372553110123);
#6514=CARTESIAN_POINT('',(-66.9861823401507,69.95,6.00194799805558));
#6515=CARTESIAN_POINT('',(-66.9861823401507,80.0,6.00194799805558));
#6516=VECTOR('',#9194,1000.0);
#6517=DRAUGHTING_PRE_DEFINED_CURVE_FONT('continuous');
#6518=COLOUR_RGB('',0.941176474094391,0.627451002597809,0.431372553110123);
#6519=CARTESIAN_POINT('',(-63.9861823401507,69.95,5.67478807501012));
#6520=CARTESIAN_POINT('',(-63.9861823401507,80.0,5.67478807501012));
#6521=VECTOR('',#9195,1000.0);
#6522=DRAUGHTING_PRE_DEFINED_CURVE_FONT('continuous');
#6523=COLOUR_RGB('',0.941176474094391,0.627451002597809,0.431372553110123);
#6524=AXIS2_PLACEMENT_3D('',#9196,#9197,#9198);
#6525=DRAUGHTING_PRE_DEFINED_CURVE_FONT('continuous');
#6526=COLOUR_RGB('',0.941176474094391,0.627451002597809,0.431372553110123);
#6527=CARTESIAN_POINT('',(35.4255321703073,-69.95,3.85380852990194));
#6528=CARTESIAN_POINT('',(35.4255321703073,-71.313278824875,3.85380852990194));
#6529=CARTESIAN_POINT('',(35.4255321703073,80.0,3.85380852990194));
#6530=VECTOR('',#9199,1000.0);
#6531=DRAUGHTING_PRE_DEFINED_CURVE_FONT('continuous');
#6532=COLOUR_RGB('',0.941176474094391,0.627451002597809,0.431372553110123);
#6533=CARTESIAN_POINT('',(0.78956908241281,-70.484748095664,7.10294864445482));
#6534=VECTOR('',#9200,1000.0);
#6535=DRAUGHTING_PRE_DEFINED_CURVE_FONT('continuous');
#6536=COLOUR_RGB('',0.941176474094391,0.627451002597809,0.431372553110123);
#6537=CARTESIAN_POINT('',(92.1077366248921,-69.95,-1.4634515620817));
#6538=VECTOR('',#9201,1000.0);
#6539=DRAUGHTING_PRE_DEFINED_CURVE_FONT('continuous');
#6540=COLOUR_RGB('',0.941176474094391,0.627451002597809,0.431372553110123);
#6541=CARTESIAN_POINT('',(70.1301861194023,69.95,7.53097078176308));
#6542=AXIS2_PLACEMENT_3D('',#9202,#9203,#9204);
#6543=DRAUGHTING_PRE_DEFINED_CURVE_FONT('continuous');
#6544=COLOUR_RGB('',0.941176474094391,0.627451002597809,0.431372553110123);
#6545=CARTESIAN_POINT('',(70.1301861194023,-70.3756024506465,7.53097078176308));
#6546=VECTOR('',#9205,1000.0);
#6547=DRAUGHTING_PRE_DEFINED_CURVE_FONT('continuous');
#6548=COLOUR_RGB('',0.941176474094391,0.627451002597809,0.431372553110123);
#6549=CARTESIAN_POINT('',(-66.9861823401507,-69.95,6.00194799805558));
#6550=CARTESIAN_POINT('',(-66.9861823401507,-70.7655032604958,6.00194799805558));
#6551=CARTESIAN_POINT('',(-66.9861823401507,80.0,6.00194799805558));
#6552=VECTOR('',#9206,1000.0);
#6553=DRAUGHTING_PRE_DEFINED_CURVE_FONT('continuous');
#6554=COLOUR_RGB('',0.941176474094391,0.627451002597809,0.431372553110123);
#6555=CARTESIAN_POINT('',(-74.7533142003395,-70.1155756604878,8.55068368436135));
#6556=AXIS2_PLACEMENT_3D('',#9207,#9208,#9209);
#6557=DRAUGHTING_PRE_DEFINED_CURVE_FONT('continuous');
#6558=COLOUR_RGB('',0.941176474094391,0.627451002597809,0.431372553110123);
#6559=CARTESIAN_POINT('',(-74.7533142003395,-69.95,8.55068368436134));
#6560=CARTESIAN_POINT('',(-74.7533142003395,80.0,8.55068368436134));
#6561=VECTOR('',#9210,1000.0);
#6562=DRAUGHTING_PRE_DEFINED_CURVE_FONT('continuous');
#6563=COLOUR_RGB('',0.941176474094391,0.627451002597809,0.431372553110123);
#6564=AXIS2_PLACEMENT_3D('',#9211,#9212,#9213);
#6565=DRAUGHTING_PRE_DEFINED_CURVE_FONT('continuous');
#6566=COLOUR_RGB('',0.941176474094391,0.627451002597809,0.431372553110123);
#6567=CARTESIAN_POINT('',(35.4255321703073,69.95,3.85380852990194));
#6568=CARTESIAN_POINT('',(35.4255321703073,80.0,3.85380852990194));
#6569=VECTOR('',#9214,1000.0);
#6570=DRAUGHTING_PRE_DEFINED_CURVE_FONT('continuous');
#6571=COLOUR_RGB('',0.941176474094391,0.627451002597809,0.431372553110123);
#6572=CARTESIAN_POINT('',(44.5744678296927,69.95,3.85380852990193));
#6573=CARTESIAN_POINT('',(44.5744678296927,80.0,3.85380852990193));
#6574=VECTOR('',#9215,1000.0);
#6575=DRAUGHTING_PRE_DEFINED_CURVE_FONT('continuous');
#6576=COLOUR_RGB('',0.941176474094391,0.627451002597809,0.431372553110123);
#6577=AXIS2_PLACEMENT_3D('',#9216,#9217,#9218);
#6578=DRAUGHTING_PRE_DEFINED_CURVE_FONT('continuous');
#6579=COLOUR_RGB('',0.941176474094391,0.627451002597809,0.431372553110123);
#6580=CARTESIAN_POINT('',(13.0138176598493,69.95,6.00194799805559));
#6581=CARTESIAN_POINT('',(13.0138176598493,80.0,6.00194799805559));
#6582=VECTOR('',#9219,1000.0);
#6583=DRAUGHTING_PRE_DEFINED_CURVE_FONT('continuous');
#6584=COLOUR_RGB('',0.941176474094391,0.627451002597809,0.431372553110123);
#6585=CARTESIAN_POINT('',(16.0138176598494,69.95,5.67478807501012));
#6586=CARTESIAN_POINT('',(16.0138176598494,80.0,5.67478807501012));
#6587=VECTOR('',#9220,1000.0);
#6588=DRAUGHTING_PRE_DEFINED_CURVE_FONT('continuous');
#6589=COLOUR_RGB('',0.941176474094391,0.627451002597809,0.431372553110123);
#6590=AXIS2_PLACEMENT_3D('',#9221,#9222,#9223);
#6591=DRAUGHTING_PRE_DEFINED_CURVE_FONT('continuous');
#6592=COLOUR_RGB('',0.941176474094391,0.627451002597809,0.431372553110123);
#6593=CARTESIAN_POINT('',(-44.5744678296927,69.95,3.85380852990194));
#6594=CARTESIAN_POINT('',(-44.5744678296927,80.0,3.85380852990194));
#6595=VECTOR('',#9224,1000.0);
#6596=DRAUGHTING_PRE_DEFINED_CURVE_FONT('continuous');
#6597=COLOUR_RGB('',0.941176474094391,0.627451002597809,0.431372553110123);
#6598=CARTESIAN_POINT('',(-87.4164511843682,69.95,7.87274128922615));
#6599=VECTOR('',#9225,1000.0);
#6600=DRAUGHTING_PRE_DEFINED_CURVE_FONT('continuous');
#6601=COLOUR_RGB('',0.941176474094391,0.627451002597809,0.431372553110123);
#6602=CARTESIAN_POINT('',(-16.0138176598493,-69.95,5.67478807501003));
#6603=CARTESIAN_POINT('',(-16.0138176598493,-70.8489290408724,5.67478807501003));
#6604=CARTESIAN_POINT('',(-16.0138176598493,80.0,5.67478807501003));
#6605=VECTOR('',#9226,1000.0);
#6606=DRAUGHTING_PRE_DEFINED_CURVE_FONT('continuous');
#6607=COLOUR_RGB('',0.941176474094391,0.627451002597809,0.431372553110123);
#6608=CARTESIAN_POINT('',(-35.4255321703073,-71.313278824875,3.85380852990192));
#6609=CARTESIAN_POINT('',(-0.789569082412774,-70.4847480956641,7.10294864445471));
#6610=VECTOR('',#9227,1000.0);
#6611=DRAUGHTING_PRE_DEFINED_CURVE_FONT('continuous');
#6612=COLOUR_RGB('',0.941176474094391,0.627451002597809,0.431372553110123);
#6613=CARTESIAN_POINT('',(-35.4255321703073,-69.95,3.85380852990193));
#6614=CARTESIAN_POINT('',(-35.4255321703073,80.0,3.85380852990193));
#6615=VECTOR('',#9228,1000.0);
#6616=DRAUGHTING_PRE_DEFINED_CURVE_FONT('continuous');
#6617=COLOUR_RGB('',0.941176474094391,0.627451002597809,0.431372553110123);
#6618=CARTESIAN_POINT('',(86.7185928650539,-69.95,15.3119387803078));
#6619=VECTOR('',#9229,1000.0);
#6620=DRAUGHTING_PRE_DEFINED_CURVE_FONT('continuous');
#6621=COLOUR_RGB('',0.941176474094391,0.627451002597809,0.431372553110123);
#6622=CARTESIAN_POINT('',(-86.7185928650538,69.95,15.3119387803081));
#6623=VECTOR('',#9230,1000.0);
#6624=DRAUGHTING_PRE_DEFINED_CURVE_FONT('continuous');
#6625=COLOUR_RGB('',0.941176474094391,0.627451002597809,0.431372553110123);
#6626=CARTESIAN_POINT('',(44.5744678296927,-71.313278824875,3.85380852990193));
#6627=CARTESIAN_POINT('',(-0.0467538714455548,-72.3806680370794,-0.332031517958431));
#6628=VECTOR('',#9231,1000.0);
#6629=DRAUGHTING_PRE_DEFINED_CURVE_FONT('continuous');
#6630=COLOUR_RGB('',0.941176474094391,0.627451002597809,0.431372553110123);
#6631=CARTESIAN_POINT('',(44.5744678296927,-69.95,3.85380852990193));
#6632=CARTESIAN_POINT('',(44.5744678296927,80.0,3.85380852990193));
#6633=VECTOR('',#9232,1000.0);
#6634=DRAUGHTING_PRE_DEFINED_CURVE_FONT('continuous');
#6635=COLOUR_RGB('',0.941176474094391,0.627451002597809,0.431372553110123);
#6636=CARTESIAN_POINT('',(87.4164511843683,-69.95,7.87274128922601));
#6637=VECTOR('',#9233,1000.0);
#6638=DRAUGHTING_PRE_DEFINED_CURVE_FONT('continuous');
#6639=COLOUR_RGB('',0.941176474094391,0.627451002597809,0.431372553110123);
#6640=CARTESIAN_POINT('',(-90.2,-69.95,9.2));
#6641=CARTESIAN_POINT('',(-92.3754070927476,-72.1254070927476,0.66899179314665));
#6642=CARTESIAN_POINT('',(-91.475,-71.225,4.2));
#6643=VECTOR('',#9234,1000.0);
#6644=DRAUGHTING_PRE_DEFINED_CURVE_FONT('continuous');
#6645=COLOUR_RGB('',0.941176474094391,0.627451002597809,0.431372553110123);
#6646=CARTESIAN_POINT('',(-92.3754070927476,-1.1802727349646E-016,0.668991793146641));
#6647=VECTOR('',#9235,1000.0);
#6648=DRAUGHTING_PRE_DEFINED_CURVE_FONT('continuous');
#6649=COLOUR_RGB('',0.941176474094391,0.627451002597809,0.431372553110123);
#6650=CARTESIAN_POINT('',(-90.2,1.21430643318376E-014,9.2));
#6651=VECTOR('',#9236,1000.0);
#6652=DRAUGHTING_PRE_DEFINED_CURVE_FONT('continuous');
#6653=COLOUR_RGB('',0.941176474094391,0.627451002597809,0.431372553110123);
#6654=CARTESIAN_POINT('',(92.3754070927476,-72.1254070927476,0.66899179314665));
#6655=CARTESIAN_POINT('',(92.3754070927476,-1.1802727349646E-016,0.668991793146642));
#6656=VECTOR('',#9237,1000.0);
#6657=DRAUGHTING_PRE_DEFINED_CURVE_FONT('continuous');
#6658=COLOUR_RGB('',0.941176474094391,0.627451002597809,0.431372553110123);
#6659=CARTESIAN_POINT('',(90.2,-69.95,9.2));
#6660=CARTESIAN_POINT('',(91.475,-71.225,4.2));
#6661=VECTOR('',#9238,1000.0);
#6662=DRAUGHTING_PRE_DEFINED_CURVE_FONT('continuous');
#6663=COLOUR_RGB('',0.941176474094391,0.627451002597809,0.431372553110123);
#6664=CARTESIAN_POINT('',(90.2,0.0,9.2));
#6665=VECTOR('',#9239,1000.0);
#6666=DRAUGHTING_PRE_DEFINED_CURVE_FONT('continuous');
#6667=COLOUR_RGB('',0.941176474094391,0.627451002597809,0.431372553110123);
#6668=CARTESIAN_POINT('',(0.0,-72.1254070927476,0.668991793146649));
#6669=VECTOR('',#9240,1000.0);
#6670=DRAUGHTING_PRE_DEFINED_CURVE_FONT('continuous');
#6671=COLOUR_RGB('',0.941176474094391,0.627451002597809,0.431372553110123);
#6672=CARTESIAN_POINT('',(-77.6975996384698,-69.95,9.2));
#6673=CARTESIAN_POINT('',(0.0,-69.95,9.2));
#6674=VECTOR('',#9241,1000.0);
#6675=DRAUGHTING_PRE_DEFINED_CURVE_FONT('continuous');
#6676=COLOUR_RGB('',0.941176474094391,0.627451002597809,0.431372553110123);
#6677=AXIS2_PLACEMENT_3D('',#9242,#9243,#9244);
#6678=DRAUGHTING_PRE_DEFINED_CURVE_FONT('continuous');
#6679=COLOUR_RGB('',0.941176474094391,0.627451002597809,0.431372553110123);
#6680=CARTESIAN_POINT('',(-63.9861823401507,-70.8489290408724,5.67478807501012));
#6681=AXIS2_PLACEMENT_3D('',#9245,#9246,#9247);
#6682=DRAUGHTING_PRE_DEFINED_CURVE_FONT('continuous');
#6683=COLOUR_RGB('',0.941176474094391,0.627451002597809,0.431372553110123);
#6684=CARTESIAN_POINT('',(-44.5744678296927,-71.313278824875,3.85380852990194));
#6685=CARTESIAN_POINT('',(0.0467538714455447,-72.3806680370794,-0.332031517958546));
#6686=VECTOR('',#9248,1000.0);
#6687=DRAUGHTING_PRE_DEFINED_CURVE_FONT('continuous');
#6688=COLOUR_RGB('',0.941176474094391,0.627451002597809,0.431372553110123);
#6689=AXIS2_PLACEMENT_3D('',#9249,#9250,#9251);
#6690=DRAUGHTING_PRE_DEFINED_CURVE_FONT('continuous');
#6691=COLOUR_RGB('',0.941176474094391,0.627451002597809,0.431372553110123);
#6692=CARTESIAN_POINT('',(-13.0140607622349,-70.7655080576824,6.00192918555935));
#6693=CARTESIAN_POINT('',(-13.0140607622349,-70.7655080576824,6.00192918555935));
#6694=CARTESIAN_POINT('',(-14.0121600717099,-70.79715862141,5.87780932780416));
#6695=CARTESIAN_POINT('',(-15.012215214048,-70.8249695972533,5.76874667743805));
#6696=CARTESIAN_POINT('',(-16.0138176598494,-70.8489290408724,5.67478807501001));
#6697=DRAUGHTING_PRE_DEFINED_CURVE_FONT('continuous');
#6698=COLOUR_RGB('',0.941176474094391,0.627451002597809,0.431372553110123);
#6699=CARTESIAN_POINT('',(-5.24920582534027,-70.1156066397948,8.55056219688281));
#6700=CARTESIAN_POINT('',(-5.24920582534026,-70.1156066397948,8.55056219688281));
#6701=CARTESIAN_POINT('',(-6.48530573004162,-70.2617570838308,7.97742320066346));
#6702=CARTESIAN_POINT('',(-7.75803623923779,-70.3898101174143,7.47525444151274));
#6703=CARTESIAN_POINT('',(-10.3524162379019,-70.6069957708941,6.62354599649361));
#6704=CARTESIAN_POINT('',(-11.6719584212672,-70.696091278994,6.27415184708261));
#6705=CARTESIAN_POINT('',(-13.0140607622349,-70.7655080576825,6.00192918555937));
#6706=DRAUGHTING_PRE_DEFINED_CURVE_FONT('continuous');
#6707=COLOUR_RGB('',0.941176474094391,0.627451002597809,0.431372553110123);
#6708=CARTESIAN_POINT('',(-2.30465835866173,-69.95,9.2));
#6709=AXIS2_PLACEMENT_3D('',#9252,#9253,#9254);
#6710=DRAUGHTING_PRE_DEFINED_CURVE_FONT('continuous');
#6711=COLOUR_RGB('',0.941176474094391,0.627451002597809,0.431372553110123);
#6712=CARTESIAN_POINT('',(5.33198815497909,-69.95,9.2));
#6713=CARTESIAN_POINT('',(0.0,-69.95,9.2));
#6714=VECTOR('',#9255,1000.0);
#6715=DRAUGHTING_PRE_DEFINED_CURVE_FONT('continuous');
#6716=COLOUR_RGB('',0.941176474094391,0.627451002597809,0.431372553110123);
#6717=CARTESIAN_POINT('',(9.86833244046052,-70.3755467004911,7.53118940983904));
#6718=AXIS2_PLACEMENT_3D('',#9256,#9257,#9258);
#6719=DRAUGHTING_PRE_DEFINED_CURVE_FONT('continuous');
#6720=COLOUR_RGB('',0.941176474094391,0.627451002597809,0.431372553110123);
#6721=AXIS2_PLACEMENT_3D('',#9259,#9260,#9261);
#6722=DRAUGHTING_PRE_DEFINED_CURVE_FONT('continuous');
#6723=COLOUR_RGB('',0.941176474094391,0.627451002597809,0.431372553110123);
#6724=AXIS2_PLACEMENT_3D('',#9262,#9263,#9264);
#6725=DRAUGHTING_PRE_DEFINED_CURVE_FONT('continuous');
#6726=COLOUR_RGB('',0.941176474094391,0.627451002597809,0.431372553110123);
#6727=CARTESIAN_POINT('',(70.1301861194028,-70.3756024506503,7.53097078176345));
#6728=CARTESIAN_POINT('',(70.1301861194028,-70.3756024506503,7.53097078176345));
#6729=CARTESIAN_POINT('',(69.9083277306535,-70.4237462474,7.34217157882369));
#6730=CARTESIAN_POINT('',(69.6752108713498,-70.4682678319026,7.16757712979391));
#6731=CARTESIAN_POINT('',(69.1862232827048,-70.5499903487537,6.84709667155448));
#6732=CARTESIAN_POINT('',(68.9291610458322,-70.5873381297383,6.70063478533997));
#6733=CARTESIAN_POINT('',(68.1299277213416,-70.6867566668897,6.31075816905986));
#6734=CARTESIAN_POINT('',(67.5711538107595,-70.7352349717629,6.12064716955678));
#6735=CARTESIAN_POINT('',(66.9858413036531,-70.7655099902351,6.00192160692083));
#6736=DRAUGHTING_PRE_DEFINED_CURVE_FONT('continuous');
#6737=COLOUR_RGB('',0.941176474094391,0.627451002597809,0.431372553110123);
#6738=CARTESIAN_POINT('',(74.6667873277948,-69.95,9.2));
#6739=AXIS2_PLACEMENT_3D('',#9265,#9266,#9267);
#6740=DRAUGHTING_PRE_DEFINED_CURVE_FONT('continuous');
#6741=COLOUR_RGB('',0.941176474094391,0.627451002597809,0.431372553110123);
#6742=CARTESIAN_POINT('',(0.0,-69.95,9.2));
#6743=VECTOR('',#9268,1000.0);
#6744=DRAUGHTING_PRE_DEFINED_CURVE_FONT('continuous');
#6745=COLOUR_RGB('',0.941176474094391,0.627451002597809,0.431372553110123);
#6746=CARTESIAN_POINT('',(-44.5744678296927,-69.95,3.85380852990194));
#6747=CARTESIAN_POINT('',(-44.5744678296927,80.0,3.85380852990194));
#6748=VECTOR('',#9269,1000.0);
#6749=DRAUGHTING_PRE_DEFINED_CURVE_FONT('continuous');
#6750=COLOUR_RGB('',0.941176474094391,0.627451002597809,0.431372553110123);
#6751=AXIS2_PLACEMENT_3D('',#9270,#9271,#9272);
#6752=DRAUGHTING_PRE_DEFINED_CURVE_FONT('continuous');
#6753=COLOUR_RGB('',0.941176474094391,0.627451002597809,0.431372553110123);
#6754=CARTESIAN_POINT('',(-13.0140607622349,-69.95,6.00192918555935));
#6755=CARTESIAN_POINT('',(-13.0140607622349,80.0,6.00192918555935));
#6756=VECTOR('',#9273,1000.0);
#6757=DRAUGHTING_PRE_DEFINED_CURVE_FONT('continuous');
#6758=COLOUR_RGB('',0.941176474094391,0.627451002597809,0.431372553110123);
#6760=CARTESIAN_POINT('',(-16.0138176598493,-69.95,5.67478807501001));
#6761=CARTESIAN_POINT('',(-15.0122099881254,-69.9500000000001,5.76874716767286));
#6762=CARTESIAN_POINT('',(-14.0122151263769,-69.9500000000001,5.87780248141384));
#6763=CARTESIAN_POINT('',(-13.0140607622349,-69.95,6.00192918555935));
#6770=DRAUGHTING_PRE_DEFINED_CURVE_FONT('continuous');
#6771=COLOUR_RGB('',0.941176474094391,0.627451002597809,0.431372553110123);
#6772=CARTESIAN_POINT('',(-74.7533142003395,69.95,8.55068368436134));
#6773=CARTESIAN_POINT('',(-74.7533142003395,80.0,8.55068368436134));
#6774=VECTOR('',#9274,1000.0);
#6775=DRAUGHTING_PRE_DEFINED_CURVE_FONT('continuous');
#6776=COLOUR_RGB('',0.941176474094391,0.627451002597809,0.431372553110123);
#6777=AXIS2_PLACEMENT_3D('',#9275,#9276,#9277);
#6778=DRAUGHTING_PRE_DEFINED_CURVE_FONT('continuous');
#6779=COLOUR_RGB('',0.941176474094391,0.627451002597809,0.431372553110123);
#6780=CARTESIAN_POINT('',(66.9858413036531,69.95,6.00192160692083));
#6781=CARTESIAN_POINT('',(66.9858413036531,80.0,6.00192160692083));
#6782=VECTOR('',#9278,1000.0);
#6783=DRAUGHTING_PRE_DEFINED_CURVE_FONT('continuous');
#6784=COLOUR_RGB('',0.941176474094391,0.627451002597809,0.431372553110123);
#6786=CARTESIAN_POINT('',(66.9858413036531,69.9500000000001,6.00192160692083));
#6787=CARTESIAN_POINT('',(68.1442674477057,69.9500000000001,6.23689829724439));
#6788=CARTESIAN_POINT('',(69.2169158250173,69.95,6.75378717099005));
#6789=CARTESIAN_POINT('',(70.1301861194023,69.9500000000001,7.53097078176305));
#6796=DRAUGHTING_PRE_DEFINED_CURVE_FONT('continuous');
#6797=COLOUR_RGB('',0.941176474094391,0.627451002597809,0.431372553110123);
#6798=AXIS2_PLACEMENT_3D('',#9279,#9280,#9281);
#6799=DRAUGHTING_PRE_DEFINED_CURVE_FONT('continuous');
#6800=COLOUR_RGB('',0.941176474094391,0.627451002597809,0.431372553110123);
#6801=CARTESIAN_POINT('',(9.86833244046052,69.95,7.53118940983904));
#6802=CARTESIAN_POINT('',(9.86833244046052,80.0,7.53118940983904));
#6803=VECTOR('',#9282,1000.0);
#6804=DRAUGHTING_PRE_DEFINED_CURVE_FONT('continuous');
#6805=COLOUR_RGB('',0.941176474094391,0.627451002597809,0.431372553110123);
#6806=AXIS2_PLACEMENT_3D('',#9283,#9284,#9285);
#6807=DRAUGHTING_PRE_DEFINED_CURVE_FONT('continuous');
#6808=COLOUR_RGB('',0.941176474094391,0.627451002597809,0.431372553110123);
#6809=AXIS2_PLACEMENT_3D('',#9286,#9287,#9288);
#6810=DRAUGHTING_PRE_DEFINED_CURVE_FONT('continuous');
#6811=COLOUR_RGB('',0.941176474094391,0.627451002597809,0.431372553110123);
#6812=AXIS2_PLACEMENT_3D('',#9289,#9290,#9291);
#6813=DRAUGHTING_PRE_DEFINED_CURVE_FONT('continuous');
#6814=COLOUR_RGB('',0.941176474094391,0.627451002597809,0.431372553110123);
#6815=AXIS2_PLACEMENT_3D('',#9292,#9293,#9294);
#6816=DRAUGHTING_PRE_DEFINED_CURVE_FONT('continuous');
#6817=COLOUR_RGB('',0.941176474094391,0.627451002597809,0.431372553110123);
#6818=CARTESIAN_POINT('',(-90.2,-69.95,29.2));
#6819=CARTESIAN_POINT('',(90.2,-69.95,29.2));
#6820=CARTESIAN_POINT('',(90.2,-69.95,29.2));
#6821=VECTOR('',#9295,1000.0);
#6822=DRAUGHTING_PRE_DEFINED_CURVE_FONT('continuous');
#6823=COLOUR_RGB('',0.941176474094391,0.627451002597809,0.431372553110123);
#6824=CARTESIAN_POINT('',(-90.2,69.95,29.2));
#6825=CARTESIAN_POINT('',(-90.2,-69.95,29.2));
#6826=VECTOR('',#9296,1000.0);
#6827=DRAUGHTING_PRE_DEFINED_CURVE_FONT('continuous');
#6828=COLOUR_RGB('',0.941176474094391,0.627451002597809,0.431372553110123);
#6829=CARTESIAN_POINT('',(90.2,69.95,29.2));
#6830=CARTESIAN_POINT('',(-90.2,69.95,29.2));
#6831=VECTOR('',#9297,1000.0);
#6832=DRAUGHTING_PRE_DEFINED_CURVE_FONT('continuous');
#6833=COLOUR_RGB('',0.941176474094391,0.627451002597809,0.431372553110123);
#6834=CARTESIAN_POINT('',(90.2,69.95,29.2));
#6835=VECTOR('',#9298,1000.0);
#6836=DRAUGHTING_PRE_DEFINED_CURVE_FONT('continuous');
#6837=COLOUR_RGB('',0.941176474094391,0.627451002597809,0.431372553110123);
#6838=CARTESIAN_POINT('',(90.2,69.95,-21.8));
#6839=VECTOR('',#9299,1000.0);
#6840=DRAUGHTING_PRE_DEFINED_CURVE_FONT('continuous');
#6841=COLOUR_RGB('',0.941176474094391,0.627451002597809,0.431372553110123);
#6842=CARTESIAN_POINT('',(90.2,-69.95,-21.8));
#6843=VECTOR('',#9300,1000.0);
#6844=DRAUGHTING_PRE_DEFINED_CURVE_FONT('continuous');
#6845=COLOUR_RGB('',0.941176474094391,0.627451002597809,0.431372553110123);
#6846=CARTESIAN_POINT('',(-90.2,69.95,-21.8));
#6847=VECTOR('',#9301,1000.0);
#6848=DRAUGHTING_PRE_DEFINED_CURVE_FONT('continuous');
#6849=COLOUR_RGB('',0.941176474094391,0.627451002597809,0.431372553110123);
#6850=CARTESIAN_POINT('',(-35.4255321703073,69.95,3.85380852990193));
#6851=AXIS2_PLACEMENT_3D('',#9302,#9303,#9304);
#6852=DRAUGHTING_PRE_DEFINED_CURVE_FONT('continuous');
#6853=COLOUR_RGB('',0.941176474094391,0.627451002597809,0.431372553110123);
#6854=CARTESIAN_POINT('',(-16.0138176598493,69.95,5.67478807501003));
#6855=CARTESIAN_POINT('',(-92.1077366248921,69.95,-1.46345156208155));
#6856=VECTOR('',#9305,1000.0);
#6857=DRAUGHTING_PRE_DEFINED_CURVE_FONT('continuous');
#6858=COLOUR_RGB('',0.941176474094391,0.627451002597809,0.431372553110123);
#6860=CARTESIAN_POINT('',(-16.0138176598493,69.95,5.67478807501001));
#6861=CARTESIAN_POINT('',(-15.0122099881254,69.9500000000001,5.76874716767286));
#6862=CARTESIAN_POINT('',(-14.0122151263769,69.9500000000001,5.87780248141384));
#6863=CARTESIAN_POINT('',(-13.0140607622349,69.95,6.00192918555935));
#6870=DRAUGHTING_PRE_DEFINED_CURVE_FONT('continuous');
#6871=COLOUR_RGB('',0.941176474094391,0.627451002597809,0.431372553110123);
#6872=CARTESIAN_POINT('',(63.9861823401507,69.95,5.67478807501003));
#6873=CARTESIAN_POINT('',(-91.4098783055777,69.95,-8.90264905316328));
#6874=VECTOR('',#9306,1000.0);
#6875=DRAUGHTING_PRE_DEFINED_CURVE_FONT('continuous');
#6876=COLOUR_RGB('',0.941176474094391,0.627451002597809,0.431372553110123);
#6878=CARTESIAN_POINT('',(63.9861823401506,69.95,5.67478807501002));
#6879=CARTESIAN_POINT('',(64.9877900118747,69.9500000000001,5.76874716767286));
#6880=CARTESIAN_POINT('',(65.9877522264413,69.9500000000001,5.87779995500926));
#6881=CARTESIAN_POINT('',(66.985841303653,69.95,6.00192160692083));
#6888=DRAUGHTING_PRE_DEFINED_CURVE_FONT('continuous');
#6889=COLOUR_RGB('',0.941176474094391,0.627451002597809,0.431372553110123);
#6890=CARTESIAN_POINT('',(-90.2,-69.95,-21.8));
#6891=VECTOR('',#9307,1000.0);
#6892=DRAUGHTING_PRE_DEFINED_CURVE_FONT('continuous');
#6893=COLOUR_RGB('',0.941176474094391,0.627451002597809,0.431372553110123);
#6894=CARTESIAN_POINT('',(70.1301861194023,-69.95,7.53097078176308));
#6895=AXIS2_PLACEMENT_3D('',#9308,#9309,#9310);
#6896=DRAUGHTING_PRE_DEFINED_CURVE_FONT('continuous');
#6897=COLOUR_RGB('',0.941176474094391,0.627451002597809,0.431372553110123);
#6899=CARTESIAN_POINT('',(66.9858413036531,-69.9500000000001,6.00192160692083));
#6900=CARTESIAN_POINT('',(68.1442674477057,-69.9500000000001,6.23689829724439));
#6901=CARTESIAN_POINT('',(69.2169158250173,-69.95,6.75378717099005));
#6902=CARTESIAN_POINT('',(70.1301861194023,-69.9500000000001,7.53097078176305));
#6909=DRAUGHTING_PRE_DEFINED_CURVE_FONT('continuous');
#6910=COLOUR_RGB('',0.941176474094391,0.627451002597809,0.431372553110123);
#6911=CARTESIAN_POINT('',(9.86833244046052,-69.95,7.53118940983904));
#6912=AXIS2_PLACEMENT_3D('',#9311,#9312,#9313);
#6913=DRAUGHTING_PRE_DEFINED_CURVE_FONT('continuous');
#6914=COLOUR_RGB('',0.941176474094391,0.627451002597809,0.431372553110123);
#6915=AXIS2_PLACEMENT_3D('',#9314,#9315,#9316);
#6916=DRAUGHTING_PRE_DEFINED_CURVE_FONT('continuous');
#6917=COLOUR_RGB('',0.941176474094391,0.627451002597809,0.431372553110123);
#6918=CARTESIAN_POINT('',(-5.24920582534026,-69.95,8.55056219688281));
#6919=AXIS2_PLACEMENT_3D('',#9317,#9318,#9319);
#6920=DRAUGHTING_PRE_DEFINED_CURVE_FONT('continuous');
#6921=COLOUR_RGB('',0.941176474094391,0.627451002597809,0.431372553110123);
#6923=CARTESIAN_POINT('',(-13.014060762235,-69.95,6.00192918555936));
#6924=CARTESIAN_POINT('',(-10.3334904529109,-69.9499999999999,6.54563733785884));
#6925=CARTESIAN_POINT('',(-7.73325567789172,-69.9499999999999,7.39878972797857));
#6926=CARTESIAN_POINT('',(-5.24920582534026,-69.95,8.55056219688282));
#6933=DRAUGHTING_PRE_DEFINED_CURVE_FONT('continuous');
#6934=COLOUR_RGB('',0.941176474094391,0.627451002597809,0.431372553110123);
#6935=CARTESIAN_POINT('',(-63.9861823401507,-69.95,5.67478807501012));
#6936=CARTESIAN_POINT('',(91.4098783055777,-69.95,-8.90264905316366));
#6937=VECTOR('',#9320,1000.0);
#6938=DRAUGHTING_PRE_DEFINED_CURVE_FONT('continuous');
#6939=COLOUR_RGB('',0.941176474094391,0.627451002597809,0.431372553110123);
#6940=AXIS2_PLACEMENT_3D('',#9321,#9322,#9323);
#6941=DRAUGHTING_PRE_DEFINED_CURVE_FONT('continuous');
#6942=COLOUR_RGB('',0.941176474094391,0.627451002597809,0.431372553110123);
#6943=AXIS2_PLACEMENT_3D('',#9324,#9325,#9326);
#6944=DRAUGHTING_PRE_DEFINED_CURVE_FONT('continuous');
#6945=COLOUR_RGB('',0.941176474094391,0.627451002597809,0.431372553110123);
#6946=CARTESIAN_POINT('',(-132.25,-97.0,48.7));
#6947=AXIS2_PLACEMENT_3D('',#9327,#9328,#9329);
#6948=DRAUGHTING_PRE_DEFINED_CURVE_FONT('continuous');
#6949=COLOUR_RGB('',0.941176474094391,0.627451002597809,0.431372553110123);
#6950=CARTESIAN_POINT('',(91.75,97.0,48.7));
#6951=AXIS2_PLACEMENT_3D('',#9330,#9331,#9332);
#6952=DRAUGHTING_PRE_DEFINED_CURVE_FONT('continuous');
#6953=COLOUR_RGB('',0.941176474094391,0.627451002597809,0.431372553110123);
#6954=CARTESIAN_POINT('',(91.75,-97.0,48.7));
#6955=AXIS2_PLACEMENT_3D('',#9333,#9334,#9335);
#6956=DRAUGHTING_PRE_DEFINED_CURVE_FONT('continuous');
#6957=COLOUR_RGB('',0.941176474094391,0.627451002597809,0.431372553110123);
#6958=CARTESIAN_POINT('',(-132.25,97.0,48.7));
#6959=AXIS2_PLACEMENT_3D('',#9336,#9337,#9338);
#6960=DRAUGHTING_PRE_DEFINED_CURVE_FONT('continuous');
#6961=COLOUR_RGB('',0.941176474094391,0.627451002597809,0.431372553110123);
#6962=CARTESIAN_POINT('',(44.25,100.0,48.7));
#6963=AXIS2_PLACEMENT_3D('',#9339,#9340,#9341);
#6964=DRAUGHTING_PRE_DEFINED_CURVE_FONT('continuous');
#6965=COLOUR_RGB('',0.941176474094391,0.627451002597809,0.431372553110123);
#6966=CARTESIAN_POINT('',(-79.75,-100.0,48.7));
#6967=AXIS2_PLACEMENT_3D('',#9342,#9343,#9344);
#6968=DRAUGHTING_PRE_DEFINED_CURVE_FONT('continuous');
#6969=COLOUR_RGB('',0.941176474094391,0.627451002597809,0.431372553110123);
#6970=CARTESIAN_POINT('',(-79.75,100.0,48.7));
#6971=AXIS2_PLACEMENT_3D('',#9345,#9346,#9347);
#6972=DRAUGHTING_PRE_DEFINED_CURVE_FONT('continuous');
#6973=COLOUR_RGB('',0.941176474094391,0.627451002597809,0.431372553110123);
#6974=CARTESIAN_POINT('',(44.25,-100.0,48.7));
#6975=AXIS2_PLACEMENT_3D('',#9348,#9349,#9350);
#6976=DRAUGHTING_PRE_DEFINED_CURVE_FONT('continuous');
#6977=COLOUR_RGB('',0.941176474094391,0.627451002597809,0.431372553110123);
#6978=AXIS2_PLACEMENT_3D('',#9351,#9352,#9353);
#6979=DRAUGHTING_PRE_DEFINED_CURVE_FONT('continuous');
#6980=COLOUR_RGB('',0.941176474094391,0.627451002597809,0.431372553110123);
#6981=AXIS2_PLACEMENT_3D('',#9354,#9355,#9356);
#6982=DRAUGHTING_PRE_DEFINED_CURVE_FONT('continuous');
#6983=COLOUR_RGB('',0.941176474094391,0.627451002597809,0.431372553110123);
#6984=AXIS2_PLACEMENT_3D('',#9357,#9358,#9359);
#6985=DRAUGHTING_PRE_DEFINED_CURVE_FONT('continuous');
#6986=COLOUR_RGB('',0.941176474094391,0.627451002597809,0.431372553110123);
#6987=AXIS2_PLACEMENT_3D('',#9360,#9361,#9362);
#6988=DRAUGHTING_PRE_DEFINED_CURVE_FONT('continuous');
#6989=COLOUR_RGB('',0.941176474094391,0.627451002597809,0.431372553110123);
#6990=CARTESIAN_POINT('',(17.0561665841833,36.3342124043739,48.2));
#6991=VECTOR('',#9363,1000.0);
#6992=DRAUGHTING_PRE_DEFINED_CURVE_FONT('continuous');
#6993=COLOUR_RGB('',0.941176474094391,0.627451002597809,0.431372553110123);
#6994=CARTESIAN_POINT('',(16.2062979152618,34.5237640495221,46.2));
#6995=VECTOR('',#9364,1000.0);
#6996=DRAUGHTING_PRE_DEFINED_CURVE_FONT('continuous');
#6997=COLOUR_RGB('',0.941176474094391,0.627451002597809,0.431372553110123);
#6998=CARTESIAN_POINT('',(11.6608107424603,31.1340330746476,47.8527036446661));
#6999=VECTOR('',#9365,1000.0);
#7000=DRAUGHTING_PRE_DEFINED_CURVE_FONT('continuous');
#7001=COLOUR_RGB('',0.941176474094391,0.627451002597809,0.431372553110123);
#7002=CARTESIAN_POINT('',(13.4437543187465,30.2970758204516,46.2));
#7003=VECTOR('',#9366,1000.0);
#7004=DRAUGHTING_PRE_DEFINED_CURVE_FONT('continuous');
#7005=COLOUR_RGB('',0.941176474094391,0.627451002597809,0.431372553110123);
#7006=CARTESIAN_POINT('',(16.7166895391353,33.9527641382351,46.2));
#7007=VECTOR('',#9367,1000.0);
#7008=DRAUGHTING_PRE_DEFINED_CURVE_FONT('continuous');
#7009=COLOUR_RGB('',0.941176474094391,0.627451002597809,0.431372553110123);
#7010=CARTESIAN_POINT('',(-17.0561665841833,-36.3342124043739,48.2));
#7011=VECTOR('',#9368,1000.0);
#7012=DRAUGHTING_PRE_DEFINED_CURVE_FONT('continuous');
#7013=COLOUR_RGB('',0.941176474094391,0.627451002597809,0.431372553110123);
#7014=CARTESIAN_POINT('',(-16.2062979152618,-34.5237640495221,46.2));
#7015=VECTOR('',#9369,1000.0);
#7016=DRAUGHTING_PRE_DEFINED_CURVE_FONT('continuous');
#7017=COLOUR_RGB('',0.941176474094391,0.627451002597809,0.431372553110123);
#7018=CARTESIAN_POINT('',(2.42081550049799,-1.13638991225515,47.8527036446661));
#7019=VECTOR('',#9370,1000.0);
#7020=DRAUGHTING_PRE_DEFINED_CURVE_FONT('continuous');
#7021=COLOUR_RGB('',0.941176474094391,0.627451002597809,0.431372553110123);
#7022=CARTESIAN_POINT('',(16.7166895391353,33.9527641382351,46.2));
#7023=VECTOR('',#9371,1000.0);
#7024=DRAUGHTING_PRE_DEFINED_CURVE_FONT('continuous');
#7025=COLOUR_RGB('',0.941176474094391,0.627451002597809,0.431372553110123);
#7026=CARTESIAN_POINT('',(13.4437543187465,30.2970758204516,46.2));
#7027=VECTOR('',#9372,1000.0);
#7028=DRAUGHTING_PRE_DEFINED_CURVE_FONT('continuous');
#7029=COLOUR_RGB('',0.941176474094391,0.627451002597809,0.431372553110123);
#7030=CARTESIAN_POINT('',(11.6608107424603,31.1340330746476,47.8527036446661));
#7031=VECTOR('',#9373,1000.0);
#7032=DRAUGHTING_PRE_DEFINED_CURVE_FONT('continuous');
#7033=COLOUR_RGB('',0.941176474094391,0.627451002597809,0.431372553110123);
#7034=CARTESIAN_POINT('',(-2.88113685136909,-13.1975090773716,49.7));
#7035=CARTESIAN_POINT('',(-2.94965414749626,-13.0879309349399,49.0841723619634));
#7036=CARTESIAN_POINT('',(-3.01792711269477,-12.9778574788829,48.468405398125));
#7037=CARTESIAN_POINT('',(-3.08594354688911,-12.8672646020588,47.8527036446661));
#7038=DRAUGHTING_PRE_DEFINED_CURVE_FONT('continuous');
#7039=COLOUR_RGB('',0.941176474094391,0.627451002597809,0.431372553110123);
#7040=CARTESIAN_POINT('',(-13.3631450826458,-35.5269997996764,49.7));
#7041=VECTOR('',#9374,1000.0);
#7042=DRAUGHTING_PRE_DEFINED_CURVE_FONT('continuous');
#7043=COLOUR_RGB('',0.941176474094391,0.627451002597809,0.431372553110123);
#7044=CARTESIAN_POINT('',(-18.235836085957,-33.2396396515941,46.2));
#7045=VECTOR('',#9375,1000.0);
#7046=DRAUGHTING_PRE_DEFINED_CURVE_FONT('continuous');
#7047=COLOUR_RGB('',0.941176474094391,0.627451002597809,0.431372553110123);
#7048=CARTESIAN_POINT('',(-16.4727667112474,-36.6080745513565,49.5863605936454));
#7049=VECTOR('',#9376,1000.0);
#7050=DRAUGHTING_PRE_DEFINED_CURVE_FONT('continuous');
#7051=COLOUR_RGB('',0.941176474094391,0.627451002597809,0.431372553110123);
#7052=CARTESIAN_POINT('',(-17.7214540037318,-36.0219102433172,50.0993908086339));
#7053=VECTOR('',#9377,1000.0);
#7054=DRAUGHTING_PRE_DEFINED_CURVE_FONT('continuous');
#7055=COLOUR_RGB('',0.941176474094391,0.627451002597809,0.431372553110123);
#7056=CARTESIAN_POINT('',(-16.2062979152618,34.5237640495221,46.2));
#7057=VECTOR('',#9378,1000.0);
#7058=DRAUGHTING_PRE_DEFINED_CURVE_FONT('continuous');
#7059=COLOUR_RGB('',0.941176474094391,0.627451002597809,0.431372553110123);
#7060=CARTESIAN_POINT('',(-17.0561665841833,36.3342124043739,48.2));
#7061=VECTOR('',#9379,1000.0);
#7062=DRAUGHTING_PRE_DEFINED_CURVE_FONT('continuous');
#7063=COLOUR_RGB('',0.941176474094391,0.627451002597809,0.431372553110123);
#7064=CARTESIAN_POINT('',(-16.7166895391353,33.9527641382351,46.2));
#7065=VECTOR('',#9380,1000.0);
#7066=DRAUGHTING_PRE_DEFINED_CURVE_FONT('continuous');
#7067=COLOUR_RGB('',0.941176474094391,0.627451002597809,0.431372553110123);
#7068=CARTESIAN_POINT('',(-13.4437543187465,30.2970758204516,46.2));
#7069=VECTOR('',#9381,1000.0);
#7070=DRAUGHTING_PRE_DEFINED_CURVE_FONT('continuous');
#7071=COLOUR_RGB('',0.941176474094391,0.627451002597809,0.431372553110123);
#7072=CARTESIAN_POINT('',(-11.6608107424603,31.1340330746476,47.8527036446661));
#7073=VECTOR('',#9382,1000.0);
#7074=DRAUGHTING_PRE_DEFINED_CURVE_FONT('continuous');
#7075=COLOUR_RGB('',0.941176474094391,0.627451002597809,0.431372553110123);
#7076=AXIS2_PLACEMENT_3D('',#9383,#9384,#9385);
#7077=DRAUGHTING_PRE_DEFINED_CURVE_FONT('continuous');
#7078=COLOUR_RGB('',0.941176474094391,0.627451002597809,0.431372553110123);
#7079=CARTESIAN_POINT('',(11.6608107424603,-31.1340330746476,47.8527036446661));
#7080=VECTOR('',#9386,1000.0);
#7081=DRAUGHTING_PRE_DEFINED_CURVE_FONT('continuous');
#7082=COLOUR_RGB('',0.941176474094391,0.627451002597809,0.431372553110123);
#7083=CARTESIAN_POINT('',(16.7166895391353,-33.9527641382351,46.2));
#7084=VECTOR('',#9387,1000.0);
#7085=DRAUGHTING_PRE_DEFINED_CURVE_FONT('continuous');
#7086=COLOUR_RGB('',0.941176474094391,0.627451002597809,0.431372553110123);
#7087=CARTESIAN_POINT('',(13.4437543187465,-30.2970758204516,46.2));
#7088=VECTOR('',#9388,1000.0);
#7089=DRAUGHTING_PRE_DEFINED_CURVE_FONT('continuous');
#7090=COLOUR_RGB('',0.941176474094391,0.627451002597809,0.431372553110123);
#7091=CARTESIAN_POINT('',(16.2062979152618,-34.5237640495221,46.2));
#7092=VECTOR('',#9389,1000.0);
#7093=DRAUGHTING_PRE_DEFINED_CURVE_FONT('continuous');
#7094=COLOUR_RGB('',0.941176474094391,0.627451002597809,0.431372553110123);
#7095=CARTESIAN_POINT('',(17.0561665841833,-36.3342124043739,48.2));
#7096=VECTOR('',#9390,1000.0);
#7097=DRAUGHTING_PRE_DEFINED_CURVE_FONT('continuous');
#7098=COLOUR_RGB('',0.941176474094391,0.627451002597809,0.431372553110123);
#7099=CARTESIAN_POINT('',(-0.325474344651965,-11.1695307404265,47.8527036446661));
#7100=CARTESIAN_POINT('',(-0.272338633020092,-11.2796967376353,48.4684435889898));
#7101=CARTESIAN_POINT('',(-0.218660435449317,-11.3894571821979,49.0842096195994));
#7102=CARTESIAN_POINT('',(-0.164468485335095,-11.4988238580009,49.7));
#7103=DRAUGHTING_PRE_DEFINED_CURVE_FONT('continuous');
#7104=COLOUR_RGB('',0.941176474094391,0.627451002597809,0.431372553110123);
#7105=CARTESIAN_POINT('',(-8.2,105.0,48.7));
#7106=AXIS2_PLACEMENT_3D('',#9391,#9392,#9393);
#7107=DRAUGHTING_PRE_DEFINED_CURVE_FONT('continuous');
#7108=COLOUR_RGB('',0.941176474094391,0.627451002597809,0.431372553110123);
#7109=CARTESIAN_POINT('',(-8.2,-105.0,48.7));
#7110=AXIS2_PLACEMENT_3D('',#9394,#9395,#9396);
#7111=DRAUGHTING_PRE_DEFINED_CURVE_FONT('continuous');
#7112=COLOUR_RGB('',0.941176474094391,0.627451002597809,0.431372553110123);
#7113=CARTESIAN_POINT('',(-93.6225,73.3725,-0.3));
#7114=CARTESIAN_POINT('',(-14.6502104333028,-5.59978956669696,61.0615072550838));
#7115=VECTOR('',#9397,1000.0);
#7116=DRAUGHTING_PRE_DEFINED_CURVE_FONT('continuous');
#7117=COLOUR_RGB('',0.941176474094391,0.627451002597809,0.431372553110123);
#7118=CARTESIAN_POINT('',(-93.6225,-73.3725,-0.3));
#7119=CARTESIAN_POINT('',(-28.1884818152099,-7.93848181521155,50.5422638321033));
#7120=VECTOR('',#9398,1000.0);
#7121=DRAUGHTING_PRE_DEFINED_CURVE_FONT('continuous');
#7122=COLOUR_RGB('',0.941176474094391,0.627451002597809,0.431372553110123);
#7123=CARTESIAN_POINT('',(-93.6225,97.0,-0.3));
#7124=VECTOR('',#9399,1000.0);
#7125=DRAUGHTING_PRE_DEFINED_CURVE_FONT('continuous');
#7126=COLOUR_RGB('',0.941176474094391,0.627451002597809,0.431372553110123);
#7127=CARTESIAN_POINT('',(93.6225,-73.3725,-0.3));
#7128=CARTESIAN_POINT('',(28.1884818152098,-7.93848181521212,50.5422638321028));
#7129=VECTOR('',#9400,1000.0);
#7130=DRAUGHTING_PRE_DEFINED_CURVE_FONT('continuous');
#7131=COLOUR_RGB('',0.941176474094391,0.627451002597809,0.431372553110123);
#7132=CARTESIAN_POINT('',(112.0,-73.3725,-0.3));
#7133=VECTOR('',#9401,1000.0);
#7134=DRAUGHTING_PRE_DEFINED_CURVE_FONT('continuous');
#7135=COLOUR_RGB('',0.941176474094391,0.627451002597809,0.431372553110123);
#7136=CARTESIAN_POINT('',(93.6225,73.3725,-0.3));
#7137=CARTESIAN_POINT('',(112.0,73.3725,-0.3));
#7138=VECTOR('',#9402,1000.0);
#7139=DRAUGHTING_PRE_DEFINED_CURVE_FONT('continuous');
#7140=COLOUR_RGB('',0.941176474094391,0.627451002597809,0.431372553110123);
#7141=CARTESIAN_POINT('',(102.696982470241,82.4469824702409,-7.35087727592785));
#7142=VECTOR('',#9403,1000.0);
#7143=DRAUGHTING_PRE_DEFINED_CURVE_FONT('continuous');
#7144=COLOUR_RGB('',0.941176474094391,0.627451002597809,0.431372553110123);
#7145=CARTESIAN_POINT('',(93.6225,97.0,-0.3));
#7146=VECTOR('',#9404,1000.0);
#7147=DRAUGHTING_PRE_DEFINED_CURVE_FONT('continuous');
#7148=COLOUR_RGB('',0.941176474094391,0.627451002597809,0.431372553110123);
#7149=CARTESIAN_POINT('',(140.0,-125.0,-0.3));
#7150=CARTESIAN_POINT('',(140.0,125.0,-0.3));
#7151=CARTESIAN_POINT('',(140.0,-125.0,-0.3));
#7152=VECTOR('',#9405,1000.0);
#7153=DRAUGHTING_PRE_DEFINED_CURVE_FONT('continuous');
#7154=COLOUR_RGB('',0.941176474094391,0.627451002597809,0.431372553110123);
#7155=CARTESIAN_POINT('',(-140.0,-125.0,-0.3));
#7156=CARTESIAN_POINT('',(-140.0,-125.0,-0.3));
#7157=VECTOR('',#9406,1000.0);
#7158=DRAUGHTING_PRE_DEFINED_CURVE_FONT('continuous');
#7159=COLOUR_RGB('',0.941176474094391,0.627451002597809,0.431372553110123);
#7160=CARTESIAN_POINT('',(-140.0,125.0,-0.3));
#7161=CARTESIAN_POINT('',(-140.0,125.0,-0.3));
#7162=VECTOR('',#9407,1000.0);
#7163=DRAUGHTING_PRE_DEFINED_CURVE_FONT('continuous');
#7164=COLOUR_RGB('',0.941176474094391,0.627451002597809,0.431372553110123);
#7165=CARTESIAN_POINT('',(140.0,125.0,-0.3));
#7166=VECTOR('',#9408,1000.0);
#7167=DRAUGHTING_PRE_DEFINED_CURVE_FONT('continuous');
#7168=COLOUR_RGB('',0.941176474094391,0.627451002597809,0.431372553110123);
#7169=CARTESIAN_POINT('',(140.0,125.0,49.7));
#7170=VECTOR('',#9409,1000.0);
#7171=DRAUGHTING_PRE_DEFINED_CURVE_FONT('continuous');
#7172=COLOUR_RGB('',0.941176474094391,0.627451002597809,0.431372553110123);
#7173=CARTESIAN_POINT('',(140.0,-125.0,49.7));
#7174=VECTOR('',#9410,1000.0);
#7175=DRAUGHTING_PRE_DEFINED_CURVE_FONT('continuous');
#7176=COLOUR_RGB('',0.941176474094391,0.627451002597809,0.431372553110123);
#7177=CARTESIAN_POINT('',(-140.0,125.0,49.7));
#7178=VECTOR('',#9411,1000.0);
#7179=DRAUGHTING_PRE_DEFINED_CURVE_FONT('continuous');
#7180=COLOUR_RGB('',0.941176474094391,0.627451002597809,0.431372553110123);
#7181=CARTESIAN_POINT('',(-140.0,-125.0,49.7));
#7182=VECTOR('',#9412,1000.0);
#7183=DRAUGHTING_PRE_DEFINED_CURVE_FONT('continuous');
#7184=COLOUR_RGB('',0.941176474094391,0.627451002597809,0.431372553110123);
#7185=CARTESIAN_POINT('',(-5.24920582534026,-70.1156066397949,8.55056219688281));
#7186=VECTOR('',#9413,1000.0);
#7187=DRAUGHTING_PRE_DEFINED_CURVE_FONT('continuous');
#7188=COLOUR_RGB('',0.941176474094391,0.627451002597809,0.431372553110123);
#7189=CARTESIAN_POINT('',(70.1301861194023,-70.3756024506465,7.53097078176308));
#7190=VECTOR('',#9414,1000.0);
#7191=DRAUGHTING_PRE_DEFINED_CURVE_FONT('continuous');
#7192=COLOUR_RGB('',0.941176474094391,0.627451002597809,0.431372553110123);
#7193=CARTESIAN_POINT('',(9.86833244046052,80.0,7.53118940983904));
#7194=VECTOR('',#9415,1000.0);
#7195=DRAUGHTING_PRE_DEFINED_CURVE_FONT('continuous');
#7196=COLOUR_RGB('',0.941176474094391,0.627451002597809,0.431372553110123);
#7197=CARTESIAN_POINT('',(-63.9861823401507,80.0,5.67478807501012));
#7198=VECTOR('',#9416,1000.0);
#7199=DRAUGHTING_PRE_DEFINED_CURVE_FONT('continuous');
#7200=COLOUR_RGB('',0.941176474094391,0.627451002597809,0.431372553110123);
#7201=CARTESIAN_POINT('',(-35.4255321703073,80.0,3.85380852990193));
#7202=VECTOR('',#9417,1000.0);
#7203=DRAUGHTING_PRE_DEFINED_CURVE_FONT('continuous');
#7204=COLOUR_RGB('',0.941176474094391,0.627451002597809,0.431372553110123);
#7205=CARTESIAN_POINT('',(-16.0138176598493,80.0,5.67478807501003));
#7206=VECTOR('',#9418,1000.0);
#7207=DRAUGHTING_PRE_DEFINED_CURVE_FONT('continuous');
#7208=COLOUR_RGB('',0.941176474094391,0.627451002597809,0.431372553110123);
#7209=CARTESIAN_POINT('',(63.9861823401507,80.0,5.67478807501003));
#7210=VECTOR('',#9419,1000.0);
#7211=SURFACE_SIDE_STYLE('',(#9420));
#7213=SURFACE_STYLE_FILL_AREA(#9421);
#7214=ORIENTED_EDGE('',*,*,#979,.T.);
#7215=ORIENTED_EDGE('',*,*,#981,.F.);
#7216=ORIENTED_EDGE('',*,*,#983,.F.);
#7217=ORIENTED_EDGE('',*,*,#985,.F.);
#7218=SURFACE_STYLE_FILL_AREA(#9422);
#7219=ORIENTED_EDGE('',*,*,#987,.T.);
#7220=ORIENTED_EDGE('',*,*,#989,.F.);
#7221=ORIENTED_EDGE('',*,*,#991,.F.);
#7222=ORIENTED_EDGE('',*,*,#993,.F.);
#7223=SURFACE_STYLE_FILL_AREA(#9423);
#7224=ORIENTED_EDGE('',*,*,#995,.T.);
#7225=ORIENTED_EDGE('',*,*,#997,.F.);
#7226=ORIENTED_EDGE('',*,*,#999,.F.);
#7227=ORIENTED_EDGE('',*,*,#1001,.F.);
#7228=SURFACE_STYLE_FILL_AREA(#9424);
#7229=ORIENTED_EDGE('',*,*,#1003,.F.);
#7230=ORIENTED_EDGE('',*,*,#997,.T.);
#7231=ORIENTED_EDGE('',*,*,#1005,.F.);
#7232=ORIENTED_EDGE('',*,*,#1007,.T.);
#7233=CARTESIAN_POINT('',(15.4954177419877,34.526058943277,49.5863605936454));
#7234=DIRECTION('',(0.157190528790057,-0.0737890728072123,-0.984807753012208));
#7235=DIRECTION('',(-0.987499805386582,-1.78092016513715E-018,-0.157620221930636));
#7236=SURFACE_STYLE_FILL_AREA(#9425);
#7237=ORIENTED_EDGE('',*,*,#1009,.F.);
#7238=ORIENTED_EDGE('',*,*,#1011,.T.);
#7239=ORIENTED_EDGE('',*,*,#1013,.F.);
#7240=ORIENTED_EDGE('',*,*,#1015,.T.);
#7241=CARTESIAN_POINT('',(16.7441050344721,33.9398946352376,50.0993908086339));
#7242=DIRECTION('',(-0.157190528790057,0.0737890728072123,-0.984807753012208));
#7243=DIRECTION('',(-0.987499805386582,-1.78092016513715E-018,0.157620221930636));
#7244=SURFACE_STYLE_FILL_AREA(#9426);
#7245=ORIENTED_EDGE('',*,*,#1017,.T.);
#7246=ORIENTED_EDGE('',*,*,#1011,.F.);
#7247=ORIENTED_EDGE('',*,*,#1019,.F.);
#7248=ORIENTED_EDGE('',*,*,#1021,.F.);
#7249=SURFACE_STYLE_FILL_AREA(#9427);
#7250=ORIENTED_EDGE('',*,*,#1023,.T.);
#7251=ORIENTED_EDGE('',*,*,#1025,.F.);
#7252=ORIENTED_EDGE('',*,*,#1027,.F.);
#7253=ORIENTED_EDGE('',*,*,#1029,.F.);
#7254=SURFACE_STYLE_FILL_AREA(#9428);
#7255=ORIENTED_EDGE('',*,*,#1031,.F.);
#7256=ORIENTED_EDGE('',*,*,#1033,.T.);
#7257=ORIENTED_EDGE('',*,*,#1035,.F.);
#7258=ORIENTED_EDGE('',*,*,#1029,.T.);
#7259=CARTESIAN_POINT('',(-15.4954177419877,34.526058943277,49.5863605936454));
#7260=DIRECTION('',(-0.157190528790057,-0.0737890728072123,-0.984807753012208));
#7261=DIRECTION('',(0.987499805386582,-1.78092016513715E-018,-0.157620221930636));
#7262=SURFACE_STYLE_FILL_AREA(#9429);
#7263=ORIENTED_EDGE('',*,*,#1037,.F.);
#7264=ORIENTED_EDGE('',*,*,#1039,.T.);
#7265=ORIENTED_EDGE('',*,*,#1041,.F.);
#7266=ORIENTED_EDGE('',*,*,#1043,.T.);
#7267=CARTESIAN_POINT('',(-16.7441050344721,33.9398946352376,50.0993908086339));
#7268=DIRECTION('',(0.157190528790057,0.0737890728072123,-0.984807753012208));
#7269=DIRECTION('',(0.987499805386582,-1.78092016513715E-018,0.157620221930636));
#7270=SURFACE_STYLE_FILL_AREA(#9430);
#7271=ORIENTED_EDGE('',*,*,#1045,.T.);
#7272=ORIENTED_EDGE('',*,*,#1047,.F.);
#7273=ORIENTED_EDGE('',*,*,#1049,.F.);
#7274=ORIENTED_EDGE('',*,*,#1043,.F.);
#7275=SURFACE_STYLE_FILL_AREA(#9431);
#7276=ORIENTED_EDGE('',*,*,#1051,.T.);
#7277=ORIENTED_EDGE('',*,*,#1053,.F.);
#7278=ORIENTED_EDGE('',*,*,#1055,.F.);
#7279=ORIENTED_EDGE('',*,*,#1057,.F.);
#7280=SURFACE_STYLE_FILL_AREA(#9432);
#7281=ORIENTED_EDGE('',*,*,#1059,.F.);
#7282=ORIENTED_EDGE('',*,*,#1061,.T.);
#7283=ORIENTED_EDGE('',*,*,#1063,.F.);
#7284=ORIENTED_EDGE('',*,*,#1057,.T.);
#7285=CARTESIAN_POINT('',(15.4954177419877,-34.526058943277,49.5863605936454));
#7286=DIRECTION('',(0.157190528790057,0.0737890728072123,-0.984807753012208));
#7287=DIRECTION('',(-0.987499805386582,1.78092016513715E-018,-0.157620221930636));
#7288=SURFACE_STYLE_FILL_AREA(#9433);
#7289=ORIENTED_EDGE('',*,*,#1065,.F.);
#7290=ORIENTED_EDGE('',*,*,#1067,.T.);
#7291=ORIENTED_EDGE('',*,*,#1069,.F.);
#7292=ORIENTED_EDGE('',*,*,#1071,.T.);
#7293=CARTESIAN_POINT('',(16.7441050344721,-33.9398946352376,50.0993908086339));
#7294=DIRECTION('',(-0.157190528790057,-0.0737890728072123,-0.984807753012208));
#7295=DIRECTION('',(-0.987499805386582,1.78092016513715E-018,0.157620221930636));
#7296=SURFACE_STYLE_FILL_AREA(#9434);
#7297=ORIENTED_EDGE('',*,*,#1073,.T.);
#7298=ORIENTED_EDGE('',*,*,#1075,.F.);
#7299=ORIENTED_EDGE('',*,*,#1077,.F.);
#7300=ORIENTED_EDGE('',*,*,#1071,.F.);
#7301=SURFACE_STYLE_FILL_AREA(#9435);
#7302=ORIENTED_EDGE('',*,*,#1079,.T.);
#7303=ORIENTED_EDGE('',*,*,#1081,.F.);
#7304=ORIENTED_EDGE('',*,*,#1083,.F.);
#7305=ORIENTED_EDGE('',*,*,#1085,.F.);
#7307=CARTESIAN_POINT('',(63.9861823401506,-69.95,5.67478807501002));
#7308=CARTESIAN_POINT('',(64.9877900118747,-69.9499999999999,5.76874716767286));
#7309=CARTESIAN_POINT('',(65.9877522264413,-69.9499999999999,5.87779995500926));
#7310=CARTESIAN_POINT('',(66.985841303653,-69.95,6.00192160692083));
#7317=DIRECTION('',(0.0,-1.0,0.0));
#7318=SURFACE_STYLE_FILL_AREA(#9436);
#7319=ORIENTED_EDGE('',*,*,#1087,.T.);
#7320=ORIENTED_EDGE('',*,*,#1089,.T.);
#7321=ORIENTED_EDGE('',*,*,#1091,.F.);
#7322=ORIENTED_EDGE('',*,*,#1093,.F.);
#7323=ORIENTED_EDGE('',*,*,#1095,.T.);
#7324=ORIENTED_EDGE('',*,*,#1097,.T.);
#7325=ORIENTED_EDGE('',*,*,#1099,.T.);
#7326=ORIENTED_EDGE('',*,*,#1101,.T.);
#7327=ORIENTED_EDGE('',*,*,#1103,.T.);
#7328=ORIENTED_EDGE('',*,*,#1105,.T.);
#7329=ORIENTED_EDGE('',*,*,#1107,.T.);
#7330=ORIENTED_EDGE('',*,*,#1109,.T.);
#7331=ORIENTED_EDGE('',*,*,#1111,.T.);
#7332=ORIENTED_EDGE('',*,*,#1113,.F.);
#7333=ORIENTED_EDGE('',*,*,#1115,.T.);
#7334=ORIENTED_EDGE('',*,*,#1117,.T.);
#7335=ORIENTED_EDGE('',*,*,#1119,.T.);
#7336=ORIENTED_EDGE('',*,*,#1121,.T.);
#7337=ORIENTED_EDGE('',*,*,#1123,.T.);
#7338=ORIENTED_EDGE('',*,*,#1125,.T.);
#7339=ORIENTED_EDGE('',*,*,#1127,.T.);
#7340=ORIENTED_EDGE('',*,*,#1129,.T.);
#7341=ORIENTED_EDGE('',*,*,#1131,.T.);
#7342=ORIENTED_EDGE('',*,*,#1133,.F.);
#7343=CARTESIAN_POINT('',(0.0,72.5,-0.8));
#7344=DIRECTION('',(-1.29246970711411E-032,-0.96899179314665,-0.247092907252395));
#7345=DIRECTION('',(1.0,1.66470907385961E-017,-6.52827087788085E-017));
#7346=SURFACE_STYLE_FILL_AREA(#9437);
#7347=ORIENTED_EDGE('',*,*,#1135,.F.);
#7348=ORIENTED_EDGE('',*,*,#1117,.F.);
#7349=ORIENTED_EDGE('',*,*,#1137,.T.);
#7350=ORIENTED_EDGE('',*,*,#1139,.F.);
#7352=CARTESIAN_POINT('',(-13.014060762235,70.7704011060285,6.00192918555936));
#7353=CARTESIAN_POINT('',(-9.78320213973792,70.7704011060283,6.65725397441807));
#7354=CARTESIAN_POINT('',(-6.67607332625412,70.7704011060283,7.7597158473013));
#7355=CARTESIAN_POINT('',(-3.754205236716,70.7704011060285,9.28748259454258));
#7362=DIRECTION('',(0.0,-1.0,0.0));
#7363=SURFACE_STYLE_FILL_AREA(#9438);
#7364=ORIENTED_EDGE('',*,*,#1141,.T.);
#7365=ORIENTED_EDGE('',*,*,#1143,.F.);
#7366=ORIENTED_EDGE('',*,*,#1145,.F.);
#7367=ORIENTED_EDGE('',*,*,#1147,.F.);
#7368=SURFACE_STYLE_FILL_AREA(#9439);
#7369=ORIENTED_EDGE('',*,*,#1149,.F.);
#7370=ORIENTED_EDGE('',*,*,#1151,.F.);
#7371=ORIENTED_EDGE('',*,*,#1141,.F.);
#7372=ORIENTED_EDGE('',*,*,#1153,.F.);
#7373=SURFACE_STYLE_FILL_AREA(#9440);
#7374=ORIENTED_EDGE('',*,*,#1155,.T.);
#7375=ORIENTED_EDGE('',*,*,#1153,.T.);
#7376=ORIENTED_EDGE('',*,*,#1157,.T.);
#7377=ORIENTED_EDGE('',*,*,#1041,.T.);
#7378=CARTESIAN_POINT('',(-16.797298775236,28.7228401590103,49.7));
#7379=DIRECTION('',(-0.891471788143144,-0.418478627097991,-0.17364817766693));
#7380=DIRECTION('',(0.424934334460711,-0.905224177425919,2.7002220138838E-017));
#7381=SURFACE_STYLE_FILL_AREA(#9441);
#7382=ORIENTED_EDGE('',*,*,#1145,.T.);
#7383=ORIENTED_EDGE('',*,*,#1159,.F.);
#7384=ORIENTED_EDGE('',*,*,#1161,.F.);
#7385=ORIENTED_EDGE('',*,*,#1163,.F.);
#7386=SURFACE_STYLE_FILL_AREA(#9442);
#7387=ORIENTED_EDGE('',*,*,#1165,.T.);
#7388=ORIENTED_EDGE('',*,*,#1167,.F.);
#7389=ORIENTED_EDGE('',*,*,#1169,.F.);
#7390=ORIENTED_EDGE('',*,*,#1171,.F.);
#7391=SURFACE_STYLE_FILL_AREA(#9443);
#7392=ORIENTED_EDGE('',*,*,#1173,.T.);
#7393=ORIENTED_EDGE('',*,*,#1175,.T.);
#7394=ORIENTED_EDGE('',*,*,#1177,.T.);
#7395=ORIENTED_EDGE('',*,*,#1013,.T.);
#7396=CARTESIAN_POINT('',(16.797298775236,28.7228401590103,49.7));
#7397=DIRECTION('',(0.891471788143144,-0.418478627097991,-0.17364817766693));
#7398=DIRECTION('',(-0.424934334460711,-0.905224177425919,2.7002220138838E-017));
#7399=SURFACE_STYLE_FILL_AREA(#9444);
#7400=ORIENTED_EDGE('',*,*,#1179,.T.);
#7401=ORIENTED_EDGE('',*,*,#1181,.F.);
#7402=ORIENTED_EDGE('',*,*,#1183,.F.);
#7403=ORIENTED_EDGE('',*,*,#1175,.F.);
#7404=SURFACE_STYLE_FILL_AREA(#9445);
#7405=ORIENTED_EDGE('',*,*,#1185,.T.);
#7406=ORIENTED_EDGE('',*,*,#1187,.F.);
#7407=ORIENTED_EDGE('',*,*,#1179,.F.);
#7408=ORIENTED_EDGE('',*,*,#1189,.F.);
#7409=SURFACE_STYLE_FILL_AREA(#9446);
#7410=ORIENTED_EDGE('',*,*,#1191,.T.);
#7411=ORIENTED_EDGE('',*,*,#1193,.F.);
#7412=ORIENTED_EDGE('',*,*,#1185,.F.);
#7413=ORIENTED_EDGE('',*,*,#1195,.F.);
#7414=SURFACE_STYLE_FILL_AREA(#9447);
#7415=ORIENTED_EDGE('',*,*,#1197,.T.);
#7416=ORIENTED_EDGE('',*,*,#1199,.F.);
#7417=ORIENTED_EDGE('',*,*,#1191,.F.);
#7418=ORIENTED_EDGE('',*,*,#1201,.F.);
#7419=CARTESIAN_POINT('',(0.0,1.4210854715202E-014,43.2));
#7420=DIRECTION('',(0.0,0.0,1.0));
#7421=DIRECTION('',(1.0,0.0,0.0));
#7422=SURFACE_STYLE_FILL_AREA(#9448);
#7423=ORIENTED_EDGE('',*,*,#1203,.T.);
#7424=ORIENTED_EDGE('',*,*,#1205,.F.);
#7425=ORIENTED_EDGE('',*,*,#1197,.F.);
#7426=ORIENTED_EDGE('',*,*,#1207,.F.);
#7427=SURFACE_STYLE_FILL_AREA(#9449);
#7428=ORIENTED_EDGE('',*,*,#1209,.T.);
#7429=ORIENTED_EDGE('',*,*,#1211,.F.);
#7430=ORIENTED_EDGE('',*,*,#1203,.F.);
#7431=ORIENTED_EDGE('',*,*,#1213,.F.);
#7432=SURFACE_STYLE_FILL_AREA(#9450);
#7433=ORIENTED_EDGE('',*,*,#1215,.F.);
#7434=ORIENTED_EDGE('',*,*,#1217,.F.);
#7435=ORIENTED_EDGE('',*,*,#1209,.F.);
#7436=ORIENTED_EDGE('',*,*,#1219,.F.);
#7437=SURFACE_STYLE_FILL_AREA(#9451);
#7438=ORIENTED_EDGE('',*,*,#1221,.F.);
#7439=ORIENTED_EDGE('',*,*,#1223,.F.);
#7440=ORIENTED_EDGE('',*,*,#1225,.T.);
#7441=ORIENTED_EDGE('',*,*,#1227,.F.);
#7442=SURFACE_STYLE_FILL_AREA(#9452);
#7443=ORIENTED_EDGE('',*,*,#1169,.T.);
#7444=ORIENTED_EDGE('',*,*,#1229,.F.);
#7445=ORIENTED_EDGE('',*,*,#1225,.F.);
#7446=ORIENTED_EDGE('',*,*,#1231,.F.);
#7447=SURFACE_STYLE_FILL_AREA(#9453);
#7448=ORIENTED_EDGE('',*,*,#1233,.T.);
#7449=ORIENTED_EDGE('',*,*,#1235,.T.);
#7450=ORIENTED_EDGE('',*,*,#1237,.T.);
#7451=ORIENTED_EDGE('',*,*,#1239,.T.);
#7452=ORIENTED_EDGE('',*,*,#1241,.T.);
#7453=ORIENTED_EDGE('',*,*,#1243,.T.);
#7454=ORIENTED_EDGE('',*,*,#1245,.T.);
#7455=ORIENTED_EDGE('',*,*,#1247,.T.);
#7456=ORIENTED_EDGE('',*,*,#1249,.T.);
#7457=ORIENTED_EDGE('',*,*,#1251,.T.);
#7458=ORIENTED_EDGE('',*,*,#1253,.T.);
#7459=ORIENTED_EDGE('',*,*,#1255,.T.);
#7460=ORIENTED_EDGE('',*,*,#1257,.F.);
#7461=ORIENTED_EDGE('',*,*,#1149,.T.);
#7462=ORIENTED_EDGE('',*,*,#1155,.F.);
#7463=ORIENTED_EDGE('',*,*,#1039,.F.);
#7464=ORIENTED_EDGE('',*,*,#1259,.T.);
#7465=ORIENTED_EDGE('',*,*,#1033,.F.);
#7466=ORIENTED_EDGE('',*,*,#1261,.T.);
#7467=ORIENTED_EDGE('',*,*,#1221,.T.);
#7468=ORIENTED_EDGE('',*,*,#1263,.F.);
#7469=ORIENTED_EDGE('',*,*,#1215,.T.);
#7470=ORIENTED_EDGE('',*,*,#1265,.T.);
#7471=ORIENTED_EDGE('',*,*,#1007,.F.);
#7472=ORIENTED_EDGE('',*,*,#1267,.T.);
#7473=ORIENTED_EDGE('',*,*,#1015,.F.);
#7474=ORIENTED_EDGE('',*,*,#1177,.F.);
#7475=ORIENTED_EDGE('',*,*,#1183,.T.);
#7476=ORIENTED_EDGE('',*,*,#1269,.F.);
#7477=ORIENTED_EDGE('',*,*,#1271,.T.);
#7478=ORIENTED_EDGE('',*,*,#1273,.F.);
#7479=ORIENTED_EDGE('',*,*,#1067,.F.);
#7480=ORIENTED_EDGE('',*,*,#1275,.T.);
#7481=ORIENTED_EDGE('',*,*,#1061,.F.);
#7482=ORIENTED_EDGE('',*,*,#1277,.T.);
#7483=ORIENTED_EDGE('',*,*,#1279,.T.);
#7484=ORIENTED_EDGE('',*,*,#1281,.F.);
#7485=ORIENTED_EDGE('',*,*,#1283,.T.);
#7486=ORIENTED_EDGE('',*,*,#1285,.F.);
#7487=ORIENTED_EDGE('',*,*,#1287,.F.);
#7488=ORIENTED_EDGE('',*,*,#1289,.T.);
#7489=ORIENTED_EDGE('',*,*,#1291,.F.);
#7490=ORIENTED_EDGE('',*,*,#1293,.T.);
#7491=ORIENTED_EDGE('',*,*,#1295,.T.);
#7492=ORIENTED_EDGE('',*,*,#1297,.T.);
#7493=ORIENTED_EDGE('',*,*,#1299,.T.);
#7494=CARTESIAN_POINT('',(112.0,97.0,49.7));
#7495=DIRECTION('',(0.0,0.0,-1.0));
#7496=DIRECTION('',(-1.0,0.0,0.0));
#7497=SURFACE_STYLE_FILL_AREA(#9454);
#7498=ORIENTED_EDGE('',*,*,#1301,.T.);
#7499=ORIENTED_EDGE('',*,*,#1303,.T.);
#7500=ORIENTED_EDGE('',*,*,#1269,.T.);
#7501=ORIENTED_EDGE('',*,*,#1181,.T.);
#7502=ORIENTED_EDGE('',*,*,#1187,.T.);
#7503=ORIENTED_EDGE('',*,*,#1305,.T.);
#7504=CARTESIAN_POINT('',(0.0,1.4210854715202E-014,49.7));
#7505=DIRECTION('',(-0.0,-0.0,1.0));
#7506=DIRECTION('',(1.0,0.0,0.0));
#7507=SURFACE_STYLE_FILL_AREA(#9455);
#7508=ORIENTED_EDGE('',*,*,#1255,.F.);
#7509=ORIENTED_EDGE('',*,*,#1307,.F.);
#7510=ORIENTED_EDGE('',*,*,#1309,.T.);
#7511=ORIENTED_EDGE('',*,*,#1311,.F.);
#7512=SURFACE_STYLE_FILL_AREA(#9456);
#7513=ORIENTED_EDGE('',*,*,#1313,.T.);
#7514=ORIENTED_EDGE('',*,*,#1315,.F.);
#7515=ORIENTED_EDGE('',*,*,#1309,.F.);
#7516=ORIENTED_EDGE('',*,*,#1317,.F.);
#7517=SURFACE_STYLE_FILL_AREA(#9457);
#7518=ORIENTED_EDGE('',*,*,#1319,.T.);
#7519=ORIENTED_EDGE('',*,*,#1321,.F.);
#7520=ORIENTED_EDGE('',*,*,#1313,.F.);
#7521=ORIENTED_EDGE('',*,*,#1323,.F.);
#7522=SURFACE_STYLE_FILL_AREA(#9458);
#7523=ORIENTED_EDGE('',*,*,#1325,.T.);
#7524=ORIENTED_EDGE('',*,*,#1327,.F.);
#7525=ORIENTED_EDGE('',*,*,#1319,.F.);
#7526=ORIENTED_EDGE('',*,*,#1329,.F.);
#7527=CARTESIAN_POINT('',(0.0,1.4210854715202E-014,43.2));
#7528=DIRECTION('',(0.0,0.0,1.0));
#7529=DIRECTION('',(1.0,0.0,0.0));
#7530=SURFACE_STYLE_FILL_AREA(#9459);
#7531=ORIENTED_EDGE('',*,*,#1331,.T.);
#7532=ORIENTED_EDGE('',*,*,#1333,.F.);
#7533=ORIENTED_EDGE('',*,*,#1325,.F.);
#7534=ORIENTED_EDGE('',*,*,#1335,.F.);
#7535=SURFACE_STYLE_FILL_AREA(#9460);
#7536=ORIENTED_EDGE('',*,*,#1337,.T.);
#7537=ORIENTED_EDGE('',*,*,#1339,.F.);
#7538=ORIENTED_EDGE('',*,*,#1331,.F.);
#7539=ORIENTED_EDGE('',*,*,#1341,.F.);
#7540=SURFACE_STYLE_FILL_AREA(#9461);
#7541=ORIENTED_EDGE('',*,*,#1279,.F.);
#7542=ORIENTED_EDGE('',*,*,#1343,.F.);
#7543=ORIENTED_EDGE('',*,*,#1345,.T.);
#7544=ORIENTED_EDGE('',*,*,#1347,.F.);
#7545=SURFACE_STYLE_FILL_AREA(#9462);
#7546=ORIENTED_EDGE('',*,*,#1349,.T.);
#7547=ORIENTED_EDGE('',*,*,#1351,.F.);
#7548=ORIENTED_EDGE('',*,*,#1345,.F.);
#7549=ORIENTED_EDGE('',*,*,#1353,.F.);
#7550=SURFACE_STYLE_FILL_AREA(#9463);
#7551=ORIENTED_EDGE('',*,*,#1355,.T.);
#7552=ORIENTED_EDGE('',*,*,#1357,.F.);
#7553=ORIENTED_EDGE('',*,*,#1349,.F.);
#7554=ORIENTED_EDGE('',*,*,#1359,.F.);
#7555=SURFACE_STYLE_FILL_AREA(#9464);
#7556=ORIENTED_EDGE('',*,*,#1361,.T.);
#7557=ORIENTED_EDGE('',*,*,#1363,.F.);
#7558=ORIENTED_EDGE('',*,*,#1355,.F.);
#7559=ORIENTED_EDGE('',*,*,#1365,.F.);
#7560=CARTESIAN_POINT('',(0.0,1.4210854715202E-014,43.2));
#7561=DIRECTION('',(0.0,0.0,1.0));
#7562=DIRECTION('',(1.0,0.0,0.0));
#7563=SURFACE_STYLE_FILL_AREA(#9465);
#7564=ORIENTED_EDGE('',*,*,#1367,.T.);
#7565=ORIENTED_EDGE('',*,*,#1369,.F.);
#7566=ORIENTED_EDGE('',*,*,#1361,.F.);
#7567=ORIENTED_EDGE('',*,*,#1371,.F.);
#7568=SURFACE_STYLE_FILL_AREA(#9466);
#7569=ORIENTED_EDGE('',*,*,#1373,.T.);
#7570=ORIENTED_EDGE('',*,*,#1301,.F.);
#7571=ORIENTED_EDGE('',*,*,#1367,.F.);
#7572=ORIENTED_EDGE('',*,*,#1375,.F.);
#7573=SURFACE_STYLE_FILL_AREA(#9467);
#7574=ORIENTED_EDGE('',*,*,#1271,.F.);
#7575=ORIENTED_EDGE('',*,*,#1303,.F.);
#7576=ORIENTED_EDGE('',*,*,#1373,.F.);
#7577=ORIENTED_EDGE('',*,*,#1377,.F.);
#7578=SURFACE_STYLE_FILL_AREA(#9468);
#7579=ORIENTED_EDGE('',*,*,#1273,.T.);
#7580=ORIENTED_EDGE('',*,*,#1377,.T.);
#7581=ORIENTED_EDGE('',*,*,#1379,.T.);
#7582=ORIENTED_EDGE('',*,*,#1069,.T.);
#7583=CARTESIAN_POINT('',(16.797298775236,-28.7228401590103,49.7));
#7584=DIRECTION('',(0.891471788143144,0.418478627097991,-0.17364817766693));
#7585=DIRECTION('',(-0.424934334460711,0.905224177425919,2.7002220138838E-017));
#7586=SURFACE_STYLE_FILL_AREA(#9469);
#7587=ORIENTED_EDGE('',*,*,#1381,.T.);
#7588=CARTESIAN_POINT('',(0.0,1.4210854715202E-014,44.7));
#7589=DIRECTION('',(0.0,0.0,1.0));
#7590=DIRECTION('',(1.0,0.0,0.0));
#7591=SURFACE_STYLE_FILL_AREA(#9470);
#7592=ORIENTED_EDGE('',*,*,#1383,.F.);
#7593=ORIENTED_EDGE('',*,*,#1385,.F.);
#7594=CARTESIAN_POINT('',(-3.06161699786838E-016,-105.0,30.5));
#7595=DIRECTION('',(-0.0,-0.0,-1.0));
#7596=DIRECTION('',(-1.0,0.0,0.0));
#7597=SURFACE_STYLE_FILL_AREA(#9471);
#7598=ORIENTED_EDGE('',*,*,#1387,.F.);
#7599=ORIENTED_EDGE('',*,*,#1389,.F.);
#7600=CARTESIAN_POINT('',(-3.06161699786838E-016,105.0,30.5));
#7601=DIRECTION('',(-0.0,-0.0,-1.0));
#7602=DIRECTION('',(-1.0,0.0,0.0));
#7603=SURFACE_STYLE_FILL_AREA(#9472);
#7604=ORIENTED_EDGE('',*,*,#1383,.T.);
#7605=ORIENTED_EDGE('',*,*,#1391,.F.);
#7606=CARTESIAN_POINT('',(-3.06161699786838E-016,-105.0,30.0));
#7607=DIRECTION('',(0.0,0.0,-1.0));
#7608=DIRECTION('',(-1.0,0.0,0.0));
#7609=SURFACE_STYLE_FILL_AREA(#9473);
#7610=ORIENTED_EDGE('',*,*,#1387,.T.);
#7611=ORIENTED_EDGE('',*,*,#1393,.F.);
#7612=CARTESIAN_POINT('',(-3.06161699786838E-016,105.0,30.0));
#7613=DIRECTION('',(0.0,0.0,-1.0));
#7614=DIRECTION('',(-1.0,0.0,0.0));
#7615=SURFACE_STYLE_FILL_AREA(#9474);
#7616=ORIENTED_EDGE('',*,*,#1395,.F.);
#7617=ORIENTED_EDGE('',*,*,#1397,.F.);
#7618=CARTESIAN_POINT('',(-62.0,100.0,-0.3));
#7619=DIRECTION('',(-0.0,-0.0,-1.0));
#7620=DIRECTION('',(-1.0,0.0,0.0));
#7621=SURFACE_STYLE_FILL_AREA(#9475);
#7622=ORIENTED_EDGE('',*,*,#1399,.F.);
#7623=ORIENTED_EDGE('',*,*,#1401,.F.);
#7624=CARTESIAN_POINT('',(62.0,-100.0,-0.3));
#7625=DIRECTION('',(-0.0,-0.0,-1.0));
#7626=DIRECTION('',(-1.0,0.0,0.0));
#7627=SURFACE_STYLE_FILL_AREA(#9476);
#7628=ORIENTED_EDGE('',*,*,#1403,.F.);
#7629=ORIENTED_EDGE('',*,*,#1405,.F.);
#7630=CARTESIAN_POINT('',(-112.0,-97.0,0.7));
#7631=DIRECTION('',(-0.0,-0.0,-1.0));
#7632=DIRECTION('',(-1.0,0.0,0.0));
#7633=SURFACE_STYLE_FILL_AREA(#9477);
#7634=ORIENTED_EDGE('',*,*,#1407,.F.);
#7635=ORIENTED_EDGE('',*,*,#1409,.F.);
#7636=CARTESIAN_POINT('',(-3.06161699786838E-016,105.0,-0.3));
#7637=DIRECTION('',(-0.0,-0.0,-1.0));
#7638=DIRECTION('',(-1.0,0.0,0.0));
#7639=SURFACE_STYLE_FILL_AREA(#9478);
#7640=ORIENTED_EDGE('',*,*,#1411,.F.);
#7641=ORIENTED_EDGE('',*,*,#1413,.F.);
#7642=CARTESIAN_POINT('',(62.0,100.0,0.7));
#7643=DIRECTION('',(-0.0,-0.0,-1.0));
#7644=DIRECTION('',(-1.0,0.0,0.0));
#7645=SURFACE_STYLE_FILL_AREA(#9479);
#7646=ORIENTED_EDGE('',*,*,#1415,.F.);
#7647=ORIENTED_EDGE('',*,*,#1417,.F.);
#7648=CARTESIAN_POINT('',(112.0,-97.0,-0.3));
#7649=DIRECTION('',(-0.0,-0.0,-1.0));
#7650=DIRECTION('',(-1.0,0.0,0.0));
#7651=SURFACE_STYLE_FILL_AREA(#9480);
#7652=ORIENTED_EDGE('',*,*,#1419,.F.);
#7653=ORIENTED_EDGE('',*,*,#1421,.F.);
#7654=CARTESIAN_POINT('',(-62.0,-100.0,0.7));
#7655=DIRECTION('',(-0.0,-0.0,-1.0));
#7656=DIRECTION('',(-1.0,0.0,0.0));
#7657=SURFACE_STYLE_FILL_AREA(#9481);
#7658=ORIENTED_EDGE('',*,*,#1423,.F.);
#7659=ORIENTED_EDGE('',*,*,#1425,.F.);
#7660=CARTESIAN_POINT('',(112.0,97.0,0.7));
#7661=DIRECTION('',(-0.0,-0.0,-1.0));
#7662=DIRECTION('',(-1.0,0.0,0.0));
#7663=SURFACE_STYLE_FILL_AREA(#9482);
#7664=ORIENTED_EDGE('',*,*,#1427,.F.);
#7665=ORIENTED_EDGE('',*,*,#1429,.F.);
#7666=CARTESIAN_POINT('',(-3.06161699786838E-016,-105.0,-0.3));
#7667=DIRECTION('',(-0.0,-0.0,-1.0));
#7668=DIRECTION('',(-1.0,0.0,0.0));
#7669=SURFACE_STYLE_FILL_AREA(#9483);
#7670=ORIENTED_EDGE('',*,*,#1431,.F.);
#7671=ORIENTED_EDGE('',*,*,#1433,.F.);
#7672=CARTESIAN_POINT('',(-112.0,97.0,-0.3));
#7673=DIRECTION('',(-0.0,-0.0,-1.0));
#7674=DIRECTION('',(-1.0,0.0,0.0));
#7675=SURFACE_STYLE_FILL_AREA(#9484);
#7676=ORIENTED_EDGE('',*,*,#1427,.T.);
#7677=ORIENTED_EDGE('',*,*,#1391,.T.);
#7678=CARTESIAN_POINT('',(-3.06161699786838E-016,-105.0,-5.0));
#7679=DIRECTION('',(0.0,0.0,-1.0));
#7680=DIRECTION('',(1.0,0.0,0.0));
#7681=SURFACE_STYLE_FILL_AREA(#9485);
#7682=ORIENTED_EDGE('',*,*,#1407,.T.);
#7683=ORIENTED_EDGE('',*,*,#1393,.T.);
#7684=CARTESIAN_POINT('',(-3.06161699786838E-016,105.0,-5.0));
#7685=DIRECTION('',(0.0,0.0,-1.0));
#7686=DIRECTION('',(1.0,0.0,0.0));
#7687=SURFACE_STYLE_FILL_AREA(#9486);
#7688=ORIENTED_EDGE('',*,*,#1415,.T.);
#7689=ORIENTED_EDGE('',*,*,#1435,.T.);
#7690=CARTESIAN_POINT('',(112.0,-97.0,49.7));
#7691=DIRECTION('',(0.0,-0.0,1.0));
#7692=DIRECTION('',(-1.0,0.0,0.0));
#7693=SURFACE_STYLE_FILL_AREA(#9487);
#7694=ORIENTED_EDGE('',*,*,#1421,.T.);
#7695=ORIENTED_EDGE('',*,*,#1437,.F.);
#7696=CARTESIAN_POINT('',(-62.0,-100.0,49.7));
#7697=DIRECTION('',(0.0,-0.0,1.0));
#7698=DIRECTION('',(-1.0,0.0,0.0));
#7699=SURFACE_STYLE_FILL_AREA(#9488);
#7700=ORIENTED_EDGE('',*,*,#1413,.T.);
#7701=ORIENTED_EDGE('',*,*,#1439,.T.);
#7702=CARTESIAN_POINT('',(62.0,100.0,49.7));
#7703=DIRECTION('',(0.0,-0.0,1.0));
#7704=DIRECTION('',(-1.0,0.0,0.0));
#7705=SURFACE_STYLE_FILL_AREA(#9489);
#7706=ORIENTED_EDGE('',*,*,#1431,.T.);
#7707=ORIENTED_EDGE('',*,*,#1441,.T.);
#7708=CARTESIAN_POINT('',(-112.0,97.0,49.7));
#7709=DIRECTION('',(0.0,-0.0,1.0));
#7710=DIRECTION('',(-1.0,0.0,0.0));
#7711=SURFACE_STYLE_FILL_AREA(#9490);
#7712=ORIENTED_EDGE('',*,*,#1395,.T.);
#7713=ORIENTED_EDGE('',*,*,#1443,.T.);
#7714=CARTESIAN_POINT('',(-62.0,100.0,49.7));
#7715=DIRECTION('',(0.0,-0.0,1.0));
#7716=DIRECTION('',(-1.0,0.0,0.0));
#7717=SURFACE_STYLE_FILL_AREA(#9491);
#7718=ORIENTED_EDGE('',*,*,#1405,.T.);
#7719=ORIENTED_EDGE('',*,*,#1445,.F.);
#7720=CARTESIAN_POINT('',(-112.0,-97.0,49.7));
#7721=DIRECTION('',(0.0,-0.0,1.0));
#7722=DIRECTION('',(-1.0,0.0,0.0));
#7723=SURFACE_STYLE_FILL_AREA(#9492);
#7724=ORIENTED_EDGE('',*,*,#1425,.T.);
#7725=ORIENTED_EDGE('',*,*,#1447,.T.);
#7726=CARTESIAN_POINT('',(112.0,97.0,49.7));
#7727=DIRECTION('',(0.0,-0.0,1.0));
#7728=DIRECTION('',(-1.0,0.0,0.0));
#7729=SURFACE_STYLE_FILL_AREA(#9493);
#7730=ORIENTED_EDGE('',*,*,#1399,.T.);
#7731=ORIENTED_EDGE('',*,*,#1449,.T.);
#7732=CARTESIAN_POINT('',(62.0,-100.0,49.7));
#7733=DIRECTION('',(0.0,-0.0,1.0));
#7734=DIRECTION('',(-1.0,0.0,0.0));
#7735=SURFACE_STYLE_FILL_AREA(#9494);
#7736=ORIENTED_EDGE('',*,*,#1451,.F.);
#7737=ORIENTED_EDGE('',*,*,#1437,.T.);
#7738=CARTESIAN_POINT('',(-62.0,-100.0,41.2));
#7739=DIRECTION('',(0.0,0.0,1.0));
#7740=DIRECTION('',(1.0,0.0,0.0));
#7741=SURFACE_STYLE_FILL_AREA(#9495);
#7742=ORIENTED_EDGE('',*,*,#1449,.F.);
#7743=ORIENTED_EDGE('',*,*,#1453,.F.);
#7744=CARTESIAN_POINT('',(62.0,-100.0,41.2));
#7745=DIRECTION('',(0.0,0.0,1.0));
#7746=DIRECTION('',(1.0,0.0,0.0));
#7747=SURFACE_STYLE_FILL_AREA(#9496);
#7748=ORIENTED_EDGE('',*,*,#1455,.T.);
#7749=ORIENTED_EDGE('',*,*,#1439,.F.);
#7750=CARTESIAN_POINT('',(62.0,100.0,41.2));
#7751=DIRECTION('',(0.0,0.0,-1.0));
#7752=DIRECTION('',(-1.0,0.0,0.0));
#7753=SURFACE_STYLE_FILL_AREA(#9497);
#7754=ORIENTED_EDGE('',*,*,#1443,.F.);
#7755=ORIENTED_EDGE('',*,*,#1457,.F.);
#7756=CARTESIAN_POINT('',(-62.0,100.0,41.2));
#7757=DIRECTION('',(0.0,0.0,1.0));
#7758=DIRECTION('',(1.0,0.0,0.0));
#7759=SURFACE_STYLE_FILL_AREA(#9498);
#7760=ORIENTED_EDGE('',*,*,#1435,.F.);
#7761=ORIENTED_EDGE('',*,*,#1459,.F.);
#7762=CARTESIAN_POINT('',(112.0,-97.0,41.2));
#7763=DIRECTION('',(0.0,0.0,1.0));
#7764=DIRECTION('',(1.0,0.0,0.0));
#7765=SURFACE_STYLE_FILL_AREA(#9499);
#7766=ORIENTED_EDGE('',*,*,#1461,.F.);
#7767=ORIENTED_EDGE('',*,*,#1445,.T.);
#7768=CARTESIAN_POINT('',(-112.0,-97.0,41.2));
#7769=DIRECTION('',(0.0,0.0,1.0));
#7770=DIRECTION('',(1.0,0.0,0.0));
#7771=SURFACE_STYLE_FILL_AREA(#9500);
#7772=ORIENTED_EDGE('',*,*,#1441,.F.);
#7773=ORIENTED_EDGE('',*,*,#1463,.F.);
#7774=CARTESIAN_POINT('',(-112.0,97.0,41.2));
#7775=DIRECTION('',(0.0,0.0,1.0));
#7776=DIRECTION('',(1.0,0.0,0.0));
#7777=SURFACE_STYLE_FILL_AREA(#9501);
#7778=ORIENTED_EDGE('',*,*,#1465,.T.);
#7779=ORIENTED_EDGE('',*,*,#1447,.F.);
#7780=CARTESIAN_POINT('',(112.0,97.0,41.2));
#7781=DIRECTION('',(0.0,0.0,-1.0));
#7782=DIRECTION('',(-1.0,0.0,0.0));
#7783=SURFACE_STYLE_FILL_AREA(#9502);
#7784=ORIENTED_EDGE('',*,*,#1467,.T.);
#7785=ORIENTED_EDGE('',*,*,#1469,.F.);
#7786=ORIENTED_EDGE('',*,*,#1471,.F.);
#7787=ORIENTED_EDGE('',*,*,#1473,.F.);
#7788=CARTESIAN_POINT('',(25.3536404587199,80.0,105.237671269932));
#7789=DIRECTION('',(-0.0,1.0,0.0));
#7790=DIRECTION('',(0.0,0.0,-1.0));
#7791=SURFACE_STYLE_FILL_AREA(#9503);
#7792=ORIENTED_EDGE('',*,*,#1475,.F.);
#7793=ORIENTED_EDGE('',*,*,#1127,.F.);
#7794=ORIENTED_EDGE('',*,*,#1477,.T.);
#7795=ORIENTED_EDGE('',*,*,#1479,.F.);
#7796=CARTESIAN_POINT('',(-54.6463595412801,80.0,105.237671269932));
#7797=DIRECTION('',(-0.0,1.0,0.0));
#7798=DIRECTION('',(0.0,0.0,-1.0));
#7799=SURFACE_STYLE_FILL_AREA(#9504);
#7800=ORIENTED_EDGE('',*,*,#1481,.T.);
#7801=ORIENTED_EDGE('',*,*,#1483,.F.);
#7802=ORIENTED_EDGE('',*,*,#1467,.F.);
#7803=ORIENTED_EDGE('',*,*,#1485,.F.);
#7804=CARTESIAN_POINT('',(16.0138176598493,80.0,5.6747880750101));
#7805=DIRECTION('',(-0.0933982279887081,0.0,-0.995628831949221));
#7806=DIRECTION('',(-0.99562883194922,0.0,0.0933982279887081));
#7807=SURFACE_STYLE_FILL_AREA(#9505);
#7808=ORIENTED_EDGE('',*,*,#1487,.T.);
#7809=ORIENTED_EDGE('',*,*,#1489,.F.);
#7810=ORIENTED_EDGE('',*,*,#1095,.F.);
#7811=CARTESIAN_POINT('',(74.6667873277948,1.38777878078145E-014,2.2));
#7812=DIRECTION('',(-0.0,1.0,0.0));
#7813=DIRECTION('',(0.0,0.0,-1.0));
#7814=SURFACE_STYLE_FILL_AREA(#9506);
#7815=ORIENTED_EDGE('',*,*,#1491,.T.);
#7816=ORIENTED_EDGE('',*,*,#1493,.F.);
#7817=ORIENTED_EDGE('',*,*,#1495,.T.);
#7818=ORIENTED_EDGE('',*,*,#1497,.F.);
#7819=CARTESIAN_POINT('',(-60.0318870096875,80.0,40.3041021061681));
#7820=DIRECTION('',(-0.0,1.0,0.0));
#7821=DIRECTION('',(0.0,0.0,-1.0));
#7822=SURFACE_STYLE_FILL_AREA(#9507);
#7823=ORIENTED_EDGE('',*,*,#1499,.F.);
#7824=ORIENTED_EDGE('',*,*,#1103,.F.);
#7825=ORIENTED_EDGE('',*,*,#1501,.T.);
#7826=ORIENTED_EDGE('',*,*,#1503,.F.);
#7827=CARTESIAN_POINT('',(40.0,80.0,67.4405651249));
#7828=DIRECTION('',(-0.0,1.0,0.0));
#7829=DIRECTION('',(0.0,0.0,-1.0));
#7830=SURFACE_STYLE_FILL_AREA(#9508);
#7831=ORIENTED_EDGE('',*,*,#1505,.F.);
#7832=ORIENTED_EDGE('',*,*,#1107,.F.);
#7833=ORIENTED_EDGE('',*,*,#1507,.T.);
#7834=ORIENTED_EDGE('',*,*,#1509,.F.);
#7835=CARTESIAN_POINT('',(25.3536404587199,80.0,105.237671269932));
#7836=DIRECTION('',(-0.0,1.0,0.0));
#7837=DIRECTION('',(0.0,0.0,-1.0));
#7838=SURFACE_STYLE_FILL_AREA(#9509);
#7839=ORIENTED_EDGE('',*,*,#1477,.F.);
#7840=ORIENTED_EDGE('',*,*,#1125,.F.);
#7841=ORIENTED_EDGE('',*,*,#1511,.T.);
#7842=ORIENTED_EDGE('',*,*,#1513,.F.);
#7843=CARTESIAN_POINT('',(-63.9861823401507,80.0,5.6747880750101));
#7844=DIRECTION('',(-0.0933982279887081,0.0,-0.995628831949221));
#7845=DIRECTION('',(-0.99562883194922,0.0,0.0933982279887081));
#7846=SURFACE_STYLE_FILL_AREA(#9510);
#7847=ORIENTED_EDGE('',*,*,#1515,.T.);
#7848=ORIENTED_EDGE('',*,*,#1517,.F.);
#7849=ORIENTED_EDGE('',*,*,#1519,.F.);
#7850=ORIENTED_EDGE('',*,*,#1521,.F.);
#7851=CARTESIAN_POINT('',(-35.4255321703073,80.0,3.85380852990192));
#7852=DIRECTION('',(0.0933982279887052,0.0,-0.995628831949221));
#7853=DIRECTION('',(-0.995628831949221,0.0,-0.0933982279887052));
#7854=SURFACE_STYLE_FILL_AREA(#9511);
#7855=ORIENTED_EDGE('',*,*,#1507,.F.);
#7856=ORIENTED_EDGE('',*,*,#1105,.F.);
#7857=ORIENTED_EDGE('',*,*,#1499,.T.);
#7858=ORIENTED_EDGE('',*,*,#1523,.F.);
#7859=CARTESIAN_POINT('',(16.0138176598493,80.0,5.6747880750101));
#7860=DIRECTION('',(-0.0933982279887081,0.0,-0.995628831949221));
#7861=DIRECTION('',(-0.99562883194922,0.0,0.0933982279887081));
#7862=SURFACE_STYLE_FILL_AREA(#9512);
#7863=ORIENTED_EDGE('',*,*,#1083,.T.);
#7864=ORIENTED_EDGE('',*,*,#1525,.F.);
#7865=ORIENTED_EDGE('',*,*,#1527,.F.);
#7866=ORIENTED_EDGE('',*,*,#1529,.F.);
#7867=CARTESIAN_POINT('',(44.5744678296928,80.0,3.85380852990192));
#7868=DIRECTION('',(0.0933982279887052,0.0,-0.995628831949221));
#7869=DIRECTION('',(-0.995628831949221,0.0,-0.0933982279887052));
#7870=SURFACE_STYLE_FILL_AREA(#9513);
#7871=ORIENTED_EDGE('',*,*,#1531,.T.);
#7872=ORIENTED_EDGE('',*,*,#1533,.T.);
#7873=ORIENTED_EDGE('',*,*,#1087,.F.);
#7874=ORIENTED_EDGE('',*,*,#1535,.T.);
#7875=CARTESIAN_POINT('',(-92.75,0.0,-0.8));
#7876=DIRECTION('',(0.968991793146648,-3.05311331771918E-016,-0.247092907252401));
#7877=DIRECTION('',(2.79529361363317E-016,1.0,-1.39419925284015E-016));
#7878=SURFACE_STYLE_FILL_AREA(#9514);
#7879=ORIENTED_EDGE('',*,*,#1091,.T.);
#7880=ORIENTED_EDGE('',*,*,#1537,.T.);
#7881=ORIENTED_EDGE('',*,*,#1539,.F.);
#7882=ORIENTED_EDGE('',*,*,#1541,.F.);
#7883=CARTESIAN_POINT('',(92.75,0.0,-0.8));
#7884=DIRECTION('',(-0.968991793146648,-3.05311331771918E-016,-0.247092907252401));
#7885=DIRECTION('',(3.41100337687907E-016,-1.0,-1.02034883832017E-016));
#7886=SURFACE_STYLE_FILL_AREA(#9515);
#7887=ORIENTED_EDGE('',*,*,#1539,.T.);
#7888=ORIENTED_EDGE('',*,*,#1543,.T.);
#7889=ORIENTED_EDGE('',*,*,#1531,.F.);
#7890=ORIENTED_EDGE('',*,*,#1545,.T.);
#7891=ORIENTED_EDGE('',*,*,#1547,.T.);
#7892=ORIENTED_EDGE('',*,*,#1493,.T.);
#7893=ORIENTED_EDGE('',*,*,#1549,.T.);
#7894=ORIENTED_EDGE('',*,*,#1551,.T.);
#7895=ORIENTED_EDGE('',*,*,#1553,.T.);
#7896=ORIENTED_EDGE('',*,*,#1517,.T.);
#7897=ORIENTED_EDGE('',*,*,#1555,.T.);
#7898=ORIENTED_EDGE('',*,*,#1557,.T.);
#7899=ORIENTED_EDGE('',*,*,#1559,.T.);
#7900=ORIENTED_EDGE('',*,*,#1561,.T.);
#7901=ORIENTED_EDGE('',*,*,#1563,.T.);
#7902=ORIENTED_EDGE('',*,*,#1565,.T.);
#7903=ORIENTED_EDGE('',*,*,#1469,.T.);
#7904=ORIENTED_EDGE('',*,*,#1483,.T.);
#7905=ORIENTED_EDGE('',*,*,#1567,.T.);
#7906=ORIENTED_EDGE('',*,*,#1525,.T.);
#7907=ORIENTED_EDGE('',*,*,#1081,.T.);
#7908=ORIENTED_EDGE('',*,*,#1569,.T.);
#7909=ORIENTED_EDGE('',*,*,#1571,.T.);
#7910=ORIENTED_EDGE('',*,*,#1573,.T.);
#7911=CARTESIAN_POINT('',(0.0,-72.5,-0.8));
#7912=DIRECTION('',(1.29246970711411E-032,0.96899179314665,-0.247092907252395));
#7913=DIRECTION('',(-1.0,-4.49238855859919E-017,-1.76172100337223E-016));
#7914=SURFACE_STYLE_FILL_AREA(#9516);
#7915=ORIENTED_EDGE('',*,*,#1519,.T.);
#7916=ORIENTED_EDGE('',*,*,#1553,.F.);
#7917=ORIENTED_EDGE('',*,*,#1575,.F.);
#7918=ORIENTED_EDGE('',*,*,#1577,.F.);
#7919=CARTESIAN_POINT('',(-40.0,80.0,67.4405651249));
#7920=DIRECTION('',(-0.0,1.0,0.0));
#7921=DIRECTION('',(0.0,0.0,-1.0));
#7922=SURFACE_STYLE_FILL_AREA(#9517);
#7923=ORIENTED_EDGE('',*,*,#1579,.T.);
#7924=ORIENTED_EDGE('',*,*,#1555,.F.);
#7925=ORIENTED_EDGE('',*,*,#1515,.F.);
#7926=ORIENTED_EDGE('',*,*,#1581,.F.);
#7928=CARTESIAN_POINT('',(-16.0138176598493,-69.95,5.67478807501001));
#7929=CARTESIAN_POINT('',(-15.0122099881254,-69.9499999999999,5.76874716767286));
#7930=CARTESIAN_POINT('',(-14.0122151263769,-69.9499999999999,5.87780248141384));
#7931=CARTESIAN_POINT('',(-13.0140607622349,-69.95,6.00192918555935));
#7938=DIRECTION('',(0.0,-1.0,0.0));
#7939=SURFACE_STYLE_FILL_AREA(#9518);
#7940=ORIENTED_EDGE('',*,*,#1583,.T.);
#7941=ORIENTED_EDGE('',*,*,#1129,.F.);
#7942=ORIENTED_EDGE('',*,*,#1475,.T.);
#7943=ORIENTED_EDGE('',*,*,#1585,.F.);
#7944=CARTESIAN_POINT('',(-60.0318870096875,80.0,40.3041021061681));
#7945=DIRECTION('',(-0.0,1.0,0.0));
#7946=DIRECTION('',(0.0,0.0,-1.0));
#7947=SURFACE_STYLE_FILL_AREA(#9519);
#7948=ORIENTED_EDGE('',*,*,#1587,.F.);
#7949=ORIENTED_EDGE('',*,*,#1097,.F.);
#7950=ORIENTED_EDGE('',*,*,#1489,.T.);
#7951=ORIENTED_EDGE('',*,*,#1589,.F.);
#7953=CARTESIAN_POINT('',(66.9858413036531,70.7704030501766,6.00192160692083));
#7954=CARTESIAN_POINT('',(68.9518240948001,70.7704030501766,6.40070415500862));
#7955=CARTESIAN_POINT('',(70.5875518346034,70.7704030501766,7.56236922357186));
#7956=CARTESIAN_POINT('',(71.6122034055217,70.7704030501766,9.2874825945409));
#7963=DIRECTION('',(0.0,-1.0,0.0));
#7964=SURFACE_STYLE_FILL_AREA(#9520);
#7965=ORIENTED_EDGE('',*,*,#1527,.T.);
#7966=ORIENTED_EDGE('',*,*,#1567,.F.);
#7967=ORIENTED_EDGE('',*,*,#1481,.F.);
#7968=ORIENTED_EDGE('',*,*,#1591,.F.);
#7969=CARTESIAN_POINT('',(40.0,80.0,67.4405651249));
#7970=DIRECTION('',(-0.0,1.0,0.0));
#7971=DIRECTION('',(0.0,0.0,-1.0));
#7972=SURFACE_STYLE_FILL_AREA(#9521);
#7973=ORIENTED_EDGE('',*,*,#1593,.T.);
#7974=ORIENTED_EDGE('',*,*,#1109,.F.);
#7975=ORIENTED_EDGE('',*,*,#1505,.T.);
#7976=ORIENTED_EDGE('',*,*,#1595,.F.);
#7977=CARTESIAN_POINT('',(14.4046767259419,80.0,12.8623788196781));
#7978=DIRECTION('',(-0.0,1.0,0.0));
#7979=DIRECTION('',(0.0,0.0,-1.0));
#7980=SURFACE_STYLE_FILL_AREA(#9522);
#7981=ORIENTED_EDGE('',*,*,#1597,.T.);
#7982=ORIENTED_EDGE('',*,*,#1111,.F.);
#7983=ORIENTED_EDGE('',*,*,#1593,.F.);
#7984=CARTESIAN_POINT('',(5.33198815497909,80.0,2.2));
#7985=DIRECTION('',(-0.0,1.0,0.0));
#7986=DIRECTION('',(0.0,0.0,-1.0));
#7987=SURFACE_STYLE_FILL_AREA(#9523);
#7988=ORIENTED_EDGE('',*,*,#1599,.T.);
#7989=ORIENTED_EDGE('',*,*,#1137,.F.);
#7990=ORIENTED_EDGE('',*,*,#1115,.F.);
#7991=CARTESIAN_POINT('',(-2.30465835866173,1.38777878078145E-014,2.2));
#7992=DIRECTION('',(-0.0,1.0,0.0));
#7993=DIRECTION('',(0.0,0.0,-1.0));
#7994=SURFACE_STYLE_FILL_AREA(#9524);
#7995=ORIENTED_EDGE('',*,*,#1601,.T.);
#7996=ORIENTED_EDGE('',*,*,#1131,.F.);
#7997=ORIENTED_EDGE('',*,*,#1583,.F.);
#7998=CARTESIAN_POINT('',(-77.6975996384699,80.0,2.2));
#7999=DIRECTION('',(-0.0,1.0,0.0));
#8000=DIRECTION('',(0.0,0.0,-1.0));
#8001=SURFACE_STYLE_FILL_AREA(#9525);
#8002=ORIENTED_EDGE('',*,*,#1603,.F.);
#8003=ORIENTED_EDGE('',*,*,#1605,.F.);
#8004=ORIENTED_EDGE('',*,*,#1607,.F.);
#8005=ORIENTED_EDGE('',*,*,#1609,.F.);
#8006=CARTESIAN_POINT('',(0.0,0.0,29.2));
#8007=DIRECTION('',(0.0,0.0,-1.0));
#8008=DIRECTION('',(-1.0,0.0,0.0));
#8009=SURFACE_STYLE_FILL_AREA(#9526);
#8010=ORIENTED_EDGE('',*,*,#1611,.T.);
#8011=ORIENTED_EDGE('',*,*,#1541,.T.);
#8012=ORIENTED_EDGE('',*,*,#1613,.F.);
#8013=ORIENTED_EDGE('',*,*,#1609,.T.);
#8014=CARTESIAN_POINT('',(90.2,69.95,-21.8));
#8015=DIRECTION('',(-1.0,9.91979114211184E-017,0.0));
#8016=DIRECTION('',(-9.91979114211184E-017,-1.0,0.0));
#8017=SURFACE_STYLE_FILL_AREA(#9527);
#8018=ORIENTED_EDGE('',*,*,#1487,.F.);
#8019=ORIENTED_EDGE('',*,*,#1093,.T.);
#8020=ORIENTED_EDGE('',*,*,#1611,.F.);
#8021=ORIENTED_EDGE('',*,*,#1607,.T.);
#8022=ORIENTED_EDGE('',*,*,#1615,.T.);
#8023=ORIENTED_EDGE('',*,*,#1133,.T.);
#8024=ORIENTED_EDGE('',*,*,#1601,.F.);
#8025=ORIENTED_EDGE('',*,*,#1585,.T.);
#8026=ORIENTED_EDGE('',*,*,#1479,.T.);
#8027=ORIENTED_EDGE('',*,*,#1513,.T.);
#8028=ORIENTED_EDGE('',*,*,#1617,.T.);
#8029=ORIENTED_EDGE('',*,*,#1619,.T.);
#8030=ORIENTED_EDGE('',*,*,#1621,.T.);
#8031=ORIENTED_EDGE('',*,*,#1139,.T.);
#8032=ORIENTED_EDGE('',*,*,#1599,.F.);
#8033=ORIENTED_EDGE('',*,*,#1113,.T.);
#8034=ORIENTED_EDGE('',*,*,#1597,.F.);
#8035=ORIENTED_EDGE('',*,*,#1595,.T.);
#8036=ORIENTED_EDGE('',*,*,#1509,.T.);
#8037=ORIENTED_EDGE('',*,*,#1523,.T.);
#8038=ORIENTED_EDGE('',*,*,#1503,.T.);
#8039=ORIENTED_EDGE('',*,*,#1623,.T.);
#8040=ORIENTED_EDGE('',*,*,#1625,.T.);
#8041=ORIENTED_EDGE('',*,*,#1589,.T.);
#8042=CARTESIAN_POINT('',(-90.2,69.95,-21.8));
#8043=DIRECTION('',(-7.69278703315657E-017,-1.0,0.0));
#8044=DIRECTION('',(1.0,-7.69278703315657E-017,0.0));
#8045=SURFACE_STYLE_FILL_AREA(#9528);
#8046=ORIENTED_EDGE('',*,*,#1627,.T.);
#8047=ORIENTED_EDGE('',*,*,#1535,.F.);
#8048=ORIENTED_EDGE('',*,*,#1615,.F.);
#8049=ORIENTED_EDGE('',*,*,#1605,.T.);
#8050=CARTESIAN_POINT('',(-90.2,-69.95,-21.8));
#8051=DIRECTION('',(1.0,9.91979114211183E-017,0.0));
#8052=DIRECTION('',(-9.91979114211183E-017,1.0,0.0));
#8053=SURFACE_STYLE_FILL_AREA(#9529);
#8054=ORIENTED_EDGE('',*,*,#1613,.T.);
#8055=ORIENTED_EDGE('',*,*,#1573,.F.);
#8056=ORIENTED_EDGE('',*,*,#1629,.F.);
#8057=ORIENTED_EDGE('',*,*,#1631,.T.);
#8058=ORIENTED_EDGE('',*,*,#1085,.T.);
#8059=ORIENTED_EDGE('',*,*,#1529,.T.);
#8060=ORIENTED_EDGE('',*,*,#1591,.T.);
#8061=ORIENTED_EDGE('',*,*,#1485,.T.);
#8062=ORIENTED_EDGE('',*,*,#1473,.T.);
#8063=ORIENTED_EDGE('',*,*,#1633,.T.);
#8064=ORIENTED_EDGE('',*,*,#1635,.F.);
#8065=ORIENTED_EDGE('',*,*,#1561,.F.);
#8066=ORIENTED_EDGE('',*,*,#1637,.F.);
#8067=ORIENTED_EDGE('',*,*,#1639,.T.);
#8068=ORIENTED_EDGE('',*,*,#1581,.T.);
#8069=ORIENTED_EDGE('',*,*,#1521,.T.);
#8070=ORIENTED_EDGE('',*,*,#1577,.T.);
#8071=ORIENTED_EDGE('',*,*,#1641,.T.);
#8072=ORIENTED_EDGE('',*,*,#1643,.T.);
#8073=ORIENTED_EDGE('',*,*,#1497,.T.);
#8074=ORIENTED_EDGE('',*,*,#1645,.F.);
#8075=ORIENTED_EDGE('',*,*,#1545,.F.);
#8076=ORIENTED_EDGE('',*,*,#1627,.F.);
#8077=ORIENTED_EDGE('',*,*,#1603,.T.);
#8078=CARTESIAN_POINT('',(90.2,-69.95,-21.8));
#8079=DIRECTION('',(0.0,1.0,0.0));
#8080=DIRECTION('',(0.0,0.0,1.0));
#8081=SURFACE_STYLE_FILL_AREA(#9530);
#8082=ORIENTED_EDGE('',*,*,#1647,.T.);
#8083=ORIENTED_EDGE('',*,*,#1461,.T.);
#8084=CARTESIAN_POINT('',(-112.0,-97.0,49.7));
#8085=DIRECTION('',(0.0,-0.0,1.0));
#8086=DIRECTION('',(-1.0,0.0,0.0));
#8087=SURFACE_STYLE_FILL_AREA(#9531);
#8088=ORIENTED_EDGE('',*,*,#1649,.T.);
#8089=ORIENTED_EDGE('',*,*,#1465,.F.);
#8090=CARTESIAN_POINT('',(112.0,97.0,49.7));
#8091=DIRECTION('',(0.0,-0.0,1.0));
#8092=DIRECTION('',(-1.0,0.0,0.0));
#8093=SURFACE_STYLE_FILL_AREA(#9532);
#8094=ORIENTED_EDGE('',*,*,#1651,.T.);
#8095=ORIENTED_EDGE('',*,*,#1459,.T.);
#8096=CARTESIAN_POINT('',(112.0,-97.0,49.7));
#8097=DIRECTION('',(0.0,-0.0,1.0));
#8098=DIRECTION('',(-1.0,0.0,0.0));
#8099=SURFACE_STYLE_FILL_AREA(#9533);
#8100=ORIENTED_EDGE('',*,*,#1653,.T.);
#8101=ORIENTED_EDGE('',*,*,#1463,.T.);
#8102=CARTESIAN_POINT('',(-112.0,97.0,49.7));
#8103=DIRECTION('',(0.0,-0.0,1.0));
#8104=DIRECTION('',(-1.0,0.0,0.0));
#8105=SURFACE_STYLE_FILL_AREA(#9534);
#8106=ORIENTED_EDGE('',*,*,#1655,.T.);
#8107=ORIENTED_EDGE('',*,*,#1455,.F.);
#8108=CARTESIAN_POINT('',(62.0,100.0,49.7));
#8109=DIRECTION('',(0.0,-0.0,1.0));
#8110=DIRECTION('',(-1.0,0.0,0.0));
#8111=SURFACE_STYLE_FILL_AREA(#9535);
#8112=ORIENTED_EDGE('',*,*,#1657,.T.);
#8113=ORIENTED_EDGE('',*,*,#1451,.T.);
#8114=CARTESIAN_POINT('',(-62.0,-100.0,49.7));
#8115=DIRECTION('',(0.0,-0.0,1.0));
#8116=DIRECTION('',(-1.0,0.0,0.0));
#8117=SURFACE_STYLE_FILL_AREA(#9536);
#8118=ORIENTED_EDGE('',*,*,#1659,.T.);
#8119=ORIENTED_EDGE('',*,*,#1457,.T.);
#8120=CARTESIAN_POINT('',(-62.0,100.0,49.7));
#8121=DIRECTION('',(0.0,-0.0,1.0));
#8122=DIRECTION('',(-1.0,0.0,0.0));
#8123=SURFACE_STYLE_FILL_AREA(#9537);
#8124=ORIENTED_EDGE('',*,*,#1661,.T.);
#8125=ORIENTED_EDGE('',*,*,#1453,.T.);
#8126=CARTESIAN_POINT('',(62.0,-100.0,49.7));
#8127=DIRECTION('',(0.0,-0.0,1.0));
#8128=DIRECTION('',(-1.0,0.0,0.0));
#8129=SURFACE_STYLE_FILL_AREA(#9538);
#8130=ORIENTED_EDGE('',*,*,#1263,.T.);
#8131=ORIENTED_EDGE('',*,*,#1227,.T.);
#8132=ORIENTED_EDGE('',*,*,#1229,.T.);
#8133=ORIENTED_EDGE('',*,*,#1663,.T.);
#8134=ORIENTED_EDGE('',*,*,#1211,.T.);
#8135=ORIENTED_EDGE('',*,*,#1217,.T.);
#8136=CARTESIAN_POINT('',(0.0,1.4210854715202E-014,49.7));
#8137=DIRECTION('',(-0.0,-0.0,1.0));
#8138=DIRECTION('',(1.0,0.0,0.0));
#8139=SURFACE_STYLE_FILL_AREA(#9539);
#8140=ORIENTED_EDGE('',*,*,#1327,.T.);
#8141=ORIENTED_EDGE('',*,*,#1333,.T.);
#8142=ORIENTED_EDGE('',*,*,#1665,.F.);
#8143=ORIENTED_EDGE('',*,*,#1357,.T.);
#8144=ORIENTED_EDGE('',*,*,#1363,.T.);
#8145=ORIENTED_EDGE('',*,*,#1369,.T.);
#8146=ORIENTED_EDGE('',*,*,#1305,.F.);
#8147=ORIENTED_EDGE('',*,*,#1193,.T.);
#8148=ORIENTED_EDGE('',*,*,#1199,.T.);
#8149=ORIENTED_EDGE('',*,*,#1205,.T.);
#8150=ORIENTED_EDGE('',*,*,#1663,.F.);
#8151=ORIENTED_EDGE('',*,*,#1167,.T.);
#8152=ORIENTED_EDGE('',*,*,#1667,.T.);
#8153=ORIENTED_EDGE('',*,*,#1159,.T.);
#8154=ORIENTED_EDGE('',*,*,#1669,.F.);
#8155=ORIENTED_EDGE('',*,*,#1321,.T.);
#8156=ORIENTED_EDGE('',*,*,#1381,.F.);
#8157=CARTESIAN_POINT('',(0.0,1.4210854715202E-014,46.7));
#8158=DIRECTION('',(0.0,0.0,1.0));
#8159=DIRECTION('',(1.0,0.0,0.0));
#8160=SURFACE_STYLE_FILL_AREA(#9540);
#8161=ORIENTED_EDGE('',*,*,#1019,.T.);
#8162=ORIENTED_EDGE('',*,*,#1671,.F.);
#8163=ORIENTED_EDGE('',*,*,#995,.F.);
#8164=ORIENTED_EDGE('',*,*,#1673,.F.);
#8165=CARTESIAN_POINT('',(16.2062979152618,34.5237640495221,48.2));
#8166=DIRECTION('',(0.90522417742592,-0.424934334460711,-0.0));
#8167=DIRECTION('',(0.424934334460711,0.90522417742592,0.0));
#8168=SURFACE_STYLE_FILL_AREA(#9541);
#8169=ORIENTED_EDGE('',*,*,#1675,.F.);
#8170=ORIENTED_EDGE('',*,*,#1213,.T.);
#8171=ORIENTED_EDGE('',*,*,#1207,.T.);
#8172=ORIENTED_EDGE('',*,*,#1677,.F.);
#8173=ORIENTED_EDGE('',*,*,#999,.T.);
#8174=CARTESIAN_POINT('',(13.4437543187465,30.2970758204516,48.2));
#8175=DIRECTION('',(-0.424934334460711,-0.90522417742592,0.0));
#8176=DIRECTION('',(0.90522417742592,-0.424934334460711,0.0));
#8177=SURFACE_STYLE_FILL_AREA(#9542);
#8178=ORIENTED_EDGE('',*,*,#1195,.T.);
#8179=ORIENTED_EDGE('',*,*,#1189,.T.);
#8180=ORIENTED_EDGE('',*,*,#1173,.F.);
#8181=ORIENTED_EDGE('',*,*,#1017,.F.);
#8182=ORIENTED_EDGE('',*,*,#1679,.F.);
#8183=CARTESIAN_POINT('',(14.71949816717,29.6982105043333,48.2));
#8184=DIRECTION('',(-0.424934334460711,-0.90522417742592,0.0));
#8185=DIRECTION('',(0.90522417742592,-0.424934334460711,0.0));
#8186=SURFACE_STYLE_FILL_AREA(#9543);
#8187=ORIENTED_EDGE('',*,*,#1677,.T.);
#8188=ORIENTED_EDGE('',*,*,#1201,.T.);
#8189=ORIENTED_EDGE('',*,*,#1679,.T.);
#8190=ORIENTED_EDGE('',*,*,#1021,.T.);
#8191=ORIENTED_EDGE('',*,*,#1673,.T.);
#8192=ORIENTED_EDGE('',*,*,#1001,.T.);
#8193=CARTESIAN_POINT('',(14.0816262429583,-29.9976431623924,46.2));
#8194=DIRECTION('',(0.0,0.0,1.0));
#8195=DIRECTION('',(-0.424934334460711,0.90522417742592,0.0));
#8196=SURFACE_STYLE_FILL_AREA(#9544);
#8197=ORIENTED_EDGE('',*,*,#1265,.F.);
#8198=ORIENTED_EDGE('',*,*,#1219,.T.);
#8199=ORIENTED_EDGE('',*,*,#1675,.T.);
#8200=ORIENTED_EDGE('',*,*,#1003,.T.);
#8201=CARTESIAN_POINT('',(11.3659537106805,31.2724461657746,49.7));
#8202=DIRECTION('',(-0.891471788143144,0.418478627097991,-0.17364817766693));
#8203=DIRECTION('',(0.424934334460711,0.905224177425919,2.7002220138838E-017));
#8204=SURFACE_STYLE_FILL_AREA(#9545);
#8205=ORIENTED_EDGE('',*,*,#1005,.T.);
#8206=ORIENTED_EDGE('',*,*,#1671,.T.);
#8207=ORIENTED_EDGE('',*,*,#1009,.T.);
#8208=ORIENTED_EDGE('',*,*,#1267,.F.);
#8209=CARTESIAN_POINT('',(17.0561665841833,36.3342124043739,49.7));
#8210=DIRECTION('',(-0.424934334460711,-0.90522417742592,-0.0));
#8211=DIRECTION('',(0.0,0.0,-1.0));
#8212=SURFACE_STYLE_FILL_AREA(#9546);
#8213=ORIENTED_EDGE('',*,*,#991,.T.);
#8214=ORIENTED_EDGE('',*,*,#1681,.F.);
#8215=ORIENTED_EDGE('',*,*,#979,.F.);
#8216=ORIENTED_EDGE('',*,*,#1683,.F.);
#8217=CARTESIAN_POINT('',(-16.2062979152618,-34.5237640495221,48.2));
#8218=DIRECTION('',(-0.90522417742592,0.424934334460711,0.0));
#8219=DIRECTION('',(-0.424934334460711,-0.90522417742592,0.0));
#8220=SURFACE_STYLE_FILL_AREA(#9547);
#8221=ORIENTED_EDGE('',*,*,#1685,.F.);
#8222=ORIENTED_EDGE('',*,*,#1341,.T.);
#8223=ORIENTED_EDGE('',*,*,#1335,.T.);
#8224=ORIENTED_EDGE('',*,*,#1687,.F.);
#8225=ORIENTED_EDGE('',*,*,#983,.T.);
#8226=CARTESIAN_POINT('',(14.71949816717,29.6982105043333,48.2));
#8227=DIRECTION('',(-0.424934334460711,-0.90522417742592,0.0));
#8228=DIRECTION('',(0.90522417742592,-0.424934334460711,0.0));
#8229=SURFACE_STYLE_FILL_AREA(#9548);
#8230=ORIENTED_EDGE('',*,*,#1689,.F.);
#8231=ORIENTED_EDGE('',*,*,#1323,.T.);
#8232=ORIENTED_EDGE('',*,*,#1317,.T.);
#8233=ORIENTED_EDGE('',*,*,#1691,.F.);
#8234=ORIENTED_EDGE('',*,*,#987,.F.);
#8235=CARTESIAN_POINT('',(13.4437543187465,30.2970758204516,48.2));
#8236=DIRECTION('',(-0.424934334460711,-0.90522417742592,0.0));
#8237=DIRECTION('',(0.90522417742592,-0.424934334460711,0.0));
#8238=SURFACE_STYLE_FILL_AREA(#9549);
#8239=ORIENTED_EDGE('',*,*,#1687,.T.);
#8240=ORIENTED_EDGE('',*,*,#1329,.T.);
#8241=ORIENTED_EDGE('',*,*,#1689,.T.);
#8242=ORIENTED_EDGE('',*,*,#993,.T.);
#8243=ORIENTED_EDGE('',*,*,#1683,.T.);
#8244=ORIENTED_EDGE('',*,*,#985,.T.);
#8245=CARTESIAN_POINT('',(14.0816262429583,-29.9976431623924,46.2));
#8246=DIRECTION('',(0.0,0.0,1.0));
#8247=DIRECTION('',(-0.424934334460711,0.90522417742592,0.0));
#8248=SURFACE_STYLE_FILL_AREA(#9550);
#8249=ORIENTED_EDGE('',*,*,#1285,.T.);
#8250=ORIENTED_EDGE('',*,*,#1693,.T.);
#8251=ORIENTED_EDGE('',*,*,#1685,.T.);
#8252=ORIENTED_EDGE('',*,*,#1695,.T.);
#8253=CARTESIAN_POINT('',(16.797298775236,28.7228401590103,49.7));
#8254=DIRECTION('',(0.891471788143144,-0.418478627097991,-0.17364817766693));
#8255=DIRECTION('',(-0.424934334460711,-0.905224177425919,2.7002220138838E-017));
#8256=SURFACE_STYLE_FILL_AREA(#9551);
#8257=ORIENTED_EDGE('',*,*,#1691,.T.);
#8258=ORIENTED_EDGE('',*,*,#1307,.T.);
#8259=ORIENTED_EDGE('',*,*,#1253,.F.);
#8260=ORIENTED_EDGE('',*,*,#1697,.T.);
#8261=CARTESIAN_POINT('',(11.3659537106805,31.2724461657746,49.7));
#8262=DIRECTION('',(-0.891471788143144,0.418478627097991,-0.17364817766693));
#8263=DIRECTION('',(0.424934334460711,0.905224177425919,2.7002220138838E-017));
#8264=SURFACE_STYLE_FILL_AREA(#9552);
#8265=ORIENTED_EDGE('',*,*,#1695,.F.);
#8266=ORIENTED_EDGE('',*,*,#981,.T.);
#8267=ORIENTED_EDGE('',*,*,#1699,.F.);
#8268=ORIENTED_EDGE('',*,*,#1287,.T.);
#8269=CARTESIAN_POINT('',(-15.4954177419877,-34.526058943277,49.5863605936454));
#8270=DIRECTION('',(-0.157190528790057,0.0737890728072123,-0.984807753012208));
#8271=DIRECTION('',(0.987499805386582,1.78092016513715E-018,-0.157620221930636));
#8272=SURFACE_STYLE_FILL_AREA(#9553);
#8273=ORIENTED_EDGE('',*,*,#1701,.F.);
#8274=ORIENTED_EDGE('',*,*,#989,.T.);
#8275=ORIENTED_EDGE('',*,*,#1697,.F.);
#8276=ORIENTED_EDGE('',*,*,#1291,.T.);
#8277=CARTESIAN_POINT('',(-16.7441050344721,-33.9398946352376,50.0993908086339));
#8278=DIRECTION('',(0.157190528790057,-0.0737890728072123,-0.984807753012208));
#8279=DIRECTION('',(0.987499805386582,1.78092016513715E-018,0.157620221930636));
#8280=SURFACE_STYLE_FILL_AREA(#9554);
#8281=ORIENTED_EDGE('',*,*,#1699,.T.);
#8282=ORIENTED_EDGE('',*,*,#1681,.T.);
#8283=ORIENTED_EDGE('',*,*,#1701,.T.);
#8284=ORIENTED_EDGE('',*,*,#1289,.F.);
#8285=CARTESIAN_POINT('',(-17.0561665841833,-36.3342124043739,49.7));
#8286=DIRECTION('',(0.424934334460711,0.90522417742592,0.0));
#8287=DIRECTION('',(0.0,0.0,-1.0));
#8288=SURFACE_STYLE_FILL_AREA(#9555);
#8289=ORIENTED_EDGE('',*,*,#1049,.T.);
#8290=ORIENTED_EDGE('',*,*,#1703,.F.);
#8291=ORIENTED_EDGE('',*,*,#1023,.F.);
#8292=ORIENTED_EDGE('',*,*,#1705,.F.);
#8293=CARTESIAN_POINT('',(-16.2062979152618,34.5237640495221,48.2));
#8294=DIRECTION('',(-0.90522417742592,-0.424934334460711,-0.0));
#8295=DIRECTION('',(-0.424934334460711,0.90522417742592,0.0));
#8296=SURFACE_STYLE_FILL_AREA(#9556);
#8297=ORIENTED_EDGE('',*,*,#1157,.F.);
#8298=ORIENTED_EDGE('',*,*,#1147,.T.);
#8299=ORIENTED_EDGE('',*,*,#1163,.T.);
#8300=ORIENTED_EDGE('',*,*,#1707,.F.);
#8301=ORIENTED_EDGE('',*,*,#1045,.F.);
#8302=CARTESIAN_POINT('',(-14.71949816717,29.6982105043333,48.2));
#8303=DIRECTION('',(0.424934334460711,-0.90522417742592,-0.0));
#8304=DIRECTION('',(-0.90522417742592,-0.424934334460711,0.0));
#8305=SURFACE_STYLE_FILL_AREA(#9557);
#8306=ORIENTED_EDGE('',*,*,#1709,.F.);
#8307=ORIENTED_EDGE('',*,*,#1171,.T.);
#8308=ORIENTED_EDGE('',*,*,#1231,.T.);
#8309=ORIENTED_EDGE('',*,*,#1711,.F.);
#8310=ORIENTED_EDGE('',*,*,#1027,.T.);
#8311=CARTESIAN_POINT('',(-13.4437543187465,30.2970758204516,48.2));
#8312=DIRECTION('',(0.424934334460711,-0.90522417742592,-0.0));
#8313=DIRECTION('',(-0.90522417742592,-0.424934334460711,0.0));
#8314=SURFACE_STYLE_FILL_AREA(#9558);
#8315=ORIENTED_EDGE('',*,*,#1707,.T.);
#8316=ORIENTED_EDGE('',*,*,#1713,.T.);
#8317=ORIENTED_EDGE('',*,*,#1709,.T.);
#8318=ORIENTED_EDGE('',*,*,#1025,.T.);
#8319=ORIENTED_EDGE('',*,*,#1703,.T.);
#8320=ORIENTED_EDGE('',*,*,#1047,.T.);
#8321=CARTESIAN_POINT('',(14.0816262429583,-29.9976431623924,46.2));
#8322=DIRECTION('',(0.0,0.0,1.0));
#8323=DIRECTION('',(-0.424934334460711,0.90522417742592,0.0));
#8324=SURFACE_STYLE_FILL_AREA(#9559);
#8325=ORIENTED_EDGE('',*,*,#1711,.T.);
#8326=ORIENTED_EDGE('',*,*,#1223,.T.);
#8327=ORIENTED_EDGE('',*,*,#1261,.F.);
#8328=ORIENTED_EDGE('',*,*,#1031,.T.);
#8329=CARTESIAN_POINT('',(-11.3659537106805,31.2724461657746,49.7));
#8330=DIRECTION('',(0.891471788143144,0.418478627097991,-0.17364817766693));
#8331=DIRECTION('',(-0.424934334460711,0.905224177425919,2.7002220138838E-017));
#8332=SURFACE_STYLE_FILL_AREA(#9560);
#8333=ORIENTED_EDGE('',*,*,#1035,.T.);
#8334=ORIENTED_EDGE('',*,*,#1259,.F.);
#8335=ORIENTED_EDGE('',*,*,#1037,.T.);
#8336=ORIENTED_EDGE('',*,*,#1705,.T.);
#8337=CARTESIAN_POINT('',(-17.0561665841833,36.3342124043739,49.7));
#8338=DIRECTION('',(0.424934334460711,-0.90522417742592,0.0));
#8339=DIRECTION('',(0.0,0.0,-1.0));
#8340=SURFACE_STYLE_FILL_AREA(#9561);
#8341=ORIENTED_EDGE('',*,*,#1715,.T.);
#8342=ORIENTED_EDGE('',*,*,#1343,.T.);
#8343=ORIENTED_EDGE('',*,*,#1277,.F.);
#8344=ORIENTED_EDGE('',*,*,#1059,.T.);
#8345=CARTESIAN_POINT('',(11.3659537106805,-31.2724461657746,49.7));
#8346=DIRECTION('',(-0.891471788143144,-0.418478627097991,-0.17364817766693));
#8347=DIRECTION('',(0.424934334460711,-0.905224177425919,2.7002220138838E-017));
#8348=SURFACE_STYLE_FILL_AREA(#9562);
#8349=ORIENTED_EDGE('',*,*,#1717,.T.);
#8350=ORIENTED_EDGE('',*,*,#1365,.T.);
#8351=ORIENTED_EDGE('',*,*,#1719,.T.);
#8352=ORIENTED_EDGE('',*,*,#1053,.T.);
#8353=ORIENTED_EDGE('',*,*,#1721,.T.);
#8354=ORIENTED_EDGE('',*,*,#1075,.T.);
#8355=CARTESIAN_POINT('',(14.0816262429583,-29.9976431623924,46.2));
#8356=DIRECTION('',(0.0,0.0,1.0));
#8357=DIRECTION('',(-0.424934334460711,0.90522417742592,0.0));
#8358=SURFACE_STYLE_FILL_AREA(#9563);
#8359=ORIENTED_EDGE('',*,*,#1379,.F.);
#8360=ORIENTED_EDGE('',*,*,#1375,.T.);
#8361=ORIENTED_EDGE('',*,*,#1371,.T.);
#8362=ORIENTED_EDGE('',*,*,#1717,.F.);
#8363=ORIENTED_EDGE('',*,*,#1073,.F.);
#8364=CARTESIAN_POINT('',(14.71949816717,-29.6982105043333,48.2));
#8365=DIRECTION('',(-0.424934334460711,0.90522417742592,0.0));
#8366=DIRECTION('',(0.90522417742592,0.424934334460711,0.0));
#8367=SURFACE_STYLE_FILL_AREA(#9564);
#8368=ORIENTED_EDGE('',*,*,#1359,.T.);
#8369=ORIENTED_EDGE('',*,*,#1353,.T.);
#8370=ORIENTED_EDGE('',*,*,#1715,.F.);
#8371=ORIENTED_EDGE('',*,*,#1055,.T.);
#8372=ORIENTED_EDGE('',*,*,#1719,.F.);
#8373=CARTESIAN_POINT('',(13.4437543187465,-30.2970758204516,48.2));
#8374=DIRECTION('',(-0.424934334460711,0.90522417742592,0.0));
#8375=DIRECTION('',(0.90522417742592,0.424934334460711,0.0));
#8376=SURFACE_STYLE_FILL_AREA(#9565);
#8377=ORIENTED_EDGE('',*,*,#1063,.T.);
#8378=ORIENTED_EDGE('',*,*,#1275,.F.);
#8379=ORIENTED_EDGE('',*,*,#1065,.T.);
#8380=ORIENTED_EDGE('',*,*,#1723,.T.);
#8381=CARTESIAN_POINT('',(17.0561665841833,-36.3342124043739,49.7));
#8382=DIRECTION('',(-0.424934334460711,0.90522417742592,0.0));
#8383=DIRECTION('',(0.0,0.0,-1.0));
#8384=SURFACE_STYLE_FILL_AREA(#9566);
#8385=ORIENTED_EDGE('',*,*,#1077,.T.);
#8386=ORIENTED_EDGE('',*,*,#1721,.F.);
#8387=ORIENTED_EDGE('',*,*,#1051,.F.);
#8388=ORIENTED_EDGE('',*,*,#1723,.F.);
#8389=CARTESIAN_POINT('',(16.2062979152618,-34.5237640495221,48.2));
#8390=DIRECTION('',(0.90522417742592,0.424934334460711,0.0));
#8391=DIRECTION('',(0.424934334460711,-0.90522417742592,0.0));
#8392=SURFACE_STYLE_FILL_AREA(#9567);
#8393=ORIENTED_EDGE('',*,*,#1283,.F.);
#8394=ORIENTED_EDGE('',*,*,#1725,.F.);
#8395=ORIENTED_EDGE('',*,*,#1337,.F.);
#8396=ORIENTED_EDGE('',*,*,#1693,.F.);
#8397=SURFACE_STYLE_FILL_AREA(#9568);
#8398=ORIENTED_EDGE('',*,*,#1161,.T.);
#8399=ORIENTED_EDGE('',*,*,#1667,.F.);
#8400=ORIENTED_EDGE('',*,*,#1165,.F.);
#8401=ORIENTED_EDGE('',*,*,#1713,.F.);
#8402=CARTESIAN_POINT('',(0.0,1.4210854715202E-014,43.2));
#8403=DIRECTION('',(0.0,0.0,1.0));
#8404=DIRECTION('',(1.0,0.0,0.0));
#8405=SURFACE_STYLE_FILL_AREA(#9569);
#8406=ORIENTED_EDGE('',*,*,#1233,.F.);
#8407=ORIENTED_EDGE('',*,*,#1653,.F.);
#8408=CARTESIAN_POINT('',(-112.0,97.0,48.7));
#8409=DIRECTION('',(-0.0,-0.0,1.0));
#8410=DIRECTION('',(1.0,0.0,0.0));
#8411=SURFACE_STYLE_FILL_AREA(#9570);
#8412=ORIENTED_EDGE('',*,*,#1235,.F.);
#8413=ORIENTED_EDGE('',*,*,#1659,.F.);
#8414=CARTESIAN_POINT('',(-62.0,100.0,48.7));
#8415=DIRECTION('',(-0.0,-0.0,1.0));
#8416=DIRECTION('',(1.0,0.0,0.0));
#8417=SURFACE_STYLE_FILL_AREA(#9571);
#8418=ORIENTED_EDGE('',*,*,#1237,.F.);
#8419=ORIENTED_EDGE('',*,*,#1727,.F.);
#8420=CARTESIAN_POINT('',(-3.06161699786838E-016,105.0,48.7));
#8421=DIRECTION('',(-0.0,-0.0,1.0));
#8422=DIRECTION('',(1.0,0.0,0.0));
#8423=SURFACE_STYLE_FILL_AREA(#9572);
#8424=ORIENTED_EDGE('',*,*,#1655,.F.);
#8425=ORIENTED_EDGE('',*,*,#1239,.F.);
#8426=CARTESIAN_POINT('',(62.0,100.0,49.7));
#8427=DIRECTION('',(-0.0,-0.0,1.0));
#8428=DIRECTION('',(1.0,0.0,0.0));
#8429=SURFACE_STYLE_FILL_AREA(#9573);
#8430=ORIENTED_EDGE('',*,*,#1649,.F.);
#8431=ORIENTED_EDGE('',*,*,#1241,.F.);
#8432=CARTESIAN_POINT('',(112.0,97.0,49.7));
#8433=DIRECTION('',(-0.0,-0.0,1.0));
#8434=DIRECTION('',(1.0,0.0,0.0));
#8435=SURFACE_STYLE_FILL_AREA(#9574);
#8436=ORIENTED_EDGE('',*,*,#1243,.F.);
#8437=ORIENTED_EDGE('',*,*,#1651,.F.);
#8438=CARTESIAN_POINT('',(112.0,-97.0,48.7));
#8439=DIRECTION('',(-0.0,-0.0,1.0));
#8440=DIRECTION('',(1.0,0.0,0.0));
#8441=SURFACE_STYLE_FILL_AREA(#9575);
#8442=ORIENTED_EDGE('',*,*,#1245,.F.);
#8443=ORIENTED_EDGE('',*,*,#1661,.F.);
#8444=CARTESIAN_POINT('',(62.0,-100.0,48.7));
#8445=DIRECTION('',(-0.0,-0.0,1.0));
#8446=DIRECTION('',(1.0,0.0,0.0));
#8447=SURFACE_STYLE_FILL_AREA(#9576);
#8448=ORIENTED_EDGE('',*,*,#1247,.F.);
#8449=ORIENTED_EDGE('',*,*,#1729,.F.);
#8450=CARTESIAN_POINT('',(-3.06161699786838E-016,-105.0,48.7));
#8451=DIRECTION('',(-0.0,-0.0,1.0));
#8452=DIRECTION('',(1.0,0.0,0.0));
#8453=SURFACE_STYLE_FILL_AREA(#9577);
#8454=ORIENTED_EDGE('',*,*,#1249,.F.);
#8455=ORIENTED_EDGE('',*,*,#1657,.F.);
#8456=CARTESIAN_POINT('',(-62.0,-100.0,48.7));
#8457=DIRECTION('',(-0.0,-0.0,1.0));
#8458=DIRECTION('',(1.0,0.0,0.0));
#8459=SURFACE_STYLE_FILL_AREA(#9578);
#8460=ORIENTED_EDGE('',*,*,#1251,.F.);
#8461=ORIENTED_EDGE('',*,*,#1647,.F.);
#8462=CARTESIAN_POINT('',(-112.0,-97.0,48.7));
#8463=DIRECTION('',(-0.0,-0.0,1.0));
#8464=DIRECTION('',(1.0,0.0,0.0));
#8465=SURFACE_STYLE_FILL_AREA(#9579);
#8466=ORIENTED_EDGE('',*,*,#1731,.F.);
#8467=ORIENTED_EDGE('',*,*,#1533,.F.);
#8468=ORIENTED_EDGE('',*,*,#1733,.F.);
#8469=ORIENTED_EDGE('',*,*,#1735,.F.);
#8470=CARTESIAN_POINT('',(-93.6225,97.0,-0.3));
#8471=DIRECTION('',(-0.613558103502682,1.93320772193068E-016,0.789649576474396));
#8472=DIRECTION('',(-3.15081442310742E-016,-1.0,-7.65080261800503E-032));
#8473=SURFACE_STYLE_FILL_AREA(#9580);
#8474=ORIENTED_EDGE('',*,*,#1733,.T.);
#8475=ORIENTED_EDGE('',*,*,#1543,.F.);
#8476=ORIENTED_EDGE('',*,*,#1737,.F.);
#8477=ORIENTED_EDGE('',*,*,#1739,.F.);
#8478=CARTESIAN_POINT('',(112.0,-73.3725,-0.3));
#8479=DIRECTION('',(0.0,-0.613558103502692,0.789649576474388));
#8480=DIRECTION('',(1.0,0.0,0.0));
#8481=SURFACE_STYLE_FILL_AREA(#9581);
#8482=ORIENTED_EDGE('',*,*,#1731,.T.);
#8483=ORIENTED_EDGE('',*,*,#1741,.F.);
#8484=ORIENTED_EDGE('',*,*,#1743,.F.);
#8485=ORIENTED_EDGE('',*,*,#1089,.F.);
#8486=CARTESIAN_POINT('',(112.0,73.3725,-0.3));
#8487=DIRECTION('',(0.0,0.613558103502684,0.789649576474394));
#8488=DIRECTION('',(-1.0,0.0,0.0));
#8489=SURFACE_STYLE_FILL_AREA(#9582);
#8490=ORIENTED_EDGE('',*,*,#1737,.T.);
#8491=ORIENTED_EDGE('',*,*,#1537,.F.);
#8492=ORIENTED_EDGE('',*,*,#1743,.T.);
#8493=ORIENTED_EDGE('',*,*,#1745,.F.);
#8494=CARTESIAN_POINT('',(93.6225,97.0,-0.3));
#8495=DIRECTION('',(0.613558103502678,1.93320772193067E-016,0.789649576474399));
#8496=DIRECTION('',(-3.15081442310742E-016,1.0,-9.64415839306095E-032));
#8497=SURFACE_STYLE_FILL_AREA(#9583);
#8498=ORIENTED_EDGE('',*,*,#1739,.T.);
#8499=ORIENTED_EDGE('',*,*,#1745,.T.);
#8500=ORIENTED_EDGE('',*,*,#1741,.T.);
#8501=ORIENTED_EDGE('',*,*,#1735,.T.);
#8502=ORIENTED_EDGE('',*,*,#1433,.T.);
#8503=ORIENTED_EDGE('',*,*,#1397,.T.);
#8504=ORIENTED_EDGE('',*,*,#1409,.T.);
#8505=ORIENTED_EDGE('',*,*,#1411,.T.);
#8506=ORIENTED_EDGE('',*,*,#1423,.T.);
#8507=ORIENTED_EDGE('',*,*,#1417,.T.);
#8508=ORIENTED_EDGE('',*,*,#1401,.T.);
#8509=ORIENTED_EDGE('',*,*,#1429,.T.);
#8510=ORIENTED_EDGE('',*,*,#1419,.T.);
#8511=ORIENTED_EDGE('',*,*,#1403,.T.);
#8512=ORIENTED_EDGE('',*,*,#1747,.F.);
#8513=ORIENTED_EDGE('',*,*,#1749,.F.);
#8514=ORIENTED_EDGE('',*,*,#1751,.F.);
#8515=ORIENTED_EDGE('',*,*,#1753,.F.);
#8516=CARTESIAN_POINT('',(112.0,97.0,-0.3));
#8517=DIRECTION('',(0.0,0.0,-1.0));
#8518=DIRECTION('',(-1.0,0.0,0.0));
#8519=SURFACE_STYLE_FILL_AREA(#9584);
#8520=ORIENTED_EDGE('',*,*,#1747,.T.);
#8521=ORIENTED_EDGE('',*,*,#1755,.F.);
#8522=ORIENTED_EDGE('',*,*,#1293,.F.);
#8523=ORIENTED_EDGE('',*,*,#1757,.T.);
#8524=CARTESIAN_POINT('',(140.0,-125.0,49.7));
#8525=DIRECTION('',(-1.0,0.0,0.0));
#8526=DIRECTION('',(0.0,0.0,1.0));
#8527=SURFACE_STYLE_FILL_AREA(#9585);
#8528=ORIENTED_EDGE('',*,*,#1753,.T.);
#8529=ORIENTED_EDGE('',*,*,#1759,.F.);
#8530=ORIENTED_EDGE('',*,*,#1295,.F.);
#8531=ORIENTED_EDGE('',*,*,#1755,.T.);
#8532=CARTESIAN_POINT('',(140.0,125.0,49.7));
#8533=DIRECTION('',(-9.91270557701033E-017,-1.0,0.0));
#8534=DIRECTION('',(1.0,-9.91270557701033E-017,0.0));
#8535=SURFACE_STYLE_FILL_AREA(#9586);
#8536=ORIENTED_EDGE('',*,*,#1751,.T.);
#8537=ORIENTED_EDGE('',*,*,#1761,.F.);
#8538=ORIENTED_EDGE('',*,*,#1297,.F.);
#8539=ORIENTED_EDGE('',*,*,#1759,.T.);
#8540=CARTESIAN_POINT('',(-140.0,125.0,49.7));
#8541=DIRECTION('',(1.0,0.0,0.0));
#8542=DIRECTION('',(0.0,0.0,-1.0));
#8543=SURFACE_STYLE_FILL_AREA(#9587);
#8544=ORIENTED_EDGE('',*,*,#1749,.T.);
#8545=ORIENTED_EDGE('',*,*,#1757,.F.);
#8546=ORIENTED_EDGE('',*,*,#1299,.F.);
#8547=ORIENTED_EDGE('',*,*,#1761,.T.);
#8548=CARTESIAN_POINT('',(-140.0,-125.0,49.7));
#8549=DIRECTION('',(0.0,1.0,0.0));
#8550=DIRECTION('',(0.0,0.0,1.0));
#8551=SURFACE_STYLE_FILL_AREA(#9588);
#8552=ORIENTED_EDGE('',*,*,#1763,.T.);
#8553=ORIENTED_EDGE('',*,*,#1557,.F.);
#8554=ORIENTED_EDGE('',*,*,#1579,.F.);
#8555=ORIENTED_EDGE('',*,*,#1639,.F.);
#8557=CARTESIAN_POINT('',(-13.014060762235,-69.9499999999998,6.00192918555936));
#8558=CARTESIAN_POINT('',(-9.78320213973792,-69.95,6.65725397441807));
#8559=CARTESIAN_POINT('',(-6.67607332625412,-69.95,7.7597158473013));
#8560=CARTESIAN_POINT('',(-3.754205236716,-69.9499999999998,9.28748259454258));
#8567=DIRECTION('',(0.0,-1.0,0.0));
#8568=SURFACE_STYLE_FILL_AREA(#9589);
#8569=ORIENTED_EDGE('',*,*,#1765,.T.);
#8570=ORIENTED_EDGE('',*,*,#1569,.F.);
#8571=ORIENTED_EDGE('',*,*,#1079,.F.);
#8572=ORIENTED_EDGE('',*,*,#1631,.F.);
#8574=CARTESIAN_POINT('',(66.9858413036531,-69.95,6.00192160692083));
#8575=CARTESIAN_POINT('',(68.9518240948001,-69.95,6.40070415500862));
#8576=CARTESIAN_POINT('',(70.5875518346034,-69.95,7.56236922357186));
#8577=CARTESIAN_POINT('',(71.6122034055217,-69.95,9.2874825945409));
#8584=DIRECTION('',(0.0,-1.0,0.0));
#8585=SURFACE_STYLE_FILL_AREA(#9590);
#8586=ORIENTED_EDGE('',*,*,#1471,.T.);
#8587=ORIENTED_EDGE('',*,*,#1565,.F.);
#8588=ORIENTED_EDGE('',*,*,#1767,.T.);
#8589=ORIENTED_EDGE('',*,*,#1633,.F.);
#8590=CARTESIAN_POINT('',(14.4046767259419,80.0,12.8623788196781));
#8591=DIRECTION('',(-0.0,1.0,0.0));
#8592=DIRECTION('',(0.0,0.0,-1.0));
#8593=SURFACE_STYLE_FILL_AREA(#9591);
#8594=ORIENTED_EDGE('',*,*,#1629,.T.);
#8595=ORIENTED_EDGE('',*,*,#1571,.F.);
#8596=ORIENTED_EDGE('',*,*,#1765,.F.);
#8597=CARTESIAN_POINT('',(74.6667873277948,1.38777878078145E-014,2.2));
#8598=DIRECTION('',(-0.0,1.0,0.0));
#8599=DIRECTION('',(0.0,0.0,-1.0));
#8600=SURFACE_STYLE_FILL_AREA(#9592);
#8601=ORIENTED_EDGE('',*,*,#1635,.T.);
#8602=ORIENTED_EDGE('',*,*,#1767,.F.);
#8603=ORIENTED_EDGE('',*,*,#1563,.F.);
#8604=CARTESIAN_POINT('',(5.33198815497909,80.0,2.2));
#8605=DIRECTION('',(-0.0,1.0,0.0));
#8606=DIRECTION('',(0.0,0.0,-1.0));
#8607=SURFACE_STYLE_FILL_AREA(#9593);
#8608=ORIENTED_EDGE('',*,*,#1637,.T.);
#8609=ORIENTED_EDGE('',*,*,#1559,.F.);
#8610=ORIENTED_EDGE('',*,*,#1763,.F.);
#8611=CARTESIAN_POINT('',(-2.30465835866173,1.38777878078145E-014,2.2));
#8612=DIRECTION('',(-0.0,1.0,0.0));
#8613=DIRECTION('',(0.0,0.0,-1.0));
#8614=SURFACE_STYLE_FILL_AREA(#9594);
#8615=ORIENTED_EDGE('',*,*,#1645,.T.);
#8616=ORIENTED_EDGE('',*,*,#1495,.F.);
#8617=ORIENTED_EDGE('',*,*,#1547,.F.);
#8618=CARTESIAN_POINT('',(-77.6975996384699,80.0,2.2));
#8619=DIRECTION('',(-0.0,1.0,0.0));
#8620=DIRECTION('',(0.0,0.0,-1.0));
#8621=SURFACE_STYLE_FILL_AREA(#9595);
#8622=ORIENTED_EDGE('',*,*,#1575,.T.);
#8623=ORIENTED_EDGE('',*,*,#1551,.F.);
#8624=ORIENTED_EDGE('',*,*,#1769,.F.);
#8625=ORIENTED_EDGE('',*,*,#1641,.F.);
#8626=CARTESIAN_POINT('',(-63.9861823401507,80.0,5.6747880750101));
#8627=DIRECTION('',(-0.0933982279887081,0.0,-0.995628831949221));
#8628=DIRECTION('',(-0.99562883194922,0.0,0.0933982279887081));
#8629=SURFACE_STYLE_FILL_AREA(#9596);
#8630=ORIENTED_EDGE('',*,*,#1771,.F.);
#8631=ORIENTED_EDGE('',*,*,#1121,.F.);
#8632=ORIENTED_EDGE('',*,*,#1773,.T.);
#8633=ORIENTED_EDGE('',*,*,#1619,.F.);
#8634=CARTESIAN_POINT('',(-35.4255321703073,80.0,3.85380852990192));
#8635=DIRECTION('',(0.0933982279887052,0.0,-0.995628831949221));
#8636=DIRECTION('',(-0.995628831949221,0.0,-0.0933982279887052));
#8637=SURFACE_STYLE_FILL_AREA(#9597);
#8638=ORIENTED_EDGE('',*,*,#1501,.F.);
#8639=ORIENTED_EDGE('',*,*,#1101,.F.);
#8640=ORIENTED_EDGE('',*,*,#1775,.T.);
#8641=ORIENTED_EDGE('',*,*,#1623,.F.);
#8642=CARTESIAN_POINT('',(44.5744678296928,80.0,3.85380852990192));
#8643=DIRECTION('',(0.0933982279887052,0.0,-0.995628831949221));
#8644=DIRECTION('',(-0.995628831949221,0.0,-0.0933982279887052));
#8645=SURFACE_STYLE_FILL_AREA(#9598);
#8646=ORIENTED_EDGE('',*,*,#1511,.F.);
#8647=ORIENTED_EDGE('',*,*,#1123,.F.);
#8648=ORIENTED_EDGE('',*,*,#1771,.T.);
#8649=ORIENTED_EDGE('',*,*,#1617,.F.);
#8650=CARTESIAN_POINT('',(-40.0,80.0,67.4405651249));
#8651=DIRECTION('',(-0.0,1.0,0.0));
#8652=DIRECTION('',(0.0,0.0,-1.0));
#8653=SURFACE_STYLE_FILL_AREA(#9599);
#8654=ORIENTED_EDGE('',*,*,#1773,.F.);
#8655=ORIENTED_EDGE('',*,*,#1119,.F.);
#8656=ORIENTED_EDGE('',*,*,#1135,.T.);
#8657=ORIENTED_EDGE('',*,*,#1621,.F.);
#8659=CARTESIAN_POINT('',(-16.0138176598493,70.8543226151177,5.67478807501001));
#8660=CARTESIAN_POINT('',(-15.0122099881254,70.8543226151178,5.76874716767286));
#8661=CARTESIAN_POINT('',(-14.0122151263769,70.8543226151178,5.87780248141384));
#8662=CARTESIAN_POINT('',(-13.0140607622349,70.8543226151177,6.00192918555935));
#8669=DIRECTION('',(0.0,-1.0,0.0));
#8670=SURFACE_STYLE_FILL_AREA(#9600);
#8671=ORIENTED_EDGE('',*,*,#1769,.T.);
#8672=ORIENTED_EDGE('',*,*,#1549,.F.);
#8673=ORIENTED_EDGE('',*,*,#1491,.F.);
#8674=ORIENTED_EDGE('',*,*,#1643,.F.);
#8675=CARTESIAN_POINT('',(-54.6463595412801,80.0,105.237671269932));
#8676=DIRECTION('',(-0.0,1.0,0.0));
#8677=DIRECTION('',(0.0,0.0,-1.0));
#8678=SURFACE_STYLE_FILL_AREA(#9601);
#8679=ORIENTED_EDGE('',*,*,#1775,.F.);
#8680=ORIENTED_EDGE('',*,*,#1099,.F.);
#8681=ORIENTED_EDGE('',*,*,#1587,.T.);
#8682=ORIENTED_EDGE('',*,*,#1625,.F.);
#8684=CARTESIAN_POINT('',(63.9861823401506,70.8543226151176,5.67478807501002));
#8685=CARTESIAN_POINT('',(64.9877900118747,70.8543226151177,5.76874716767286));
#8686=CARTESIAN_POINT('',(65.9877522264413,70.8543226151177,5.87779995500926));
#8687=CARTESIAN_POINT('',(66.985841303653,70.8543226151176,6.00192160692083));
#8694=DIRECTION('',(0.0,-1.0,0.0));
#8695=SURFACE_STYLE_FILL_AREA(#9602);
#8696=ORIENTED_EDGE('',*,*,#1727,.T.);
#8697=ORIENTED_EDGE('',*,*,#1389,.T.);
#8698=CARTESIAN_POINT('',(-3.06161699786838E-016,105.0,-5.0));
#8699=DIRECTION('',(0.0,0.0,-1.0));
#8700=DIRECTION('',(1.0,0.0,0.0));
#8701=SURFACE_STYLE_FILL_AREA(#9603);
#8702=ORIENTED_EDGE('',*,*,#1729,.T.);
#8703=ORIENTED_EDGE('',*,*,#1385,.T.);
#8704=CARTESIAN_POINT('',(-3.06161699786838E-016,-105.0,-5.0));
#8705=DIRECTION('',(0.0,0.0,-1.0));
#8706=DIRECTION('',(1.0,0.0,0.0));
#8707=SURFACE_STYLE_FILL_AREA(#9604);
#8708=ORIENTED_EDGE('',*,*,#1257,.T.);
#8709=ORIENTED_EDGE('',*,*,#1311,.T.);
#8710=ORIENTED_EDGE('',*,*,#1315,.T.);
#8711=ORIENTED_EDGE('',*,*,#1669,.T.);
#8712=ORIENTED_EDGE('',*,*,#1143,.T.);
#8713=ORIENTED_EDGE('',*,*,#1151,.T.);
#8714=CARTESIAN_POINT('',(0.0,1.4210854715202E-014,49.7));
#8715=DIRECTION('',(-0.0,-0.0,1.0));
#8716=DIRECTION('',(1.0,0.0,0.0));
#8717=SURFACE_STYLE_FILL_AREA(#9605);
#8718=ORIENTED_EDGE('',*,*,#1339,.T.);
#8719=ORIENTED_EDGE('',*,*,#1725,.T.);
#8720=ORIENTED_EDGE('',*,*,#1281,.T.);
#8721=ORIENTED_EDGE('',*,*,#1347,.T.);
#8722=ORIENTED_EDGE('',*,*,#1351,.T.);
#8723=ORIENTED_EDGE('',*,*,#1665,.T.);
#8724=CARTESIAN_POINT('',(0.0,1.4210854715202E-014,49.7));
#8725=DIRECTION('',(-0.0,-0.0,1.0));
#8726=DIRECTION('',(1.0,0.0,0.0));
#8727=CARTESIAN_POINT('',(-15.8441826068943,-34.6937498181267,48.2));
#8728=DIRECTION('',(-0.905224177425921,0.424934334460708,0.0));
#8729=DIRECTION('',(-0.424934334460708,-0.905224177425921,0.0));
#8730=CARTESIAN_POINT('',(-15.7167023065561,-34.4221825648989,48.2));
#8731=DIRECTION('',(0.136651279458128,-0.064147447602278,0.988540101760454));
#8732=DIRECTION('',(0.894850400468637,-0.420064630229313,-0.150958494995911));
#8733=CARTESIAN_POINT('',(-15.4409456907119,-34.5516294543535,48.2));
#8734=DIRECTION('',(-0.424934334460712,-0.905224177425919,0.0));
#8735=DIRECTION('',(0.905224177425919,-0.424934334460712,0.0));
#8736=CARTESIAN_POINT('',(-15.7167023065561,-34.4221825648989,46.2));
#8737=DIRECTION('',(0.0,0.0,-1.0));
#8738=DIRECTION('',(0.90522417742592,-0.424934334460711,0.0));
#8739=CARTESIAN_POINT('',(-16.7166895391353,-33.9527641382351,48.2));
#8740=DIRECTION('',(0.424934334460708,0.905224177425921,0.0));
#8741=DIRECTION('',(-0.905224177425921,0.424934334460708,0.0));
#8742=CARTESIAN_POINT('',(-16.4409329232911,-34.0822110276898,48.2));
#8743=DIRECTION('',(-0.136651279458131,0.0641474476022791,0.988540101760454));
#8744=DIRECTION('',(-0.894850400468639,0.420064630229308,-0.150958494995914));
#8745=CARTESIAN_POINT('',(-16.5684132236294,-34.3537782809175,48.2));
#8746=DIRECTION('',(-0.90522417742592,0.42493433446071,0.0));
#8747=DIRECTION('',(-0.42493433446071,-0.90522417742592,0.0));
#8748=CARTESIAN_POINT('',(-16.4409329232911,-34.0822110276898,46.2));
#8749=DIRECTION('',(0.0,0.0,-1.0));
#8750=DIRECTION('',(-0.90522417742592,0.424934334460711,0.0));
#8751=CARTESIAN_POINT('',(15.8441826068943,34.6937498181267,48.2));
#8752=DIRECTION('',(0.905224177425921,-0.424934334460708,0.0));
#8753=DIRECTION('',(0.424934334460708,0.905224177425921,0.0));
#8754=CARTESIAN_POINT('',(15.7167023065561,34.4221825648989,48.2));
#8755=DIRECTION('',(-0.136651279458128,0.064147447602278,0.988540101760454));
#8756=DIRECTION('',(-0.894850400468637,0.420064630229313,-0.150958494995911));
#8757=CARTESIAN_POINT('',(15.4409456907119,34.5516294543535,48.2));
#8758=DIRECTION('',(0.424934334460712,0.905224177425919,0.0));
#8759=DIRECTION('',(-0.905224177425919,0.424934334460712,0.0));
#8760=CARTESIAN_POINT('',(15.7167023065561,34.4221825648989,46.2));
#8761=DIRECTION('',(0.0,0.0,-1.0));
#8762=DIRECTION('',(-0.90522417742592,0.424934334460711,0.0));
#8763=DIRECTION('',(-0.157190528790057,0.0737890728072123,0.984807753012208));
#8764=DIRECTION('',(0.157190528790057,-0.0737890728072123,-0.984807753012208));
#8765=CARTESIAN_POINT('',(15.4772791374514,34.5345736471911,49.7));
#8766=DIRECTION('',(0.0,0.0,-1.0));
#8767=DIRECTION('',(-0.90522417742592,0.424934334460711,0.0));
#8768=DIRECTION('',(0.157190528790057,-0.0737890728072123,0.984807753012208));
#8769=CARTESIAN_POINT('',(16.4409329232911,34.0822110276898,48.2));
#8770=DIRECTION('',(0.136651279458131,-0.0641474476022791,0.988540101760454));
#8771=DIRECTION('',(0.894850400468639,-0.420064630229308,-0.150958494995914));
#8772=DIRECTION('',(0.157190528790057,-0.0737890728072123,0.984807753012208));
#8773=CARTESIAN_POINT('',(16.6803560923959,33.9698199453975,49.7));
#8774=DIRECTION('',(0.0,0.0,-1.0));
#8775=DIRECTION('',(0.90522417742592,-0.424934334460711,0.0));
#8776=CARTESIAN_POINT('',(16.7166895391353,33.9527641382351,48.2));
#8777=DIRECTION('',(-0.424934334460708,-0.905224177425921,0.0));
#8778=DIRECTION('',(0.905224177425921,-0.424934334460708,0.0));
#8779=CARTESIAN_POINT('',(16.5684132236294,34.3537782809175,48.2));
#8780=DIRECTION('',(0.90522417742592,-0.42493433446071,0.0));
#8781=DIRECTION('',(0.42493433446071,0.90522417742592,0.0));
#8782=CARTESIAN_POINT('',(16.4409329232911,34.0822110276898,46.2));
#8783=DIRECTION('',(0.0,0.0,-1.0));
#8784=DIRECTION('',(0.90522417742592,-0.424934334460711,0.0));
#8785=CARTESIAN_POINT('',(-15.8441826068943,34.6937498181267,48.2));
#8786=DIRECTION('',(0.905224177425921,0.424934334460708,0.0));
#8787=DIRECTION('',(-0.424934334460708,0.905224177425921,0.0));
#8788=CARTESIAN_POINT('',(-15.7167023065561,34.4221825648989,46.2));
#8789=DIRECTION('',(0.0,-0.0,1.0));
#8790=DIRECTION('',(0.90522417742592,0.424934334460711,0.0));
#8791=CARTESIAN_POINT('',(-15.4409456907119,34.5516294543535,48.2));
#8792=DIRECTION('',(0.424934334460712,-0.905224177425919,0.0));
#8793=DIRECTION('',(0.905224177425919,0.424934334460712,0.0));
#8794=CARTESIAN_POINT('',(-15.7167023065561,34.4221825648989,48.2));
#8795=DIRECTION('',(-0.136651279458128,-0.064147447602278,-0.988540101760454));
#8796=DIRECTION('',(0.894850400468637,0.420064630229313,-0.150958494995911));
#8797=DIRECTION('',(0.157190528790057,0.0737890728072123,0.984807753012208));
#8798=CARTESIAN_POINT('',(-15.4772791374514,34.5345736471911,49.7));
#8799=DIRECTION('',(0.0,-0.0,1.0));
#8800=DIRECTION('',(0.90522417742592,0.424934334460711,0.0));
#8801=DIRECTION('',(-0.157190528790057,-0.0737890728072123,-0.984807753012208));
#8802=DIRECTION('',(-0.157190528790057,-0.0737890728072123,0.984807753012208));
#8803=CARTESIAN_POINT('',(-16.6803560923959,33.9698199453975,49.7));
#8804=DIRECTION('',(0.0,0.0,1.0));
#8805=DIRECTION('',(-0.90522417742592,-0.424934334460711,0.0));
#8806=DIRECTION('',(-0.157190528790057,-0.0737890728072123,0.984807753012208));
#8807=CARTESIAN_POINT('',(-16.4409329232911,34.0822110276898,48.2));
#8808=DIRECTION('',(0.136651279458131,0.0641474476022791,-0.988540101760454));
#8809=DIRECTION('',(-0.894850400468639,-0.420064630229308,-0.150958494995914));
#8810=CARTESIAN_POINT('',(-16.7166895391353,33.9527641382351,48.2));
#8811=DIRECTION('',(-0.424934334460708,0.905224177425921,0.0));
#8812=DIRECTION('',(-0.905224177425921,-0.424934334460708,0.0));
#8813=CARTESIAN_POINT('',(-16.4409329232911,34.0822110276898,46.2));
#8814=DIRECTION('',(0.0,0.0,1.0));
#8815=DIRECTION('',(-0.90522417742592,-0.424934334460711,0.0));
#8816=CARTESIAN_POINT('',(-16.5684132236294,34.3537782809175,48.2));
#8817=DIRECTION('',(0.90522417742592,0.42493433446071,0.0));
#8818=DIRECTION('',(-0.42493433446071,0.90522417742592,0.0));
#8819=CARTESIAN_POINT('',(15.8441826068943,-34.6937498181267,48.2));
#8820=DIRECTION('',(-0.905224177425921,-0.424934334460708,0.0));
#8821=DIRECTION('',(0.424934334460708,-0.905224177425921,0.0));
#8822=CARTESIAN_POINT('',(15.7167023065561,-34.4221825648989,46.2));
#8823=DIRECTION('',(0.0,0.0,1.0));
#8824=DIRECTION('',(-0.90522417742592,-0.424934334460711,0.0));
#8825=CARTESIAN_POINT('',(15.4409456907119,-34.5516294543535,48.2));
#8826=DIRECTION('',(-0.424934334460712,0.905224177425919,0.0));
#8827=DIRECTION('',(-0.905224177425919,-0.424934334460712,0.0));
#8828=CARTESIAN_POINT('',(15.7167023065561,-34.4221825648989,48.2));
#8829=DIRECTION('',(0.136651279458128,0.064147447602278,-0.988540101760454));
#8830=DIRECTION('',(-0.894850400468637,-0.420064630229313,-0.150958494995911));
#8831=DIRECTION('',(-0.157190528790057,-0.0737890728072123,0.984807753012208));
#8832=CARTESIAN_POINT('',(15.4772791374514,-34.5345736471911,49.7));
#8833=DIRECTION('',(0.0,0.0,1.0));
#8834=DIRECTION('',(-0.90522417742592,-0.424934334460711,0.0));
#8835=DIRECTION('',(0.157190528790057,0.0737890728072123,-0.984807753012208));
#8836=DIRECTION('',(0.157190528790057,0.0737890728072123,0.984807753012208));
#8837=CARTESIAN_POINT('',(16.6803560923959,-33.9698199453975,49.7));
#8838=DIRECTION('',(0.0,-0.0,1.0));
#8839=DIRECTION('',(0.90522417742592,0.424934334460711,0.0));
#8840=DIRECTION('',(0.157190528790057,0.0737890728072123,0.984807753012208));
#8841=CARTESIAN_POINT('',(16.4409329232911,-34.0822110276898,48.2));
#8842=DIRECTION('',(-0.136651279458131,-0.0641474476022791,-0.988540101760454));
#8843=DIRECTION('',(0.894850400468639,0.420064630229308,-0.150958494995914));
#8844=CARTESIAN_POINT('',(16.7166895391353,-33.9527641382351,48.2));
#8845=DIRECTION('',(0.424934334460708,-0.905224177425921,0.0));
#8846=DIRECTION('',(0.905224177425921,0.424934334460708,0.0));
#8847=CARTESIAN_POINT('',(16.4409329232911,-34.0822110276898,46.2));
#8848=DIRECTION('',(0.0,-0.0,1.0));
#8849=DIRECTION('',(0.90522417742592,0.424934334460711,0.0));
#8850=CARTESIAN_POINT('',(16.5684132236294,-34.3537782809175,48.2));
#8851=DIRECTION('',(-0.90522417742592,-0.42493433446071,0.0));
#8852=DIRECTION('',(0.42493433446071,-0.90522417742592,0.0));
#8853=DIRECTION('',(0.0,-1.0,0.0));
#8854=DIRECTION('',(0.0,-1.0,0.0));
#8855=DIRECTION('',(0.239878514449744,-0.239878514449736,0.940700056665658));
#8856=DIRECTION('',(1.0,0.0,0.0));
#8857=DIRECTION('',(-0.239878514449743,-0.239878514449743,0.940700056665656));
#8858=DIRECTION('',(1.0,0.0,0.0));
#8859=CARTESIAN_POINT('',(74.6667873277948,71.735,2.2));
#8860=DIRECTION('',(0.0,-0.96899179314665,-0.247092907252395));
#8861=DIRECTION('',(0.0,-0.247092907252395,0.96899179314665));
#8862=DIRECTION('',(0.995346577762193,-0.0238097963032873,0.0933717502089696));
#8863=CARTESIAN_POINT('',(40.0,55.0986558931505,67.4405651249));
#8864=DIRECTION('',(0.0,-0.968991793146649,-0.247092907252395));
#8865=DIRECTION('',(0.0,-0.247092907252395,0.968991793146649));
#8866=DIRECTION('',(0.995346577762193,0.0238097963032879,-0.0933717502089725));
#8867=CARTESIAN_POINT('',(25.3536404587199,45.4603938261673,105.237671269932));
#8868=DIRECTION('',(0.0,-0.968991793146649,-0.247092907252395));
#8869=DIRECTION('',(0.0,-0.247092907252395,0.96899179314665));
#8870=CARTESIAN_POINT('',(14.4046767259419,69.0160934009821,12.8623788196781));
#8871=DIRECTION('',(0.0,-0.96899179314665,-0.247092907252395));
#8872=DIRECTION('',(0.0,-0.247092907252395,0.96899179314665));
#8873=CARTESIAN_POINT('',(5.33198815497909,71.735,2.2));
#8874=DIRECTION('',(0.0,-0.96899179314665,-0.247092907252395));
#8875=DIRECTION('',(0.0,-0.247092907252395,0.96899179314665));
#8876=DIRECTION('',(1.0,0.0,0.0));
#8877=CARTESIAN_POINT('',(-2.30465835866173,71.735,2.2));
#8878=DIRECTION('',(0.0,-0.96899179314665,-0.247092907252395));
#8879=DIRECTION('',(0.0,-0.247092907252395,0.96899179314665));
#8880=DIRECTION('',(0.995346577762193,-0.0238097963032873,0.0933717502089696));
#8881=CARTESIAN_POINT('',(-40.0,55.0986558931505,67.4405651249));
#8882=DIRECTION('',(0.0,-0.968991793146649,-0.247092907252395));
#8883=DIRECTION('',(0.0,-0.247092907252395,0.968991793146649));
#8884=DIRECTION('',(0.995346577762193,0.0238097963032879,-0.0933717502089725));
#8885=CARTESIAN_POINT('',(-54.6463595412801,45.4603938261673,105.237671269932));
#8886=DIRECTION('',(0.0,-0.968991793146649,-0.247092907252395));
#8887=DIRECTION('',(0.0,-0.247092907252395,0.96899179314665));
#8888=CARTESIAN_POINT('',(-60.0318870096875,62.0184539629272,40.3041021061681));
#8889=DIRECTION('',(0.0,-0.96899179314665,-0.247092907252395));
#8890=DIRECTION('',(0.0,-0.247092907252395,0.96899179314665));
#8891=CARTESIAN_POINT('',(-77.6975996384699,71.735,2.2));
#8892=DIRECTION('',(0.0,-0.96899179314665,-0.247092907252395));
#8893=DIRECTION('',(0.0,-0.247092907252395,0.96899179314665));
#8894=DIRECTION('',(1.0,0.0,0.0));
#8895=DIRECTION('',(0.0,-1.0,0.0));
#8896=DIRECTION('',(0.0,-1.0,0.0));
#8897=CARTESIAN_POINT('',(-10.6019899123145,9.33904889625457,47.3317591116653));
#8898=DIRECTION('',(0.204268878350767,-0.029125557736353,-0.978481439386494));
#8899=DIRECTION('',(-0.978896725599604,-1.07786216013162E-017,-0.204355573964533));
#8900=CARTESIAN_POINT('',(-10.1010010783714,9.49662815857416,45.8317591116654));
#8901=DIRECTION('',(0.41988244935931,0.21993805630965,-0.880525967877586));
#8902=DIRECTION('',(-0.902627858335565,4.06967156843797E-017,-0.430421827230625));
#8903=DIRECTION('',(-0.424934334460711,0.90522417742592,0.0));
#8904=DIRECTION('',(-0.424934334460711,0.90522417742592,0.0));
#8905=CARTESIAN_POINT('',(-5.94573516804424,11.0077405899802,43.2));
#8906=DIRECTION('',(0.879853419377192,0.475245158218644,-7.6315119100604E-016));
#8907=DIRECTION('',(-0.475245158218644,0.879853419377192,0.0));
#8908=CARTESIAN_POINT('',(-4.66999131962082,11.6066059060986,43.2));
#8909=DIRECTION('',(0.927720980556164,0.373274406082053,0.0));
#8910=DIRECTION('',(-0.373274406082053,0.927720980556164,0.0));
#8911=CARTESIAN_POINT('',(-0.85281986264571,13.8379502618474,45.8317591116654));
#8912=DIRECTION('',(0.437449895040608,0.182514682209952,0.880525967877587));
#8913=DIRECTION('',(0.895568721113073,2.36404002941904E-017,-0.444923213334498));
#8914=DIRECTION('',(0.424934334460711,0.90522417742592,0.0));
#8915=DIRECTION('',(0.424934334460711,0.90522417742592,0.0));
#8916=CARTESIAN_POINT('',(10.6019899123145,9.33904889625457,47.3317591116653));
#8917=DIRECTION('',(0.204268878350766,0.0291255577363529,0.978481439386495));
#8918=DIRECTION('',(0.978896725599604,9.4312939011516E-018,-0.204355573964533));
#8919=CARTESIAN_POINT('',(10.1010010783714,9.49662815857416,45.8317591116654));
#8920=DIRECTION('',(0.41988244935931,-0.21993805630965,0.880525967877586));
#8921=DIRECTION('',(0.902627858335565,8.13934313687592E-018,-0.430421827230625));
#8922=CARTESIAN_POINT('',(5.94573516804424,11.0077405899802,43.2));
#8923=DIRECTION('',(0.879853419377192,-0.475245158218644,0.0));
#8924=DIRECTION('',(0.475245158218644,0.879853419377192,0.0));
#8925=CARTESIAN_POINT('',(4.66999131962081,11.6066059060986,43.2));
#8926=DIRECTION('',(0.927720980556163,-0.373274406082055,0.0));
#8927=DIRECTION('',(0.373274406082055,0.927720980556163,0.0));
#8928=CARTESIAN_POINT('',(0.0,1.4210854715202E-014,45.3));
#8929=DIRECTION('',(0.0,0.0,1.0));
#8930=DIRECTION('',(1.0,0.0,0.0));
#8931=CARTESIAN_POINT('',(0.0,1.4210854715202E-014,46.2));
#8932=DIRECTION('',(0.0,0.0,1.0));
#8933=DIRECTION('',(1.0,0.0,0.0));
#8934=CARTESIAN_POINT('',(0.852819862645719,13.8379502618474,45.8317591116654));
#8935=DIRECTION('',(0.437449895040608,-0.182514682209957,-0.880525967877586));
#8936=DIRECTION('',(-0.895568721113073,1.01316001260819E-017,-0.444923213334499));
#8937=CARTESIAN_POINT('',(0.41152818245967,14.1227004833528,47.3317591116653));
#8938=DIRECTION('',(0.108092624486656,-0.175755675037025,-0.978481439386495));
#8939=DIRECTION('',(-2.00011534162078E-017,0.984248320261295,-0.176791527123953));
#8940=CARTESIAN_POINT('',(-0.411528182459672,14.1227004833528,47.3317591116653));
#8941=DIRECTION('',(0.108092624486657,0.175755675037028,0.978481439386494));
#8942=DIRECTION('',(-2.0001153416208E-017,-0.984248320261294,0.176791527123956));
#8943=CARTESIAN_POINT('',(-112.0,97.0,49.7));
#8944=DIRECTION('',(0.0,0.0,-1.0));
#8945=DIRECTION('',(-1.0,0.0,0.0));
#8946=CARTESIAN_POINT('',(-62.0,100.0,49.7));
#8947=DIRECTION('',(0.0,0.0,-1.0));
#8948=DIRECTION('',(-1.0,0.0,0.0));
#8949=CARTESIAN_POINT('',(-3.06161699786838E-016,105.0,49.7));
#8950=DIRECTION('',(0.0,0.0,-1.0));
#8951=DIRECTION('',(-1.0,0.0,0.0));
#8952=CARTESIAN_POINT('',(62.0,100.0,49.7));
#8953=DIRECTION('',(0.0,0.0,-1.0));
#8954=DIRECTION('',(-1.0,0.0,0.0));
#8955=CARTESIAN_POINT('',(112.0,97.0,49.7));
#8956=DIRECTION('',(0.0,0.0,-1.0));
#8957=DIRECTION('',(-1.0,0.0,0.0));
#8958=CARTESIAN_POINT('',(112.0,-97.0,49.7));
#8959=DIRECTION('',(0.0,0.0,-1.0));
#8960=DIRECTION('',(-1.0,0.0,0.0));
#8961=CARTESIAN_POINT('',(62.0,-100.0,49.7));
#8962=DIRECTION('',(0.0,0.0,-1.0));
#8963=DIRECTION('',(-1.0,0.0,0.0));
#8964=CARTESIAN_POINT('',(-3.06161699786838E-016,-105.0,49.7));
#8965=DIRECTION('',(0.0,0.0,-1.0));
#8966=DIRECTION('',(-1.0,0.0,0.0));
#8967=CARTESIAN_POINT('',(-62.0,-100.0,49.7));
#8968=DIRECTION('',(0.0,0.0,-1.0));
#8969=DIRECTION('',(-1.0,0.0,0.0));
#8970=CARTESIAN_POINT('',(-112.0,-97.0,49.7));
#8971=DIRECTION('',(0.0,0.0,-1.0));
#8972=DIRECTION('',(-1.0,0.0,0.0));
#8973=DIRECTION('',(0.424934334460711,0.90522417742592,0.0));
#8974=CARTESIAN_POINT('',(0.0,1.4210854715202E-014,49.7));
#8975=DIRECTION('',(0.0,0.0,1.0));
#8976=DIRECTION('',(1.0,0.0,0.0));
#8977=DIRECTION('',(-0.90522417742592,-0.424934334460711,0.0));
#8978=DIRECTION('',(-0.424934334460711,0.90522417742592,0.0));
#8979=CARTESIAN_POINT('',(0.0,1.4210854715202E-014,49.7));
#8980=DIRECTION('',(0.0,0.0,1.0));
#8981=DIRECTION('',(1.0,0.0,0.0));
#8982=DIRECTION('',(0.424934334460711,0.90522417742592,0.0));
#8983=DIRECTION('',(0.90522417742592,-0.424934334460711,0.0));
#8984=CARTESIAN_POINT('',(0.0,1.4210854715202E-014,49.7));
#8985=DIRECTION('',(0.0,0.0,1.0));
#8986=DIRECTION('',(1.0,0.0,0.0));
#8987=DIRECTION('',(0.424934334460711,-0.90522417742592,0.0));
#8988=DIRECTION('',(0.90522417742592,0.424934334460711,0.0));
#8989=DIRECTION('',(0.424934334460711,-0.90522417742592,0.0));
#8990=CARTESIAN_POINT('',(0.0,1.4210854715202E-014,49.7));
#8991=DIRECTION('',(0.0,0.0,1.0));
#8992=DIRECTION('',(1.0,0.0,0.0));
#8993=DIRECTION('',(0.424934334460711,0.90522417742592,0.0));
#8994=CARTESIAN_POINT('',(-15.4772791374514,-34.5345736471911,49.7));
#8995=DIRECTION('',(0.0,0.0,-1.0));
#8996=DIRECTION('',(0.90522417742592,-0.424934334460711,0.0));
#8997=DIRECTION('',(-0.90522417742592,0.424934334460711,0.0));
#8998=CARTESIAN_POINT('',(-16.6803560923959,-33.9698199453975,49.7));
#8999=DIRECTION('',(0.0,0.0,-1.0));
#9000=DIRECTION('',(-0.90522417742592,0.424934334460711,0.0));
#9001=DIRECTION('',(0.0,1.0,0.0));
#9002=DIRECTION('',(-1.0,9.91270557701033E-017,0.0));
#9003=DIRECTION('',(0.0,-1.0,0.0));
#9004=DIRECTION('',(1.0,0.0,0.0));
#9005=CARTESIAN_POINT('',(0.0,1.4210854715202E-014,46.3527036446662));
#9006=DIRECTION('',(0.0,0.0,-1.0));
#9007=DIRECTION('',(-1.0,0.0,0.0));
#9008=CARTESIAN_POINT('',(-10.6019899123145,-9.33904889625454,47.3317591116653));
#9009=DIRECTION('',(-0.204268878350767,-0.0291255577363529,0.978481439386494));
#9010=DIRECTION('',(0.978896725599604,3.77251756046064E-018,0.204355573964533));
#9011=CARTESIAN_POINT('',(-10.1010010783715,-9.49662815857412,45.8317591116654));
#9012=DIRECTION('',(-0.419882449359304,0.219938056309654,0.880525967877588));
#9013=DIRECTION('',(0.902627858335568,-1.22090147053141E-017,0.430421827230619));
#9014=CARTESIAN_POINT('',(-5.94573516804424,-11.0077405899802,43.2));
#9015=DIRECTION('',(-0.879853419377191,0.475245158218645,0.0));
#9016=DIRECTION('',(-0.475245158218645,-0.879853419377191,0.0));
#9017=CARTESIAN_POINT('',(-4.66999131962082,-11.6066059060986,43.2));
#9018=DIRECTION('',(-0.927720980556163,0.373274406082055,-1.609339364127E-015));
#9019=DIRECTION('',(-0.373274406082055,-0.927720980556163,1.7867256164894E-031));
#9020=CARTESIAN_POINT('',(0.0,1.4210854715202E-014,45.3));
#9021=DIRECTION('',(0.0,0.0,1.0));
#9022=DIRECTION('',(1.0,0.0,0.0));
#9023=CARTESIAN_POINT('',(0.0,1.4210854715202E-014,46.2));
#9024=DIRECTION('',(0.0,0.0,1.0));
#9025=DIRECTION('',(1.0,0.0,0.0));
#9026=CARTESIAN_POINT('',(-0.852819862645729,-13.8379502618474,45.8317591116654));
#9027=DIRECTION('',(-0.437449895040608,0.182514682209957,-0.880525967877586));
#9028=DIRECTION('',(-0.895568721113073,1.01316001260819E-017,0.444923213334499));
#9029=CARTESIAN_POINT('',(-0.411528182459678,-14.1227004833528,47.3317591116653));
#9030=DIRECTION('',(-0.108092624486656,0.175755675037025,-0.978481439386495));
#9031=DIRECTION('',(-2.00011534162078E-017,0.984248320261295,0.176791527123953));
#9032=CARTESIAN_POINT('',(0.411528182459659,-14.1227004833528,47.3317591116653));
#9033=DIRECTION('',(-0.108092624486658,-0.175755675037028,0.978481439386494));
#9034=DIRECTION('',(-2.0001153416208E-017,-0.984248320261294,-0.176791527123956));
#9035=CARTESIAN_POINT('',(0.852819862645705,-13.8379502618473,45.8317591116654));
#9036=DIRECTION('',(-0.437449895040608,-0.182514682209957,0.880525967877586));
#9037=DIRECTION('',(0.895568721113072,1.04693201302846E-016,0.444923213334499));
#9038=CARTESIAN_POINT('',(4.6699913196208,-11.6066059060986,43.2));
#9039=DIRECTION('',(-0.927720980556164,-0.373274406082053,0.0));
#9040=DIRECTION('',(0.373274406082053,-0.927720980556164,0.0));
#9041=CARTESIAN_POINT('',(5.94573516804423,-11.0077405899802,43.2));
#9042=DIRECTION('',(-0.879853419377192,-0.475245158218643,-7.6315119100604E-016));
#9043=DIRECTION('',(0.475245158218643,-0.879853419377192,-5.64845349016678E-032));
#9044=CARTESIAN_POINT('',(0.0,1.4210854715202E-014,45.3));
#9045=DIRECTION('',(0.0,0.0,1.0));
#9046=DIRECTION('',(1.0,0.0,0.0));
#9047=CARTESIAN_POINT('',(0.0,1.4210854715202E-014,46.2));
#9048=DIRECTION('',(0.0,0.0,1.0));
#9049=DIRECTION('',(1.0,0.0,0.0));
#9050=CARTESIAN_POINT('',(10.1010010783714,-9.49662815857415,45.8317591116654));
#9051=DIRECTION('',(-0.41988244935931,-0.21993805630965,-0.880525967877586));
#9052=DIRECTION('',(-0.902627858335565,-3.25573725475037E-017,0.430421827230626));
#9053=CARTESIAN_POINT('',(10.6019899123145,-9.33904889625456,47.3317591116653));
#9054=DIRECTION('',(-0.204268878350766,0.0291255577363531,-0.978481439386495));
#9055=DIRECTION('',(-0.978896725599604,9.43129390115166E-018,0.204355573964533));
#9056=DIRECTION('',(0.424934334460711,-0.90522417742592,0.0));
#9057=CARTESIAN_POINT('',(0.0,1.4210854715202E-014,44.7));
#9058=DIRECTION('',(0.0,0.0,1.0));
#9059=DIRECTION('',(1.0,0.0,0.0));
#9060=CARTESIAN_POINT('',(-3.06161699786838E-016,-105.0,30.0));
#9061=DIRECTION('',(0.0,0.0,-1.0));
#9062=DIRECTION('',(-1.0,0.0,0.0));
#9063=CARTESIAN_POINT('',(-3.06161699786838E-016,-105.0,30.5));
#9064=DIRECTION('',(0.0,0.0,-1.0));
#9065=DIRECTION('',(-1.0,0.0,0.0));
#9066=CARTESIAN_POINT('',(-3.06161699786838E-016,105.0,30.0));
#9067=DIRECTION('',(0.0,0.0,-1.0));
#9068=DIRECTION('',(-1.0,0.0,0.0));
#9069=CARTESIAN_POINT('',(-3.06161699786838E-016,105.0,30.5));
#9070=DIRECTION('',(0.0,0.0,-1.0));
#9071=DIRECTION('',(-1.0,0.0,0.0));
#9072=CARTESIAN_POINT('',(-3.06161699786838E-016,-105.0,30.0));
#9073=DIRECTION('',(0.0,0.0,-1.0));
#9074=DIRECTION('',(1.0,1.22464679914735E-016,0.0));
#9075=CARTESIAN_POINT('',(-3.06161699786838E-016,105.0,30.0));
#9076=DIRECTION('',(0.0,0.0,-1.0));
#9077=DIRECTION('',(1.0,1.22464679914735E-016,0.0));
#9078=CARTESIAN_POINT('',(-62.0,100.0,0.7));
#9079=DIRECTION('',(0.0,0.0,-1.0));
#9080=DIRECTION('',(-1.0,0.0,0.0));
#9081=CARTESIAN_POINT('',(-62.0,100.0,-0.3));
#9082=DIRECTION('',(0.0,0.0,-1.0));
#9083=DIRECTION('',(-1.0,0.0,0.0));
#9084=CARTESIAN_POINT('',(62.0,-100.0,0.7));
#9085=DIRECTION('',(0.0,0.0,-1.0));
#9086=DIRECTION('',(-1.0,0.0,0.0));
#9087=CARTESIAN_POINT('',(62.0,-100.0,-0.3));
#9088=DIRECTION('',(0.0,0.0,-1.0));
#9089=DIRECTION('',(-1.0,0.0,0.0));
#9090=CARTESIAN_POINT('',(-112.0,-97.0,-0.3));
#9091=DIRECTION('',(0.0,0.0,-1.0));
#9092=DIRECTION('',(-1.0,0.0,0.0));
#9093=CARTESIAN_POINT('',(-112.0,-97.0,0.7));
#9094=DIRECTION('',(0.0,0.0,-1.0));
#9095=DIRECTION('',(-1.0,0.0,0.0));
#9096=CARTESIAN_POINT('',(-3.06161699786838E-016,105.0,0.7));
#9097=DIRECTION('',(0.0,0.0,-1.0));
#9098=DIRECTION('',(-1.0,0.0,0.0));
#9099=CARTESIAN_POINT('',(-3.06161699786838E-016,105.0,-0.3));
#9100=DIRECTION('',(0.0,0.0,-1.0));
#9101=DIRECTION('',(-1.0,0.0,0.0));
#9102=CARTESIAN_POINT('',(62.0,100.0,-0.3));
#9103=DIRECTION('',(0.0,0.0,-1.0));
#9104=DIRECTION('',(-1.0,0.0,0.0));
#9105=CARTESIAN_POINT('',(62.0,100.0,0.7));
#9106=DIRECTION('',(0.0,0.0,-1.0));
#9107=DIRECTION('',(-1.0,0.0,0.0));
#9108=CARTESIAN_POINT('',(112.0,-97.0,0.7));
#9109=DIRECTION('',(0.0,0.0,-1.0));
#9110=DIRECTION('',(-1.0,0.0,0.0));
#9111=CARTESIAN_POINT('',(112.0,-97.0,-0.3));
#9112=DIRECTION('',(0.0,0.0,-1.0));
#9113=DIRECTION('',(-1.0,0.0,0.0));
#9114=CARTESIAN_POINT('',(-62.0,-100.0,-0.3));
#9115=DIRECTION('',(0.0,0.0,-1.0));
#9116=DIRECTION('',(-1.0,0.0,0.0));
#9117=CARTESIAN_POINT('',(-62.0,-100.0,0.7));
#9118=DIRECTION('',(0.0,0.0,-1.0));
#9119=DIRECTION('',(-1.0,0.0,0.0));
#9120=CARTESIAN_POINT('',(112.0,97.0,-0.3));
#9121=DIRECTION('',(0.0,0.0,-1.0));
#9122=DIRECTION('',(-1.0,0.0,0.0));
#9123=CARTESIAN_POINT('',(112.0,97.0,0.7));
#9124=DIRECTION('',(0.0,0.0,-1.0));
#9125=DIRECTION('',(-1.0,0.0,0.0));
#9126=CARTESIAN_POINT('',(-3.06161699786838E-016,-105.0,0.7));
#9127=DIRECTION('',(0.0,0.0,-1.0));
#9128=DIRECTION('',(-1.0,0.0,0.0));
#9129=CARTESIAN_POINT('',(-3.06161699786838E-016,-105.0,-0.3));
#9130=DIRECTION('',(0.0,0.0,-1.0));
#9131=DIRECTION('',(-1.0,0.0,0.0));
#9132=CARTESIAN_POINT('',(-112.0,97.0,0.7));
#9133=DIRECTION('',(0.0,0.0,-1.0));
#9134=DIRECTION('',(-1.0,0.0,0.0));
#9135=CARTESIAN_POINT('',(-112.0,97.0,-0.3));
#9136=DIRECTION('',(0.0,0.0,-1.0));
#9137=DIRECTION('',(-1.0,0.0,0.0));
#9138=CARTESIAN_POINT('',(112.0,-97.0,41.2));
#9139=DIRECTION('',(0.0,0.0,1.0));
#9140=DIRECTION('',(1.0,0.0,0.0));
#9141=CARTESIAN_POINT('',(-62.0,-100.0,41.2));
#9142=DIRECTION('',(0.0,0.0,1.0));
#9143=DIRECTION('',(1.0,0.0,0.0));
#9144=CARTESIAN_POINT('',(62.0,100.0,41.2));
#9145=DIRECTION('',(0.0,0.0,-1.0));
#9146=DIRECTION('',(-1.0,0.0,0.0));
#9147=CARTESIAN_POINT('',(-112.0,97.0,41.2));
#9148=DIRECTION('',(0.0,0.0,1.0));
#9149=DIRECTION('',(1.0,0.0,0.0));
#9150=CARTESIAN_POINT('',(-62.0,100.0,41.2));
#9151=DIRECTION('',(0.0,0.0,1.0));
#9152=DIRECTION('',(1.0,0.0,0.0));
#9153=CARTESIAN_POINT('',(-112.0,-97.0,41.2));
#9154=DIRECTION('',(0.0,0.0,1.0));
#9155=DIRECTION('',(1.0,0.0,0.0));
#9156=CARTESIAN_POINT('',(112.0,97.0,41.2));
#9157=DIRECTION('',(0.0,0.0,-1.0));
#9158=DIRECTION('',(-1.0,0.0,0.0));
#9159=CARTESIAN_POINT('',(62.0,-100.0,41.2));
#9160=DIRECTION('',(0.0,0.0,1.0));
#9161=DIRECTION('',(1.0,0.0,0.0));
#9162=CARTESIAN_POINT('',(-62.0,-100.0,41.2));
#9163=DIRECTION('',(0.0,0.0,1.0));
#9164=DIRECTION('',(1.0,0.0,0.0));
#9165=CARTESIAN_POINT('',(62.0,-100.0,41.2));
#9166=DIRECTION('',(0.0,0.0,1.0));
#9167=DIRECTION('',(1.0,0.0,0.0));
#9168=CARTESIAN_POINT('',(62.0,100.0,41.2));
#9169=DIRECTION('',(0.0,0.0,-1.0));
#9170=DIRECTION('',(-1.0,0.0,0.0));
#9171=CARTESIAN_POINT('',(-62.0,100.0,41.2));
#9172=DIRECTION('',(0.0,0.0,1.0));
#9173=DIRECTION('',(1.0,0.0,0.0));
#9174=CARTESIAN_POINT('',(112.0,-97.0,41.2));
#9175=DIRECTION('',(0.0,0.0,1.0));
#9176=DIRECTION('',(1.0,0.0,0.0));
#9177=CARTESIAN_POINT('',(-112.0,-97.0,41.2));
#9178=DIRECTION('',(0.0,0.0,1.0));
#9179=DIRECTION('',(1.0,0.0,0.0));
#9180=CARTESIAN_POINT('',(-112.0,97.0,41.2));
#9181=DIRECTION('',(0.0,0.0,1.0));
#9182=DIRECTION('',(1.0,0.0,0.0));
#9183=CARTESIAN_POINT('',(112.0,97.0,41.2));
#9184=DIRECTION('',(0.0,0.0,-1.0));
#9185=DIRECTION('',(-1.0,0.0,0.0));
#9186=DIRECTION('',(0.0,-1.0,0.0));
#9187=CARTESIAN_POINT('',(25.3536404587199,-45.4603938261673,105.237671269932));
#9188=DIRECTION('',(0.0,0.968991793146649,-0.247092907252395));
#9189=DIRECTION('',(0.0,-0.247092907252395,-0.96899179314665));
#9190=DIRECTION('',(0.0,-1.0,0.0));
#9191=CARTESIAN_POINT('',(25.3536404587199,-69.95,105.237671269932));
#9192=DIRECTION('',(0.0,1.0,0.0));
#9193=DIRECTION('',(0.0,0.0,1.0));
#9194=DIRECTION('',(0.0,-1.0,0.0));
#9195=DIRECTION('',(0.0,-1.0,0.0));
#9196=CARTESIAN_POINT('',(-54.6463595412801,69.95,105.237671269932));
#9197=DIRECTION('',(-7.69278703315657E-017,-1.0,0.0));
#9198=DIRECTION('',(1.0,-7.69278703315657E-017,0.0));
#9199=DIRECTION('',(0.0,-1.0,0.0));
#9200=DIRECTION('',(-0.995346577762193,0.0238097963032879,0.0933717502089725));
#9201=DIRECTION('',(-0.99562883194922,0.0,0.093398227988708));
#9202=CARTESIAN_POINT('',(74.6667873277948,69.95,2.2));
#9203=DIRECTION('',(-7.69278703315657E-017,-1.0,0.0));
#9204=DIRECTION('',(1.0,-7.69278703315657E-017,0.0));
#9205=DIRECTION('',(0.0,-1.0,0.0));
#9206=DIRECTION('',(0.0,-1.0,0.0));
#9207=CARTESIAN_POINT('',(-60.0318870096875,-62.0184539629271,40.3041021061681));
#9208=DIRECTION('',(0.0,0.96899179314665,-0.247092907252395));
#9209=DIRECTION('',(0.0,-0.247092907252395,-0.96899179314665));
#9210=DIRECTION('',(0.0,-1.0,0.0));
#9211=CARTESIAN_POINT('',(-60.0318870096875,-69.95,40.3041021061681));
#9212=DIRECTION('',(0.0,1.0,0.0));
#9213=DIRECTION('',(0.0,0.0,1.0));
#9214=DIRECTION('',(0.0,-1.0,0.0));
#9215=DIRECTION('',(0.0,-1.0,0.0));
#9216=CARTESIAN_POINT('',(40.0,69.95,67.4405651249));
#9217=DIRECTION('',(-7.69278703315657E-017,-1.0,0.0));
#9218=DIRECTION('',(1.0,-7.69278703315657E-017,0.0));
#9219=DIRECTION('',(0.0,-1.0,0.0));
#9220=DIRECTION('',(0.0,-1.0,0.0));
#9221=CARTESIAN_POINT('',(25.3536404587199,69.95,105.237671269932));
#9222=DIRECTION('',(-7.69278703315657E-017,-1.0,0.0));
#9223=DIRECTION('',(1.0,-7.69278703315657E-017,0.0));
#9224=DIRECTION('',(0.0,-1.0,0.0));
#9225=DIRECTION('',(0.99562883194922,-7.65916056825579E-017,-0.093398227988708));
#9226=DIRECTION('',(0.0,-1.0,0.0));
#9227=DIRECTION('',(-0.995346577762193,-0.0238097963032873,-0.0933717502089696));
#9228=DIRECTION('',(0.0,-1.0,0.0));
#9229=DIRECTION('',(-0.995628831949221,0.0,-0.0933982279887052));
#9230=DIRECTION('',(0.99562883194922,-7.65916056825579E-017,-0.093398227988708));
#9231=DIRECTION('',(-0.995346577762193,-0.0238097963032873,-0.0933717502089696));
#9232=DIRECTION('',(0.0,-1.0,0.0));
#9233=DIRECTION('',(-0.995628831949221,0.0,-0.0933982279887052));
#9234=DIRECTION('',(0.239878514449747,0.239878514449743,0.940700056665655));
#9235=DIRECTION('',(3.15081442310742E-016,1.0,-2.53007166459751E-032));
#9236=DIRECTION('',(0.0,1.0,0.0));
#9237=DIRECTION('',(3.15081442310742E-016,-1.0,1.26503583229876E-032));
#9238=DIRECTION('',(-0.239878514449747,0.239878514449743,0.940700056665655));
#9239=DIRECTION('',(0.0,-1.0,0.0));
#9240=DIRECTION('',(-1.0,0.0,0.0));
#9241=DIRECTION('',(-1.0,0.0,0.0));
#9242=CARTESIAN_POINT('',(-77.6975996384699,-71.735,2.2));
#9243=DIRECTION('',(0.0,0.96899179314665,-0.247092907252395));
#9244=DIRECTION('',(0.0,-0.247092907252395,-0.96899179314665));
#9245=CARTESIAN_POINT('',(-54.6463595412801,-45.4603938261673,105.237671269932));
#9246=DIRECTION('',(0.0,0.968991793146649,-0.247092907252395));
#9247=DIRECTION('',(0.0,-0.247092907252395,-0.96899179314665));
#9248=DIRECTION('',(-0.995346577762193,0.0238097963032879,0.0933717502089725));
#9249=CARTESIAN_POINT('',(-40.0,-55.0986558931505,67.4405651249));
#9250=DIRECTION('',(0.0,0.968991793146649,-0.247092907252395));
#9251=DIRECTION('',(0.0,-0.247092907252395,-0.968991793146649));
#9252=CARTESIAN_POINT('',(-2.30465835866173,-71.735,2.2));
#9253=DIRECTION('',(0.0,0.96899179314665,-0.247092907252395));
#9254=DIRECTION('',(0.0,-0.247092907252395,-0.96899179314665));
#9255=DIRECTION('',(-1.0,0.0,0.0));
#9256=CARTESIAN_POINT('',(5.33198815497909,-71.735,2.2));
#9257=DIRECTION('',(0.0,0.96899179314665,-0.247092907252395));
#9258=DIRECTION('',(0.0,-0.247092907252395,-0.96899179314665));
#9259=CARTESIAN_POINT('',(14.4046767259419,-69.0160934009821,12.8623788196781));
#9260=DIRECTION('',(0.0,0.96899179314665,-0.247092907252395));
#9261=DIRECTION('',(0.0,-0.247092907252395,-0.96899179314665));
#9262=CARTESIAN_POINT('',(40.0,-55.0986558931505,67.4405651249));
#9263=DIRECTION('',(0.0,0.968991793146649,-0.247092907252395));
#9264=DIRECTION('',(0.0,-0.247092907252395,-0.968991793146649));
#9265=CARTESIAN_POINT('',(74.6667873277948,-71.735,2.2));
#9266=DIRECTION('',(0.0,0.96899179314665,-0.247092907252395));
#9267=DIRECTION('',(0.0,-0.247092907252395,-0.96899179314665));
#9268=DIRECTION('',(-1.0,0.0,0.0));
#9269=DIRECTION('',(0.0,-1.0,0.0));
#9270=CARTESIAN_POINT('',(-40.0,-69.95,67.4405651249));
#9271=DIRECTION('',(0.0,1.0,0.0));
#9272=DIRECTION('',(0.0,0.0,1.0));
#9273=DIRECTION('',(0.0,-1.0,0.0));
#9274=DIRECTION('',(0.0,-1.0,0.0));
#9275=CARTESIAN_POINT('',(-60.0318870096875,69.95,40.3041021061681));
#9276=DIRECTION('',(-7.69278703315657E-017,-1.0,0.0));
#9277=DIRECTION('',(1.0,-7.69278703315657E-017,0.0));
#9278=DIRECTION('',(0.0,-1.0,0.0));
#9279=CARTESIAN_POINT('',(40.0,-69.95,67.4405651249));
#9280=DIRECTION('',(0.0,1.0,0.0));
#9281=DIRECTION('',(0.0,0.0,1.0));
#9282=DIRECTION('',(0.0,-1.0,0.0));
#9283=CARTESIAN_POINT('',(14.4046767259419,69.95,12.8623788196781));
#9284=DIRECTION('',(-7.69278703315657E-017,-1.0,0.0));
#9285=DIRECTION('',(1.0,-7.69278703315657E-017,0.0));
#9286=CARTESIAN_POINT('',(5.33198815497909,69.95,2.2));
#9287=DIRECTION('',(-7.69278703315657E-017,-1.0,0.0));
#9288=DIRECTION('',(1.0,-7.69278703315657E-017,0.0));
#9289=CARTESIAN_POINT('',(-2.30465835866173,69.95,2.2));
#9290=DIRECTION('',(-7.69278703315657E-017,-1.0,0.0));
#9291=DIRECTION('',(1.0,-7.69278703315657E-017,0.0));
#9292=CARTESIAN_POINT('',(-77.6975996384699,69.95,2.2));
#9293=DIRECTION('',(-7.69278703315657E-017,-1.0,0.0));
#9294=DIRECTION('',(1.0,-7.69278703315657E-017,0.0));
#9295=DIRECTION('',(-1.0,0.0,0.0));
#9296=DIRECTION('',(-9.91979114211183E-017,1.0,0.0));
#9297=DIRECTION('',(1.0,-7.69278703315657E-017,0.0));
#9298=DIRECTION('',(-9.91979114211184E-017,-1.0,0.0));
#9299=DIRECTION('',(0.0,0.0,1.0));
#9300=DIRECTION('',(0.0,0.0,1.0));
#9301=DIRECTION('',(0.0,0.0,1.0));
#9302=CARTESIAN_POINT('',(-40.0,69.95,67.4405651249));
#9303=DIRECTION('',(-7.69278703315657E-017,-1.0,0.0));
#9304=DIRECTION('',(1.0,-7.69278703315657E-017,0.0));
#9305=DIRECTION('',(0.995628831949221,-7.65916056825579E-017,0.0933982279887052));
#9306=DIRECTION('',(0.995628831949221,-7.65916056825579E-017,0.0933982279887052));
#9307=DIRECTION('',(0.0,0.0,1.0));
#9308=CARTESIAN_POINT('',(74.6667873277948,-69.95,2.2));
#9309=DIRECTION('',(0.0,1.0,0.0));
#9310=DIRECTION('',(0.0,0.0,1.0));
#9311=CARTESIAN_POINT('',(14.4046767259419,-69.95,12.8623788196781));
#9312=DIRECTION('',(0.0,1.0,0.0));
#9313=DIRECTION('',(0.0,0.0,1.0));
#9314=CARTESIAN_POINT('',(5.33198815497909,-69.95,2.2));
#9315=DIRECTION('',(0.0,1.0,0.0));
#9316=DIRECTION('',(0.0,0.0,1.0));
#9317=CARTESIAN_POINT('',(-2.30465835866173,-69.95,2.2));
#9318=DIRECTION('',(0.0,1.0,0.0));
#9319=DIRECTION('',(0.0,0.0,1.0));
#9320=DIRECTION('',(-0.99562883194922,0.0,0.093398227988708));
#9321=CARTESIAN_POINT('',(-54.6463595412801,-69.95,105.237671269932));
#9322=DIRECTION('',(0.0,1.0,0.0));
#9323=DIRECTION('',(0.0,0.0,1.0));
#9324=CARTESIAN_POINT('',(-77.6975996384699,-69.95,2.2));
#9325=DIRECTION('',(0.0,1.0,0.0));
#9326=DIRECTION('',(0.0,0.0,1.0));
#9327=CARTESIAN_POINT('',(-112.0,-97.0,48.7));
#9328=DIRECTION('',(0.0,0.0,-1.0));
#9329=DIRECTION('',(-1.0,0.0,0.0));
#9330=CARTESIAN_POINT('',(112.0,97.0,48.7));
#9331=DIRECTION('',(0.0,0.0,-1.0));
#9332=DIRECTION('',(-1.0,0.0,0.0));
#9333=CARTESIAN_POINT('',(112.0,-97.0,48.7));
#9334=DIRECTION('',(0.0,0.0,-1.0));
#9335=DIRECTION('',(-1.0,0.0,0.0));
#9336=CARTESIAN_POINT('',(-112.0,97.0,48.7));
#9337=DIRECTION('',(0.0,0.0,-1.0));
#9338=DIRECTION('',(-1.0,0.0,0.0));
#9339=CARTESIAN_POINT('',(62.0,100.0,48.7));
#9340=DIRECTION('',(0.0,0.0,-1.0));
#9341=DIRECTION('',(-1.0,0.0,0.0));
#9342=CARTESIAN_POINT('',(-62.0,-100.0,48.7));
#9343=DIRECTION('',(0.0,0.0,-1.0));
#9344=DIRECTION('',(-1.0,0.0,0.0));
#9345=CARTESIAN_POINT('',(-62.0,100.0,48.7));
#9346=DIRECTION('',(0.0,0.0,-1.0));
#9347=DIRECTION('',(-1.0,0.0,0.0));
#9348=CARTESIAN_POINT('',(62.0,-100.0,48.7));
#9349=DIRECTION('',(0.0,0.0,-1.0));
#9350=DIRECTION('',(-1.0,0.0,0.0));
#9351=CARTESIAN_POINT('',(0.0,1.4210854715202E-014,46.3527036446662));
#9352=DIRECTION('',(0.0,0.0,-1.0));
#9353=DIRECTION('',(-1.0,0.0,0.0));
#9354=CARTESIAN_POINT('',(0.0,1.4210854715202E-014,46.3527036446662));
#9355=DIRECTION('',(0.0,0.0,-1.0));
#9356=DIRECTION('',(-1.0,0.0,0.0));
#9357=CARTESIAN_POINT('',(0.0,1.4210854715202E-014,45.3));
#9358=DIRECTION('',(0.0,0.0,1.0));
#9359=DIRECTION('',(1.0,0.0,0.0));
#9360=CARTESIAN_POINT('',(0.0,1.4210854715202E-014,46.3527036446662));
#9361=DIRECTION('',(0.0,0.0,-1.0));
#9362=DIRECTION('',(-1.0,0.0,0.0));
#9363=DIRECTION('',(0.90522417742592,-0.424934334460711,0.0));
#9364=DIRECTION('',(0.90522417742592,-0.424934334460711,0.0));
#9365=DIRECTION('',(0.424934334460711,0.90522417742592,0.0));
#9366=DIRECTION('',(-0.424934334460711,-0.90522417742592,0.0));
#9367=DIRECTION('',(0.424934334460711,0.90522417742592,0.0));
#9368=DIRECTION('',(-0.90522417742592,0.424934334460711,0.0));
#9369=DIRECTION('',(-0.90522417742592,0.424934334460711,0.0));
#9370=DIRECTION('',(0.424934334460711,0.90522417742592,0.0));
#9371=DIRECTION('',(0.424934334460711,0.90522417742592,0.0));
#9372=DIRECTION('',(-0.424934334460711,-0.90522417742592,0.0));
#9373=DIRECTION('',(0.424934334460711,0.90522417742592,0.0));
#9374=DIRECTION('',(0.157190528790057,-0.0737890728072123,0.984807753012208));
#9375=DIRECTION('',(-0.157190528790057,0.0737890728072123,0.984807753012208));
#9376=DIRECTION('',(-0.157190528790057,0.0737890728072123,-0.984807753012208));
#9377=DIRECTION('',(-0.157190528790057,0.0737890728072123,0.984807753012208));
#9378=DIRECTION('',(-0.90522417742592,-0.424934334460711,0.0));
#9379=DIRECTION('',(-0.90522417742592,-0.424934334460711,0.0));
#9380=DIRECTION('',(-0.424934334460711,0.90522417742592,0.0));
#9381=DIRECTION('',(0.424934334460711,-0.90522417742592,0.0));
#9382=DIRECTION('',(-0.424934334460711,0.90522417742592,0.0));
#9383=CARTESIAN_POINT('',(0.0,1.4210854715202E-014,46.2));
#9384=DIRECTION('',(0.0,0.0,1.0));
#9385=DIRECTION('',(1.0,0.0,0.0));
#9386=DIRECTION('',(0.424934334460711,-0.90522417742592,0.0));
#9387=DIRECTION('',(0.424934334460711,-0.90522417742592,0.0));
#9388=DIRECTION('',(-0.424934334460711,0.90522417742592,0.0));
#9389=DIRECTION('',(0.90522417742592,0.424934334460711,0.0));
#9390=DIRECTION('',(0.90522417742592,0.424934334460711,0.0));
#9391=CARTESIAN_POINT('',(-3.06161699786838E-016,105.0,48.7));
#9392=DIRECTION('',(0.0,0.0,-1.0));
#9393=DIRECTION('',(-1.0,0.0,0.0));
#9394=CARTESIAN_POINT('',(-3.06161699786838E-016,-105.0,48.7));
#9395=DIRECTION('',(0.0,0.0,-1.0));
#9396=DIRECTION('',(-1.0,0.0,0.0));
#9397=DIRECTION('',(0.619729325081638,-0.619729325081636,0.481529985844825));
#9398=DIRECTION('',(0.619729325081644,0.619729325081627,0.481529985844829));
#9399=DIRECTION('',(-3.15081442310742E-016,-1.0,0.0));
#9400=DIRECTION('',(0.619729325081648,-0.619729325081625,-0.481529985844827));
#9401=DIRECTION('',(1.0,0.0,0.0));
#9402=DIRECTION('',(-1.0,0.0,0.0));
#9403=DIRECTION('',(-0.619729325081642,-0.619729325081633,0.481529985844823));
#9404=DIRECTION('',(-3.15081442310742E-016,1.0,0.0));
#9405=DIRECTION('',(0.0,1.0,0.0));
#9406=DIRECTION('',(1.0,0.0,0.0));
#9407=DIRECTION('',(0.0,-1.0,0.0));
#9408=DIRECTION('',(-1.0,9.91270557701033E-017,0.0));
#9409=DIRECTION('',(0.0,0.0,-1.0));
#9410=DIRECTION('',(0.0,0.0,-1.0));
#9411=DIRECTION('',(0.0,0.0,-1.0));
#9412=DIRECTION('',(0.0,0.0,-1.0));
#9413=DIRECTION('',(0.0,-1.0,0.0));
#9414=DIRECTION('',(0.0,-1.0,0.0));
#9415=DIRECTION('',(0.0,-1.0,0.0));
#9416=DIRECTION('',(0.0,-1.0,0.0));
#9417=DIRECTION('',(0.0,-1.0,0.0));
#9418=DIRECTION('',(0.0,-1.0,0.0));
#9419=DIRECTION('',(0.0,-1.0,0.0));
#9420=SURFACE_STYLE_FILL_AREA(#9606);
#9421=FILL_AREA_STYLE('',(#9607));
#9422=FILL_AREA_STYLE('',(#9608));
#9423=FILL_AREA_STYLE('',(#9609));
#9424=FILL_AREA_STYLE('',(#9610));
#9425=FILL_AREA_STYLE('',(#9611));
#9426=FILL_AREA_STYLE('',(#9612));
#9427=FILL_AREA_STYLE('',(#9613));
#9428=FILL_AREA_STYLE('',(#9614));
#9429=FILL_AREA_STYLE('',(#9615));
#9430=FILL_AREA_STYLE('',(#9616));
#9431=FILL_AREA_STYLE('',(#9617));
#9432=FILL_AREA_STYLE('',(#9618));
#9433=FILL_AREA_STYLE('',(#9619));
#9434=FILL_AREA_STYLE('',(#9620));
#9435=FILL_AREA_STYLE('',(#9621));
#9436=FILL_AREA_STYLE('',(#9622));
#9437=FILL_AREA_STYLE('',(#9623));
#9438=FILL_AREA_STYLE('',(#9624));
#9439=FILL_AREA_STYLE('',(#9625));
#9440=FILL_AREA_STYLE('',(#9626));
#9441=FILL_AREA_STYLE('',(#9627));
#9442=FILL_AREA_STYLE('',(#9628));
#9443=FILL_AREA_STYLE('',(#9629));
#9444=FILL_AREA_STYLE('',(#9630));
#9445=FILL_AREA_STYLE('',(#9631));
#9446=FILL_AREA_STYLE('',(#9632));
#9447=FILL_AREA_STYLE('',(#9633));
#9448=FILL_AREA_STYLE('',(#9634));
#9449=FILL_AREA_STYLE('',(#9635));
#9450=FILL_AREA_STYLE('',(#9636));
#9451=FILL_AREA_STYLE('',(#9637));
#9452=FILL_AREA_STYLE('',(#9638));
#9453=FILL_AREA_STYLE('',(#9639));
#9454=FILL_AREA_STYLE('',(#9640));
#9455=FILL_AREA_STYLE('',(#9641));
#9456=FILL_AREA_STYLE('',(#9642));
#9457=FILL_AREA_STYLE('',(#9643));
#9458=FILL_AREA_STYLE('',(#9644));
#9459=FILL_AREA_STYLE('',(#9645));
#9460=FILL_AREA_STYLE('',(#9646));
#9461=FILL_AREA_STYLE('',(#9647));
#9462=FILL_AREA_STYLE('',(#9648));
#9463=FILL_AREA_STYLE('',(#9649));
#9464=FILL_AREA_STYLE('',(#9650));
#9465=FILL_AREA_STYLE('',(#9651));
#9466=FILL_AREA_STYLE('',(#9652));
#9467=FILL_AREA_STYLE('',(#9653));
#9468=FILL_AREA_STYLE('',(#9654));
#9469=FILL_AREA_STYLE('',(#9655));
#9470=FILL_AREA_STYLE('',(#9656));
#9471=FILL_AREA_STYLE('',(#9657));
#9472=FILL_AREA_STYLE('',(#9658));
#9473=FILL_AREA_STYLE('',(#9659));
#9474=FILL_AREA_STYLE('',(#9660));
#9475=FILL_AREA_STYLE('',(#9661));
#9476=FILL_AREA_STYLE('',(#9662));
#9477=FILL_AREA_STYLE('',(#9663));
#9478=FILL_AREA_STYLE('',(#9664));
#9479=FILL_AREA_STYLE('',(#9665));
#9480=FILL_AREA_STYLE('',(#9666));
#9481=FILL_AREA_STYLE('',(#9667));
#9482=FILL_AREA_STYLE('',(#9668));
#9483=FILL_AREA_STYLE('',(#9669));
#9484=FILL_AREA_STYLE('',(#9670));
#9485=FILL_AREA_STYLE('',(#9671));
#9486=FILL_AREA_STYLE('',(#9672));
#9487=FILL_AREA_STYLE('',(#9673));
#9488=FILL_AREA_STYLE('',(#9674));
#9489=FILL_AREA_STYLE('',(#9675));
#9490=FILL_AREA_STYLE('',(#9676));
#9491=FILL_AREA_STYLE('',(#9677));
#9492=FILL_AREA_STYLE('',(#9678));
#9493=FILL_AREA_STYLE('',(#9679));
#9494=FILL_AREA_STYLE('',(#9680));
#9495=FILL_AREA_STYLE('',(#9681));
#9496=FILL_AREA_STYLE('',(#9682));
#9497=FILL_AREA_STYLE('',(#9683));
#9498=FILL_AREA_STYLE('',(#9684));
#9499=FILL_AREA_STYLE('',(#9685));
#9500=FILL_AREA_STYLE('',(#9686));
#9501=FILL_AREA_STYLE('',(#9687));
#9502=FILL_AREA_STYLE('',(#9688));
#9503=FILL_AREA_STYLE('',(#9689));
#9504=FILL_AREA_STYLE('',(#9690));
#9505=FILL_AREA_STYLE('',(#9691));
#9506=FILL_AREA_STYLE('',(#9692));
#9507=FILL_AREA_STYLE('',(#9693));
#9508=FILL_AREA_STYLE('',(#9694));
#9509=FILL_AREA_STYLE('',(#9695));
#9510=FILL_AREA_STYLE('',(#9696));
#9511=FILL_AREA_STYLE('',(#9697));
#9512=FILL_AREA_STYLE('',(#9698));
#9513=FILL_AREA_STYLE('',(#9699));
#9514=FILL_AREA_STYLE('',(#9700));
#9515=FILL_AREA_STYLE('',(#9701));
#9516=FILL_AREA_STYLE('',(#9702));
#9517=FILL_AREA_STYLE('',(#9703));
#9518=FILL_AREA_STYLE('',(#9704));
#9519=FILL_AREA_STYLE('',(#9705));
#9520=FILL_AREA_STYLE('',(#9706));
#9521=FILL_AREA_STYLE('',(#9707));
#9522=FILL_AREA_STYLE('',(#9708));
#9523=FILL_AREA_STYLE('',(#9709));
#9524=FILL_AREA_STYLE('',(#9710));
#9525=FILL_AREA_STYLE('',(#9711));
#9526=FILL_AREA_STYLE('',(#9712));
#9527=FILL_AREA_STYLE('',(#9713));
#9528=FILL_AREA_STYLE('',(#9714));
#9529=FILL_AREA_STYLE('',(#9715));
#9530=FILL_AREA_STYLE('',(#9716));
#9531=FILL_AREA_STYLE('',(#9717));
#9532=FILL_AREA_STYLE('',(#9718));
#9533=FILL_AREA_STYLE('',(#9719));
#9534=FILL_AREA_STYLE('',(#9720));
#9535=FILL_AREA_STYLE('',(#9721));
#9536=FILL_AREA_STYLE('',(#9722));
#9537=FILL_AREA_STYLE('',(#9723));
#9538=FILL_AREA_STYLE('',(#9724));
#9539=FILL_AREA_STYLE('',(#9725));
#9540=FILL_AREA_STYLE('',(#9726));
#9541=FILL_AREA_STYLE('',(#9727));
#9542=FILL_AREA_STYLE('',(#9728));
#9543=FILL_AREA_STYLE('',(#9729));
#9544=FILL_AREA_STYLE('',(#9730));
#9545=FILL_AREA_STYLE('',(#9731));
#9546=FILL_AREA_STYLE('',(#9732));
#9547=FILL_AREA_STYLE('',(#9733));
#9548=FILL_AREA_STYLE('',(#9734));
#9549=FILL_AREA_STYLE('',(#9735));
#9550=FILL_AREA_STYLE('',(#9736));
#9551=FILL_AREA_STYLE('',(#9737));
#9552=FILL_AREA_STYLE('',(#9738));
#9553=FILL_AREA_STYLE('',(#9739));
#9554=FILL_AREA_STYLE('',(#9740));
#9555=FILL_AREA_STYLE('',(#9741));
#9556=FILL_AREA_STYLE('',(#9742));
#9557=FILL_AREA_STYLE('',(#9743));
#9558=FILL_AREA_STYLE('',(#9744));
#9559=FILL_AREA_STYLE('',(#9745));
#9560=FILL_AREA_STYLE('',(#9746));
#9561=FILL_AREA_STYLE('',(#9747));
#9562=FILL_AREA_STYLE('',(#9748));
#9563=FILL_AREA_STYLE('',(#9749));
#9564=FILL_AREA_STYLE('',(#9750));
#9565=FILL_AREA_STYLE('',(#9751));
#9566=FILL_AREA_STYLE('',(#9752));
#9567=FILL_AREA_STYLE('',(#9753));
#9568=FILL_AREA_STYLE('',(#9754));
#9569=FILL_AREA_STYLE('',(#9755));
#9570=FILL_AREA_STYLE('',(#9756));
#9571=FILL_AREA_STYLE('',(#9757));
#9572=FILL_AREA_STYLE('',(#9758));
#9573=FILL_AREA_STYLE('',(#9759));
#9574=FILL_AREA_STYLE('',(#9760));
#9575=FILL_AREA_STYLE('',(#9761));
#9576=FILL_AREA_STYLE('',(#9762));
#9577=FILL_AREA_STYLE('',(#9763));
#9578=FILL_AREA_STYLE('',(#9764));
#9579=FILL_AREA_STYLE('',(#9765));
#9580=FILL_AREA_STYLE('',(#9766));
#9581=FILL_AREA_STYLE('',(#9767));
#9582=FILL_AREA_STYLE('',(#9768));
#9583=FILL_AREA_STYLE('',(#9769));
#9584=FILL_AREA_STYLE('',(#9770));
#9585=FILL_AREA_STYLE('',(#9771));
#9586=FILL_AREA_STYLE('',(#9772));
#9587=FILL_AREA_STYLE('',(#9773));
#9588=FILL_AREA_STYLE('',(#9774));
#9589=FILL_AREA_STYLE('',(#9775));
#9590=FILL_AREA_STYLE('',(#9776));
#9591=FILL_AREA_STYLE('',(#9777));
#9592=FILL_AREA_STYLE('',(#9778));
#9593=FILL_AREA_STYLE('',(#9779));
#9594=FILL_AREA_STYLE('',(#9780));
#9595=FILL_AREA_STYLE('',(#9781));
#9596=FILL_AREA_STYLE('',(#9782));
#9597=FILL_AREA_STYLE('',(#9783));
#9598=FILL_AREA_STYLE('',(#9784));
#9599=FILL_AREA_STYLE('',(#9785));
#9600=FILL_AREA_STYLE('',(#9786));
#9601=FILL_AREA_STYLE('',(#9787));
#9602=FILL_AREA_STYLE('',(#9788));
#9603=FILL_AREA_STYLE('',(#9789));
#9604=FILL_AREA_STYLE('',(#9790));
#9605=FILL_AREA_STYLE('',(#9791));
#9606=FILL_AREA_STYLE('',(#9792));
#9607=FILL_AREA_STYLE_COLOUR('',#9793);
#9608=FILL_AREA_STYLE_COLOUR('',#9794);
#9609=FILL_AREA_STYLE_COLOUR('',#9795);
#9610=FILL_AREA_STYLE_COLOUR('',#9796);
#9611=FILL_AREA_STYLE_COLOUR('',#9797);
#9612=FILL_AREA_STYLE_COLOUR('',#9798);
#9613=FILL_AREA_STYLE_COLOUR('',#9799);
#9614=FILL_AREA_STYLE_COLOUR('',#9800);
#9615=FILL_AREA_STYLE_COLOUR('',#9801);
#9616=FILL_AREA_STYLE_COLOUR('',#9802);
#9617=FILL_AREA_STYLE_COLOUR('',#9803);
#9618=FILL_AREA_STYLE_COLOUR('',#9804);
#9619=FILL_AREA_STYLE_COLOUR('',#9805);
#9620=FILL_AREA_STYLE_COLOUR('',#9806);
#9621=FILL_AREA_STYLE_COLOUR('',#9807);
#9622=FILL_AREA_STYLE_COLOUR('',#9808);
#9623=FILL_AREA_STYLE_COLOUR('',#9809);
#9624=FILL_AREA_STYLE_COLOUR('',#9810);
#9625=FILL_AREA_STYLE_COLOUR('',#9811);
#9626=FILL_AREA_STYLE_COLOUR('',#9812);
#9627=FILL_AREA_STYLE_COLOUR('',#9813);
#9628=FILL_AREA_STYLE_COLOUR('',#9814);
#9629=FILL_AREA_STYLE_COLOUR('',#9815);
#9630=FILL_AREA_STYLE_COLOUR('',#9816);
#9631=FILL_AREA_STYLE_COLOUR('',#9817);
#9632=FILL_AREA_STYLE_COLOUR('',#9818);
#9633=FILL_AREA_STYLE_COLOUR('',#9819);
#9634=FILL_AREA_STYLE_COLOUR('',#9820);
#9635=FILL_AREA_STYLE_COLOUR('',#9821);
#9636=FILL_AREA_STYLE_COLOUR('',#9822);
#9637=FILL_AREA_STYLE_COLOUR('',#9823);
#9638=FILL_AREA_STYLE_COLOUR('',#9824);
#9639=FILL_AREA_STYLE_COLOUR('',#9825);
#9640=FILL_AREA_STYLE_COLOUR('',#9826);
#9641=FILL_AREA_STYLE_COLOUR('',#9827);
#9642=FILL_AREA_STYLE_COLOUR('',#9828);
#9643=FILL_AREA_STYLE_COLOUR('',#9829);
#9644=FILL_AREA_STYLE_COLOUR('',#9830);
#9645=FILL_AREA_STYLE_COLOUR('',#9831);
#9646=FILL_AREA_STYLE_COLOUR('',#9832);
#9647=FILL_AREA_STYLE_COLOUR('',#9833);
#9648=FILL_AREA_STYLE_COLOUR('',#9834);
#9649=FILL_AREA_STYLE_COLOUR('',#9835);
#9650=FILL_AREA_STYLE_COLOUR('',#9836);
#9651=FILL_AREA_STYLE_COLOUR('',#9837);
#9652=FILL_AREA_STYLE_COLOUR('',#9838);
#9653=FILL_AREA_STYLE_COLOUR('',#9839);
#9654=FILL_AREA_STYLE_COLOUR('',#9840);
#9655=FILL_AREA_STYLE_COLOUR('',#9841);
#9656=FILL_AREA_STYLE_COLOUR('',#9842);
#9657=FILL_AREA_STYLE_COLOUR('',#9843);
#9658=FILL_AREA_STYLE_COLOUR('',#9844);
#9659=FILL_AREA_STYLE_COLOUR('',#9845);
#9660=FILL_AREA_STYLE_COLOUR('',#9846);
#9661=FILL_AREA_STYLE_COLOUR('',#9847);
#9662=FILL_AREA_STYLE_COLOUR('',#9848);
#9663=FILL_AREA_STYLE_COLOUR('',#9849);
#9664=FILL_AREA_STYLE_COLOUR('',#9850);
#9665=FILL_AREA_STYLE_COLOUR('',#9851);
#9666=FILL_AREA_STYLE_COLOUR('',#9852);
#9667=FILL_AREA_STYLE_COLOUR('',#9853);
#9668=FILL_AREA_STYLE_COLOUR('',#9854);
#9669=FILL_AREA_STYLE_COLOUR('',#9855);
#9670=FILL_AREA_STYLE_COLOUR('',#9856);
#9671=FILL_AREA_STYLE_COLOUR('',#9857);
#9672=FILL_AREA_STYLE_COLOUR('',#9858);
#9673=FILL_AREA_STYLE_COLOUR('',#9859);
#9674=FILL_AREA_STYLE_COLOUR('',#9860);
#9675=FILL_AREA_STYLE_COLOUR('',#9861);
#9676=FILL_AREA_STYLE_COLOUR('',#9862);
#9677=FILL_AREA_STYLE_COLOUR('',#9863);
#9678=FILL_AREA_STYLE_COLOUR('',#9864);
#9679=FILL_AREA_STYLE_COLOUR('',#9865);
#9680=FILL_AREA_STYLE_COLOUR('',#9866);
#9681=FILL_AREA_STYLE_COLOUR('',#9867);
#9682=FILL_AREA_STYLE_COLOUR('',#9868);
#9683=FILL_AREA_STYLE_COLOUR('',#9869);
#9684=FILL_AREA_STYLE_COLOUR('',#9870);
#9685=FILL_AREA_STYLE_COLOUR('',#9871);
#9686=FILL_AREA_STYLE_COLOUR('',#9872);
#9687=FILL_AREA_STYLE_COLOUR('',#9873);
#9688=FILL_AREA_STYLE_COLOUR('',#9874);
#9689=FILL_AREA_STYLE_COLOUR('',#9875);
#9690=FILL_AREA_STYLE_COLOUR('',#9876);
#9691=FILL_AREA_STYLE_COLOUR('',#9877);
#9692=FILL_AREA_STYLE_COLOUR('',#9878);
#9693=FILL_AREA_STYLE_COLOUR('',#9879);
#9694=FILL_AREA_STYLE_COLOUR('',#9880);
#9695=FILL_AREA_STYLE_COLOUR('',#9881);
#9696=FILL_AREA_STYLE_COLOUR('',#9882);
#9697=FILL_AREA_STYLE_COLOUR('',#9883);
#9698=FILL_AREA_STYLE_COLOUR('',#9884);
#9699=FILL_AREA_STYLE_COLOUR('',#9885);
#9700=FILL_AREA_STYLE_COLOUR('',#9886);
#9701=FILL_AREA_STYLE_COLOUR('',#9887);
#9702=FILL_AREA_STYLE_COLOUR('',#9888);
#9703=FILL_AREA_STYLE_COLOUR('',#9889);
#9704=FILL_AREA_STYLE_COLOUR('',#9890);
#9705=FILL_AREA_STYLE_COLOUR('',#9891);
#9706=FILL_AREA_STYLE_COLOUR('',#9892);
#9707=FILL_AREA_STYLE_COLOUR('',#9893);
#9708=FILL_AREA_STYLE_COLOUR('',#9894);
#9709=FILL_AREA_STYLE_COLOUR('',#9895);
#9710=FILL_AREA_STYLE_COLOUR('',#9896);
#9711=FILL_AREA_STYLE_COLOUR('',#9897);
#9712=FILL_AREA_STYLE_COLOUR('',#9898);
#9713=FILL_AREA_STYLE_COLOUR('',#9899);
#9714=FILL_AREA_STYLE_COLOUR('',#9900);
#9715=FILL_AREA_STYLE_COLOUR('',#9901);
#9716=FILL_AREA_STYLE_COLOUR('',#9902);
#9717=FILL_AREA_STYLE_COLOUR('',#9903);
#9718=FILL_AREA_STYLE_COLOUR('',#9904);
#9719=FILL_AREA_STYLE_COLOUR('',#9905);
#9720=FILL_AREA_STYLE_COLOUR('',#9906);
#9721=FILL_AREA_STYLE_COLOUR('',#9907);
#9722=FILL_AREA_STYLE_COLOUR('',#9908);
#9723=FILL_AREA_STYLE_COLOUR('',#9909);
#9724=FILL_AREA_STYLE_COLOUR('',#9910);
#9725=FILL_AREA_STYLE_COLOUR('',#9911);
#9726=FILL_AREA_STYLE_COLOUR('',#9912);
#9727=FILL_AREA_STYLE_COLOUR('',#9913);
#9728=FILL_AREA_STYLE_COLOUR('',#9914);
#9729=FILL_AREA_STYLE_COLOUR('',#9915);
#9730=FILL_AREA_STYLE_COLOUR('',#9916);
#9731=FILL_AREA_STYLE_COLOUR('',#9917);
#9732=FILL_AREA_STYLE_COLOUR('',#9918);
#9733=FILL_AREA_STYLE_COLOUR('',#9919);
#9734=FILL_AREA_STYLE_COLOUR('',#9920);
#9735=FILL_AREA_STYLE_COLOUR('',#9921);
#9736=FILL_AREA_STYLE_COLOUR('',#9922);
#9737=FILL_AREA_STYLE_COLOUR('',#9923);
#9738=FILL_AREA_STYLE_COLOUR('',#9924);
#9739=FILL_AREA_STYLE_COLOUR('',#9925);
#9740=FILL_AREA_STYLE_COLOUR('',#9926);
#9741=FILL_AREA_STYLE_COLOUR('',#9927);
#9742=FILL_AREA_STYLE_COLOUR('',#9928);
#9743=FILL_AREA_STYLE_COLOUR('',#9929);
#9744=FILL_AREA_STYLE_COLOUR('',#9930);
#9745=FILL_AREA_STYLE_COLOUR('',#9931);
#9746=FILL_AREA_STYLE_COLOUR('',#9932);
#9747=FILL_AREA_STYLE_COLOUR('',#9933);
#9748=FILL_AREA_STYLE_COLOUR('',#9934);
#9749=FILL_AREA_STYLE_COLOUR('',#9935);
#9750=FILL_AREA_STYLE_COLOUR('',#9936);
#9751=FILL_AREA_STYLE_COLOUR('',#9937);
#9752=FILL_AREA_STYLE_COLOUR('',#9938);
#9753=FILL_AREA_STYLE_COLOUR('',#9939);
#9754=FILL_AREA_STYLE_COLOUR('',#9940);
#9755=FILL_AREA_STYLE_COLOUR('',#9941);
#9756=FILL_AREA_STYLE_COLOUR('',#9942);
#9757=FILL_AREA_STYLE_COLOUR('',#9943);
#9758=FILL_AREA_STYLE_COLOUR('',#9944);
#9759=FILL_AREA_STYLE_COLOUR('',#9945);
#9760=FILL_AREA_STYLE_COLOUR('',#9946);
#9761=FILL_AREA_STYLE_COLOUR('',#9947);
#9762=FILL_AREA_STYLE_COLOUR('',#9948);
#9763=FILL_AREA_STYLE_COLOUR('',#9949);
#9764=FILL_AREA_STYLE_COLOUR('',#9950);
#9765=FILL_AREA_STYLE_COLOUR('',#9951);
#9766=FILL_AREA_STYLE_COLOUR('',#9952);
#9767=FILL_AREA_STYLE_COLOUR('',#9953);
#9768=FILL_AREA_STYLE_COLOUR('',#9954);
#9769=FILL_AREA_STYLE_COLOUR('',#9955);
#9770=FILL_AREA_STYLE_COLOUR('',#9956);
#9771=FILL_AREA_STYLE_COLOUR('',#9957);
#9772=FILL_AREA_STYLE_COLOUR('',#9958);
#9773=FILL_AREA_STYLE_COLOUR('',#9959);
#9774=FILL_AREA_STYLE_COLOUR('',#9960);
#9775=FILL_AREA_STYLE_COLOUR('',#9961);
#9776=FILL_AREA_STYLE_COLOUR('',#9962);
#9777=FILL_AREA_STYLE_COLOUR('',#9963);
#9778=FILL_AREA_STYLE_COLOUR('',#9964);
#9779=FILL_AREA_STYLE_COLOUR('',#9965);
#9780=FILL_AREA_STYLE_COLOUR('',#9966);
#9781=FILL_AREA_STYLE_COLOUR('',#9967);
#9782=FILL_AREA_STYLE_COLOUR('',#9968);
#9783=FILL_AREA_STYLE_COLOUR('',#9969);
#9784=FILL_AREA_STYLE_COLOUR('',#9970);
#9785=FILL_AREA_STYLE_COLOUR('',#9971);
#9786=FILL_AREA_STYLE_COLOUR('',#9972);
#9787=FILL_AREA_STYLE_COLOUR('',#9973);
#9788=FILL_AREA_STYLE_COLOUR('',#9974);
#9789=FILL_AREA_STYLE_COLOUR('',#9975);
#9790=FILL_AREA_STYLE_COLOUR('',#9976);
#9791=FILL_AREA_STYLE_COLOUR('',#9977);
#9792=FILL_AREA_STYLE_COLOUR('',#9978);
#9793=COLOUR_RGB('',0.95686274766922,0.745098054409027,0.843137264251709);
#9794=COLOUR_RGB('',0.95686274766922,0.745098054409027,0.843137264251709);
#9795=COLOUR_RGB('',0.95686274766922,0.745098054409027,0.843137264251709);
#9796=COLOUR_RGB('',0.95686274766922,0.745098054409027,0.843137264251709);
#9797=COLOUR_RGB('',0.95686274766922,0.745098054409027,0.843137264251709);
#9798=COLOUR_RGB('',0.95686274766922,0.745098054409027,0.843137264251709);
#9799=COLOUR_RGB('',0.95686274766922,0.745098054409027,0.843137264251709);
#9800=COLOUR_RGB('',0.95686274766922,0.745098054409027,0.843137264251709);
#9801=COLOUR_RGB('',0.95686274766922,0.745098054409027,0.843137264251709);
#9802=COLOUR_RGB('',0.95686274766922,0.745098054409027,0.843137264251709);
#9803=COLOUR_RGB('',0.95686274766922,0.745098054409027,0.843137264251709);
#9804=COLOUR_RGB('',0.95686274766922,0.745098054409027,0.843137264251709);
#9805=COLOUR_RGB('',0.95686274766922,0.745098054409027,0.843137264251709);
#9806=COLOUR_RGB('',0.95686274766922,0.745098054409027,0.843137264251709);
#9807=COLOUR_RGB('',0.95686274766922,0.745098054409027,0.843137264251709);
#9808=COLOUR_RGB('',0.95686274766922,0.745098054409027,0.843137264251709);
#9809=COLOUR_RGB('',0.95686274766922,0.745098054409027,0.843137264251709);
#9810=COLOUR_RGB('',0.95686274766922,0.745098054409027,0.843137264251709);
#9811=COLOUR_RGB('',0.95686274766922,0.745098054409027,0.843137264251709);
#9812=COLOUR_RGB('',0.95686274766922,0.745098054409027,0.843137264251709);
#9813=COLOUR_RGB('',0.95686274766922,0.745098054409027,0.843137264251709);
#9814=COLOUR_RGB('',0.95686274766922,0.745098054409027,0.843137264251709);
#9815=COLOUR_RGB('',0.95686274766922,0.745098054409027,0.843137264251709);
#9816=COLOUR_RGB('',0.95686274766922,0.745098054409027,0.843137264251709);
#9817=COLOUR_RGB('',0.95686274766922,0.745098054409027,0.843137264251709);
#9818=COLOUR_RGB('',0.95686274766922,0.745098054409027,0.843137264251709);
#9819=COLOUR_RGB('',0.95686274766922,0.745098054409027,0.843137264251709);
#9820=COLOUR_RGB('',0.95686274766922,0.745098054409027,0.843137264251709);
#9821=COLOUR_RGB('',0.95686274766922,0.745098054409027,0.843137264251709);
#9822=COLOUR_RGB('',0.95686274766922,0.745098054409027,0.843137264251709);
#9823=COLOUR_RGB('',0.95686274766922,0.745098054409027,0.843137264251709);
#9824=COLOUR_RGB('',0.95686274766922,0.745098054409027,0.843137264251709);
#9825=COLOUR_RGB('',0.95686274766922,0.745098054409027,0.843137264251709);
#9826=COLOUR_RGB('',0.95686274766922,0.745098054409027,0.843137264251709);
#9827=COLOUR_RGB('',0.95686274766922,0.745098054409027,0.843137264251709);
#9828=COLOUR_RGB('',0.95686274766922,0.745098054409027,0.843137264251709);
#9829=COLOUR_RGB('',0.95686274766922,0.745098054409027,0.843137264251709);
#9830=COLOUR_RGB('',0.95686274766922,0.745098054409027,0.843137264251709);
#9831=COLOUR_RGB('',0.95686274766922,0.745098054409027,0.843137264251709);
#9832=COLOUR_RGB('',0.95686274766922,0.745098054409027,0.843137264251709);
#9833=COLOUR_RGB('',0.95686274766922,0.745098054409027,0.843137264251709);
#9834=COLOUR_RGB('',0.95686274766922,0.745098054409027,0.843137264251709);
#9835=COLOUR_RGB('',0.95686274766922,0.745098054409027,0.843137264251709);
#9836=COLOUR_RGB('',0.95686274766922,0.745098054409027,0.843137264251709);
#9837=COLOUR_RGB('',0.95686274766922,0.745098054409027,0.843137264251709);
#9838=COLOUR_RGB('',0.95686274766922,0.745098054409027,0.843137264251709);
#9839=COLOUR_RGB('',0.95686274766922,0.745098054409027,0.843137264251709);
#9840=COLOUR_RGB('',0.95686274766922,0.745098054409027,0.843137264251709);
#9841=COLOUR_RGB('',0.95686274766922,0.745098054409027,0.843137264251709);
#9842=COLOUR_RGB('',0.95686274766922,0.745098054409027,0.843137264251709);
#9843=COLOUR_RGB('',0.95686274766922,0.745098054409027,0.843137264251709);
#9844=COLOUR_RGB('',0.95686274766922,0.745098054409027,0.843137264251709);
#9845=COLOUR_RGB('',0.95686274766922,0.745098054409027,0.843137264251709);
#9846=COLOUR_RGB('',0.95686274766922,0.745098054409027,0.843137264251709);
#9847=COLOUR_RGB('',0.95686274766922,0.745098054409027,0.843137264251709);
#9848=COLOUR_RGB('',0.95686274766922,0.745098054409027,0.843137264251709);
#9849=COLOUR_RGB('',0.95686274766922,0.745098054409027,0.843137264251709);
#9850=COLOUR_RGB('',0.95686274766922,0.745098054409027,0.843137264251709);
#9851=COLOUR_RGB('',0.95686274766922,0.745098054409027,0.843137264251709);
#9852=COLOUR_RGB('',0.95686274766922,0.745098054409027,0.843137264251709);
#9853=COLOUR_RGB('',0.95686274766922,0.745098054409027,0.843137264251709);
#9854=COLOUR_RGB('',0.95686274766922,0.745098054409027,0.843137264251709);
#9855=COLOUR_RGB('',0.95686274766922,0.745098054409027,0.843137264251709);
#9856=COLOUR_RGB('',0.95686274766922,0.745098054409027,0.843137264251709);
#9857=COLOUR_RGB('',0.95686274766922,0.745098054409027,0.843137264251709);
#9858=COLOUR_RGB('',0.95686274766922,0.745098054409027,0.843137264251709);
#9859=COLOUR_RGB('',0.95686274766922,0.745098054409027,0.843137264251709);
#9860=COLOUR_RGB('',0.95686274766922,0.745098054409027,0.843137264251709);
#9861=COLOUR_RGB('',0.95686274766922,0.745098054409027,0.843137264251709);
#9862=COLOUR_RGB('',0.95686274766922,0.745098054409027,0.843137264251709);
#9863=COLOUR_RGB('',0.95686274766922,0.745098054409027,0.843137264251709);
#9864=COLOUR_RGB('',0.95686274766922,0.745098054409027,0.843137264251709);
#9865=COLOUR_RGB('',0.95686274766922,0.745098054409027,0.843137264251709);
#9866=COLOUR_RGB('',0.95686274766922,0.745098054409027,0.843137264251709);
#9867=COLOUR_RGB('',0.95686274766922,0.745098054409027,0.843137264251709);
#9868=COLOUR_RGB('',0.95686274766922,0.745098054409027,0.843137264251709);
#9869=COLOUR_RGB('',0.95686274766922,0.745098054409027,0.843137264251709);
#9870=COLOUR_RGB('',0.95686274766922,0.745098054409027,0.843137264251709);
#9871=COLOUR_RGB('',0.95686274766922,0.745098054409027,0.843137264251709);
#9872=COLOUR_RGB('',0.95686274766922,0.745098054409027,0.843137264251709);
#9873=COLOUR_RGB('',0.95686274766922,0.745098054409027,0.843137264251709);
#9874=COLOUR_RGB('',0.95686274766922,0.745098054409027,0.843137264251709);
#9875=COLOUR_RGB('',0.95686274766922,0.745098054409027,0.843137264251709);
#9876=COLOUR_RGB('',0.95686274766922,0.745098054409027,0.843137264251709);
#9877=COLOUR_RGB('',0.95686274766922,0.745098054409027,0.843137264251709);
#9878=COLOUR_RGB('',0.95686274766922,0.745098054409027,0.843137264251709);
#9879=COLOUR_RGB('',0.95686274766922,0.745098054409027,0.843137264251709);
#9880=COLOUR_RGB('',0.95686274766922,0.745098054409027,0.843137264251709);
#9881=COLOUR_RGB('',0.95686274766922,0.745098054409027,0.843137264251709);
#9882=COLOUR_RGB('',0.95686274766922,0.745098054409027,0.843137264251709);
#9883=COLOUR_RGB('',0.95686274766922,0.745098054409027,0.843137264251709);
#9884=COLOUR_RGB('',0.95686274766922,0.745098054409027,0.843137264251709);
#9885=COLOUR_RGB('',0.95686274766922,0.745098054409027,0.843137264251709);
#9886=COLOUR_RGB('',0.95686274766922,0.745098054409027,0.843137264251709);
#9887=COLOUR_RGB('',0.95686274766922,0.745098054409027,0.843137264251709);
#9888=COLOUR_RGB('',0.95686274766922,0.745098054409027,0.843137264251709);
#9889=COLOUR_RGB('',0.95686274766922,0.745098054409027,0.843137264251709);
#9890=COLOUR_RGB('',0.95686274766922,0.745098054409027,0.843137264251709);
#9891=COLOUR_RGB('',0.95686274766922,0.745098054409027,0.843137264251709);
#9892=COLOUR_RGB('',0.95686274766922,0.745098054409027,0.843137264251709);
#9893=COLOUR_RGB('',0.95686274766922,0.745098054409027,0.843137264251709);
#9894=COLOUR_RGB('',0.95686274766922,0.745098054409027,0.843137264251709);
#9895=COLOUR_RGB('',0.95686274766922,0.745098054409027,0.843137264251709);
#9896=COLOUR_RGB('',0.95686274766922,0.745098054409027,0.843137264251709);
#9897=COLOUR_RGB('',0.95686274766922,0.745098054409027,0.843137264251709);
#9898=COLOUR_RGB('',0.95686274766922,0.745098054409027,0.843137264251709);
#9899=COLOUR_RGB('',0.95686274766922,0.745098054409027,0.843137264251709);
#9900=COLOUR_RGB('',0.95686274766922,0.745098054409027,0.843137264251709);
#9901=COLOUR_RGB('',0.95686274766922,0.745098054409027,0.843137264251709);
#9902=COLOUR_RGB('',0.95686274766922,0.745098054409027,0.843137264251709);
#9903=COLOUR_RGB('',0.95686274766922,0.745098054409027,0.843137264251709);
#9904=COLOUR_RGB('',0.95686274766922,0.745098054409027,0.843137264251709);
#9905=COLOUR_RGB('',0.95686274766922,0.745098054409027,0.843137264251709);
#9906=COLOUR_RGB('',0.95686274766922,0.745098054409027,0.843137264251709);
#9907=COLOUR_RGB('',0.95686274766922,0.745098054409027,0.843137264251709);
#9908=COLOUR_RGB('',0.95686274766922,0.745098054409027,0.843137264251709);
#9909=COLOUR_RGB('',0.95686274766922,0.745098054409027,0.843137264251709);
#9910=COLOUR_RGB('',0.95686274766922,0.745098054409027,0.843137264251709);
#9911=COLOUR_RGB('',0.95686274766922,0.745098054409027,0.843137264251709);
#9912=COLOUR_RGB('',0.95686274766922,0.745098054409027,0.843137264251709);
#9913=COLOUR_RGB('',0.95686274766922,0.745098054409027,0.843137264251709);
#9914=COLOUR_RGB('',0.95686274766922,0.745098054409027,0.843137264251709);
#9915=COLOUR_RGB('',0.95686274766922,0.745098054409027,0.843137264251709);
#9916=COLOUR_RGB('',0.95686274766922,0.745098054409027,0.843137264251709);
#9917=COLOUR_RGB('',0.95686274766922,0.745098054409027,0.843137264251709);
#9918=COLOUR_RGB('',0.95686274766922,0.745098054409027,0.843137264251709);
#9919=COLOUR_RGB('',0.95686274766922,0.745098054409027,0.843137264251709);
#9920=COLOUR_RGB('',0.95686274766922,0.745098054409027,0.843137264251709);
#9921=COLOUR_RGB('',0.95686274766922,0.745098054409027,0.843137264251709);
#9922=COLOUR_RGB('',0.95686274766922,0.745098054409027,0.843137264251709);
#9923=COLOUR_RGB('',0.95686274766922,0.745098054409027,0.843137264251709);
#9924=COLOUR_RGB('',0.95686274766922,0.745098054409027,0.843137264251709);
#9925=COLOUR_RGB('',0.95686274766922,0.745098054409027,0.843137264251709);
#9926=COLOUR_RGB('',0.95686274766922,0.745098054409027,0.843137264251709);
#9927=COLOUR_RGB('',0.95686274766922,0.745098054409027,0.843137264251709);
#9928=COLOUR_RGB('',0.95686274766922,0.745098054409027,0.843137264251709);
#9929=COLOUR_RGB('',0.95686274766922,0.745098054409027,0.843137264251709);
#9930=COLOUR_RGB('',0.95686274766922,0.745098054409027,0.843137264251709);
#9931=COLOUR_RGB('',0.95686274766922,0.745098054409027,0.843137264251709);
#9932=COLOUR_RGB('',0.95686274766922,0.745098054409027,0.843137264251709);
#9933=COLOUR_RGB('',0.95686274766922,0.745098054409027,0.843137264251709);
#9934=COLOUR_RGB('',0.95686274766922,0.745098054409027,0.843137264251709);
#9935=COLOUR_RGB('',0.95686274766922,0.745098054409027,0.843137264251709);
#9936=COLOUR_RGB('',0.95686274766922,0.745098054409027,0.843137264251709);
#9937=COLOUR_RGB('',0.95686274766922,0.745098054409027,0.843137264251709);
#9938=COLOUR_RGB('',0.95686274766922,0.745098054409027,0.843137264251709);
#9939=COLOUR_RGB('',0.95686274766922,0.745098054409027,0.843137264251709);
#9940=COLOUR_RGB('',0.95686274766922,0.745098054409027,0.843137264251709);
#9941=COLOUR_RGB('',0.95686274766922,0.745098054409027,0.843137264251709);
#9942=COLOUR_RGB('',0.95686274766922,0.745098054409027,0.843137264251709);
#9943=COLOUR_RGB('',0.95686274766922,0.745098054409027,0.843137264251709);
#9944=COLOUR_RGB('',0.95686274766922,0.745098054409027,0.843137264251709);
#9945=COLOUR_RGB('',0.95686274766922,0.745098054409027,0.843137264251709);
#9946=COLOUR_RGB('',0.95686274766922,0.745098054409027,0.843137264251709);
#9947=COLOUR_RGB('',0.95686274766922,0.745098054409027,0.843137264251709);
#9948=COLOUR_RGB('',0.95686274766922,0.745098054409027,0.843137264251709);
#9949=COLOUR_RGB('',0.95686274766922,0.745098054409027,0.843137264251709);
#9950=COLOUR_RGB('',0.95686274766922,0.745098054409027,0.843137264251709);
#9951=COLOUR_RGB('',0.95686274766922,0.745098054409027,0.843137264251709);
#9952=COLOUR_RGB('',0.95686274766922,0.745098054409027,0.843137264251709);
#9953=COLOUR_RGB('',0.95686274766922,0.745098054409027,0.843137264251709);
#9954=COLOUR_RGB('',0.95686274766922,0.745098054409027,0.843137264251709);
#9955=COLOUR_RGB('',0.95686274766922,0.745098054409027,0.843137264251709);
#9956=COLOUR_RGB('',0.95686274766922,0.745098054409027,0.843137264251709);
#9957=COLOUR_RGB('',0.95686274766922,0.745098054409027,0.843137264251709);
#9958=COLOUR_RGB('',0.95686274766922,0.745098054409027,0.843137264251709);
#9959=COLOUR_RGB('',0.95686274766922,0.745098054409027,0.843137264251709);
#9960=COLOUR_RGB('',0.95686274766922,0.745098054409027,0.843137264251709);
#9961=COLOUR_RGB('',0.95686274766922,0.745098054409027,0.843137264251709);
#9962=COLOUR_RGB('',0.95686274766922,0.745098054409027,0.843137264251709);
#9963=COLOUR_RGB('',0.95686274766922,0.745098054409027,0.843137264251709);
#9964=COLOUR_RGB('',0.95686274766922,0.745098054409027,0.843137264251709);
#9965=COLOUR_RGB('',0.95686274766922,0.745098054409027,0.843137264251709);
#9966=COLOUR_RGB('',0.95686274766922,0.745098054409027,0.843137264251709);
#9967=COLOUR_RGB('',0.95686274766922,0.745098054409027,0.843137264251709);
#9968=COLOUR_RGB('',0.95686274766922,0.745098054409027,0.843137264251709);
#9969=COLOUR_RGB('',0.95686274766922,0.745098054409027,0.843137264251709);
#9970=COLOUR_RGB('',0.95686274766922,0.745098054409027,0.843137264251709);
#9971=COLOUR_RGB('',0.95686274766922,0.745098054409027,0.843137264251709);
#9972=COLOUR_RGB('',0.95686274766922,0.745098054409027,0.843137264251709);
#9973=COLOUR_RGB('',0.95686274766922,0.745098054409027,0.843137264251709);
#9974=COLOUR_RGB('',0.95686274766922,0.745098054409027,0.843137264251709);
#9975=COLOUR_RGB('',0.95686274766922,0.745098054409027,0.843137264251709);
#9976=COLOUR_RGB('',0.95686274766922,0.745098054409027,0.843137264251709);
#9977=COLOUR_RGB('',0.95686274766922,0.745098054409027,0.843137264251709);
#9978=COLOUR_RGB('',0.941176474094391,0.627451002597809,0.431372553110123);
ENDSEC;
END-ISO-10303-21;
