ISO-10303-21;
HEADER;
FILE_DESCRIPTION(('STEP AP214'),'1');
FILE_NAME('4.stp','2026-06-06T04:29:13',('Boonlert'),('None'),'Spatial InterOp 3D','Cimatron E 12.0',' ');
FILE_SCHEMA(('automotive_design'));
ENDSEC;
DATA;
#1=MECHANICAL_DESIGN_GEOMETRIC_PRESENTATION_REPRESENTATION(' ',(#10,#11,#12,#13,#14,#15,#16,#17,#18,#19,#20,#21,#22,#23,#24,#25,#26,#27,#28,#29,#30,#31,#32,#33,#34,#35,#36,#37,#38,#39,#40,#41,#42,#43,#44,#45,#46,#47,#48,#49,#50,#51,#52,#53,#54,#55,#56,#57,#58,#59,#60,#61,#62,#63,#64,#65,#66,#67,#68,#69,#70,#71,#72,#73,#74,#75,#76,#77,#78,#79,#80,#81,#82,#83,#84,#85,#86,#87,#88,#89,#90,#91,#92,#93,#94,#95,#96,#97,#98,#99,#100,#101,#102,#103,#104,#105,#106,#107,#108,#109,#110,#111,#112,#113,#114,#115,#116,#117,#118,#119,#120,#121,#122,#123,#124,#125,#126,#127,#128,#129,#130,#131,#132,#133,#134,#135,#136,#137,#138,#139,#140,#141,#142,#143,#144,#145,#146,#147,#148,#149,#150,#151,#152,#153,#154,#155,#156,#157,#158,#159,#160,#161,#162,#163,#164,#165,#166,#167,#168,#169,#170,#171,#172,#173,#174,#175,#176,#177,#178,#179,#180,#181,#182,#183,#184,#185,#186,#187,#188,#189,#190,#191),#6);
#2=PRODUCT_DEFINITION_CONTEXT('',#192,'design');
#3=APPLICATION_PROTOCOL_DEFINITION('INTERNATIONAL STANDARD','automotive_design',1994,#192);
#4=PRODUCT_CATEGORY_RELATIONSHIP('NONE','NONE',#193,#194);
#5=SHAPE_DEFINITION_REPRESENTATION(#195,#196);
#6= (GEOMETRIC_REPRESENTATION_CONTEXT(3)GLOBAL_UNCERTAINTY_ASSIGNED_CONTEXT((#199))GLOBAL_UNIT_ASSIGNED_CONTEXT((#201,#202,#203))REPRESENTATION_CONTEXT('NONE','WORKSPACE'));
#10=STYLED_ITEM('',(#205),#206);
#11=STYLED_ITEM('',(#207),#208);
#12=STYLED_ITEM('',(#209),#210);
#13=STYLED_ITEM('',(#211),#212);
#14=STYLED_ITEM('',(#213),#214);
#15=STYLED_ITEM('',(#215),#216);
#16=STYLED_ITEM('',(#217),#218);
#17=STYLED_ITEM('',(#219),#220);
#18=STYLED_ITEM('',(#221),#222);
#19=STYLED_ITEM('',(#223),#224);
#20=STYLED_ITEM('',(#225),#226);
#21=STYLED_ITEM('',(#227),#228);
#22=STYLED_ITEM('',(#229),#230);
#23=STYLED_ITEM('',(#231),#232);
#24=STYLED_ITEM('',(#233),#234);
#25=STYLED_ITEM('',(#235),#236);
#26=STYLED_ITEM('',(#237),#238);
#27=STYLED_ITEM('',(#239),#240);
#28=STYLED_ITEM('',(#241),#242);
#29=STYLED_ITEM('',(#243),#244);
#30=STYLED_ITEM('',(#245),#246);
#31=STYLED_ITEM('',(#247),#248);
#32=STYLED_ITEM('',(#249),#250);
#33=STYLED_ITEM('',(#251),#252);
#34=STYLED_ITEM('',(#253),#254);
#35=STYLED_ITEM('',(#255),#256);
#36=STYLED_ITEM('',(#257),#258);
#37=STYLED_ITEM('',(#259),#260);
#38=STYLED_ITEM('',(#261),#262);
#39=STYLED_ITEM('',(#263),#264);
#40=STYLED_ITEM('',(#265),#266);
#41=STYLED_ITEM('',(#267),#268);
#42=STYLED_ITEM('',(#269),#270);
#43=STYLED_ITEM('',(#271),#272);
#44=STYLED_ITEM('',(#273),#274);
#45=STYLED_ITEM('',(#275),#276);
#46=STYLED_ITEM('',(#277),#278);
#47=STYLED_ITEM('',(#279),#280);
#48=STYLED_ITEM('',(#281),#282);
#49=STYLED_ITEM('',(#283),#284);
#50=STYLED_ITEM('',(#285),#286);
#51=STYLED_ITEM('',(#287),#288);
#52=STYLED_ITEM('',(#289),#290);
#53=STYLED_ITEM('',(#291),#292);
#54=STYLED_ITEM('',(#293),#294);
#55=STYLED_ITEM('',(#295),#296);
#56=STYLED_ITEM('',(#297),#298);
#57=STYLED_ITEM('',(#299),#300);
#58=STYLED_ITEM('',(#301),#302);
#59=STYLED_ITEM('',(#303),#304);
#60=STYLED_ITEM('',(#305),#306);
#61=STYLED_ITEM('',(#307),#308);
#62=STYLED_ITEM('',(#309),#310);
#63=STYLED_ITEM('',(#311),#312);
#64=STYLED_ITEM('',(#313),#314);
#65=STYLED_ITEM('',(#315),#316);
#66=STYLED_ITEM('',(#317),#318);
#67=STYLED_ITEM('',(#319),#320);
#68=STYLED_ITEM('',(#321),#322);
#69=STYLED_ITEM('',(#323),#324);
#70=STYLED_ITEM('',(#325),#326);
#71=STYLED_ITEM('',(#327),#328);
#72=STYLED_ITEM('',(#329),#330);
#73=STYLED_ITEM('',(#331),#332);
#74=STYLED_ITEM('',(#333),#334);
#75=STYLED_ITEM('',(#335),#336);
#76=STYLED_ITEM('',(#337),#338);
#77=STYLED_ITEM('',(#339),#340);
#78=STYLED_ITEM('',(#341),#342);
#79=STYLED_ITEM('',(#343),#344);
#80=STYLED_ITEM('',(#345),#346);
#81=STYLED_ITEM('',(#347),#348);
#82=STYLED_ITEM('',(#349),#350);
#83=STYLED_ITEM('',(#351),#352);
#84=STYLED_ITEM('',(#353),#354);
#85=STYLED_ITEM('',(#355),#356);
#86=STYLED_ITEM('',(#357),#358);
#87=STYLED_ITEM('',(#359),#360);
#88=STYLED_ITEM('',(#361),#362);
#89=STYLED_ITEM('',(#363),#364);
#90=STYLED_ITEM('',(#365),#366);
#91=STYLED_ITEM('',(#367),#368);
#92=STYLED_ITEM('',(#369),#370);
#93=STYLED_ITEM('',(#371),#372);
#94=STYLED_ITEM('',(#373),#374);
#95=STYLED_ITEM('',(#375),#376);
#96=STYLED_ITEM('',(#377),#378);
#97=STYLED_ITEM('',(#379),#380);
#98=STYLED_ITEM('',(#381),#382);
#99=STYLED_ITEM('',(#383),#384);
#100=STYLED_ITEM('',(#385),#386);
#101=STYLED_ITEM('',(#387),#388);
#102=STYLED_ITEM('',(#389),#390);
#103=STYLED_ITEM('',(#391),#392);
#104=STYLED_ITEM('',(#393),#394);
#105=STYLED_ITEM('',(#395),#396);
#106=STYLED_ITEM('',(#397),#398);
#107=STYLED_ITEM('',(#399),#400);
#108=STYLED_ITEM('',(#401),#402);
#109=STYLED_ITEM('',(#403),#404);
#110=STYLED_ITEM('',(#405),#406);
#111=STYLED_ITEM('',(#407),#408);
#112=STYLED_ITEM('',(#409),#410);
#113=STYLED_ITEM('',(#411),#412);
#114=STYLED_ITEM('',(#413),#414);
#115=STYLED_ITEM('',(#415),#416);
#116=STYLED_ITEM('',(#417),#418);
#117=STYLED_ITEM('',(#419),#420);
#118=STYLED_ITEM('',(#421),#422);
#119=STYLED_ITEM('',(#423),#424);
#120=STYLED_ITEM('',(#425),#426);
#121=STYLED_ITEM('',(#427),#428);
#122=STYLED_ITEM('',(#429),#430);
#123=STYLED_ITEM('',(#431),#432);
#124=STYLED_ITEM('',(#433),#434);
#125=STYLED_ITEM('',(#435),#436);
#126=STYLED_ITEM('',(#437),#438);
#127=STYLED_ITEM('',(#439),#440);
#128=STYLED_ITEM('',(#441),#442);
#129=STYLED_ITEM('',(#443),#444);
#130=STYLED_ITEM('',(#445),#446);
#131=STYLED_ITEM('',(#447),#448);
#132=STYLED_ITEM('',(#449),#450);
#133=STYLED_ITEM('',(#451),#452);
#134=STYLED_ITEM('',(#453),#454);
#135=STYLED_ITEM('',(#455),#456);
#136=STYLED_ITEM('',(#457),#458);
#137=STYLED_ITEM('',(#459),#460);
#138=STYLED_ITEM('',(#461),#462);
#139=STYLED_ITEM('',(#463),#464);
#140=STYLED_ITEM('',(#465),#466);
#141=STYLED_ITEM('',(#467),#468);
#142=STYLED_ITEM('',(#469),#470);
#143=STYLED_ITEM('',(#471),#472);
#144=STYLED_ITEM('',(#473),#474);
#145=STYLED_ITEM('',(#475),#476);
#146=STYLED_ITEM('',(#477),#478);
#147=STYLED_ITEM('',(#479),#480);
#148=STYLED_ITEM('',(#481),#482);
#149=STYLED_ITEM('',(#483),#484);
#150=STYLED_ITEM('',(#485),#486);
#151=STYLED_ITEM('',(#487),#488);
#152=STYLED_ITEM('',(#489),#490);
#153=STYLED_ITEM('',(#491),#492);
#154=STYLED_ITEM('',(#493),#494);
#155=STYLED_ITEM('',(#495),#496);
#156=STYLED_ITEM('',(#497),#498);
#157=STYLED_ITEM('',(#499),#500);
#158=STYLED_ITEM('',(#501),#502);
#159=STYLED_ITEM('',(#503),#504);
#160=STYLED_ITEM('',(#505),#506);
#161=STYLED_ITEM('',(#507),#508);
#162=STYLED_ITEM('',(#509),#510);
#163=STYLED_ITEM('',(#511),#512);
#164=STYLED_ITEM('',(#513),#514);
#165=STYLED_ITEM('',(#515),#516);
#166=STYLED_ITEM('',(#517),#518);
#167=STYLED_ITEM('',(#519),#520);
#168=STYLED_ITEM('',(#521),#522);
#169=STYLED_ITEM('',(#523),#524);
#170=STYLED_ITEM('',(#525),#526);
#171=STYLED_ITEM('',(#527),#528);
#172=STYLED_ITEM('',(#529),#530);
#173=STYLED_ITEM('',(#531),#532);
#174=STYLED_ITEM('',(#533),#534);
#175=STYLED_ITEM('',(#535),#536);
#176=STYLED_ITEM('',(#537),#538);
#177=STYLED_ITEM('',(#539),#540);
#178=STYLED_ITEM('',(#541),#542);
#179=STYLED_ITEM('',(#543),#544);
#180=STYLED_ITEM('',(#545),#546);
#181=STYLED_ITEM('',(#547),#548);
#182=STYLED_ITEM('',(#549),#550);
#183=STYLED_ITEM('',(#551),#552);
#184=STYLED_ITEM('',(#553),#554);
#185=STYLED_ITEM('',(#555),#556);
#186=STYLED_ITEM('',(#557),#558);
#187=STYLED_ITEM('',(#559),#560);
#188=STYLED_ITEM('',(#561),#562);
#189=STYLED_ITEM('',(#563),#564);
#190=STYLED_ITEM('',(#565),#566);
#191=STYLED_ITEM('',(#567),#568);
#192=APPLICATION_CONTEXT(' ');
#193=PRODUCT_CATEGORY('part','NONE');
#194=PRODUCT_RELATED_PRODUCT_CATEGORY('detail',' ',(#569));
#195=PRODUCT_DEFINITION_SHAPE('NONE','NONE',#570);
#196=ADVANCED_BREP_SHAPE_REPRESENTATION('1',(#568,#571),#6);
#199=UNCERTAINTY_MEASURE_WITH_UNIT(LENGTH_MEASURE(1.0E-006),#201,'','');
#201= (CONVERSION_BASED_UNIT('MILLIMETRE',#574)LENGTH_UNIT()NAMED_UNIT(#577));
#202= (NAMED_UNIT(#579)PLANE_ANGLE_UNIT()SI_UNIT($,.RADIAN.));
#203= (NAMED_UNIT(#579)SOLID_ANGLE_UNIT()SI_UNIT($,.STERADIAN.));
#205=PRESENTATION_STYLE_ASSIGNMENT((#585));
#206=ADVANCED_FACE('',(#586,#587),#588,.F.);
#207=PRESENTATION_STYLE_ASSIGNMENT((#589));
#208=ADVANCED_FACE('',(#590,#591,#592,#593,#594,#595,#596,#597,#598,#599,#600,#601,#602,#603,#604,#605,#606,#607),#608,.F.);
#209=PRESENTATION_STYLE_ASSIGNMENT((#609));
#210=ADVANCED_FACE('',(#610),#611,.T.);
#211=PRESENTATION_STYLE_ASSIGNMENT((#612));
#212=ADVANCED_FACE('',(#613),#614,.T.);
#213=PRESENTATION_STYLE_ASSIGNMENT((#615));
#214=ADVANCED_FACE('',(#616),#617,.T.);
#215=PRESENTATION_STYLE_ASSIGNMENT((#618));
#216=ADVANCED_FACE('',(#619,#620,#621,#622,#623,#624,#625,#626,#627,#628,#629,#630,#631,#632,#633),#634,.T.);
#217=PRESENTATION_STYLE_ASSIGNMENT((#635));
#218=ADVANCED_FACE('',(#636,#637),#638,.F.);
#219=PRESENTATION_STYLE_ASSIGNMENT((#639));
#220=ADVANCED_FACE('',(#640,#641),#642,.F.);
#221=PRESENTATION_STYLE_ASSIGNMENT((#643));
#222=ADVANCED_FACE('',(#644,#645),#646,.F.);
#223=PRESENTATION_STYLE_ASSIGNMENT((#647));
#224=ADVANCED_FACE('',(#648,#649),#650,.F.);
#225=PRESENTATION_STYLE_ASSIGNMENT((#651));
#226=ADVANCED_FACE('',(#652,#653),#654,.F.);
#227=PRESENTATION_STYLE_ASSIGNMENT((#655));
#228=ADVANCED_FACE('',(#656,#657),#658,.F.);
#229=PRESENTATION_STYLE_ASSIGNMENT((#659));
#230=ADVANCED_FACE('',(#660,#661),#662,.F.);
#231=PRESENTATION_STYLE_ASSIGNMENT((#663));
#232=ADVANCED_FACE('',(#664,#665),#666,.F.);
#233=PRESENTATION_STYLE_ASSIGNMENT((#667));
#234=ADVANCED_FACE('',(#668,#669),#670,.F.);
#235=PRESENTATION_STYLE_ASSIGNMENT((#671));
#236=ADVANCED_FACE('',(#672),#673,.F.);
#237=PRESENTATION_STYLE_ASSIGNMENT((#674));
#238=ADVANCED_FACE('',(#675),#676,.F.);
#239=PRESENTATION_STYLE_ASSIGNMENT((#677));
#240=ADVANCED_FACE('',(#678),#679,.F.);
#241=PRESENTATION_STYLE_ASSIGNMENT((#680));
#242=ADVANCED_FACE('',(#681),#682,.F.);
#243=PRESENTATION_STYLE_ASSIGNMENT((#683));
#244=ADVANCED_FACE('',(#684,#685),#686,.F.);
#245=PRESENTATION_STYLE_ASSIGNMENT((#687));
#246=ADVANCED_FACE('',(#688,#689),#690,.F.);
#247=PRESENTATION_STYLE_ASSIGNMENT((#691));
#248=ADVANCED_FACE('',(#692,#693),#694,.F.);
#249=PRESENTATION_STYLE_ASSIGNMENT((#695));
#250=ADVANCED_FACE('',(#696,#697),#698,.F.);
#251=PRESENTATION_STYLE_ASSIGNMENT((#699));
#252=ADVANCED_FACE('',(#700,#701),#702,.F.);
#253=PRESENTATION_STYLE_ASSIGNMENT((#703));
#254=ADVANCED_FACE('',(#704,#705),#706,.F.);
#255=PRESENTATION_STYLE_ASSIGNMENT((#707));
#256=ADVANCED_FACE('',(#708,#709),#710,.F.);
#257=PRESENTATION_STYLE_ASSIGNMENT((#711));
#258=ADVANCED_FACE('',(#712,#713),#714,.F.);
#259=PRESENTATION_STYLE_ASSIGNMENT((#715));
#260=ADVANCED_FACE('',(#716,#717),#718,.F.);
#261=PRESENTATION_STYLE_ASSIGNMENT((#719));
#262=ADVANCED_FACE('',(#720,#721),#722,.F.);
#263=PRESENTATION_STYLE_ASSIGNMENT((#723));
#264=ADVANCED_FACE('',(#724,#725),#726,.F.);
#265=PRESENTATION_STYLE_ASSIGNMENT((#727));
#266=ADVANCED_FACE('',(#728,#729),#730,.F.);
#267=PRESENTATION_STYLE_ASSIGNMENT((#731));
#268=ADVANCED_FACE('',(#732,#733),#734,.F.);
#269=PRESENTATION_STYLE_ASSIGNMENT((#735));
#270=ADVANCED_FACE('',(#736,#737),#738,.F.);
#271=PRESENTATION_STYLE_ASSIGNMENT((#739));
#272=ADVANCED_FACE('',(#740,#741),#742,.F.);
#273=PRESENTATION_STYLE_ASSIGNMENT((#743));
#274=ADVANCED_FACE('',(#744,#745),#746,.F.);
#275=PRESENTATION_STYLE_ASSIGNMENT((#747));
#276=ADVANCED_FACE('',(#748,#749),#750,.F.);
#277=PRESENTATION_STYLE_ASSIGNMENT((#751));
#278=ADVANCED_FACE('',(#752,#753),#754,.F.);
#279=PRESENTATION_STYLE_ASSIGNMENT((#755));
#280=ADVANCED_FACE('',(#756,#757),#758,.F.);
#281=PRESENTATION_STYLE_ASSIGNMENT((#759));
#282=ADVANCED_FACE('',(#760,#761),#762,.F.);
#283=PRESENTATION_STYLE_ASSIGNMENT((#763));
#284=ADVANCED_FACE('',(#764,#765),#766,.F.);
#285=PRESENTATION_STYLE_ASSIGNMENT((#767));
#286=ADVANCED_FACE('',(#768,#769),#770,.F.);
#287=PRESENTATION_STYLE_ASSIGNMENT((#771));
#288=ADVANCED_FACE('',(#772,#773),#774,.F.);
#289=PRESENTATION_STYLE_ASSIGNMENT((#775));
#290=ADVANCED_FACE('',(#776,#777),#778,.F.);
#291=PRESENTATION_STYLE_ASSIGNMENT((#779));
#292=ADVANCED_FACE('',(#780,#781),#782,.F.);
#293=PRESENTATION_STYLE_ASSIGNMENT((#783));
#294=ADVANCED_FACE('',(#784,#785),#786,.F.);
#295=PRESENTATION_STYLE_ASSIGNMENT((#787));
#296=ADVANCED_FACE('',(#788,#789),#790,.F.);
#297=PRESENTATION_STYLE_ASSIGNMENT((#791));
#298=ADVANCED_FACE('',(#792,#793),#794,.F.);
#299=PRESENTATION_STYLE_ASSIGNMENT((#795));
#300=ADVANCED_FACE('',(#796,#797),#798,.F.);
#301=PRESENTATION_STYLE_ASSIGNMENT((#799));
#302=ADVANCED_FACE('',(#800,#801),#802,.F.);
#303=PRESENTATION_STYLE_ASSIGNMENT((#803));
#304=ADVANCED_FACE('',(#804,#805),#806,.F.);
#305=PRESENTATION_STYLE_ASSIGNMENT((#807));
#306=ADVANCED_FACE('',(#808,#809),#810,.F.);
#307=PRESENTATION_STYLE_ASSIGNMENT((#811));
#308=ADVANCED_FACE('',(#812,#813),#814,.F.);
#309=PRESENTATION_STYLE_ASSIGNMENT((#815));
#310=ADVANCED_FACE('',(#816,#817),#818,.F.);
#311=PRESENTATION_STYLE_ASSIGNMENT((#819));
#312=ADVANCED_FACE('',(#820,#821),#822,.F.);
#313=PRESENTATION_STYLE_ASSIGNMENT((#823));
#314=ADVANCED_FACE('',(#824,#825),#826,.F.);
#315=PRESENTATION_STYLE_ASSIGNMENT((#827));
#316=ADVANCED_FACE('',(#828,#829),#830,.F.);
#317=PRESENTATION_STYLE_ASSIGNMENT((#831));
#318=ADVANCED_FACE('',(#832,#833),#834,.T.);
#319=PRESENTATION_STYLE_ASSIGNMENT((#835));
#320=ADVANCED_FACE('',(#836,#837),#838,.F.);
#321=PRESENTATION_STYLE_ASSIGNMENT((#839));
#322=ADVANCED_FACE('',(#840,#841),#842,.F.);
#323=PRESENTATION_STYLE_ASSIGNMENT((#843));
#324=ADVANCED_FACE('',(#844,#845),#846,.F.);
#325=PRESENTATION_STYLE_ASSIGNMENT((#847));
#326=ADVANCED_FACE('',(#848,#849),#850,.F.);
#327=PRESENTATION_STYLE_ASSIGNMENT((#851));
#328=ADVANCED_FACE('',(#852,#853),#854,.F.);
#329=PRESENTATION_STYLE_ASSIGNMENT((#855));
#330=ADVANCED_FACE('',(#856,#857),#858,.F.);
#331=PRESENTATION_STYLE_ASSIGNMENT((#859));
#332=ADVANCED_FACE('',(#860,#861),#862,.T.);
#333=PRESENTATION_STYLE_ASSIGNMENT((#863));
#334=ADVANCED_FACE('',(#864,#865),#866,.F.);
#335=PRESENTATION_STYLE_ASSIGNMENT((#867));
#336=ADVANCED_FACE('',(#868,#869),#870,.F.);
#337=PRESENTATION_STYLE_ASSIGNMENT((#871));
#338=ADVANCED_FACE('',(#872,#873),#874,.F.);
#339=PRESENTATION_STYLE_ASSIGNMENT((#875));
#340=ADVANCED_FACE('',(#876,#877),#878,.F.);
#341=PRESENTATION_STYLE_ASSIGNMENT((#879));
#342=ADVANCED_FACE('',(#880,#881),#882,.F.);
#343=PRESENTATION_STYLE_ASSIGNMENT((#883));
#344=ADVANCED_FACE('',(#884,#885),#886,.F.);
#345=PRESENTATION_STYLE_ASSIGNMENT((#887));
#346=ADVANCED_FACE('',(#888,#889),#890,.F.);
#347=PRESENTATION_STYLE_ASSIGNMENT((#891));
#348=ADVANCED_FACE('',(#892,#893),#894,.T.);
#349=PRESENTATION_STYLE_ASSIGNMENT((#895));
#350=ADVANCED_FACE('',(#896,#897),#898,.F.);
#351=PRESENTATION_STYLE_ASSIGNMENT((#899));
#352=ADVANCED_FACE('',(#900,#901),#902,.T.);
#353=PRESENTATION_STYLE_ASSIGNMENT((#903));
#354=ADVANCED_FACE('',(#904),#905,.T.);
#355=PRESENTATION_STYLE_ASSIGNMENT((#906));
#356=ADVANCED_FACE('',(#907),#908,.T.);
#357=PRESENTATION_STYLE_ASSIGNMENT((#909));
#358=ADVANCED_FACE('',(#910,#911),#912,.T.);
#359=PRESENTATION_STYLE_ASSIGNMENT((#913));
#360=EDGE_CURVE('',#914,#914,#915,.F.);
#361=PRESENTATION_STYLE_ASSIGNMENT((#916));
#362=EDGE_CURVE('',#917,#917,#918,.T.);
#363=PRESENTATION_STYLE_ASSIGNMENT((#919));
#364=EDGE_CURVE('',#920,#920,#921,.T.);
#365=PRESENTATION_STYLE_ASSIGNMENT((#922));
#366=EDGE_CURVE('',#923,#923,#924,.T.);
#367=PRESENTATION_STYLE_ASSIGNMENT((#925));
#368=EDGE_CURVE('',#926,#926,#927,.T.);
#369=PRESENTATION_STYLE_ASSIGNMENT((#928));
#370=EDGE_CURVE('',#929,#929,#930,.T.);
#371=PRESENTATION_STYLE_ASSIGNMENT((#931));
#372=EDGE_CURVE('',#932,#932,#933,.T.);
#373=PRESENTATION_STYLE_ASSIGNMENT((#934));
#374=EDGE_CURVE('',#935,#935,#936,.T.);
#375=PRESENTATION_STYLE_ASSIGNMENT((#937));
#376=EDGE_CURVE('',#938,#938,#939,.T.);
#377=PRESENTATION_STYLE_ASSIGNMENT((#940));
#378=EDGE_CURVE('',#941,#941,#942,.T.);
#379=PRESENTATION_STYLE_ASSIGNMENT((#943));
#380=EDGE_CURVE('',#944,#944,#945,.T.);
#381=PRESENTATION_STYLE_ASSIGNMENT((#946));
#382=EDGE_CURVE('',#947,#947,#948,.T.);
#383=PRESENTATION_STYLE_ASSIGNMENT((#949));
#384=EDGE_CURVE('',#950,#950,#951,.T.);
#385=PRESENTATION_STYLE_ASSIGNMENT((#952));
#386=EDGE_CURVE('',#953,#953,#954,.T.);
#387=PRESENTATION_STYLE_ASSIGNMENT((#955));
#388=EDGE_CURVE('',#956,#956,#957,.T.);
#389=PRESENTATION_STYLE_ASSIGNMENT((#958));
#390=EDGE_CURVE('',#959,#959,#960,.T.);
#391=PRESENTATION_STYLE_ASSIGNMENT((#961));
#392=EDGE_CURVE('',#962,#962,#963,.T.);
#393=PRESENTATION_STYLE_ASSIGNMENT((#964));
#394=EDGE_CURVE('',#965,#966,#967,.T.);
#395=PRESENTATION_STYLE_ASSIGNMENT((#968));
#396=EDGE_CURVE('',#969,#965,#970,.T.);
#397=PRESENTATION_STYLE_ASSIGNMENT((#971));
#398=EDGE_CURVE('',#972,#969,#973,.T.);
#399=PRESENTATION_STYLE_ASSIGNMENT((#974));
#400=EDGE_CURVE('',#966,#972,#975,.T.);
#401=PRESENTATION_STYLE_ASSIGNMENT((#976));
#402=EDGE_CURVE('',#977,#978,#979,.T.);
#403=PRESENTATION_STYLE_ASSIGNMENT((#980));
#404=EDGE_CURVE('',#981,#977,#982,.T.);
#405=PRESENTATION_STYLE_ASSIGNMENT((#983));
#406=EDGE_CURVE('',#984,#981,#985,.T.);
#407=PRESENTATION_STYLE_ASSIGNMENT((#986));
#408=EDGE_CURVE('',#978,#984,#987,.T.);
#409=PRESENTATION_STYLE_ASSIGNMENT((#988));
#410=EDGE_CURVE('',#989,#981,#990,.F.);
#411=PRESENTATION_STYLE_ASSIGNMENT((#991));
#412=EDGE_CURVE('',#989,#992,#993,.F.);
#413=PRESENTATION_STYLE_ASSIGNMENT((#994));
#414=EDGE_CURVE('',#992,#984,#995,.F.);
#415=PRESENTATION_STYLE_ASSIGNMENT((#996));
#416=EDGE_CURVE('',#997,#977,#998,.F.);
#417=PRESENTATION_STYLE_ASSIGNMENT((#999));
#418=EDGE_CURVE('',#997,#989,#1000,.F.);
#419=PRESENTATION_STYLE_ASSIGNMENT((#1001));
#420=EDGE_CURVE('',#992,#1002,#1003,.F.);
#421=PRESENTATION_STYLE_ASSIGNMENT((#1004));
#422=EDGE_CURVE('',#1002,#978,#1005,.F.);
#423=PRESENTATION_STYLE_ASSIGNMENT((#1006));
#424=EDGE_CURVE('',#1007,#1007,#1008,.F.);
#425=PRESENTATION_STYLE_ASSIGNMENT((#1009));
#426=EDGE_CURVE('',#1010,#1010,#1011,.F.);
#427=PRESENTATION_STYLE_ASSIGNMENT((#1012));
#428=EDGE_CURVE('',#1013,#1013,#1014,.F.);
#429=PRESENTATION_STYLE_ASSIGNMENT((#1015));
#430=EDGE_CURVE('',#1016,#1016,#1017,.F.);
#431=PRESENTATION_STYLE_ASSIGNMENT((#1018));
#432=EDGE_CURVE('',#1019,#1019,#1020,.F.);
#433=PRESENTATION_STYLE_ASSIGNMENT((#1021));
#434=EDGE_CURVE('',#1022,#1022,#1023,.F.);
#435=PRESENTATION_STYLE_ASSIGNMENT((#1024));
#436=EDGE_CURVE('',#1025,#1025,#1026,.F.);
#437=PRESENTATION_STYLE_ASSIGNMENT((#1027));
#438=EDGE_CURVE('',#1028,#1028,#1029,.F.);
#439=PRESENTATION_STYLE_ASSIGNMENT((#1030));
#440=EDGE_CURVE('',#1031,#1031,#1032,.F.);
#441=PRESENTATION_STYLE_ASSIGNMENT((#1033));
#442=EDGE_CURVE('',#1034,#1034,#1035,.F.);
#443=PRESENTATION_STYLE_ASSIGNMENT((#1036));
#444=EDGE_CURVE('',#1037,#1037,#1038,.F.);
#445=PRESENTATION_STYLE_ASSIGNMENT((#1039));
#446=EDGE_CURVE('',#1040,#1040,#1041,.F.);
#447=PRESENTATION_STYLE_ASSIGNMENT((#1042));
#448=EDGE_CURVE('',#1043,#1043,#1044,.F.);
#449=PRESENTATION_STYLE_ASSIGNMENT((#1045));
#450=EDGE_CURVE('',#1046,#1046,#1047,.F.);
#451=PRESENTATION_STYLE_ASSIGNMENT((#1048));
#452=EDGE_CURVE('',#1049,#1050,#1051,.T.);
#453=PRESENTATION_STYLE_ASSIGNMENT((#1052));
#454=EDGE_CURVE('',#1050,#1053,#1054,.T.);
#455=PRESENTATION_STYLE_ASSIGNMENT((#1055));
#456=EDGE_CURVE('',#1053,#1056,#1057,.T.);
#457=PRESENTATION_STYLE_ASSIGNMENT((#1058));
#458=EDGE_CURVE('',#1056,#1049,#1059,.T.);
#459=PRESENTATION_STYLE_ASSIGNMENT((#1060));
#460=EDGE_CURVE('',#1061,#1061,#1062,.F.);
#461=PRESENTATION_STYLE_ASSIGNMENT((#1063));
#462=EDGE_CURVE('',#1064,#1064,#1065,.T.);
#463=PRESENTATION_STYLE_ASSIGNMENT((#1066));
#464=EDGE_CURVE('',#1067,#1067,#1068,.T.);
#465=PRESENTATION_STYLE_ASSIGNMENT((#1069));
#466=EDGE_CURVE('',#1070,#1070,#1071,.F.);
#467=PRESENTATION_STYLE_ASSIGNMENT((#1072));
#468=EDGE_CURVE('',#1073,#1073,#1074,.T.);
#469=PRESENTATION_STYLE_ASSIGNMENT((#1075));
#470=EDGE_CURVE('',#1076,#1076,#1077,.F.);
#471=PRESENTATION_STYLE_ASSIGNMENT((#1078));
#472=EDGE_CURVE('',#1079,#1079,#1080,.F.);
#473=PRESENTATION_STYLE_ASSIGNMENT((#1081));
#474=EDGE_CURVE('',#1082,#1082,#1083,.T.);
#475=PRESENTATION_STYLE_ASSIGNMENT((#1084));
#476=EDGE_CURVE('',#1085,#1085,#1086,.T.);
#477=PRESENTATION_STYLE_ASSIGNMENT((#1087));
#478=EDGE_CURVE('',#1088,#1088,#1089,.F.);
#479=PRESENTATION_STYLE_ASSIGNMENT((#1090));
#480=EDGE_CURVE('',#1091,#1091,#1092,.T.);
#481=PRESENTATION_STYLE_ASSIGNMENT((#1093));
#482=EDGE_CURVE('',#1094,#1094,#1095,.F.);
#483=PRESENTATION_STYLE_ASSIGNMENT((#1096));
#484=EDGE_CURVE('',#1097,#1097,#1098,.F.);
#485=PRESENTATION_STYLE_ASSIGNMENT((#1099));
#486=EDGE_CURVE('',#1100,#1100,#1101,.F.);
#487=PRESENTATION_STYLE_ASSIGNMENT((#1102));
#488=EDGE_CURVE('',#1103,#1103,#1104,.T.);
#489=PRESENTATION_STYLE_ASSIGNMENT((#1105));
#490=EDGE_CURVE('',#1049,#965,#1106,.T.);
#491=PRESENTATION_STYLE_ASSIGNMENT((#1107));
#492=EDGE_CURVE('',#1056,#969,#1108,.T.);
#493=PRESENTATION_STYLE_ASSIGNMENT((#1109));
#494=EDGE_CURVE('',#1053,#972,#1110,.T.);
#495=PRESENTATION_STYLE_ASSIGNMENT((#1111));
#496=EDGE_CURVE('',#1050,#966,#1112,.T.);
#497=PRESENTATION_STYLE_ASSIGNMENT((#1113));
#498=EDGE_CURVE('',#1114,#1114,#1115,.F.);
#499=PRESENTATION_STYLE_ASSIGNMENT((#1116));
#500=EDGE_CURVE('',#1117,#1117,#1118,.T.);
#501=PRESENTATION_STYLE_ASSIGNMENT((#1119));
#502=EDGE_CURVE('',#1120,#1120,#1121,.F.);
#503=PRESENTATION_STYLE_ASSIGNMENT((#1122));
#504=EDGE_CURVE('',#1123,#1123,#1124,.F.);
#505=PRESENTATION_STYLE_ASSIGNMENT((#1125));
#506=EDGE_CURVE('',#1126,#1126,#1127,.F.);
#507=PRESENTATION_STYLE_ASSIGNMENT((#1128));
#508=EDGE_CURVE('',#1129,#1129,#1130,.F.);
#509=PRESENTATION_STYLE_ASSIGNMENT((#1131));
#510=EDGE_CURVE('',#1132,#1132,#1133,.F.);
#511=PRESENTATION_STYLE_ASSIGNMENT((#1134));
#512=EDGE_CURVE('',#1135,#1135,#1136,.T.);
#513=PRESENTATION_STYLE_ASSIGNMENT((#1137));
#514=EDGE_CURVE('',#1138,#1138,#1139,.F.);
#515=PRESENTATION_STYLE_ASSIGNMENT((#1140));
#516=EDGE_CURVE('',#1141,#1141,#1142,.T.);
#517=PRESENTATION_STYLE_ASSIGNMENT((#1143));
#518=EDGE_CURVE('',#1144,#1144,#1145,.F.);
#519=PRESENTATION_STYLE_ASSIGNMENT((#1146));
#520=EDGE_CURVE('',#1147,#1147,#1148,.T.);
#521=PRESENTATION_STYLE_ASSIGNMENT((#1149));
#522=EDGE_CURVE('',#1150,#1150,#1151,.F.);
#523=PRESENTATION_STYLE_ASSIGNMENT((#1152));
#524=EDGE_CURVE('',#1153,#1153,#1154,.T.);
#525=PRESENTATION_STYLE_ASSIGNMENT((#1155));
#526=EDGE_CURVE('',#1156,#1156,#1157,.T.);
#527=PRESENTATION_STYLE_ASSIGNMENT((#1158));
#528=EDGE_CURVE('',#1159,#1159,#1160,.T.);
#529=PRESENTATION_STYLE_ASSIGNMENT((#1161));
#530=EDGE_CURVE('',#1162,#1162,#1163,.T.);
#531=PRESENTATION_STYLE_ASSIGNMENT((#1164));
#532=EDGE_CURVE('',#1165,#1165,#1166,.T.);
#533=PRESENTATION_STYLE_ASSIGNMENT((#1167));
#534=EDGE_CURVE('',#1168,#1168,#1169,.T.);
#535=PRESENTATION_STYLE_ASSIGNMENT((#1170));
#536=EDGE_CURVE('',#1171,#1171,#1172,.T.);
#537=PRESENTATION_STYLE_ASSIGNMENT((#1173));
#538=EDGE_CURVE('',#1174,#1174,#1175,.T.);
#539=PRESENTATION_STYLE_ASSIGNMENT((#1176));
#540=EDGE_CURVE('',#1177,#1177,#1178,.T.);
#541=PRESENTATION_STYLE_ASSIGNMENT((#1179));
#542=EDGE_CURVE('',#1180,#1180,#1181,.F.);
#543=PRESENTATION_STYLE_ASSIGNMENT((#1182));
#544=EDGE_CURVE('',#1183,#1183,#1184,.F.);
#545=PRESENTATION_STYLE_ASSIGNMENT((#1185));
#546=EDGE_CURVE('',#1186,#1186,#1187,.F.);
#547=PRESENTATION_STYLE_ASSIGNMENT((#1188));
#548=EDGE_CURVE('',#1189,#1189,#1190,.F.);
#549=PRESENTATION_STYLE_ASSIGNMENT((#1191));
#550=EDGE_CURVE('',#1192,#1192,#1193,.T.);
#551=PRESENTATION_STYLE_ASSIGNMENT((#1194));
#552=EDGE_CURVE('',#1195,#1195,#1196,.F.);
#553=PRESENTATION_STYLE_ASSIGNMENT((#1197));
#554=EDGE_CURVE('',#1198,#1198,#1199,.T.);
#555=PRESENTATION_STYLE_ASSIGNMENT((#1200));
#556=EDGE_CURVE('',#1201,#1201,#1202,.F.);
#557=PRESENTATION_STYLE_ASSIGNMENT((#1203));
#558=EDGE_CURVE('',#1204,#1204,#1205,.F.);
#559=PRESENTATION_STYLE_ASSIGNMENT((#1206));
#560=EDGE_CURVE('',#1207,#1207,#1208,.F.);
#561=PRESENTATION_STYLE_ASSIGNMENT((#1209));
#562=EDGE_CURVE('',#1210,#1210,#1211,.F.);
#563=PRESENTATION_STYLE_ASSIGNMENT((#1212));
#564=EDGE_CURVE('',#1213,#1213,#1214,.F.);
#565=PRESENTATION_STYLE_ASSIGNMENT((#1215));
#566=EDGE_CURVE('',#1002,#997,#1216,.F.);
#567=PRESENTATION_STYLE_ASSIGNMENT((#1217));
#568=MANIFOLD_SOLID_BREP('1',#1218);
#569=PRODUCT('1','1','PART-1-DESC',(#1219));
#570=PRODUCT_DEFINITION('NONE','NONE',#1220,#2);
#571=AXIS2_PLACEMENT_3D('',#1221,#1222,#1223);
#574=LENGTH_MEASURE_WITH_UNIT(LENGTH_MEASURE(1.0),#1224);
#577=DIMENSIONAL_EXPONENTS(1.0,0.0,0.0,0.0,0.0,0.0,0.0);
#579=DIMENSIONAL_EXPONENTS(0.0,0.0,0.0,0.0,0.0,0.0,0.0);
#585=SURFACE_STYLE_USAGE(.BOTH.,#1225);
#586=FACE_BOUND('',#1226,.T.);
#587=FACE_BOUND('',#1227,.T.);
#588=CONICAL_SURFACE('',#1228,9.0,0.785398163397452);
#589=SURFACE_STYLE_USAGE(.BOTH.,#1229);
#590=FACE_BOUND('',#1230,.T.);
#591=FACE_BOUND('',#1231,.T.);
#592=FACE_BOUND('',#1232,.T.);
#593=FACE_BOUND('',#1233,.T.);
#594=FACE_BOUND('',#1234,.T.);
#595=FACE_BOUND('',#1235,.T.);
#596=FACE_BOUND('',#1236,.T.);
#597=FACE_BOUND('',#1237,.T.);
#598=FACE_BOUND('',#1238,.T.);
#599=FACE_BOUND('',#1239,.T.);
#600=FACE_BOUND('',#1240,.T.);
#601=FACE_BOUND('',#1241,.T.);
#602=FACE_BOUND('',#1242,.T.);
#603=FACE_BOUND('',#1243,.T.);
#604=FACE_BOUND('',#1244,.T.);
#605=FACE_BOUND('',#1245,.T.);
#606=FACE_OUTER_BOUND('',#1246,.T.);
#607=FACE_BOUND('',#1247,.T.);
#608=PLANE('',#1248);
#609=SURFACE_STYLE_USAGE(.BOTH.,#1249);
#610=FACE_OUTER_BOUND('',#1250,.T.);
#611=PLANE('',#1251);
#612=SURFACE_STYLE_USAGE(.BOTH.,#1252);
#613=FACE_OUTER_BOUND('',#1253,.T.);
#614=PLANE('',#1254);
#615=SURFACE_STYLE_USAGE(.BOTH.,#1255);
#616=FACE_OUTER_BOUND('',#1256,.T.);
#617=PLANE('',#1257);
#618=SURFACE_STYLE_USAGE(.BOTH.,#1258);
#619=FACE_BOUND('',#1259,.T.);
#620=FACE_BOUND('',#1260,.T.);
#621=FACE_BOUND('',#1261,.T.);
#622=FACE_BOUND('',#1262,.T.);
#623=FACE_BOUND('',#1263,.T.);
#624=FACE_BOUND('',#1264,.T.);
#625=FACE_BOUND('',#1265,.T.);
#626=FACE_BOUND('',#1266,.T.);
#627=FACE_BOUND('',#1267,.T.);
#628=FACE_BOUND('',#1268,.T.);
#629=FACE_BOUND('',#1269,.T.);
#630=FACE_BOUND('',#1270,.T.);
#631=FACE_BOUND('',#1271,.T.);
#632=FACE_BOUND('',#1272,.T.);
#633=FACE_OUTER_BOUND('',#1273,.T.);
#634=PLANE('',#1274);
#635=SURFACE_STYLE_USAGE(.BOTH.,#1275);
#636=FACE_BOUND('',#1276,.T.);
#637=FACE_BOUND('',#1277,.T.);
#638=CYLINDRICAL_SURFACE('',#1278,10.0);
#639=SURFACE_STYLE_USAGE(.BOTH.,#1279);
#640=FACE_BOUND('',#1280,.T.);
#641=FACE_BOUND('',#1281,.T.);
#642=CYLINDRICAL_SURFACE('',#1282,8.0);
#643=SURFACE_STYLE_USAGE(.BOTH.,#1283);
#644=FACE_BOUND('',#1284,.T.);
#645=FACE_BOUND('',#1285,.T.);
#646=CYLINDRICAL_SURFACE('',#1286,14.0);
#647=SURFACE_STYLE_USAGE(.BOTH.,#1287);
#648=FACE_BOUND('',#1288,.T.);
#649=FACE_BOUND('',#1289,.T.);
#650=CYLINDRICAL_SURFACE('',#1290,8.0);
#651=SURFACE_STYLE_USAGE(.BOTH.,#1291);
#652=FACE_BOUND('',#1292,.T.);
#653=FACE_BOUND('',#1293,.T.);
#654=CYLINDRICAL_SURFACE('',#1294,8.0);
#655=SURFACE_STYLE_USAGE(.BOTH.,#1295);
#656=FACE_BOUND('',#1296,.T.);
#657=FACE_BOUND('',#1297,.T.);
#658=CYLINDRICAL_SURFACE('',#1298,8.0);
#659=SURFACE_STYLE_USAGE(.BOTH.,#1299);
#660=FACE_BOUND('',#1300,.T.);
#661=FACE_BOUND('',#1301,.T.);
#662=CYLINDRICAL_SURFACE('',#1302,14.0);
#663=SURFACE_STYLE_USAGE(.BOTH.,#1303);
#664=FACE_BOUND('',#1304,.T.);
#665=FACE_BOUND('',#1305,.T.);
#666=CYLINDRICAL_SURFACE('',#1306,8.0);
#667=SURFACE_STYLE_USAGE(.BOTH.,#1307);
#668=FACE_BOUND('',#1308,.T.);
#669=FACE_BOUND('',#1309,.T.);
#670=CYLINDRICAL_SURFACE('',#1310,8.0);
#671=SURFACE_STYLE_USAGE(.BOTH.,#1311);
#672=FACE_OUTER_BOUND('',#1312,.T.);
#673=PLANE('',#1313);
#674=SURFACE_STYLE_USAGE(.BOTH.,#1314);
#675=FACE_OUTER_BOUND('',#1315,.T.);
#676=PLANE('',#1316);
#677=SURFACE_STYLE_USAGE(.BOTH.,#1317);
#678=FACE_OUTER_BOUND('',#1318,.T.);
#679=PLANE('',#1319);
#680=SURFACE_STYLE_USAGE(.BOTH.,#1320);
#681=FACE_OUTER_BOUND('',#1321,.T.);
#682=PLANE('',#1322);
#683=SURFACE_STYLE_USAGE(.BOTH.,#1323);
#684=FACE_BOUND('',#1324,.T.);
#685=FACE_BOUND('',#1325,.T.);
#686=CYLINDRICAL_SURFACE('',#1326,10.0);
#687=SURFACE_STYLE_USAGE(.BOTH.,#1327);
#688=FACE_BOUND('',#1328,.T.);
#689=FACE_BOUND('',#1329,.T.);
#690=CYLINDRICAL_SURFACE('',#1330,10.0);
#691=SURFACE_STYLE_USAGE(.BOTH.,#1331);
#692=FACE_BOUND('',#1332,.T.);
#693=FACE_BOUND('',#1333,.T.);
#694=CYLINDRICAL_SURFACE('',#1334,10.0);
#695=SURFACE_STYLE_USAGE(.BOTH.,#1335);
#696=FACE_BOUND('',#1336,.T.);
#697=FACE_BOUND('',#1337,.T.);
#698=CYLINDRICAL_SURFACE('',#1338,13.5);
#699=SURFACE_STYLE_USAGE(.BOTH.,#1339);
#700=FACE_BOUND('',#1340,.T.);
#701=FACE_BOUND('',#1341,.T.);
#702=CYLINDRICAL_SURFACE('',#1342,13.5);
#703=SURFACE_STYLE_USAGE(.BOTH.,#1343);
#704=FACE_BOUND('',#1344,.T.);
#705=FACE_BOUND('',#1345,.T.);
#706=CYLINDRICAL_SURFACE('',#1346,13.5);
#707=SURFACE_STYLE_USAGE(.BOTH.,#1347);
#708=FACE_BOUND('',#1348,.T.);
#709=FACE_BOUND('',#1349,.T.);
#710=CYLINDRICAL_SURFACE('',#1350,13.5);
#711=SURFACE_STYLE_USAGE(.BOTH.,#1351);
#712=FACE_BOUND('',#1352,.T.);
#713=FACE_BOUND('',#1353,.T.);
#714=CONICAL_SURFACE('',#1354,17.0,0.785398163397442);
#715=SURFACE_STYLE_USAGE(.BOTH.,#1355);
#716=FACE_BOUND('',#1356,.T.);
#717=FACE_BOUND('',#1357,.T.);
#718=CONICAL_SURFACE('',#1358,14.5,0.785398163397446);
#719=SURFACE_STYLE_USAGE(.BOTH.,#1359);
#720=FACE_BOUND('',#1360,.T.);
#721=FACE_BOUND('',#1361,.T.);
#722=CONICAL_SURFACE('',#1362,13.75,0.785398163397445);
#723=SURFACE_STYLE_USAGE(.BOTH.,#1363);
#724=FACE_BOUND('',#1364,.T.);
#725=FACE_BOUND('',#1365,.T.);
#726=CONICAL_SURFACE('',#1366,15.0,0.785398163397448);
#727=SURFACE_STYLE_USAGE(.BOTH.,#1367);
#728=FACE_BOUND('',#1368,.T.);
#729=FACE_BOUND('',#1369,.T.);
#730=CONICAL_SURFACE('',#1370,12.75,0.785398163397445);
#731=SURFACE_STYLE_USAGE(.BOTH.,#1371);
#732=FACE_BOUND('',#1372,.T.);
#733=FACE_BOUND('',#1373,.T.);
#734=CONICAL_SURFACE('',#1374,13.5,0.785398163397453);
#735=SURFACE_STYLE_USAGE(.BOTH.,#1375);
#736=FACE_BOUND('',#1376,.T.);
#737=FACE_BOUND('',#1377,.T.);
#738=CONICAL_SURFACE('',#1378,16.0,0.785398163397442);
#739=SURFACE_STYLE_USAGE(.BOTH.,#1379);
#740=FACE_BOUND('',#1380,.T.);
#741=FACE_BOUND('',#1381,.T.);
#742=CONICAL_SURFACE('',#1382,17.0,0.785398163397448);
#743=SURFACE_STYLE_USAGE(.BOTH.,#1383);
#744=FACE_BOUND('',#1384,.T.);
#745=FACE_BOUND('',#1385,.T.);
#746=CONICAL_SURFACE('',#1386,14.5,0.785398163397446);
#747=SURFACE_STYLE_USAGE(.BOTH.,#1387);
#748=FACE_BOUND('',#1388,.T.);
#749=FACE_BOUND('',#1389,.T.);
#750=CONICAL_SURFACE('',#1390,13.75,0.785398163397448);
#751=SURFACE_STYLE_USAGE(.BOTH.,#1391);
#752=FACE_BOUND('',#1392,.T.);
#753=FACE_BOUND('',#1393,.T.);
#754=CONICAL_SURFACE('',#1394,14.0,0.785398163397448);
#755=SURFACE_STYLE_USAGE(.BOTH.,#1395);
#756=FACE_BOUND('',#1396,.T.);
#757=FACE_BOUND('',#1397,.T.);
#758=CONICAL_SURFACE('',#1398,12.75,0.785398163397448);
#759=SURFACE_STYLE_USAGE(.BOTH.,#1399);
#760=FACE_BOUND('',#1400,.T.);
#761=FACE_BOUND('',#1401,.T.);
#762=CONICAL_SURFACE('',#1402,16.0,0.785398163397448);
#763=SURFACE_STYLE_USAGE(.BOTH.,#1403);
#764=FACE_BOUND('',#1404,.T.);
#765=FACE_BOUND('',#1405,.T.);
#766=CONICAL_SURFACE('',#1406,13.5,0.785398163397446);
#767=SURFACE_STYLE_USAGE(.BOTH.,#1407);
#768=FACE_BOUND('',#1408,.T.);
#769=FACE_BOUND('',#1409,.T.);
#770=CONICAL_SURFACE('',#1410,11.0,0.78539816339745);
#771=SURFACE_STYLE_USAGE(.BOTH.,#1411);
#772=FACE_BOUND('',#1412,.T.);
#773=FACE_BOUND('',#1413,.T.);
#774=CONICAL_SURFACE('',#1414,15.0,0.785398163397448);
#775=SURFACE_STYLE_USAGE(.BOTH.,#1415);
#776=FACE_BOUND('',#1416,.T.);
#777=FACE_BOUND('',#1417,.T.);
#778=CONICAL_SURFACE('',#1418,10.0,0.78539816339745);
#779=SURFACE_STYLE_USAGE(.BOTH.,#1419);
#780=FACE_BOUND('',#1420,.T.);
#781=FACE_BOUND('',#1421,.T.);
#782=CONICAL_SURFACE('',#1422,13.5,0.785398163397446);
#783=SURFACE_STYLE_USAGE(.BOTH.,#1423);
#784=FACE_BOUND('',#1424,.T.);
#785=FACE_BOUND('',#1425,.T.);
#786=CONICAL_SURFACE('',#1426,8.0,0.785398163397452);
#787=SURFACE_STYLE_USAGE(.BOTH.,#1427);
#788=FACE_BOUND('',#1428,.T.);
#789=FACE_BOUND('',#1429,.T.);
#790=CONICAL_SURFACE('',#1430,9.0,0.785398163397452);
#791=SURFACE_STYLE_USAGE(.BOTH.,#1431);
#792=FACE_BOUND('',#1432,.T.);
#793=FACE_BOUND('',#1433,.T.);
#794=CONICAL_SURFACE('',#1434,14.5,0.785398163397453);
#795=SURFACE_STYLE_USAGE(.BOTH.,#1435);
#796=FACE_BOUND('',#1436,.T.);
#797=FACE_BOUND('',#1437,.T.);
#798=CONICAL_SURFACE('',#1438,11.0,0.78539816339745);
#799=SURFACE_STYLE_USAGE(.BOTH.,#1439);
#800=FACE_BOUND('',#1440,.T.);
#801=FACE_BOUND('',#1441,.T.);
#802=CONICAL_SURFACE('',#1442,14.0,0.785398163397448);
#803=SURFACE_STYLE_USAGE(.BOTH.,#1443);
#804=FACE_BOUND('',#1444,.T.);
#805=FACE_BOUND('',#1445,.T.);
#806=CONICAL_SURFACE('',#1446,10.0,0.78539816339745);
#807=SURFACE_STYLE_USAGE(.BOTH.,#1447);
#808=FACE_BOUND('',#1448,.T.);
#809=FACE_BOUND('',#1449,.T.);
#810=CONICAL_SURFACE('',#1450,13.5,0.785398163397446);
#811=SURFACE_STYLE_USAGE(.BOTH.,#1451);
#812=FACE_BOUND('',#1452,.T.);
#813=FACE_BOUND('',#1453,.T.);
#814=CONICAL_SURFACE('',#1454,8.0,0.785398163397452);
#815=SURFACE_STYLE_USAGE(.BOTH.,#1455);
#816=FACE_OUTER_BOUND('',#1456,.T.);
#817=FACE_BOUND('',#1457,.T.);
#818=PLANE('',#1458);
#819=SURFACE_STYLE_USAGE(.BOTH.,#1459);
#820=FACE_BOUND('',#1460,.T.);
#821=FACE_BOUND('',#1461,.T.);
#822=CYLINDRICAL_SURFACE('',#1462,16.0);
#823=SURFACE_STYLE_USAGE(.BOTH.,#1463);
#824=FACE_BOUND('',#1464,.T.);
#825=FACE_BOUND('',#1465,.T.);
#826=CYLINDRICAL_SURFACE('',#1466,16.0);
#827=SURFACE_STYLE_USAGE(.BOTH.,#1467);
#828=FACE_OUTER_BOUND('',#1468,.T.);
#829=FACE_BOUND('',#1469,.T.);
#830=PLANE('',#1470);
#831=SURFACE_STYLE_USAGE(.BOTH.,#1471);
#832=FACE_BOUND('',#1472,.T.);
#833=FACE_OUTER_BOUND('',#1473,.T.);
#834=PLANE('',#1474);
#835=SURFACE_STYLE_USAGE(.BOTH.,#1475);
#836=FACE_BOUND('',#1476,.T.);
#837=FACE_BOUND('',#1477,.T.);
#838=CYLINDRICAL_SURFACE('',#1478,16.0);
#839=SURFACE_STYLE_USAGE(.BOTH.,#1479);
#840=FACE_BOUND('',#1480,.T.);
#841=FACE_BOUND('',#1481,.T.);
#842=CONICAL_SURFACE('',#1482,3.5,1.02974425867665);
#843=SURFACE_STYLE_USAGE(.BOTH.,#1483);
#844=FACE_BOUND('',#1484,.T.);
#845=FACE_BOUND('',#1485,.T.);
#846=CYLINDRICAL_SURFACE('',#1486,3.5);
#847=SURFACE_STYLE_USAGE(.BOTH.,#1487);
#848=FACE_BOUND('',#1488,.T.);
#849=FACE_BOUND('',#1489,.T.);
#850=CONICAL_SURFACE('',#1490,3.5,1.02974425867665);
#851=SURFACE_STYLE_USAGE(.BOTH.,#1491);
#852=FACE_BOUND('',#1492,.T.);
#853=FACE_BOUND('',#1493,.T.);
#854=CYLINDRICAL_SURFACE('',#1494,3.5);
#855=SURFACE_STYLE_USAGE(.BOTH.,#1495);
#856=FACE_BOUND('',#1496,.T.);
#857=FACE_OUTER_BOUND('',#1497,.T.);
#858=PLANE('',#1498);
#859=SURFACE_STYLE_USAGE(.BOTH.,#1499);
#860=FACE_BOUND('',#1500,.T.);
#861=FACE_OUTER_BOUND('',#1501,.T.);
#862=PLANE('',#1502);
#863=SURFACE_STYLE_USAGE(.BOTH.,#1503);
#864=FACE_BOUND('',#1504,.T.);
#865=FACE_BOUND('',#1505,.T.);
#866=CYLINDRICAL_SURFACE('',#1506,16.0);
#867=SURFACE_STYLE_USAGE(.BOTH.,#1507);
#868=FACE_BOUND('',#1508,.T.);
#869=FACE_BOUND('',#1509,.T.);
#870=CYLINDRICAL_SURFACE('',#1510,12.75);
#871=SURFACE_STYLE_USAGE(.BOTH.,#1511);
#872=FACE_BOUND('',#1512,.T.);
#873=FACE_BOUND('',#1513,.T.);
#874=CYLINDRICAL_SURFACE('',#1514,12.75);
#875=SURFACE_STYLE_USAGE(.BOTH.,#1515);
#876=FACE_BOUND('',#1516,.T.);
#877=FACE_BOUND('',#1517,.T.);
#878=CYLINDRICAL_SURFACE('',#1518,12.75);
#879=SURFACE_STYLE_USAGE(.BOTH.,#1519);
#880=FACE_BOUND('',#1520,.T.);
#881=FACE_BOUND('',#1521,.T.);
#882=CYLINDRICAL_SURFACE('',#1522,12.75);
#883=SURFACE_STYLE_USAGE(.BOTH.,#1523);
#884=FACE_BOUND('',#1524,.T.);
#885=FACE_BOUND('',#1525,.T.);
#886=CONICAL_SURFACE('',#1526,14.5,0.785398163397446);
#887=SURFACE_STYLE_USAGE(.BOTH.,#1527);
#888=FACE_OUTER_BOUND('',#1528,.T.);
#889=FACE_BOUND('',#1529,.T.);
#890=PLANE('',#1530);
#891=SURFACE_STYLE_USAGE(.BOTH.,#1531);
#892=FACE_BOUND('',#1532,.T.);
#893=FACE_OUTER_BOUND('',#1533,.T.);
#894=PLANE('',#1534);
#895=SURFACE_STYLE_USAGE(.BOTH.,#1535);
#896=FACE_OUTER_BOUND('',#1536,.T.);
#897=FACE_BOUND('',#1537,.T.);
#898=PLANE('',#1538);
#899=SURFACE_STYLE_USAGE(.BOTH.,#1539);
#900=FACE_BOUND('',#1540,.T.);
#901=FACE_OUTER_BOUND('',#1541,.T.);
#902=PLANE('',#1542);
#903=SURFACE_STYLE_USAGE(.BOTH.,#1543);
#904=FACE_OUTER_BOUND('',#1544,.T.);
#905=PLANE('',#1545);
#906=SURFACE_STYLE_USAGE(.BOTH.,#1546);
#907=FACE_OUTER_BOUND('',#1547,.T.);
#908=PLANE('',#1548);
#909=SURFACE_STYLE_USAGE(.BOTH.,#1549);
#910=FACE_BOUND('',#1550,.T.);
#911=FACE_OUTER_BOUND('',#1551,.T.);
#912=PLANE('',#1552);
#913=CURVE_STYLE('',#1553,POSITIVE_LENGTH_MEASURE(1.0E-006),#1554);
#914=VERTEX_POINT('',#1555);
#915=CIRCLE('',#1556,8.0);
#916=CURVE_STYLE('',#1557,POSITIVE_LENGTH_MEASURE(1.0E-006),#1558);
#917=VERTEX_POINT('',#1559);
#918=CIRCLE('',#1560,9.0);
#919=CURVE_STYLE('',#1561,POSITIVE_LENGTH_MEASURE(1.0E-006),#1562);
#920=VERTEX_POINT('',#1563);
#921=CIRCLE('',#1564,11.0);
#922=CURVE_STYLE('',#1565,POSITIVE_LENGTH_MEASURE(1.0E-006),#1566);
#923=VERTEX_POINT('',#1567);
#924=CIRCLE('',#1568,15.0);
#925=CURVE_STYLE('',#1569,POSITIVE_LENGTH_MEASURE(1.0E-006),#1570);
#926=VERTEX_POINT('',#1571);
#927=CIRCLE('',#1572,11.0);
#928=CURVE_STYLE('',#1573,POSITIVE_LENGTH_MEASURE(1.0E-006),#1574);
#929=VERTEX_POINT('',#1575);
#930=CIRCLE('',#1576,14.5);
#931=CURVE_STYLE('',#1577,POSITIVE_LENGTH_MEASURE(1.0E-006),#1578);
#932=VERTEX_POINT('',#1579);
#933=CIRCLE('',#1580,9.0);
#934=CURVE_STYLE('',#1581,POSITIVE_LENGTH_MEASURE(1.0E-006),#1582);
#935=VERTEX_POINT('',#1583);
#936=CIRCLE('',#1584,9.0);
#937=CURVE_STYLE('',#1585,POSITIVE_LENGTH_MEASURE(1.0E-006),#1586);
#938=VERTEX_POINT('',#1587);
#939=CIRCLE('',#1588,14.5);
#940=CURVE_STYLE('',#1589,POSITIVE_LENGTH_MEASURE(1.0E-006),#1590);
#941=VERTEX_POINT('',#1591);
#942=CIRCLE('',#1592,11.0);
#943=CURVE_STYLE('',#1593,POSITIVE_LENGTH_MEASURE(1.0E-006),#1594);
#944=VERTEX_POINT('',#1595);
#945=CIRCLE('',#1596,15.0);
#946=CURVE_STYLE('',#1597,POSITIVE_LENGTH_MEASURE(1.0E-006),#1598);
#947=VERTEX_POINT('',#1599);
#948=CIRCLE('',#1600,11.0);
#949=CURVE_STYLE('',#1601,POSITIVE_LENGTH_MEASURE(1.0E-006),#1602);
#950=VERTEX_POINT('',#1603);
#951=CIRCLE('',#1604,14.5);
#952=CURVE_STYLE('',#1605,POSITIVE_LENGTH_MEASURE(1.0E-006),#1606);
#953=VERTEX_POINT('',#1607);
#954=CIRCLE('',#1608,9.0);
#955=CURVE_STYLE('',#1609,POSITIVE_LENGTH_MEASURE(1.0E-006),#1610);
#956=VERTEX_POINT('',#1611);
#957=CIRCLE('',#1612,14.5);
#958=CURVE_STYLE('',#1613,POSITIVE_LENGTH_MEASURE(1.0E-006),#1614);
#959=VERTEX_POINT('',#1615);
#960=CIRCLE('',#1616,8.0);
#961=CURVE_STYLE('',#1617,POSITIVE_LENGTH_MEASURE(1.0E-006),#1618);
#962=VERTEX_POINT('',#1619);
#963=CIRCLE('',#1620,8.0);
#964=CURVE_STYLE('',#1621,POSITIVE_LENGTH_MEASURE(1.0E-006),#1622);
#965=VERTEX_POINT('',#1623);
#966=VERTEX_POINT('',#1624);
#967=LINE('',#1625,#1626);
#968=CURVE_STYLE('',#1627,POSITIVE_LENGTH_MEASURE(1.0E-006),#1628);
#969=VERTEX_POINT('',#1629);
#970=LINE('',#1630,#1631);
#971=CURVE_STYLE('',#1632,POSITIVE_LENGTH_MEASURE(1.0E-006),#1633);
#972=VERTEX_POINT('',#1634);
#973=LINE('',#1635,#1636);
#974=CURVE_STYLE('',#1637,POSITIVE_LENGTH_MEASURE(1.0E-006),#1638);
#975=LINE('',#1639,#1640);
#976=CURVE_STYLE('',#1641,POSITIVE_LENGTH_MEASURE(1.0E-006),#1642);
#977=VERTEX_POINT('',#1643);
#978=VERTEX_POINT('',#1644);
#979=LINE('',#1645,#1646);
#980=CURVE_STYLE('',#1647,POSITIVE_LENGTH_MEASURE(1.0E-006),#1648);
#981=VERTEX_POINT('',#1649);
#982=LINE('',#1650,#1651);
#983=CURVE_STYLE('',#1652,POSITIVE_LENGTH_MEASURE(1.0E-006),#1653);
#984=VERTEX_POINT('',#1654);
#985=LINE('',#1655,#1656);
#986=CURVE_STYLE('',#1657,POSITIVE_LENGTH_MEASURE(1.0E-006),#1658);
#987=LINE('',#1659,#1660);
#988=CURVE_STYLE('',#1661,POSITIVE_LENGTH_MEASURE(1.0E-006),#1662);
#989=VERTEX_POINT('',#1663);
#990=LINE('',#1664,#1665);
#991=CURVE_STYLE('',#1666,POSITIVE_LENGTH_MEASURE(1.0E-006),#1667);
#992=VERTEX_POINT('',#1668);
#993=LINE('',#1669,#1670);
#994=CURVE_STYLE('',#1671,POSITIVE_LENGTH_MEASURE(1.0E-006),#1672);
#995=LINE('',#1673,#1674);
#996=CURVE_STYLE('',#1675,POSITIVE_LENGTH_MEASURE(1.0E-006),#1676);
#997=VERTEX_POINT('',#1677);
#998=LINE('',#1678,#1679);
#999=CURVE_STYLE('',#1680,POSITIVE_LENGTH_MEASURE(1.0E-006),#1681);
#1000=LINE('',#1682,#1683);
#1001=CURVE_STYLE('',#1684,POSITIVE_LENGTH_MEASURE(1.0E-006),#1685);
#1002=VERTEX_POINT('',#1686);
#1003=LINE('',#1687,#1688);
#1004=CURVE_STYLE('',#1689,POSITIVE_LENGTH_MEASURE(1.0E-006),#1690);
#1005=LINE('',#1691,#1692);
#1006=CURVE_STYLE('',#1693,POSITIVE_LENGTH_MEASURE(1.0E-006),#1694);
#1007=VERTEX_POINT('',#1695);
#1008=CIRCLE('',#1696,17.0);
#1009=CURVE_STYLE('',#1697,POSITIVE_LENGTH_MEASURE(1.0E-006),#1698);
#1010=VERTEX_POINT('',#1699);
#1011=CIRCLE('',#1700,14.5);
#1012=CURVE_STYLE('',#1701,POSITIVE_LENGTH_MEASURE(1.0E-006),#1702);
#1013=VERTEX_POINT('',#1703);
#1014=CIRCLE('',#1704,13.75);
#1015=CURVE_STYLE('',#1705,POSITIVE_LENGTH_MEASURE(1.0E-006),#1706);
#1016=VERTEX_POINT('',#1707);
#1017=CIRCLE('',#1708,15.0);
#1018=CURVE_STYLE('',#1709,POSITIVE_LENGTH_MEASURE(1.0E-006),#1710);
#1019=VERTEX_POINT('',#1711);
#1020=CIRCLE('',#1712,13.75);
#1021=CURVE_STYLE('',#1713,POSITIVE_LENGTH_MEASURE(1.0E-006),#1714);
#1022=VERTEX_POINT('',#1715);
#1023=CIRCLE('',#1716,14.5);
#1024=CURVE_STYLE('',#1717,POSITIVE_LENGTH_MEASURE(1.0E-006),#1718);
#1025=VERTEX_POINT('',#1719);
#1026=CIRCLE('',#1720,17.0);
#1027=CURVE_STYLE('',#1721,POSITIVE_LENGTH_MEASURE(1.0E-006),#1722);
#1028=VERTEX_POINT('',#1723);
#1029=CIRCLE('',#1724,17.0);
#1030=CURVE_STYLE('',#1725,POSITIVE_LENGTH_MEASURE(1.0E-006),#1726);
#1031=VERTEX_POINT('',#1727);
#1032=CIRCLE('',#1728,14.5);
#1033=CURVE_STYLE('',#1729,POSITIVE_LENGTH_MEASURE(1.0E-006),#1730);
#1034=VERTEX_POINT('',#1731);
#1035=CIRCLE('',#1732,13.75);
#1036=CURVE_STYLE('',#1733,POSITIVE_LENGTH_MEASURE(1.0E-006),#1734);
#1037=VERTEX_POINT('',#1735);
#1038=CIRCLE('',#1736,15.0);
#1039=CURVE_STYLE('',#1737,POSITIVE_LENGTH_MEASURE(1.0E-006),#1738);
#1040=VERTEX_POINT('',#1739);
#1041=CIRCLE('',#1740,13.75);
#1042=CURVE_STYLE('',#1741,POSITIVE_LENGTH_MEASURE(1.0E-006),#1742);
#1043=VERTEX_POINT('',#1743);
#1044=CIRCLE('',#1744,17.0);
#1045=CURVE_STYLE('',#1745,POSITIVE_LENGTH_MEASURE(1.0E-006),#1746);
#1046=VERTEX_POINT('',#1747);
#1047=CIRCLE('',#1748,14.5);
#1048=CURVE_STYLE('',#1749,POSITIVE_LENGTH_MEASURE(1.0E-006),#1750);
#1049=VERTEX_POINT('',#1751);
#1050=VERTEX_POINT('',#1752);
#1051=LINE('',#1753,#1754);
#1052=CURVE_STYLE('',#1755,POSITIVE_LENGTH_MEASURE(1.0E-006),#1756);
#1053=VERTEX_POINT('',#1757);
#1054=LINE('',#1758,#1759);
#1055=CURVE_STYLE('',#1760,POSITIVE_LENGTH_MEASURE(1.0E-006),#1761);
#1056=VERTEX_POINT('',#1762);
#1057=LINE('',#1763,#1764);
#1058=CURVE_STYLE('',#1765,POSITIVE_LENGTH_MEASURE(1.0E-006),#1766);
#1059=LINE('',#1767,#1768);
#1060=CURVE_STYLE('',#1769,POSITIVE_LENGTH_MEASURE(1.0E-006),#1770);
#1061=VERTEX_POINT('',#1771);
#1062=CIRCLE('',#1772,10.0);
#1063=CURVE_STYLE('',#1773,POSITIVE_LENGTH_MEASURE(1.0E-006),#1774);
#1064=VERTEX_POINT('',#1775);
#1065=CIRCLE('',#1776,10.0);
#1066=CURVE_STYLE('',#1777,POSITIVE_LENGTH_MEASURE(1.0E-006),#1778);
#1067=VERTEX_POINT('',#1779);
#1068=CIRCLE('',#1780,8.0);
#1069=CURVE_STYLE('',#1781,POSITIVE_LENGTH_MEASURE(1.0E-006),#1782);
#1070=VERTEX_POINT('',#1783);
#1071=CIRCLE('',#1784,14.0);
#1072=CURVE_STYLE('',#1785,POSITIVE_LENGTH_MEASURE(1.0E-006),#1786);
#1073=VERTEX_POINT('',#1787);
#1074=CIRCLE('',#1788,14.0);
#1075=CURVE_STYLE('',#1789,POSITIVE_LENGTH_MEASURE(1.0E-006),#1790);
#1076=VERTEX_POINT('',#1791);
#1077=CIRCLE('',#1792,8.0);
#1078=CURVE_STYLE('',#1793,POSITIVE_LENGTH_MEASURE(1.0E-006),#1794);
#1079=VERTEX_POINT('',#1795);
#1080=CIRCLE('',#1796,8.0);
#1081=CURVE_STYLE('',#1797,POSITIVE_LENGTH_MEASURE(1.0E-006),#1798);
#1082=VERTEX_POINT('',#1799);
#1083=CIRCLE('',#1800,8.0);
#1084=CURVE_STYLE('',#1801,POSITIVE_LENGTH_MEASURE(1.0E-006),#1802);
#1085=VERTEX_POINT('',#1803);
#1086=CIRCLE('',#1804,8.0);
#1087=CURVE_STYLE('',#1805,POSITIVE_LENGTH_MEASURE(1.0E-006),#1806);
#1088=VERTEX_POINT('',#1807);
#1089=CIRCLE('',#1808,14.0);
#1090=CURVE_STYLE('',#1809,POSITIVE_LENGTH_MEASURE(1.0E-006),#1810);
#1091=VERTEX_POINT('',#1811);
#1092=CIRCLE('',#1812,14.0);
#1093=CURVE_STYLE('',#1813,POSITIVE_LENGTH_MEASURE(1.0E-006),#1814);
#1094=VERTEX_POINT('',#1815);
#1095=CIRCLE('',#1816,8.0);
#1096=CURVE_STYLE('',#1817,POSITIVE_LENGTH_MEASURE(1.0E-006),#1818);
#1097=VERTEX_POINT('',#1819);
#1098=CIRCLE('',#1820,8.0);
#1099=CURVE_STYLE('',#1821,POSITIVE_LENGTH_MEASURE(1.0E-006),#1822);
#1100=VERTEX_POINT('',#1823);
#1101=CIRCLE('',#1824,8.0);
#1102=CURVE_STYLE('',#1825,POSITIVE_LENGTH_MEASURE(1.0E-006),#1826);
#1103=VERTEX_POINT('',#1827);
#1104=CIRCLE('',#1828,8.0);
#1105=CURVE_STYLE('',#1829,POSITIVE_LENGTH_MEASURE(1.0E-006),#1830);
#1106=LINE('',#1831,#1832);
#1107=CURVE_STYLE('',#1833,POSITIVE_LENGTH_MEASURE(1.0E-006),#1834);
#1108=LINE('',#1835,#1836);
#1109=CURVE_STYLE('',#1837,POSITIVE_LENGTH_MEASURE(1.0E-006),#1838);
#1110=LINE('',#1839,#1840);
#1111=CURVE_STYLE('',#1841,POSITIVE_LENGTH_MEASURE(1.0E-006),#1842);
#1112=LINE('',#1843,#1844);
#1113=CURVE_STYLE('',#1845,POSITIVE_LENGTH_MEASURE(1.0E-006),#1846);
#1114=VERTEX_POINT('',#1847);
#1115=CIRCLE('',#1848,10.0);
#1116=CURVE_STYLE('',#1849,POSITIVE_LENGTH_MEASURE(1.0E-006),#1850);
#1117=VERTEX_POINT('',#1851);
#1118=CIRCLE('',#1852,10.0);
#1119=CURVE_STYLE('',#1853,POSITIVE_LENGTH_MEASURE(1.0E-006),#1854);
#1120=VERTEX_POINT('',#1855);
#1121=CIRCLE('',#1856,10.0);
#1122=CURVE_STYLE('',#1857,POSITIVE_LENGTH_MEASURE(1.0E-006),#1858);
#1123=VERTEX_POINT('',#1859);
#1124=CIRCLE('',#1860,10.0);
#1125=CURVE_STYLE('',#1861,POSITIVE_LENGTH_MEASURE(1.0E-006),#1862);
#1126=VERTEX_POINT('',#1863);
#1127=CIRCLE('',#1864,10.0);
#1128=CURVE_STYLE('',#1865,POSITIVE_LENGTH_MEASURE(1.0E-006),#1866);
#1129=VERTEX_POINT('',#1867);
#1130=CIRCLE('',#1868,10.0);
#1131=CURVE_STYLE('',#1869,POSITIVE_LENGTH_MEASURE(1.0E-006),#1870);
#1132=VERTEX_POINT('',#1871);
#1133=CIRCLE('',#1872,13.5);
#1134=CURVE_STYLE('',#1873,POSITIVE_LENGTH_MEASURE(1.0E-006),#1874);
#1135=VERTEX_POINT('',#1875);
#1136=CIRCLE('',#1876,13.5);
#1137=CURVE_STYLE('',#1877,POSITIVE_LENGTH_MEASURE(1.0E-006),#1878);
#1138=VERTEX_POINT('',#1879);
#1139=CIRCLE('',#1880,13.5);
#1140=CURVE_STYLE('',#1881,POSITIVE_LENGTH_MEASURE(1.0E-006),#1882);
#1141=VERTEX_POINT('',#1883);
#1142=CIRCLE('',#1884,13.5);
#1143=CURVE_STYLE('',#1885,POSITIVE_LENGTH_MEASURE(1.0E-006),#1886);
#1144=VERTEX_POINT('',#1887);
#1145=CIRCLE('',#1888,13.5);
#1146=CURVE_STYLE('',#1889,POSITIVE_LENGTH_MEASURE(1.0E-006),#1890);
#1147=VERTEX_POINT('',#1891);
#1148=CIRCLE('',#1892,13.5);
#1149=CURVE_STYLE('',#1893,POSITIVE_LENGTH_MEASURE(1.0E-006),#1894);
#1150=VERTEX_POINT('',#1895);
#1151=CIRCLE('',#1896,13.5);
#1152=CURVE_STYLE('',#1897,POSITIVE_LENGTH_MEASURE(1.0E-006),#1898);
#1153=VERTEX_POINT('',#1899);
#1154=CIRCLE('',#1900,13.5);
#1155=CURVE_STYLE('',#1901,POSITIVE_LENGTH_MEASURE(1.0E-006),#1902);
#1156=VERTEX_POINT('',#1903);
#1157=CIRCLE('',#1904,16.0);
#1158=CURVE_STYLE('',#1905,POSITIVE_LENGTH_MEASURE(1.0E-006),#1906);
#1159=VERTEX_POINT('',#1907);
#1160=CIRCLE('',#1908,12.75);
#1161=CURVE_STYLE('',#1909,POSITIVE_LENGTH_MEASURE(1.0E-006),#1910);
#1162=VERTEX_POINT('',#1911);
#1163=CIRCLE('',#1912,12.75);
#1164=CURVE_STYLE('',#1913,POSITIVE_LENGTH_MEASURE(1.0E-006),#1914);
#1165=VERTEX_POINT('',#1915);
#1166=CIRCLE('',#1916,16.0);
#1167=CURVE_STYLE('',#1917,POSITIVE_LENGTH_MEASURE(1.0E-006),#1918);
#1168=VERTEX_POINT('',#1919);
#1169=CIRCLE('',#1920,16.0);
#1170=CURVE_STYLE('',#1921,POSITIVE_LENGTH_MEASURE(1.0E-006),#1922);
#1171=VERTEX_POINT('',#1923);
#1172=CIRCLE('',#1924,12.75);
#1173=CURVE_STYLE('',#1925,POSITIVE_LENGTH_MEASURE(1.0E-006),#1926);
#1174=VERTEX_POINT('',#1927);
#1175=CIRCLE('',#1928,12.75);
#1176=CURVE_STYLE('',#1929,POSITIVE_LENGTH_MEASURE(1.0E-006),#1930);
#1177=VERTEX_POINT('',#1931);
#1178=CIRCLE('',#1932,16.0);
#1179=CURVE_STYLE('',#1933,POSITIVE_LENGTH_MEASURE(1.0E-006),#1934);
#1180=VERTEX_POINT('',#1935);
#1181=CIRCLE('',#1936,16.0);
#1182=CURVE_STYLE('',#1937,POSITIVE_LENGTH_MEASURE(1.0E-006),#1938);
#1183=VERTEX_POINT('',#1939);
#1184=CIRCLE('',#1940,16.0);
#1185=CURVE_STYLE('',#1941,POSITIVE_LENGTH_MEASURE(1.0E-006),#1942);
#1186=VERTEX_POINT('',#1943);
#1187=CIRCLE('',#1944,16.0);
#1188=CURVE_STYLE('',#1945,POSITIVE_LENGTH_MEASURE(1.0E-006),#1946);
#1189=VERTEX_POINT('',#1947);
#1190=CIRCLE('',#1948,3.5);
#1191=CURVE_STYLE('',#1949,POSITIVE_LENGTH_MEASURE(1.0E-006),#1950);
#1192=VERTEX_POINT('',#1951);
#1193=CIRCLE('',#1952,3.5);
#1194=CURVE_STYLE('',#1953,POSITIVE_LENGTH_MEASURE(1.0E-006),#1954);
#1195=VERTEX_POINT('',#1955);
#1196=CIRCLE('',#1956,3.5);
#1197=CURVE_STYLE('',#1957,POSITIVE_LENGTH_MEASURE(1.0E-006),#1958);
#1198=VERTEX_POINT('',#1959);
#1199=CIRCLE('',#1960,3.5);
#1200=CURVE_STYLE('',#1961,POSITIVE_LENGTH_MEASURE(1.0E-006),#1962);
#1201=VERTEX_POINT('',#1963);
#1202=CIRCLE('',#1964,16.0);
#1203=CURVE_STYLE('',#1965,POSITIVE_LENGTH_MEASURE(1.0E-006),#1966);
#1204=VERTEX_POINT('',#1967);
#1205=CIRCLE('',#1968,12.75);
#1206=CURVE_STYLE('',#1969,POSITIVE_LENGTH_MEASURE(1.0E-006),#1970);
#1207=VERTEX_POINT('',#1971);
#1208=CIRCLE('',#1972,12.75);
#1209=CURVE_STYLE('',#1973,POSITIVE_LENGTH_MEASURE(1.0E-006),#1974);
#1210=VERTEX_POINT('',#1975);
#1211=CIRCLE('',#1976,12.75);
#1212=CURVE_STYLE('',#1977,POSITIVE_LENGTH_MEASURE(1.0E-006),#1978);
#1213=VERTEX_POINT('',#1979);
#1214=CIRCLE('',#1980,12.75);
#1215=CURVE_STYLE('',#1981,POSITIVE_LENGTH_MEASURE(1.0E-006),#1982);
#1216=LINE('',#1983,#1984);
#1217=SURFACE_STYLE_USAGE(.BOTH.,#1985);
#1218=CLOSED_SHELL('',(#206,#208,#210,#212,#214,#216,#218,#220,#222,#224,#226,#228,#230,#232,#234,#236,#238,#240,#242,#244,#246,#248,#250,#252,#254,#256,#258,#260,#262,#264,#266,#268,#270,#272,#274,#276,#278,#280,#282,#284,#286,#288,#290,#292,#294,#296,#298,#300,#302,#304,#306,#308,#310,#312,#314,#316,#318,#320,#322,#324,#326,#328,#330,#332,#334,#336,#338,#340,#342,#344,#346,#348,#350,#352,#354,#356,#358));
#1219=PRODUCT_CONTEXT('',#192,'mechanical');
#1220=PRODUCT_DEFINITION_FORMATION_WITH_SPECIFIED_SOURCE(' ','NONE',#569,.NOT_KNOWN.);
#1221=CARTESIAN_POINT('',(0.0,0.0,0.0));
#1222=DIRECTION('',(0.0,0.0,1.0));
#1223=DIRECTION('',(1.0,0.0,0.0));
#1224= (NAMED_UNIT(#577)LENGTH_UNIT()SI_UNIT(.MILLI.,.METRE.));
#1225=SURFACE_SIDE_STYLE('',(#1987));
#1226=EDGE_LOOP('',(#1988));
#1227=EDGE_LOOP('',(#1989));
#1228=AXIS2_PLACEMENT_3D('',#1990,#1991,#1992);
#1229=SURFACE_SIDE_STYLE('',(#1993));
#1230=EDGE_LOOP('',(#1994));
#1231=EDGE_LOOP('',(#1995));
#1232=EDGE_LOOP('',(#1996));
#1233=EDGE_LOOP('',(#1997));
#1234=EDGE_LOOP('',(#1998));
#1235=EDGE_LOOP('',(#1999));
#1236=EDGE_LOOP('',(#2000));
#1237=EDGE_LOOP('',(#2001));
#1238=EDGE_LOOP('',(#2002));
#1239=EDGE_LOOP('',(#2003));
#1240=EDGE_LOOP('',(#2004));
#1241=EDGE_LOOP('',(#2005));
#1242=EDGE_LOOP('',(#2006));
#1243=EDGE_LOOP('',(#2007));
#1244=EDGE_LOOP('',(#2008));
#1245=EDGE_LOOP('',(#2009));
#1246=EDGE_LOOP('',(#2010,#2011,#2012,#2013));
#1247=EDGE_LOOP('',(#2014,#2015,#2016,#2017));
#1248=AXIS2_PLACEMENT_3D('',#2018,#2019,#2020);
#1249=SURFACE_SIDE_STYLE('',(#2021));
#1250=EDGE_LOOP('',(#2022,#2023,#2024,#2025));
#1251=AXIS2_PLACEMENT_3D('',#2026,#2027,#2028);
#1252=SURFACE_SIDE_STYLE('',(#2029));
#1253=EDGE_LOOP('',(#2030,#2031,#2032,#2033));
#1254=AXIS2_PLACEMENT_3D('',#2034,#2035,#2036);
#1255=SURFACE_SIDE_STYLE('',(#2037));
#1256=EDGE_LOOP('',(#2038,#2039,#2040,#2041));
#1257=AXIS2_PLACEMENT_3D('',#2042,#2043,#2044);
#1258=SURFACE_SIDE_STYLE('',(#2045));
#1259=EDGE_LOOP('',(#2046));
#1260=EDGE_LOOP('',(#2047));
#1261=EDGE_LOOP('',(#2048));
#1262=EDGE_LOOP('',(#2049));
#1263=EDGE_LOOP('',(#2050));
#1264=EDGE_LOOP('',(#2051));
#1265=EDGE_LOOP('',(#2052));
#1266=EDGE_LOOP('',(#2053));
#1267=EDGE_LOOP('',(#2054));
#1268=EDGE_LOOP('',(#2055));
#1269=EDGE_LOOP('',(#2056));
#1270=EDGE_LOOP('',(#2057));
#1271=EDGE_LOOP('',(#2058));
#1272=EDGE_LOOP('',(#2059));
#1273=EDGE_LOOP('',(#2060,#2061,#2062,#2063));
#1274=AXIS2_PLACEMENT_3D('',#2064,#2065,#2066);
#1275=SURFACE_SIDE_STYLE('',(#2067));
#1276=EDGE_LOOP('',(#2068));
#1277=EDGE_LOOP('',(#2069));
#1278=AXIS2_PLACEMENT_3D('',#2070,#2071,#2072);
#1279=SURFACE_SIDE_STYLE('',(#2073));
#1280=EDGE_LOOP('',(#2074));
#1281=EDGE_LOOP('',(#2075));
#1282=AXIS2_PLACEMENT_3D('',#2076,#2077,#2078);
#1283=SURFACE_SIDE_STYLE('',(#2079));
#1284=EDGE_LOOP('',(#2080));
#1285=EDGE_LOOP('',(#2081));
#1286=AXIS2_PLACEMENT_3D('',#2082,#2083,#2084);
#1287=SURFACE_SIDE_STYLE('',(#2085));
#1288=EDGE_LOOP('',(#2086));
#1289=EDGE_LOOP('',(#2087));
#1290=AXIS2_PLACEMENT_3D('',#2088,#2089,#2090);
#1291=SURFACE_SIDE_STYLE('',(#2091));
#1292=EDGE_LOOP('',(#2092));
#1293=EDGE_LOOP('',(#2093));
#1294=AXIS2_PLACEMENT_3D('',#2094,#2095,#2096);
#1295=SURFACE_SIDE_STYLE('',(#2097));
#1296=EDGE_LOOP('',(#2098));
#1297=EDGE_LOOP('',(#2099));
#1298=AXIS2_PLACEMENT_3D('',#2100,#2101,#2102);
#1299=SURFACE_SIDE_STYLE('',(#2103));
#1300=EDGE_LOOP('',(#2104));
#1301=EDGE_LOOP('',(#2105));
#1302=AXIS2_PLACEMENT_3D('',#2106,#2107,#2108);
#1303=SURFACE_SIDE_STYLE('',(#2109));
#1304=EDGE_LOOP('',(#2110));
#1305=EDGE_LOOP('',(#2111));
#1306=AXIS2_PLACEMENT_3D('',#2112,#2113,#2114);
#1307=SURFACE_SIDE_STYLE('',(#2115));
#1308=EDGE_LOOP('',(#2116));
#1309=EDGE_LOOP('',(#2117));
#1310=AXIS2_PLACEMENT_3D('',#2118,#2119,#2120);
#1311=SURFACE_SIDE_STYLE('',(#2121));
#1312=EDGE_LOOP('',(#2122,#2123,#2124,#2125));
#1313=AXIS2_PLACEMENT_3D('',#2126,#2127,#2128);
#1314=SURFACE_SIDE_STYLE('',(#2129));
#1315=EDGE_LOOP('',(#2130,#2131,#2132,#2133));
#1316=AXIS2_PLACEMENT_3D('',#2134,#2135,#2136);
#1317=SURFACE_SIDE_STYLE('',(#2137));
#1318=EDGE_LOOP('',(#2138,#2139,#2140,#2141));
#1319=AXIS2_PLACEMENT_3D('',#2142,#2143,#2144);
#1320=SURFACE_SIDE_STYLE('',(#2145));
#1321=EDGE_LOOP('',(#2146,#2147,#2148,#2149));
#1322=AXIS2_PLACEMENT_3D('',#2150,#2151,#2152);
#1323=SURFACE_SIDE_STYLE('',(#2153));
#1324=EDGE_LOOP('',(#2154));
#1325=EDGE_LOOP('',(#2155));
#1326=AXIS2_PLACEMENT_3D('',#2156,#2157,#2158);
#1327=SURFACE_SIDE_STYLE('',(#2159));
#1328=EDGE_LOOP('',(#2160));
#1329=EDGE_LOOP('',(#2161));
#1330=AXIS2_PLACEMENT_3D('',#2162,#2163,#2164);
#1331=SURFACE_SIDE_STYLE('',(#2165));
#1332=EDGE_LOOP('',(#2166));
#1333=EDGE_LOOP('',(#2167));
#1334=AXIS2_PLACEMENT_3D('',#2168,#2169,#2170);
#1335=SURFACE_SIDE_STYLE('',(#2171));
#1336=EDGE_LOOP('',(#2172));
#1337=EDGE_LOOP('',(#2173));
#1338=AXIS2_PLACEMENT_3D('',#2174,#2175,#2176);
#1339=SURFACE_SIDE_STYLE('',(#2177));
#1340=EDGE_LOOP('',(#2178));
#1341=EDGE_LOOP('',(#2179));
#1342=AXIS2_PLACEMENT_3D('',#2180,#2181,#2182);
#1343=SURFACE_SIDE_STYLE('',(#2183));
#1344=EDGE_LOOP('',(#2184));
#1345=EDGE_LOOP('',(#2185));
#1346=AXIS2_PLACEMENT_3D('',#2186,#2187,#2188);
#1347=SURFACE_SIDE_STYLE('',(#2189));
#1348=EDGE_LOOP('',(#2190));
#1349=EDGE_LOOP('',(#2191));
#1350=AXIS2_PLACEMENT_3D('',#2192,#2193,#2194);
#1351=SURFACE_SIDE_STYLE('',(#2195));
#1352=EDGE_LOOP('',(#2196));
#1353=EDGE_LOOP('',(#2197));
#1354=AXIS2_PLACEMENT_3D('',#2198,#2199,#2200);
#1355=SURFACE_SIDE_STYLE('',(#2201));
#1356=EDGE_LOOP('',(#2202));
#1357=EDGE_LOOP('',(#2203));
#1358=AXIS2_PLACEMENT_3D('',#2204,#2205,#2206);
#1359=SURFACE_SIDE_STYLE('',(#2207));
#1360=EDGE_LOOP('',(#2208));
#1361=EDGE_LOOP('',(#2209));
#1362=AXIS2_PLACEMENT_3D('',#2210,#2211,#2212);
#1363=SURFACE_SIDE_STYLE('',(#2213));
#1364=EDGE_LOOP('',(#2214));
#1365=EDGE_LOOP('',(#2215));
#1366=AXIS2_PLACEMENT_3D('',#2216,#2217,#2218);
#1367=SURFACE_SIDE_STYLE('',(#2219));
#1368=EDGE_LOOP('',(#2220));
#1369=EDGE_LOOP('',(#2221));
#1370=AXIS2_PLACEMENT_3D('',#2222,#2223,#2224);
#1371=SURFACE_SIDE_STYLE('',(#2225));
#1372=EDGE_LOOP('',(#2226));
#1373=EDGE_LOOP('',(#2227));
#1374=AXIS2_PLACEMENT_3D('',#2228,#2229,#2230);
#1375=SURFACE_SIDE_STYLE('',(#2231));
#1376=EDGE_LOOP('',(#2232));
#1377=EDGE_LOOP('',(#2233));
#1378=AXIS2_PLACEMENT_3D('',#2234,#2235,#2236);
#1379=SURFACE_SIDE_STYLE('',(#2237));
#1380=EDGE_LOOP('',(#2238));
#1381=EDGE_LOOP('',(#2239));
#1382=AXIS2_PLACEMENT_3D('',#2240,#2241,#2242);
#1383=SURFACE_SIDE_STYLE('',(#2243));
#1384=EDGE_LOOP('',(#2244));
#1385=EDGE_LOOP('',(#2245));
#1386=AXIS2_PLACEMENT_3D('',#2246,#2247,#2248);
#1387=SURFACE_SIDE_STYLE('',(#2249));
#1388=EDGE_LOOP('',(#2250));
#1389=EDGE_LOOP('',(#2251));
#1390=AXIS2_PLACEMENT_3D('',#2252,#2253,#2254);
#1391=SURFACE_SIDE_STYLE('',(#2255));
#1392=EDGE_LOOP('',(#2256));
#1393=EDGE_LOOP('',(#2257));
#1394=AXIS2_PLACEMENT_3D('',#2258,#2259,#2260);
#1395=SURFACE_SIDE_STYLE('',(#2261));
#1396=EDGE_LOOP('',(#2262));
#1397=EDGE_LOOP('',(#2263));
#1398=AXIS2_PLACEMENT_3D('',#2264,#2265,#2266);
#1399=SURFACE_SIDE_STYLE('',(#2267));
#1400=EDGE_LOOP('',(#2268));
#1401=EDGE_LOOP('',(#2269));
#1402=AXIS2_PLACEMENT_3D('',#2270,#2271,#2272);
#1403=SURFACE_SIDE_STYLE('',(#2273));
#1404=EDGE_LOOP('',(#2274));
#1405=EDGE_LOOP('',(#2275));
#1406=AXIS2_PLACEMENT_3D('',#2276,#2277,#2278);
#1407=SURFACE_SIDE_STYLE('',(#2279));
#1408=EDGE_LOOP('',(#2280));
#1409=EDGE_LOOP('',(#2281));
#1410=AXIS2_PLACEMENT_3D('',#2282,#2283,#2284);
#1411=SURFACE_SIDE_STYLE('',(#2285));
#1412=EDGE_LOOP('',(#2286));
#1413=EDGE_LOOP('',(#2287));
#1414=AXIS2_PLACEMENT_3D('',#2288,#2289,#2290);
#1415=SURFACE_SIDE_STYLE('',(#2291));
#1416=EDGE_LOOP('',(#2292));
#1417=EDGE_LOOP('',(#2293));
#1418=AXIS2_PLACEMENT_3D('',#2294,#2295,#2296);
#1419=SURFACE_SIDE_STYLE('',(#2297));
#1420=EDGE_LOOP('',(#2298));
#1421=EDGE_LOOP('',(#2299));
#1422=AXIS2_PLACEMENT_3D('',#2300,#2301,#2302);
#1423=SURFACE_SIDE_STYLE('',(#2303));
#1424=EDGE_LOOP('',(#2304));
#1425=EDGE_LOOP('',(#2305));
#1426=AXIS2_PLACEMENT_3D('',#2306,#2307,#2308);
#1427=SURFACE_SIDE_STYLE('',(#2309));
#1428=EDGE_LOOP('',(#2310));
#1429=EDGE_LOOP('',(#2311));
#1430=AXIS2_PLACEMENT_3D('',#2312,#2313,#2314);
#1431=SURFACE_SIDE_STYLE('',(#2315));
#1432=EDGE_LOOP('',(#2316));
#1433=EDGE_LOOP('',(#2317));
#1434=AXIS2_PLACEMENT_3D('',#2318,#2319,#2320);
#1435=SURFACE_SIDE_STYLE('',(#2321));
#1436=EDGE_LOOP('',(#2322));
#1437=EDGE_LOOP('',(#2323));
#1438=AXIS2_PLACEMENT_3D('',#2324,#2325,#2326);
#1439=SURFACE_SIDE_STYLE('',(#2327));
#1440=EDGE_LOOP('',(#2328));
#1441=EDGE_LOOP('',(#2329));
#1442=AXIS2_PLACEMENT_3D('',#2330,#2331,#2332);
#1443=SURFACE_SIDE_STYLE('',(#2333));
#1444=EDGE_LOOP('',(#2334));
#1445=EDGE_LOOP('',(#2335));
#1446=AXIS2_PLACEMENT_3D('',#2336,#2337,#2338);
#1447=SURFACE_SIDE_STYLE('',(#2339));
#1448=EDGE_LOOP('',(#2340));
#1449=EDGE_LOOP('',(#2341));
#1450=AXIS2_PLACEMENT_3D('',#2342,#2343,#2344);
#1451=SURFACE_SIDE_STYLE('',(#2345));
#1452=EDGE_LOOP('',(#2346));
#1453=EDGE_LOOP('',(#2347));
#1454=AXIS2_PLACEMENT_3D('',#2348,#2349,#2350);
#1455=SURFACE_SIDE_STYLE('',(#2351));
#1456=EDGE_LOOP('',(#2352));
#1457=EDGE_LOOP('',(#2353));
#1458=AXIS2_PLACEMENT_3D('',#2354,#2355,#2356);
#1459=SURFACE_SIDE_STYLE('',(#2357));
#1460=EDGE_LOOP('',(#2358));
#1461=EDGE_LOOP('',(#2359));
#1462=AXIS2_PLACEMENT_3D('',#2360,#2361,#2362);
#1463=SURFACE_SIDE_STYLE('',(#2363));
#1464=EDGE_LOOP('',(#2364));
#1465=EDGE_LOOP('',(#2365));
#1466=AXIS2_PLACEMENT_3D('',#2366,#2367,#2368);
#1467=SURFACE_SIDE_STYLE('',(#2369));
#1468=EDGE_LOOP('',(#2370));
#1469=EDGE_LOOP('',(#2371));
#1470=AXIS2_PLACEMENT_3D('',#2372,#2373,#2374);
#1471=SURFACE_SIDE_STYLE('',(#2375));
#1472=EDGE_LOOP('',(#2376));
#1473=EDGE_LOOP('',(#2377));
#1474=AXIS2_PLACEMENT_3D('',#2378,#2379,#2380);
#1475=SURFACE_SIDE_STYLE('',(#2381));
#1476=EDGE_LOOP('',(#2382));
#1477=EDGE_LOOP('',(#2383));
#1478=AXIS2_PLACEMENT_3D('',#2384,#2385,#2386);
#1479=SURFACE_SIDE_STYLE('',(#2387));
#1480=EDGE_LOOP('',(#2388));
#1481=VERTEX_LOOP('',#2389);
#1482=AXIS2_PLACEMENT_3D('',#2390,#2391,#2392);
#1483=SURFACE_SIDE_STYLE('',(#2393));
#1484=EDGE_LOOP('',(#2394));
#1485=EDGE_LOOP('',(#2395));
#1486=AXIS2_PLACEMENT_3D('',#2396,#2397,#2398);
#1487=SURFACE_SIDE_STYLE('',(#2399));
#1488=EDGE_LOOP('',(#2400));
#1489=VERTEX_LOOP('',#2401);
#1490=AXIS2_PLACEMENT_3D('',#2402,#2403,#2404);
#1491=SURFACE_SIDE_STYLE('',(#2405));
#1492=EDGE_LOOP('',(#2406));
#1493=EDGE_LOOP('',(#2407));
#1494=AXIS2_PLACEMENT_3D('',#2408,#2409,#2410);
#1495=SURFACE_SIDE_STYLE('',(#2411));
#1496=EDGE_LOOP('',(#2412));
#1497=EDGE_LOOP('',(#2413));
#1498=AXIS2_PLACEMENT_3D('',#2414,#2415,#2416);
#1499=SURFACE_SIDE_STYLE('',(#2417));
#1500=EDGE_LOOP('',(#2418));
#1501=EDGE_LOOP('',(#2419));
#1502=AXIS2_PLACEMENT_3D('',#2420,#2421,#2422);
#1503=SURFACE_SIDE_STYLE('',(#2423));
#1504=EDGE_LOOP('',(#2424));
#1505=EDGE_LOOP('',(#2425));
#1506=AXIS2_PLACEMENT_3D('',#2426,#2427,#2428);
#1507=SURFACE_SIDE_STYLE('',(#2429));
#1508=EDGE_LOOP('',(#2430));
#1509=EDGE_LOOP('',(#2431));
#1510=AXIS2_PLACEMENT_3D('',#2432,#2433,#2434);
#1511=SURFACE_SIDE_STYLE('',(#2435));
#1512=EDGE_LOOP('',(#2436));
#1513=EDGE_LOOP('',(#2437));
#1514=AXIS2_PLACEMENT_3D('',#2438,#2439,#2440);
#1515=SURFACE_SIDE_STYLE('',(#2441));
#1516=EDGE_LOOP('',(#2442));
#1517=EDGE_LOOP('',(#2443));
#1518=AXIS2_PLACEMENT_3D('',#2444,#2445,#2446);
#1519=SURFACE_SIDE_STYLE('',(#2447));
#1520=EDGE_LOOP('',(#2448));
#1521=EDGE_LOOP('',(#2449));
#1522=AXIS2_PLACEMENT_3D('',#2450,#2451,#2452);
#1523=SURFACE_SIDE_STYLE('',(#2453));
#1524=EDGE_LOOP('',(#2454));
#1525=EDGE_LOOP('',(#2455));
#1526=AXIS2_PLACEMENT_3D('',#2456,#2457,#2458);
#1527=SURFACE_SIDE_STYLE('',(#2459));
#1528=EDGE_LOOP('',(#2460));
#1529=EDGE_LOOP('',(#2461));
#1530=AXIS2_PLACEMENT_3D('',#2462,#2463,#2464);
#1531=SURFACE_SIDE_STYLE('',(#2465));
#1532=EDGE_LOOP('',(#2466));
#1533=EDGE_LOOP('',(#2467));
#1534=AXIS2_PLACEMENT_3D('',#2468,#2469,#2470);
#1535=SURFACE_SIDE_STYLE('',(#2471));
#1536=EDGE_LOOP('',(#2472));
#1537=EDGE_LOOP('',(#2473));
#1538=AXIS2_PLACEMENT_3D('',#2474,#2475,#2476);
#1539=SURFACE_SIDE_STYLE('',(#2477));
#1540=EDGE_LOOP('',(#2478));
#1541=EDGE_LOOP('',(#2479));
#1542=AXIS2_PLACEMENT_3D('',#2480,#2481,#2482);
#1543=SURFACE_SIDE_STYLE('',(#2483));
#1544=EDGE_LOOP('',(#2484,#2485,#2486,#2487));
#1545=AXIS2_PLACEMENT_3D('',#2488,#2489,#2490);
#1546=SURFACE_SIDE_STYLE('',(#2491));
#1547=EDGE_LOOP('',(#2492,#2493,#2494,#2495));
#1548=AXIS2_PLACEMENT_3D('',#2496,#2497,#2498);
#1549=SURFACE_SIDE_STYLE('',(#2499));
#1550=EDGE_LOOP('',(#2500));
#1551=EDGE_LOOP('',(#2501));
#1552=AXIS2_PLACEMENT_3D('',#2502,#2503,#2504);
#1553=DRAUGHTING_PRE_DEFINED_CURVE_FONT('continuous');
#1554=COLOUR_RGB('',0.941176474094391,0.627451002597809,0.431372553110123);
#1555=CARTESIAN_POINT('',(-125.0,-35.0,-1.8));
#1556=AXIS2_PLACEMENT_3D('',#2505,#2506,#2507);
#1557=DRAUGHTING_PRE_DEFINED_CURVE_FONT('continuous');
#1558=COLOUR_RGB('',0.941176474094391,0.627451002597809,0.431372553110123);
#1559=CARTESIAN_POINT('',(-126.0,-35.0,-0.8));
#1560=AXIS2_PLACEMENT_3D('',#2508,#2509,#2510);
#1561=DRAUGHTING_PRE_DEFINED_CURVE_FONT('continuous');
#1562=COLOUR_RGB('',0.941176474094391,0.627451002597809,0.431372553110123);
#1563=CARTESIAN_POINT('',(-73.0,-100.0,-0.8));
#1564=AXIS2_PLACEMENT_3D('',#2511,#2512,#2513);
#1565=DRAUGHTING_PRE_DEFINED_CURVE_FONT('continuous');
#1566=COLOUR_RGB('',0.941176474094391,0.627451002597809,0.431372553110123);
#1567=CARTESIAN_POINT('',(-15.0,-105.0,-0.8));
#1568=AXIS2_PLACEMENT_3D('',#2514,#2515,#2516);
#1569=DRAUGHTING_PRE_DEFINED_CURVE_FONT('continuous');
#1570=COLOUR_RGB('',0.941176474094391,0.627451002597809,0.431372553110123);
#1571=CARTESIAN_POINT('',(51.0,-100.0,-0.8));
#1572=AXIS2_PLACEMENT_3D('',#2517,#2518,#2519);
#1573=DRAUGHTING_PRE_DEFINED_CURVE_FONT('continuous');
#1574=COLOUR_RGB('',0.941176474094391,0.627451002597809,0.431372553110123);
#1575=CARTESIAN_POINT('',(97.5,-97.0,-0.8));
#1576=AXIS2_PLACEMENT_3D('',#2520,#2521,#2522);
#1577=DRAUGHTING_PRE_DEFINED_CURVE_FONT('continuous');
#1578=COLOUR_RGB('',0.941176474094391,0.627451002597809,0.431372553110123);
#1579=CARTESIAN_POINT('',(108.0,-35.0,-0.8));
#1580=AXIS2_PLACEMENT_3D('',#2523,#2524,#2525);
#1581=DRAUGHTING_PRE_DEFINED_CURVE_FONT('continuous');
#1582=COLOUR_RGB('',0.941176474094391,0.627451002597809,0.431372553110123);
#1583=CARTESIAN_POINT('',(108.0,35.0,-0.8));
#1584=AXIS2_PLACEMENT_3D('',#2526,#2527,#2528);
#1585=DRAUGHTING_PRE_DEFINED_CURVE_FONT('continuous');
#1586=COLOUR_RGB('',0.941176474094391,0.627451002597809,0.431372553110123);
#1587=CARTESIAN_POINT('',(97.5,97.0,-0.8));
#1588=AXIS2_PLACEMENT_3D('',#2529,#2530,#2531);
#1589=DRAUGHTING_PRE_DEFINED_CURVE_FONT('continuous');
#1590=COLOUR_RGB('',0.941176474094391,0.627451002597809,0.431372553110123);
#1591=CARTESIAN_POINT('',(51.0,100.0,-0.8));
#1592=AXIS2_PLACEMENT_3D('',#2532,#2533,#2534);
#1593=DRAUGHTING_PRE_DEFINED_CURVE_FONT('continuous');
#1594=COLOUR_RGB('',0.941176474094391,0.627451002597809,0.431372553110123);
#1595=CARTESIAN_POINT('',(-15.0,105.0,-0.8));
#1596=AXIS2_PLACEMENT_3D('',#2535,#2536,#2537);
#1597=DRAUGHTING_PRE_DEFINED_CURVE_FONT('continuous');
#1598=COLOUR_RGB('',0.941176474094391,0.627451002597809,0.431372553110123);
#1599=CARTESIAN_POINT('',(-73.0,100.0,-0.8));
#1600=AXIS2_PLACEMENT_3D('',#2538,#2539,#2540);
#1601=DRAUGHTING_PRE_DEFINED_CURVE_FONT('continuous');
#1602=COLOUR_RGB('',0.941176474094391,0.627451002597809,0.431372553110123);
#1603=CARTESIAN_POINT('',(-126.5,97.0,-0.8));
#1604=AXIS2_PLACEMENT_3D('',#2541,#2542,#2543);
#1605=DRAUGHTING_PRE_DEFINED_CURVE_FONT('continuous');
#1606=COLOUR_RGB('',0.941176474094391,0.627451002597809,0.431372553110123);
#1607=CARTESIAN_POINT('',(-126.0,35.0,-0.8));
#1608=AXIS2_PLACEMENT_3D('',#2544,#2545,#2546);
#1609=DRAUGHTING_PRE_DEFINED_CURVE_FONT('continuous');
#1610=COLOUR_RGB('',0.941176474094391,0.627451002597809,0.431372553110123);
#1611=CARTESIAN_POINT('',(-126.5,-97.0,-0.8));
#1612=AXIS2_PLACEMENT_3D('',#2547,#2548,#2549);
#1613=DRAUGHTING_PRE_DEFINED_CURVE_FONT('continuous');
#1614=COLOUR_RGB('',0.941176474094391,0.627451002597809,0.431372553110123);
#1615=CARTESIAN_POINT('',(117.0,65.0,-0.8));
#1616=AXIS2_PLACEMENT_3D('',#2550,#2551,#2552);
#1617=DRAUGHTING_PRE_DEFINED_CURVE_FONT('continuous');
#1618=COLOUR_RGB('',0.941176474094391,0.627451002597809,0.431372553110123);
#1619=CARTESIAN_POINT('',(-133.0,-65.0,-0.8));
#1620=AXIS2_PLACEMENT_3D('',#2553,#2554,#2555);
#1621=DRAUGHTING_PRE_DEFINED_CURVE_FONT('continuous');
#1622=COLOUR_RGB('',0.941176474094391,0.627451002597809,0.431372553110123);
#1623=CARTESIAN_POINT('',(-140.0,-125.0,-0.8));
#1624=CARTESIAN_POINT('',(-140.0,125.0,-0.8));
#1625=CARTESIAN_POINT('',(-140.0,-125.0,-0.8));
#1626=VECTOR('',#2556,1000.0);
#1627=DRAUGHTING_PRE_DEFINED_CURVE_FONT('continuous');
#1628=COLOUR_RGB('',0.941176474094391,0.627451002597809,0.431372553110123);
#1629=CARTESIAN_POINT('',(140.0,-125.0,-0.8));
#1630=CARTESIAN_POINT('',(140.0,-125.0,-0.8));
#1631=VECTOR('',#2557,1000.0);
#1632=DRAUGHTING_PRE_DEFINED_CURVE_FONT('continuous');
#1633=COLOUR_RGB('',0.941176474094391,0.627451002597809,0.431372553110123);
#1634=CARTESIAN_POINT('',(140.0,125.0,-0.8));
#1635=CARTESIAN_POINT('',(140.0,125.0,-0.8));
#1636=VECTOR('',#2558,1000.0);
#1637=DRAUGHTING_PRE_DEFINED_CURVE_FONT('continuous');
#1638=COLOUR_RGB('',0.941176474094391,0.627451002597809,0.431372553110123);
#1639=CARTESIAN_POINT('',(-140.0,125.0,-0.8));
#1640=VECTOR('',#2559,1000.0);
#1641=DRAUGHTING_PRE_DEFINED_CURVE_FONT('continuous');
#1642=COLOUR_RGB('',0.941176474094391,0.627451002597809,0.431372553110123);
#1643=CARTESIAN_POINT('',(92.75,72.5,-0.8));
#1644=CARTESIAN_POINT('',(-92.75,72.5,-0.8));
#1645=CARTESIAN_POINT('',(117.0,72.5,-0.8));
#1646=VECTOR('',#2560,1000.0);
#1647=DRAUGHTING_PRE_DEFINED_CURVE_FONT('continuous');
#1648=COLOUR_RGB('',0.941176474094391,0.627451002597809,0.431372553110123);
#1649=CARTESIAN_POINT('',(92.75,-72.5,-0.8));
#1650=CARTESIAN_POINT('',(92.75,35.0,-0.8));
#1651=VECTOR('',#2561,1000.0);
#1652=DRAUGHTING_PRE_DEFINED_CURVE_FONT('continuous');
#1653=COLOUR_RGB('',0.941176474094391,0.627451002597809,0.431372553110123);
#1654=CARTESIAN_POINT('',(-92.75,-72.5,-0.8));
#1655=CARTESIAN_POINT('',(117.0,-72.5,-0.8));
#1656=VECTOR('',#2562,1000.0);
#1657=DRAUGHTING_PRE_DEFINED_CURVE_FONT('continuous');
#1658=COLOUR_RGB('',0.941176474094391,0.627451002597809,0.431372553110123);
#1659=CARTESIAN_POINT('',(-92.75,35.0,-0.8));
#1660=VECTOR('',#2563,1000.0);
#1661=DRAUGHTING_PRE_DEFINED_CURVE_FONT('continuous');
#1662=COLOUR_RGB('',0.941176474094391,0.627451002597809,0.431372553110123);
#1663=CARTESIAN_POINT('',(92.75,-72.5,-20.8));
#1664=CARTESIAN_POINT('',(92.75,-72.5,30.2));
#1665=VECTOR('',#2564,1000.0);
#1666=DRAUGHTING_PRE_DEFINED_CURVE_FONT('continuous');
#1667=COLOUR_RGB('',0.941176474094391,0.627451002597809,0.431372553110123);
#1668=CARTESIAN_POINT('',(-92.75,-72.5,-20.8));
#1669=CARTESIAN_POINT('',(-92.75,-72.5,-20.8));
#1670=VECTOR('',#2565,1000.0);
#1671=DRAUGHTING_PRE_DEFINED_CURVE_FONT('continuous');
#1672=COLOUR_RGB('',0.941176474094391,0.627451002597809,0.431372553110123);
#1673=CARTESIAN_POINT('',(-92.75,-72.5,30.2));
#1674=VECTOR('',#2566,1000.0);
#1675=DRAUGHTING_PRE_DEFINED_CURVE_FONT('continuous');
#1676=COLOUR_RGB('',0.941176474094391,0.627451002597809,0.431372553110123);
#1677=CARTESIAN_POINT('',(92.75,72.5,-20.8));
#1678=CARTESIAN_POINT('',(92.75,72.5,30.2));
#1679=VECTOR('',#2567,1000.0);
#1680=DRAUGHTING_PRE_DEFINED_CURVE_FONT('continuous');
#1681=COLOUR_RGB('',0.941176474094391,0.627451002597809,0.431372553110123);
#1682=CARTESIAN_POINT('',(92.75,-72.5,-20.8));
#1683=VECTOR('',#2568,1000.0);
#1684=DRAUGHTING_PRE_DEFINED_CURVE_FONT('continuous');
#1685=COLOUR_RGB('',0.941176474094391,0.627451002597809,0.431372553110123);
#1686=CARTESIAN_POINT('',(-92.75,72.5,-20.8));
#1687=CARTESIAN_POINT('',(-92.75,72.5,-20.8));
#1688=VECTOR('',#2569,1000.0);
#1689=DRAUGHTING_PRE_DEFINED_CURVE_FONT('continuous');
#1690=COLOUR_RGB('',0.941176474094391,0.627451002597809,0.431372553110123);
#1691=CARTESIAN_POINT('',(-92.75,72.5,30.2));
#1692=VECTOR('',#2570,1000.0);
#1693=DRAUGHTING_PRE_DEFINED_CURVE_FONT('continuous');
#1694=COLOUR_RGB('',0.941176474094391,0.627451002597809,0.431372553110123);
#1695=CARTESIAN_POINT('',(-134.0,35.0,-51.3));
#1696=AXIS2_PLACEMENT_3D('',#2571,#2572,#2573);
#1697=DRAUGHTING_PRE_DEFINED_CURVE_FONT('continuous');
#1698=COLOUR_RGB('',0.941176474094391,0.627451002597809,0.431372553110123);
#1699=CARTESIAN_POINT('',(-126.5,97.0,-51.3));
#1700=AXIS2_PLACEMENT_3D('',#2574,#2575,#2576);
#1701=DRAUGHTING_PRE_DEFINED_CURVE_FONT('continuous');
#1702=COLOUR_RGB('',0.941176474094391,0.627451002597809,0.431372553110123);
#1703=CARTESIAN_POINT('',(-75.75,100.0,-51.3));
#1704=AXIS2_PLACEMENT_3D('',#2577,#2578,#2579);
#1705=DRAUGHTING_PRE_DEFINED_CURVE_FONT('continuous');
#1706=COLOUR_RGB('',0.941176474094391,0.627451002597809,0.431372553110123);
#1707=CARTESIAN_POINT('',(-15.0,105.0,-51.3));
#1708=AXIS2_PLACEMENT_3D('',#2580,#2581,#2582);
#1709=DRAUGHTING_PRE_DEFINED_CURVE_FONT('continuous');
#1710=COLOUR_RGB('',0.941176474094391,0.627451002597809,0.431372553110123);
#1711=CARTESIAN_POINT('',(48.25,100.0,-51.3));
#1712=AXIS2_PLACEMENT_3D('',#2583,#2584,#2585);
#1713=DRAUGHTING_PRE_DEFINED_CURVE_FONT('continuous');
#1714=COLOUR_RGB('',0.941176474094391,0.627451002597809,0.431372553110123);
#1715=CARTESIAN_POINT('',(97.5,97.0,-51.3));
#1716=AXIS2_PLACEMENT_3D('',#2586,#2587,#2588);
#1717=DRAUGHTING_PRE_DEFINED_CURVE_FONT('continuous');
#1718=COLOUR_RGB('',0.941176474094391,0.627451002597809,0.431372553110123);
#1719=CARTESIAN_POINT('',(100.0,35.0,-51.3));
#1720=AXIS2_PLACEMENT_3D('',#2589,#2590,#2591);
#1721=DRAUGHTING_PRE_DEFINED_CURVE_FONT('continuous');
#1722=COLOUR_RGB('',0.941176474094391,0.627451002597809,0.431372553110123);
#1723=CARTESIAN_POINT('',(100.0,-35.0,-51.3));
#1724=AXIS2_PLACEMENT_3D('',#2592,#2593,#2594);
#1725=DRAUGHTING_PRE_DEFINED_CURVE_FONT('continuous');
#1726=COLOUR_RGB('',0.941176474094391,0.627451002597809,0.431372553110123);
#1727=CARTESIAN_POINT('',(97.5,-97.0,-51.3));
#1728=AXIS2_PLACEMENT_3D('',#2595,#2596,#2597);
#1729=DRAUGHTING_PRE_DEFINED_CURVE_FONT('continuous');
#1730=COLOUR_RGB('',0.941176474094391,0.627451002597809,0.431372553110123);
#1731=CARTESIAN_POINT('',(48.25,-100.0,-51.3));
#1732=AXIS2_PLACEMENT_3D('',#2598,#2599,#2600);
#1733=DRAUGHTING_PRE_DEFINED_CURVE_FONT('continuous');
#1734=COLOUR_RGB('',0.941176474094391,0.627451002597809,0.431372553110123);
#1735=CARTESIAN_POINT('',(-15.0,-105.0,-51.3));
#1736=AXIS2_PLACEMENT_3D('',#2601,#2602,#2603);
#1737=DRAUGHTING_PRE_DEFINED_CURVE_FONT('continuous');
#1738=COLOUR_RGB('',0.941176474094391,0.627451002597809,0.431372553110123);
#1739=CARTESIAN_POINT('',(-75.75,-100.0,-51.3));
#1740=AXIS2_PLACEMENT_3D('',#2604,#2605,#2606);
#1741=DRAUGHTING_PRE_DEFINED_CURVE_FONT('continuous');
#1742=COLOUR_RGB('',0.941176474094391,0.627451002597809,0.431372553110123);
#1743=CARTESIAN_POINT('',(-134.0,-35.0,-51.3));
#1744=AXIS2_PLACEMENT_3D('',#2607,#2608,#2609);
#1745=DRAUGHTING_PRE_DEFINED_CURVE_FONT('continuous');
#1746=COLOUR_RGB('',0.941176474094391,0.627451002597809,0.431372553110123);
#1747=CARTESIAN_POINT('',(-126.5,-97.0,-51.3));
#1748=AXIS2_PLACEMENT_3D('',#2610,#2611,#2612);
#1749=DRAUGHTING_PRE_DEFINED_CURVE_FONT('continuous');
#1750=COLOUR_RGB('',0.941176474094391,0.627451002597809,0.431372553110123);
#1751=CARTESIAN_POINT('',(-140.0,-125.0,-51.3));
#1752=CARTESIAN_POINT('',(-140.0,125.0,-51.3));
#1753=CARTESIAN_POINT('',(-140.0,-125.0,-51.3));
#1754=VECTOR('',#2613,1000.0);
#1755=DRAUGHTING_PRE_DEFINED_CURVE_FONT('continuous');
#1756=COLOUR_RGB('',0.941176474094391,0.627451002597809,0.431372553110123);
#1757=CARTESIAN_POINT('',(140.0,125.0,-51.3));
#1758=CARTESIAN_POINT('',(-140.0,125.0,-51.3));
#1759=VECTOR('',#2614,1000.0);
#1760=DRAUGHTING_PRE_DEFINED_CURVE_FONT('continuous');
#1761=COLOUR_RGB('',0.941176474094391,0.627451002597809,0.431372553110123);
#1762=CARTESIAN_POINT('',(140.0,-125.0,-51.3));
#1763=CARTESIAN_POINT('',(140.0,125.0,-51.3));
#1764=VECTOR('',#2615,1000.0);
#1765=DRAUGHTING_PRE_DEFINED_CURVE_FONT('continuous');
#1766=COLOUR_RGB('',0.941176474094391,0.627451002597809,0.431372553110123);
#1767=CARTESIAN_POINT('',(140.0,-125.0,-51.3));
#1768=VECTOR('',#2616,1000.0);
#1769=DRAUGHTING_PRE_DEFINED_CURVE_FONT('continuous');
#1770=COLOUR_RGB('',0.941176474094391,0.627451002597809,0.431372553110123);
#1771=CARTESIAN_POINT('',(-72.0,-100.0,-1.8));
#1772=AXIS2_PLACEMENT_3D('',#2617,#2618,#2619);
#1773=DRAUGHTING_PRE_DEFINED_CURVE_FONT('continuous');
#1774=COLOUR_RGB('',0.941176474094391,0.627451002597809,0.431372553110123);
#1775=CARTESIAN_POINT('',(-72.0,-100.0,-44.8));
#1776=AXIS2_PLACEMENT_3D('',#2620,#2621,#2622);
#1777=DRAUGHTING_PRE_DEFINED_CURVE_FONT('continuous');
#1778=COLOUR_RGB('',0.941176474094391,0.627451002597809,0.431372553110123);
#1779=CARTESIAN_POINT('',(117.0,65.0,-3.3));
#1780=AXIS2_PLACEMENT_3D('',#2623,#2624,#2625);
#1781=DRAUGHTING_PRE_DEFINED_CURVE_FONT('continuous');
#1782=COLOUR_RGB('',0.941176474094391,0.627451002597809,0.431372553110123);
#1783=CARTESIAN_POINT('',(-14.0,-105.0,-1.8));
#1784=AXIS2_PLACEMENT_3D('',#2626,#2627,#2628);
#1785=DRAUGHTING_PRE_DEFINED_CURVE_FONT('continuous');
#1786=COLOUR_RGB('',0.941176474094391,0.627451002597809,0.431372553110123);
#1787=CARTESIAN_POINT('',(-14.0,-105.0,-50.3));
#1788=AXIS2_PLACEMENT_3D('',#2629,#2630,#2631);
#1789=DRAUGHTING_PRE_DEFINED_CURVE_FONT('continuous');
#1790=COLOUR_RGB('',0.941176474094391,0.627451002597809,0.431372553110123);
#1791=CARTESIAN_POINT('',(-125.0,35.0,-1.8));
#1792=AXIS2_PLACEMENT_3D('',#2632,#2633,#2634);
#1793=DRAUGHTING_PRE_DEFINED_CURVE_FONT('continuous');
#1794=COLOUR_RGB('',0.941176474094391,0.627451002597809,0.431372553110123);
#1795=CARTESIAN_POINT('',(-109.0,35.0,-31.3));
#1796=AXIS2_PLACEMENT_3D('',#2635,#2636,#2637);
#1797=DRAUGHTING_PRE_DEFINED_CURVE_FONT('continuous');
#1798=COLOUR_RGB('',0.941176474094391,0.627451002597809,0.431372553110123);
#1799=CARTESIAN_POINT('',(-117.0,-65.0,-3.3));
#1800=AXIS2_PLACEMENT_3D('',#2638,#2639,#2640);
#1801=DRAUGHTING_PRE_DEFINED_CURVE_FONT('continuous');
#1802=COLOUR_RGB('',0.941176474094391,0.627451002597809,0.431372553110123);
#1803=CARTESIAN_POINT('',(-125.0,-35.0,-31.3));
#1804=AXIS2_PLACEMENT_3D('',#2641,#2642,#2643);
#1805=DRAUGHTING_PRE_DEFINED_CURVE_FONT('continuous');
#1806=COLOUR_RGB('',0.941176474094391,0.627451002597809,0.431372553110123);
#1807=CARTESIAN_POINT('',(-14.0,105.0,-1.8));
#1808=AXIS2_PLACEMENT_3D('',#2644,#2645,#2646);
#1809=DRAUGHTING_PRE_DEFINED_CURVE_FONT('continuous');
#1810=COLOUR_RGB('',0.941176474094391,0.627451002597809,0.431372553110123);
#1811=CARTESIAN_POINT('',(-14.0,105.0,-50.3));
#1812=AXIS2_PLACEMENT_3D('',#2647,#2648,#2649);
#1813=DRAUGHTING_PRE_DEFINED_CURVE_FONT('continuous');
#1814=COLOUR_RGB('',0.941176474094391,0.627451002597809,0.431372553110123);
#1815=CARTESIAN_POINT('',(109.0,-35.0,-1.8));
#1816=AXIS2_PLACEMENT_3D('',#2650,#2651,#2652);
#1817=DRAUGHTING_PRE_DEFINED_CURVE_FONT('continuous');
#1818=COLOUR_RGB('',0.941176474094391,0.627451002597809,0.431372553110123);
#1819=CARTESIAN_POINT('',(125.0,-35.0,-31.3));
#1820=AXIS2_PLACEMENT_3D('',#2653,#2654,#2655);
#1821=DRAUGHTING_PRE_DEFINED_CURVE_FONT('continuous');
#1822=COLOUR_RGB('',0.941176474094391,0.627451002597809,0.431372553110123);
#1823=CARTESIAN_POINT('',(109.0,35.0,-1.8));
#1824=AXIS2_PLACEMENT_3D('',#2656,#2657,#2658);
#1825=DRAUGHTING_PRE_DEFINED_CURVE_FONT('continuous');
#1826=COLOUR_RGB('',0.941176474094391,0.627451002597809,0.431372553110123);
#1827=CARTESIAN_POINT('',(109.0,35.0,-31.3));
#1828=AXIS2_PLACEMENT_3D('',#2659,#2660,#2661);
#1829=DRAUGHTING_PRE_DEFINED_CURVE_FONT('continuous');
#1830=COLOUR_RGB('',0.941176474094391,0.627451002597809,0.431372553110123);
#1831=CARTESIAN_POINT('',(-140.0,-125.0,-51.3));
#1832=VECTOR('',#2662,1000.0);
#1833=DRAUGHTING_PRE_DEFINED_CURVE_FONT('continuous');
#1834=COLOUR_RGB('',0.941176474094391,0.627451002597809,0.431372553110123);
#1835=CARTESIAN_POINT('',(140.0,-125.0,-51.3));
#1836=VECTOR('',#2663,1000.0);
#1837=DRAUGHTING_PRE_DEFINED_CURVE_FONT('continuous');
#1838=COLOUR_RGB('',0.941176474094391,0.627451002597809,0.431372553110123);
#1839=CARTESIAN_POINT('',(140.0,125.0,-51.3));
#1840=VECTOR('',#2664,1000.0);
#1841=DRAUGHTING_PRE_DEFINED_CURVE_FONT('continuous');
#1842=COLOUR_RGB('',0.941176474094391,0.627451002597809,0.431372553110123);
#1843=CARTESIAN_POINT('',(-140.0,125.0,-51.3));
#1844=VECTOR('',#2665,1000.0);
#1845=DRAUGHTING_PRE_DEFINED_CURVE_FONT('continuous');
#1846=COLOUR_RGB('',0.941176474094391,0.627451002597809,0.431372553110123);
#1847=CARTESIAN_POINT('',(52.0,100.0,-1.8));
#1848=AXIS2_PLACEMENT_3D('',#2666,#2667,#2668);
#1849=DRAUGHTING_PRE_DEFINED_CURVE_FONT('continuous');
#1850=COLOUR_RGB('',0.941176474094391,0.627451002597809,0.431372553110123);
#1851=CARTESIAN_POINT('',(52.0,100.0,-44.8));
#1852=AXIS2_PLACEMENT_3D('',#2669,#2670,#2671);
#1853=DRAUGHTING_PRE_DEFINED_CURVE_FONT('continuous');
#1854=COLOUR_RGB('',0.941176474094391,0.627451002597809,0.431372553110123);
#1855=CARTESIAN_POINT('',(52.0,-100.0,-1.8));
#1856=AXIS2_PLACEMENT_3D('',#2672,#2673,#2674);
#1857=DRAUGHTING_PRE_DEFINED_CURVE_FONT('continuous');
#1858=COLOUR_RGB('',0.941176474094391,0.627451002597809,0.431372553110123);
#1859=CARTESIAN_POINT('',(72.0,-100.0,-44.8));
#1860=AXIS2_PLACEMENT_3D('',#2675,#2676,#2677);
#1861=DRAUGHTING_PRE_DEFINED_CURVE_FONT('continuous');
#1862=COLOUR_RGB('',0.941176474094391,0.627451002597809,0.431372553110123);
#1863=CARTESIAN_POINT('',(-72.0,100.0,-1.8));
#1864=AXIS2_PLACEMENT_3D('',#2678,#2679,#2680);
#1865=DRAUGHTING_PRE_DEFINED_CURVE_FONT('continuous');
#1866=COLOUR_RGB('',0.941176474094391,0.627451002597809,0.431372553110123);
#1867=CARTESIAN_POINT('',(-52.0,100.0,-44.8));
#1868=AXIS2_PLACEMENT_3D('',#2681,#2682,#2683);
#1869=DRAUGHTING_PRE_DEFINED_CURVE_FONT('continuous');
#1870=COLOUR_RGB('',0.941176474094391,0.627451002597809,0.431372553110123);
#1871=CARTESIAN_POINT('',(-125.5,97.0,-1.8));
#1872=AXIS2_PLACEMENT_3D('',#2684,#2685,#2686);
#1873=DRAUGHTING_PRE_DEFINED_CURVE_FONT('continuous');
#1874=COLOUR_RGB('',0.941176474094391,0.627451002597809,0.431372553110123);
#1875=CARTESIAN_POINT('',(-125.5,97.0,-50.3));
#1876=AXIS2_PLACEMENT_3D('',#2687,#2688,#2689);
#1877=DRAUGHTING_PRE_DEFINED_CURVE_FONT('continuous');
#1878=COLOUR_RGB('',0.941176474094391,0.627451002597809,0.431372553110123);
#1879=CARTESIAN_POINT('',(-125.5,-97.0,-1.8));
#1880=AXIS2_PLACEMENT_3D('',#2690,#2691,#2692);
#1881=DRAUGHTING_PRE_DEFINED_CURVE_FONT('continuous');
#1882=COLOUR_RGB('',0.941176474094391,0.627451002597809,0.431372553110123);
#1883=CARTESIAN_POINT('',(-125.5,-97.0,-50.3));
#1884=AXIS2_PLACEMENT_3D('',#2693,#2694,#2695);
#1885=DRAUGHTING_PRE_DEFINED_CURVE_FONT('continuous');
#1886=COLOUR_RGB('',0.941176474094391,0.627451002597809,0.431372553110123);
#1887=CARTESIAN_POINT('',(98.5,-97.0,-1.8));
#1888=AXIS2_PLACEMENT_3D('',#2696,#2697,#2698);
#1889=DRAUGHTING_PRE_DEFINED_CURVE_FONT('continuous');
#1890=COLOUR_RGB('',0.941176474094391,0.627451002597809,0.431372553110123);
#1891=CARTESIAN_POINT('',(98.5,-97.0,-50.3));
#1892=AXIS2_PLACEMENT_3D('',#2699,#2700,#2701);
#1893=DRAUGHTING_PRE_DEFINED_CURVE_FONT('continuous');
#1894=COLOUR_RGB('',0.941176474094391,0.627451002597809,0.431372553110123);
#1895=CARTESIAN_POINT('',(98.5,97.0,-1.8));
#1896=AXIS2_PLACEMENT_3D('',#2702,#2703,#2704);
#1897=DRAUGHTING_PRE_DEFINED_CURVE_FONT('continuous');
#1898=COLOUR_RGB('',0.941176474094391,0.627451002597809,0.431372553110123);
#1899=CARTESIAN_POINT('',(98.5,97.0,-50.3));
#1900=AXIS2_PLACEMENT_3D('',#2705,#2706,#2707);
#1901=DRAUGHTING_PRE_DEFINED_CURVE_FONT('continuous');
#1902=COLOUR_RGB('',0.941176474094391,0.627451002597809,0.431372553110123);
#1903=CARTESIAN_POINT('',(-133.0,35.0,-50.3));
#1904=AXIS2_PLACEMENT_3D('',#2708,#2709,#2710);
#1905=DRAUGHTING_PRE_DEFINED_CURVE_FONT('continuous');
#1906=COLOUR_RGB('',0.941176474094391,0.627451002597809,0.431372553110123);
#1907=CARTESIAN_POINT('',(-74.75,100.0,-50.3));
#1908=AXIS2_PLACEMENT_3D('',#2711,#2712,#2713);
#1909=DRAUGHTING_PRE_DEFINED_CURVE_FONT('continuous');
#1910=COLOUR_RGB('',0.941176474094391,0.627451002597809,0.431372553110123);
#1911=CARTESIAN_POINT('',(49.25,100.0,-50.3));
#1912=AXIS2_PLACEMENT_3D('',#2714,#2715,#2716);
#1913=DRAUGHTING_PRE_DEFINED_CURVE_FONT('continuous');
#1914=COLOUR_RGB('',0.941176474094391,0.627451002597809,0.431372553110123);
#1915=CARTESIAN_POINT('',(101.0,35.0,-50.3));
#1916=AXIS2_PLACEMENT_3D('',#2717,#2718,#2719);
#1917=DRAUGHTING_PRE_DEFINED_CURVE_FONT('continuous');
#1918=COLOUR_RGB('',0.941176474094391,0.627451002597809,0.431372553110123);
#1919=CARTESIAN_POINT('',(101.0,-35.0,-50.3));
#1920=AXIS2_PLACEMENT_3D('',#2720,#2721,#2722);
#1921=DRAUGHTING_PRE_DEFINED_CURVE_FONT('continuous');
#1922=COLOUR_RGB('',0.941176474094391,0.627451002597809,0.431372553110123);
#1923=CARTESIAN_POINT('',(49.25,-100.0,-50.3));
#1924=AXIS2_PLACEMENT_3D('',#2723,#2724,#2725);
#1925=DRAUGHTING_PRE_DEFINED_CURVE_FONT('continuous');
#1926=COLOUR_RGB('',0.941176474094391,0.627451002597809,0.431372553110123);
#1927=CARTESIAN_POINT('',(-74.75,-100.0,-50.3));
#1928=AXIS2_PLACEMENT_3D('',#2726,#2727,#2728);
#1929=DRAUGHTING_PRE_DEFINED_CURVE_FONT('continuous');
#1930=COLOUR_RGB('',0.941176474094391,0.627451002597809,0.431372553110123);
#1931=CARTESIAN_POINT('',(-133.0,-35.0,-50.3));
#1932=AXIS2_PLACEMENT_3D('',#2729,#2730,#2731);
#1933=DRAUGHTING_PRE_DEFINED_CURVE_FONT('continuous');
#1934=COLOUR_RGB('',0.941176474094391,0.627451002597809,0.431372553110123);
#1935=CARTESIAN_POINT('',(-101.0,35.0,-31.3));
#1936=AXIS2_PLACEMENT_3D('',#2732,#2733,#2734);
#1937=DRAUGHTING_PRE_DEFINED_CURVE_FONT('continuous');
#1938=COLOUR_RGB('',0.941176474094391,0.627451002597809,0.431372553110123);
#1939=CARTESIAN_POINT('',(133.0,-35.0,-31.3));
#1940=AXIS2_PLACEMENT_3D('',#2735,#2736,#2737);
#1941=DRAUGHTING_PRE_DEFINED_CURVE_FONT('continuous');
#1942=COLOUR_RGB('',0.941176474094391,0.627451002597809,0.431372553110123);
#1943=CARTESIAN_POINT('',(-133.0,-35.0,-31.3));
#1944=AXIS2_PLACEMENT_3D('',#2738,#2739,#2740);
#1945=DRAUGHTING_PRE_DEFINED_CURVE_FONT('continuous');
#1946=COLOUR_RGB('',0.941176474094391,0.627451002597809,0.431372553110123);
#1947=CARTESIAN_POINT('',(121.5,65.0,-23.3));
#1948=AXIS2_PLACEMENT_3D('',#2741,#2742,#2743);
#1949=DRAUGHTING_PRE_DEFINED_CURVE_FONT('continuous');
#1950=COLOUR_RGB('',0.941176474094391,0.627451002597809,0.431372553110123);
#1951=CARTESIAN_POINT('',(121.5,65.0,-3.3));
#1952=AXIS2_PLACEMENT_3D('',#2744,#2745,#2746);
#1953=DRAUGHTING_PRE_DEFINED_CURVE_FONT('continuous');
#1954=COLOUR_RGB('',0.941176474094391,0.627451002597809,0.431372553110123);
#1955=CARTESIAN_POINT('',(-128.5,-65.0,-23.3));
#1956=AXIS2_PLACEMENT_3D('',#2747,#2748,#2749);
#1957=DRAUGHTING_PRE_DEFINED_CURVE_FONT('continuous');
#1958=COLOUR_RGB('',0.941176474094391,0.627451002597809,0.431372553110123);
#1959=CARTESIAN_POINT('',(-128.5,-65.0,-3.3));
#1960=AXIS2_PLACEMENT_3D('',#2750,#2751,#2752);
#1961=DRAUGHTING_PRE_DEFINED_CURVE_FONT('continuous');
#1962=COLOUR_RGB('',0.941176474094391,0.627451002597809,0.431372553110123);
#1963=CARTESIAN_POINT('',(101.0,35.0,-31.3));
#1964=AXIS2_PLACEMENT_3D('',#2753,#2754,#2755);
#1965=DRAUGHTING_PRE_DEFINED_CURVE_FONT('continuous');
#1966=COLOUR_RGB('',0.941176474094391,0.627451002597809,0.431372553110123);
#1967=CARTESIAN_POINT('',(74.75,-100.0,-44.8));
#1968=AXIS2_PLACEMENT_3D('',#2756,#2757,#2758);
#1969=DRAUGHTING_PRE_DEFINED_CURVE_FONT('continuous');
#1970=COLOUR_RGB('',0.941176474094391,0.627451002597809,0.431372553110123);
#1971=CARTESIAN_POINT('',(-74.75,-100.0,-44.8));
#1972=AXIS2_PLACEMENT_3D('',#2759,#2760,#2761);
#1973=DRAUGHTING_PRE_DEFINED_CURVE_FONT('continuous');
#1974=COLOUR_RGB('',0.941176474094391,0.627451002597809,0.431372553110123);
#1975=CARTESIAN_POINT('',(-49.25,100.0,-44.8));
#1976=AXIS2_PLACEMENT_3D('',#2762,#2763,#2764);
#1977=DRAUGHTING_PRE_DEFINED_CURVE_FONT('continuous');
#1978=COLOUR_RGB('',0.941176474094391,0.627451002597809,0.431372553110123);
#1979=CARTESIAN_POINT('',(49.25,100.0,-44.8));
#1980=AXIS2_PLACEMENT_3D('',#2765,#2766,#2767);
#1981=DRAUGHTING_PRE_DEFINED_CURVE_FONT('continuous');
#1982=COLOUR_RGB('',0.941176474094391,0.627451002597809,0.431372553110123);
#1983=CARTESIAN_POINT('',(92.75,72.5,-20.8));
#1984=VECTOR('',#2768,1000.0);
#1985=SURFACE_SIDE_STYLE('',(#2769));
#1987=SURFACE_STYLE_FILL_AREA(#2770);
#1988=ORIENTED_EDGE('',*,*,#360,.F.);
#1989=ORIENTED_EDGE('',*,*,#362,.F.);
#1990=CARTESIAN_POINT('',(-117.0,-35.0,-0.8));
#1991=DIRECTION('',(-0.0,-0.0,1.0));
#1992=DIRECTION('',(1.0,0.0,0.0));
#1993=SURFACE_STYLE_FILL_AREA(#2771);
#1994=ORIENTED_EDGE('',*,*,#364,.T.);
#1995=ORIENTED_EDGE('',*,*,#366,.T.);
#1996=ORIENTED_EDGE('',*,*,#368,.T.);
#1997=ORIENTED_EDGE('',*,*,#370,.T.);
#1998=ORIENTED_EDGE('',*,*,#372,.T.);
#1999=ORIENTED_EDGE('',*,*,#374,.T.);
#2000=ORIENTED_EDGE('',*,*,#376,.T.);
#2001=ORIENTED_EDGE('',*,*,#378,.T.);
#2002=ORIENTED_EDGE('',*,*,#380,.T.);
#2003=ORIENTED_EDGE('',*,*,#382,.T.);
#2004=ORIENTED_EDGE('',*,*,#384,.T.);
#2005=ORIENTED_EDGE('',*,*,#386,.T.);
#2006=ORIENTED_EDGE('',*,*,#362,.T.);
#2007=ORIENTED_EDGE('',*,*,#388,.T.);
#2008=ORIENTED_EDGE('',*,*,#390,.T.);
#2009=ORIENTED_EDGE('',*,*,#392,.T.);
#2010=ORIENTED_EDGE('',*,*,#394,.F.);
#2011=ORIENTED_EDGE('',*,*,#396,.F.);
#2012=ORIENTED_EDGE('',*,*,#398,.F.);
#2013=ORIENTED_EDGE('',*,*,#400,.F.);
#2014=ORIENTED_EDGE('',*,*,#402,.F.);
#2015=ORIENTED_EDGE('',*,*,#404,.F.);
#2016=ORIENTED_EDGE('',*,*,#406,.F.);
#2017=ORIENTED_EDGE('',*,*,#408,.F.);
#2018=CARTESIAN_POINT('',(117.0,35.0,-0.8));
#2019=DIRECTION('',(0.0,0.0,-1.0));
#2020=DIRECTION('',(-1.0,0.0,0.0));
#2021=SURFACE_STYLE_FILL_AREA(#2772);
#2022=ORIENTED_EDGE('',*,*,#406,.T.);
#2023=ORIENTED_EDGE('',*,*,#410,.F.);
#2024=ORIENTED_EDGE('',*,*,#412,.T.);
#2025=ORIENTED_EDGE('',*,*,#414,.T.);
#2026=CARTESIAN_POINT('',(-92.75,-72.5,30.2));
#2027=DIRECTION('',(0.0,1.0,0.0));
#2028=DIRECTION('',(0.0,0.0,1.0));
#2029=SURFACE_STYLE_FILL_AREA(#2773);
#2030=ORIENTED_EDGE('',*,*,#404,.T.);
#2031=ORIENTED_EDGE('',*,*,#416,.F.);
#2032=ORIENTED_EDGE('',*,*,#418,.T.);
#2033=ORIENTED_EDGE('',*,*,#410,.T.);
#2034=CARTESIAN_POINT('',(92.75,-72.5,30.2));
#2035=DIRECTION('',(-1.0,-1.91417762866406E-016,0.0));
#2036=DIRECTION('',(1.91417762866406E-016,-1.0,0.0));
#2037=SURFACE_STYLE_FILL_AREA(#2774);
#2038=ORIENTED_EDGE('',*,*,#408,.T.);
#2039=ORIENTED_EDGE('',*,*,#414,.F.);
#2040=ORIENTED_EDGE('',*,*,#420,.T.);
#2041=ORIENTED_EDGE('',*,*,#422,.T.);
#2042=CARTESIAN_POINT('',(-92.75,72.5,30.2));
#2043=DIRECTION('',(1.0,-1.91417762866406E-016,0.0));
#2044=DIRECTION('',(1.91417762866406E-016,1.0,0.0));
#2045=SURFACE_STYLE_FILL_AREA(#2775);
#2046=ORIENTED_EDGE('',*,*,#424,.T.);
#2047=ORIENTED_EDGE('',*,*,#426,.T.);
#2048=ORIENTED_EDGE('',*,*,#428,.T.);
#2049=ORIENTED_EDGE('',*,*,#430,.T.);
#2050=ORIENTED_EDGE('',*,*,#432,.T.);
#2051=ORIENTED_EDGE('',*,*,#434,.T.);
#2052=ORIENTED_EDGE('',*,*,#436,.T.);
#2053=ORIENTED_EDGE('',*,*,#438,.T.);
#2054=ORIENTED_EDGE('',*,*,#440,.T.);
#2055=ORIENTED_EDGE('',*,*,#442,.T.);
#2056=ORIENTED_EDGE('',*,*,#444,.T.);
#2057=ORIENTED_EDGE('',*,*,#446,.T.);
#2058=ORIENTED_EDGE('',*,*,#448,.T.);
#2059=ORIENTED_EDGE('',*,*,#450,.T.);
#2060=ORIENTED_EDGE('',*,*,#452,.T.);
#2061=ORIENTED_EDGE('',*,*,#454,.T.);
#2062=ORIENTED_EDGE('',*,*,#456,.T.);
#2063=ORIENTED_EDGE('',*,*,#458,.T.);
#2064=CARTESIAN_POINT('',(117.0,35.0,-51.3));
#2065=DIRECTION('',(0.0,0.0,-1.0));
#2066=DIRECTION('',(-1.0,0.0,0.0));
#2067=SURFACE_STYLE_FILL_AREA(#2776);
#2068=ORIENTED_EDGE('',*,*,#460,.T.);
#2069=ORIENTED_EDGE('',*,*,#462,.T.);
#2070=CARTESIAN_POINT('',(-62.0,-100.0,-51.3));
#2071=DIRECTION('',(0.0,0.0,-1.0));
#2072=DIRECTION('',(1.0,0.0,0.0));
#2073=SURFACE_STYLE_FILL_AREA(#2777);
#2074=ORIENTED_EDGE('',*,*,#390,.F.);
#2075=ORIENTED_EDGE('',*,*,#464,.T.);
#2076=CARTESIAN_POINT('',(125.0,65.0,-51.3));
#2077=DIRECTION('',(0.0,0.0,-1.0));
#2078=DIRECTION('',(1.0,0.0,0.0));
#2079=SURFACE_STYLE_FILL_AREA(#2778);
#2080=ORIENTED_EDGE('',*,*,#466,.T.);
#2081=ORIENTED_EDGE('',*,*,#468,.T.);
#2082=CARTESIAN_POINT('',(-3.06161699786838E-016,-105.0,-51.3));
#2083=DIRECTION('',(0.0,0.0,-1.0));
#2084=DIRECTION('',(1.0,0.0,0.0));
#2085=SURFACE_STYLE_FILL_AREA(#2779);
#2086=ORIENTED_EDGE('',*,*,#470,.T.);
#2087=ORIENTED_EDGE('',*,*,#472,.T.);
#2088=CARTESIAN_POINT('',(-117.0,35.0,-51.3));
#2089=DIRECTION('',(0.0,0.0,-1.0));
#2090=DIRECTION('',(1.0,0.0,0.0));
#2091=SURFACE_STYLE_FILL_AREA(#2780);
#2092=ORIENTED_EDGE('',*,*,#474,.F.);
#2093=ORIENTED_EDGE('',*,*,#392,.F.);
#2094=CARTESIAN_POINT('',(-125.0,-65.0,-51.3));
#2095=DIRECTION('',(0.0,0.0,-1.0));
#2096=DIRECTION('',(1.0,0.0,0.0));
#2097=SURFACE_STYLE_FILL_AREA(#2781);
#2098=ORIENTED_EDGE('',*,*,#360,.T.);
#2099=ORIENTED_EDGE('',*,*,#476,.T.);
#2100=CARTESIAN_POINT('',(-117.0,-35.0,-51.3));
#2101=DIRECTION('',(0.0,0.0,-1.0));
#2102=DIRECTION('',(1.0,0.0,0.0));
#2103=SURFACE_STYLE_FILL_AREA(#2782);
#2104=ORIENTED_EDGE('',*,*,#478,.T.);
#2105=ORIENTED_EDGE('',*,*,#480,.T.);
#2106=CARTESIAN_POINT('',(-3.06161699786839E-016,105.0,-51.3));
#2107=DIRECTION('',(0.0,0.0,-1.0));
#2108=DIRECTION('',(1.0,0.0,0.0));
#2109=SURFACE_STYLE_FILL_AREA(#2783);
#2110=ORIENTED_EDGE('',*,*,#482,.T.);
#2111=ORIENTED_EDGE('',*,*,#484,.T.);
#2112=CARTESIAN_POINT('',(117.0,-35.0,-51.3));
#2113=DIRECTION('',(0.0,0.0,-1.0));
#2114=DIRECTION('',(1.0,0.0,0.0));
#2115=SURFACE_STYLE_FILL_AREA(#2784);
#2116=ORIENTED_EDGE('',*,*,#486,.T.);
#2117=ORIENTED_EDGE('',*,*,#488,.T.);
#2118=CARTESIAN_POINT('',(117.0,35.0,-51.3));
#2119=DIRECTION('',(0.0,0.0,-1.0));
#2120=DIRECTION('',(1.0,0.0,0.0));
#2121=SURFACE_STYLE_FILL_AREA(#2785);
#2122=ORIENTED_EDGE('',*,*,#396,.T.);
#2123=ORIENTED_EDGE('',*,*,#490,.F.);
#2124=ORIENTED_EDGE('',*,*,#458,.F.);
#2125=ORIENTED_EDGE('',*,*,#492,.T.);
#2126=CARTESIAN_POINT('',(140.0,-125.0,-51.3));
#2127=DIRECTION('',(0.0,1.0,0.0));
#2128=DIRECTION('',(0.0,0.0,1.0));
#2129=SURFACE_STYLE_FILL_AREA(#2786);
#2130=ORIENTED_EDGE('',*,*,#398,.T.);
#2131=ORIENTED_EDGE('',*,*,#492,.F.);
#2132=ORIENTED_EDGE('',*,*,#456,.F.);
#2133=ORIENTED_EDGE('',*,*,#494,.T.);
#2134=CARTESIAN_POINT('',(140.0,125.0,-51.3));
#2135=DIRECTION('',(-1.0,0.0,0.0));
#2136=DIRECTION('',(0.0,0.0,1.0));
#2137=SURFACE_STYLE_FILL_AREA(#2787);
#2138=ORIENTED_EDGE('',*,*,#400,.T.);
#2139=ORIENTED_EDGE('',*,*,#494,.F.);
#2140=ORIENTED_EDGE('',*,*,#454,.F.);
#2141=ORIENTED_EDGE('',*,*,#496,.T.);
#2142=CARTESIAN_POINT('',(-140.0,125.0,-51.3));
#2143=DIRECTION('',(-9.91270557701033E-017,-1.0,0.0));
#2144=DIRECTION('',(1.0,-9.91270557701033E-017,0.0));
#2145=SURFACE_STYLE_FILL_AREA(#2788);
#2146=ORIENTED_EDGE('',*,*,#394,.T.);
#2147=ORIENTED_EDGE('',*,*,#496,.F.);
#2148=ORIENTED_EDGE('',*,*,#452,.F.);
#2149=ORIENTED_EDGE('',*,*,#490,.T.);
#2150=CARTESIAN_POINT('',(-140.0,-125.0,-51.3));
#2151=DIRECTION('',(1.0,0.0,0.0));
#2152=DIRECTION('',(0.0,0.0,-1.0));
#2153=SURFACE_STYLE_FILL_AREA(#2789);
#2154=ORIENTED_EDGE('',*,*,#498,.T.);
#2155=ORIENTED_EDGE('',*,*,#500,.T.);
#2156=CARTESIAN_POINT('',(62.0,100.0,-51.3));
#2157=DIRECTION('',(0.0,0.0,-1.0));
#2158=DIRECTION('',(1.0,0.0,0.0));
#2159=SURFACE_STYLE_FILL_AREA(#2790);
#2160=ORIENTED_EDGE('',*,*,#502,.T.);
#2161=ORIENTED_EDGE('',*,*,#504,.T.);
#2162=CARTESIAN_POINT('',(62.0,-100.0,-51.3));
#2163=DIRECTION('',(0.0,0.0,-1.0));
#2164=DIRECTION('',(1.0,0.0,0.0));
#2165=SURFACE_STYLE_FILL_AREA(#2791);
#2166=ORIENTED_EDGE('',*,*,#506,.T.);
#2167=ORIENTED_EDGE('',*,*,#508,.T.);
#2168=CARTESIAN_POINT('',(-62.0,100.0,-51.3));
#2169=DIRECTION('',(0.0,0.0,-1.0));
#2170=DIRECTION('',(1.0,0.0,0.0));
#2171=SURFACE_STYLE_FILL_AREA(#2792);
#2172=ORIENTED_EDGE('',*,*,#510,.T.);
#2173=ORIENTED_EDGE('',*,*,#512,.T.);
#2174=CARTESIAN_POINT('',(-112.0,97.0,-51.3));
#2175=DIRECTION('',(0.0,0.0,-1.0));
#2176=DIRECTION('',(1.0,0.0,0.0));
#2177=SURFACE_STYLE_FILL_AREA(#2793);
#2178=ORIENTED_EDGE('',*,*,#514,.T.);
#2179=ORIENTED_EDGE('',*,*,#516,.T.);
#2180=CARTESIAN_POINT('',(-112.0,-97.0,-51.3));
#2181=DIRECTION('',(0.0,0.0,-1.0));
#2182=DIRECTION('',(1.0,0.0,0.0));
#2183=SURFACE_STYLE_FILL_AREA(#2794);
#2184=ORIENTED_EDGE('',*,*,#518,.T.);
#2185=ORIENTED_EDGE('',*,*,#520,.T.);
#2186=CARTESIAN_POINT('',(112.0,-97.0,-51.3));
#2187=DIRECTION('',(0.0,0.0,-1.0));
#2188=DIRECTION('',(1.0,0.0,0.0));
#2189=SURFACE_STYLE_FILL_AREA(#2795);
#2190=ORIENTED_EDGE('',*,*,#522,.T.);
#2191=ORIENTED_EDGE('',*,*,#524,.T.);
#2192=CARTESIAN_POINT('',(112.0,97.0,-51.3));
#2193=DIRECTION('',(0.0,0.0,-1.0));
#2194=DIRECTION('',(1.0,0.0,0.0));
#2195=SURFACE_STYLE_FILL_AREA(#2796);
#2196=ORIENTED_EDGE('',*,*,#526,.F.);
#2197=ORIENTED_EDGE('',*,*,#424,.F.);
#2198=CARTESIAN_POINT('',(-117.0,35.0,-51.3));
#2199=DIRECTION('',(-0.0,-0.0,-1.0));
#2200=DIRECTION('',(-1.0,0.0,0.0));
#2201=SURFACE_STYLE_FILL_AREA(#2797);
#2202=ORIENTED_EDGE('',*,*,#512,.F.);
#2203=ORIENTED_EDGE('',*,*,#426,.F.);
#2204=CARTESIAN_POINT('',(-112.0,97.0,-51.3));
#2205=DIRECTION('',(-0.0,-0.0,-1.0));
#2206=DIRECTION('',(-1.0,0.0,0.0));
#2207=SURFACE_STYLE_FILL_AREA(#2798);
#2208=ORIENTED_EDGE('',*,*,#528,.F.);
#2209=ORIENTED_EDGE('',*,*,#428,.F.);
#2210=CARTESIAN_POINT('',(-62.0,100.0,-51.3));
#2211=DIRECTION('',(-0.0,-0.0,-1.0));
#2212=DIRECTION('',(-1.0,0.0,0.0));
#2213=SURFACE_STYLE_FILL_AREA(#2799);
#2214=ORIENTED_EDGE('',*,*,#480,.F.);
#2215=ORIENTED_EDGE('',*,*,#430,.F.);
#2216=CARTESIAN_POINT('',(-3.06161699786839E-016,105.0,-51.3));
#2217=DIRECTION('',(-0.0,-0.0,-1.0));
#2218=DIRECTION('',(-1.0,0.0,0.0));
#2219=SURFACE_STYLE_FILL_AREA(#2800);
#2220=ORIENTED_EDGE('',*,*,#432,.F.);
#2221=ORIENTED_EDGE('',*,*,#530,.F.);
#2222=CARTESIAN_POINT('',(62.0,100.0,-50.3));
#2223=DIRECTION('',(-0.0,-0.0,-1.0));
#2224=DIRECTION('',(-1.0,0.0,0.0));
#2225=SURFACE_STYLE_FILL_AREA(#2801);
#2226=ORIENTED_EDGE('',*,*,#434,.F.);
#2227=ORIENTED_EDGE('',*,*,#524,.F.);
#2228=CARTESIAN_POINT('',(112.0,97.0,-50.3));
#2229=DIRECTION('',(-0.0,-0.0,-1.0));
#2230=DIRECTION('',(-1.0,0.0,0.0));
#2231=SURFACE_STYLE_FILL_AREA(#2802);
#2232=ORIENTED_EDGE('',*,*,#436,.F.);
#2233=ORIENTED_EDGE('',*,*,#532,.F.);
#2234=CARTESIAN_POINT('',(117.0,35.0,-50.3));
#2235=DIRECTION('',(-0.0,-0.0,-1.0));
#2236=DIRECTION('',(-1.0,0.0,0.0));
#2237=SURFACE_STYLE_FILL_AREA(#2803);
#2238=ORIENTED_EDGE('',*,*,#534,.F.);
#2239=ORIENTED_EDGE('',*,*,#438,.F.);
#2240=CARTESIAN_POINT('',(117.0,-35.0,-51.3));
#2241=DIRECTION('',(-0.0,-0.0,-1.0));
#2242=DIRECTION('',(-1.0,0.0,0.0));
#2243=SURFACE_STYLE_FILL_AREA(#2804);
#2244=ORIENTED_EDGE('',*,*,#520,.F.);
#2245=ORIENTED_EDGE('',*,*,#440,.F.);
#2246=CARTESIAN_POINT('',(112.0,-97.0,-51.3));
#2247=DIRECTION('',(-0.0,-0.0,-1.0));
#2248=DIRECTION('',(-1.0,0.0,0.0));
#2249=SURFACE_STYLE_FILL_AREA(#2805);
#2250=ORIENTED_EDGE('',*,*,#536,.F.);
#2251=ORIENTED_EDGE('',*,*,#442,.F.);
#2252=CARTESIAN_POINT('',(62.0,-100.0,-51.3));
#2253=DIRECTION('',(-0.0,-0.0,-1.0));
#2254=DIRECTION('',(-1.0,0.0,0.0));
#2255=SURFACE_STYLE_FILL_AREA(#2806);
#2256=ORIENTED_EDGE('',*,*,#444,.F.);
#2257=ORIENTED_EDGE('',*,*,#468,.F.);
#2258=CARTESIAN_POINT('',(-3.06161699786838E-016,-105.0,-50.3));
#2259=DIRECTION('',(-0.0,-0.0,-1.0));
#2260=DIRECTION('',(-1.0,0.0,0.0));
#2261=SURFACE_STYLE_FILL_AREA(#2807);
#2262=ORIENTED_EDGE('',*,*,#446,.F.);
#2263=ORIENTED_EDGE('',*,*,#538,.F.);
#2264=CARTESIAN_POINT('',(-62.0,-100.0,-50.3));
#2265=DIRECTION('',(-0.0,-0.0,-1.0));
#2266=DIRECTION('',(-1.0,0.0,0.0));
#2267=SURFACE_STYLE_FILL_AREA(#2808);
#2268=ORIENTED_EDGE('',*,*,#448,.F.);
#2269=ORIENTED_EDGE('',*,*,#540,.F.);
#2270=CARTESIAN_POINT('',(-117.0,-35.0,-50.3));
#2271=DIRECTION('',(-0.0,-0.0,-1.0));
#2272=DIRECTION('',(-1.0,0.0,0.0));
#2273=SURFACE_STYLE_FILL_AREA(#2809);
#2274=ORIENTED_EDGE('',*,*,#450,.F.);
#2275=ORIENTED_EDGE('',*,*,#516,.F.);
#2276=CARTESIAN_POINT('',(-112.0,-97.0,-50.3));
#2277=DIRECTION('',(-0.0,-0.0,-1.0));
#2278=DIRECTION('',(-1.0,0.0,0.0));
#2279=SURFACE_STYLE_FILL_AREA(#2810);
#2280=ORIENTED_EDGE('',*,*,#460,.F.);
#2281=ORIENTED_EDGE('',*,*,#364,.F.);
#2282=CARTESIAN_POINT('',(-62.0,-100.0,-0.8));
#2283=DIRECTION('',(-0.0,-0.0,1.0));
#2284=DIRECTION('',(1.0,0.0,0.0));
#2285=SURFACE_STYLE_FILL_AREA(#2811);
#2286=ORIENTED_EDGE('',*,*,#466,.F.);
#2287=ORIENTED_EDGE('',*,*,#366,.F.);
#2288=CARTESIAN_POINT('',(-3.06161699786838E-016,-105.0,-0.8));
#2289=DIRECTION('',(-0.0,-0.0,1.0));
#2290=DIRECTION('',(1.0,0.0,0.0));
#2291=SURFACE_STYLE_FILL_AREA(#2812);
#2292=ORIENTED_EDGE('',*,*,#368,.F.);
#2293=ORIENTED_EDGE('',*,*,#502,.F.);
#2294=CARTESIAN_POINT('',(62.0,-100.0,-1.8));
#2295=DIRECTION('',(-0.0,-0.0,1.0));
#2296=DIRECTION('',(1.0,0.0,0.0));
#2297=SURFACE_STYLE_FILL_AREA(#2813);
#2298=ORIENTED_EDGE('',*,*,#370,.F.);
#2299=ORIENTED_EDGE('',*,*,#518,.F.);
#2300=CARTESIAN_POINT('',(112.0,-97.0,-1.8));
#2301=DIRECTION('',(-0.0,-0.0,1.0));
#2302=DIRECTION('',(1.0,0.0,0.0));
#2303=SURFACE_STYLE_FILL_AREA(#2814);
#2304=ORIENTED_EDGE('',*,*,#372,.F.);
#2305=ORIENTED_EDGE('',*,*,#482,.F.);
#2306=CARTESIAN_POINT('',(117.0,-35.0,-1.8));
#2307=DIRECTION('',(-0.0,-0.0,1.0));
#2308=DIRECTION('',(1.0,0.0,0.0));
#2309=SURFACE_STYLE_FILL_AREA(#2815);
#2310=ORIENTED_EDGE('',*,*,#486,.F.);
#2311=ORIENTED_EDGE('',*,*,#374,.F.);
#2312=CARTESIAN_POINT('',(117.0,35.0,-0.8));
#2313=DIRECTION('',(-0.0,-0.0,1.0));
#2314=DIRECTION('',(1.0,0.0,0.0));
#2315=SURFACE_STYLE_FILL_AREA(#2816);
#2316=ORIENTED_EDGE('',*,*,#522,.F.);
#2317=ORIENTED_EDGE('',*,*,#376,.F.);
#2318=CARTESIAN_POINT('',(112.0,97.0,-0.8));
#2319=DIRECTION('',(-0.0,-0.0,1.0));
#2320=DIRECTION('',(1.0,0.0,0.0));
#2321=SURFACE_STYLE_FILL_AREA(#2817);
#2322=ORIENTED_EDGE('',*,*,#498,.F.);
#2323=ORIENTED_EDGE('',*,*,#378,.F.);
#2324=CARTESIAN_POINT('',(62.0,100.0,-0.8));
#2325=DIRECTION('',(-0.0,-0.0,1.0));
#2326=DIRECTION('',(1.0,0.0,0.0));
#2327=SURFACE_STYLE_FILL_AREA(#2818);
#2328=ORIENTED_EDGE('',*,*,#380,.F.);
#2329=ORIENTED_EDGE('',*,*,#478,.F.);
#2330=CARTESIAN_POINT('',(-3.06161699786839E-016,105.0,-1.8));
#2331=DIRECTION('',(-0.0,-0.0,1.0));
#2332=DIRECTION('',(1.0,0.0,0.0));
#2333=SURFACE_STYLE_FILL_AREA(#2819);
#2334=ORIENTED_EDGE('',*,*,#382,.F.);
#2335=ORIENTED_EDGE('',*,*,#506,.F.);
#2336=CARTESIAN_POINT('',(-62.0,100.0,-1.8));
#2337=DIRECTION('',(-0.0,-0.0,1.0));
#2338=DIRECTION('',(1.0,0.0,0.0));
#2339=SURFACE_STYLE_FILL_AREA(#2820);
#2340=ORIENTED_EDGE('',*,*,#384,.F.);
#2341=ORIENTED_EDGE('',*,*,#510,.F.);
#2342=CARTESIAN_POINT('',(-112.0,97.0,-1.8));
#2343=DIRECTION('',(-0.0,-0.0,1.0));
#2344=DIRECTION('',(1.0,0.0,0.0));
#2345=SURFACE_STYLE_FILL_AREA(#2821);
#2346=ORIENTED_EDGE('',*,*,#386,.F.);
#2347=ORIENTED_EDGE('',*,*,#470,.F.);
#2348=CARTESIAN_POINT('',(-117.0,35.0,-1.8));
#2349=DIRECTION('',(-0.0,-0.0,1.0));
#2350=DIRECTION('',(1.0,0.0,0.0));
#2351=SURFACE_STYLE_FILL_AREA(#2822);
#2352=ORIENTED_EDGE('',*,*,#542,.T.);
#2353=ORIENTED_EDGE('',*,*,#472,.F.);
#2354=CARTESIAN_POINT('',(-117.0,35.0,-31.3));
#2355=DIRECTION('',(0.0,0.0,1.0));
#2356=DIRECTION('',(1.0,0.0,0.0));
#2357=SURFACE_STYLE_FILL_AREA(#2823);
#2358=ORIENTED_EDGE('',*,*,#526,.T.);
#2359=ORIENTED_EDGE('',*,*,#542,.F.);
#2360=CARTESIAN_POINT('',(-117.0,35.0,-31.3));
#2361=DIRECTION('',(0.0,-0.0,1.0));
#2362=DIRECTION('',(-1.0,0.0,0.0));
#2363=SURFACE_STYLE_FILL_AREA(#2824);
#2364=ORIENTED_EDGE('',*,*,#534,.T.);
#2365=ORIENTED_EDGE('',*,*,#544,.F.);
#2366=CARTESIAN_POINT('',(117.0,-35.0,-31.3));
#2367=DIRECTION('',(0.0,-0.0,1.0));
#2368=DIRECTION('',(-1.0,0.0,0.0));
#2369=SURFACE_STYLE_FILL_AREA(#2825);
#2370=ORIENTED_EDGE('',*,*,#544,.T.);
#2371=ORIENTED_EDGE('',*,*,#484,.F.);
#2372=CARTESIAN_POINT('',(117.0,-35.0,-31.3));
#2373=DIRECTION('',(0.0,0.0,1.0));
#2374=DIRECTION('',(1.0,0.0,0.0));
#2375=SURFACE_STYLE_FILL_AREA(#2826);
#2376=ORIENTED_EDGE('',*,*,#476,.F.);
#2377=ORIENTED_EDGE('',*,*,#546,.F.);
#2378=CARTESIAN_POINT('',(-117.0,-35.0,-31.3));
#2379=DIRECTION('',(0.0,0.0,-1.0));
#2380=DIRECTION('',(-1.0,0.0,0.0));
#2381=SURFACE_STYLE_FILL_AREA(#2827);
#2382=ORIENTED_EDGE('',*,*,#540,.T.);
#2383=ORIENTED_EDGE('',*,*,#546,.T.);
#2384=CARTESIAN_POINT('',(-117.0,-35.0,-31.3));
#2385=DIRECTION('',(0.0,-0.0,1.0));
#2386=DIRECTION('',(-1.0,0.0,0.0));
#2387=SURFACE_STYLE_FILL_AREA(#2828);
#2388=ORIENTED_EDGE('',*,*,#548,.T.);
#2389=VERTEX_POINT('',#2829);
#2390=CARTESIAN_POINT('',(125.0,65.0,-23.3));
#2391=DIRECTION('',(-0.0,-0.0,1.0));
#2392=DIRECTION('',(1.0,0.0,0.0));
#2393=SURFACE_STYLE_FILL_AREA(#2830);
#2394=ORIENTED_EDGE('',*,*,#548,.F.);
#2395=ORIENTED_EDGE('',*,*,#550,.F.);
#2396=CARTESIAN_POINT('',(125.0,65.0,-3.3));
#2397=DIRECTION('',(0.0,-0.0,1.0));
#2398=DIRECTION('',(-1.0,0.0,0.0));
#2399=SURFACE_STYLE_FILL_AREA(#2831);
#2400=ORIENTED_EDGE('',*,*,#552,.T.);
#2401=VERTEX_POINT('',#2832);
#2402=CARTESIAN_POINT('',(-125.0,-65.0,-23.3));
#2403=DIRECTION('',(-0.0,-0.0,1.0));
#2404=DIRECTION('',(1.0,0.0,0.0));
#2405=SURFACE_STYLE_FILL_AREA(#2833);
#2406=ORIENTED_EDGE('',*,*,#552,.F.);
#2407=ORIENTED_EDGE('',*,*,#554,.F.);
#2408=CARTESIAN_POINT('',(-125.0,-65.0,-3.3));
#2409=DIRECTION('',(0.0,-0.0,1.0));
#2410=DIRECTION('',(-1.0,0.0,0.0));
#2411=SURFACE_STYLE_FILL_AREA(#2834);
#2412=ORIENTED_EDGE('',*,*,#550,.T.);
#2413=ORIENTED_EDGE('',*,*,#464,.F.);
#2414=CARTESIAN_POINT('',(125.0,65.0,-3.3));
#2415=DIRECTION('',(0.0,0.0,-1.0));
#2416=DIRECTION('',(-1.0,0.0,0.0));
#2417=SURFACE_STYLE_FILL_AREA(#2835);
#2418=ORIENTED_EDGE('',*,*,#554,.T.);
#2419=ORIENTED_EDGE('',*,*,#474,.T.);
#2420=CARTESIAN_POINT('',(-125.0,-65.0,-3.3));
#2421=DIRECTION('',(0.0,0.0,1.0));
#2422=DIRECTION('',(1.0,0.0,0.0));
#2423=SURFACE_STYLE_FILL_AREA(#2836);
#2424=ORIENTED_EDGE('',*,*,#532,.T.);
#2425=ORIENTED_EDGE('',*,*,#556,.T.);
#2426=CARTESIAN_POINT('',(117.0,35.0,-31.3));
#2427=DIRECTION('',(0.0,-0.0,1.0));
#2428=DIRECTION('',(-1.0,0.0,0.0));
#2429=SURFACE_STYLE_FILL_AREA(#2837);
#2430=ORIENTED_EDGE('',*,*,#536,.T.);
#2431=ORIENTED_EDGE('',*,*,#558,.F.);
#2432=CARTESIAN_POINT('',(62.0,-100.0,-44.8));
#2433=DIRECTION('',(0.0,-0.0,1.0));
#2434=DIRECTION('',(-1.0,0.0,0.0));
#2435=SURFACE_STYLE_FILL_AREA(#2838);
#2436=ORIENTED_EDGE('',*,*,#538,.T.);
#2437=ORIENTED_EDGE('',*,*,#560,.T.);
#2438=CARTESIAN_POINT('',(-62.0,-100.0,-44.8));
#2439=DIRECTION('',(0.0,-0.0,1.0));
#2440=DIRECTION('',(-1.0,0.0,0.0));
#2441=SURFACE_STYLE_FILL_AREA(#2839);
#2442=ORIENTED_EDGE('',*,*,#528,.T.);
#2443=ORIENTED_EDGE('',*,*,#562,.F.);
#2444=CARTESIAN_POINT('',(-62.0,100.0,-44.8));
#2445=DIRECTION('',(0.0,-0.0,1.0));
#2446=DIRECTION('',(-1.0,0.0,0.0));
#2447=SURFACE_STYLE_FILL_AREA(#2840);
#2448=ORIENTED_EDGE('',*,*,#530,.T.);
#2449=ORIENTED_EDGE('',*,*,#564,.T.);
#2450=CARTESIAN_POINT('',(62.0,100.0,-44.8));
#2451=DIRECTION('',(0.0,-0.0,1.0));
#2452=DIRECTION('',(-1.0,0.0,0.0));
#2453=SURFACE_STYLE_FILL_AREA(#2841);
#2454=ORIENTED_EDGE('',*,*,#514,.F.);
#2455=ORIENTED_EDGE('',*,*,#388,.F.);
#2456=CARTESIAN_POINT('',(-112.0,-97.0,-0.8));
#2457=DIRECTION('',(-0.0,-0.0,1.0));
#2458=DIRECTION('',(1.0,0.0,0.0));
#2459=SURFACE_STYLE_FILL_AREA(#2842);
#2460=ORIENTED_EDGE('',*,*,#562,.T.);
#2461=ORIENTED_EDGE('',*,*,#508,.F.);
#2462=CARTESIAN_POINT('',(-62.0,100.0,-44.8));
#2463=DIRECTION('',(0.0,0.0,1.0));
#2464=DIRECTION('',(1.0,0.0,0.0));
#2465=SURFACE_STYLE_FILL_AREA(#2843);
#2466=ORIENTED_EDGE('',*,*,#462,.F.);
#2467=ORIENTED_EDGE('',*,*,#560,.F.);
#2468=CARTESIAN_POINT('',(-62.0,-100.0,-44.8));
#2469=DIRECTION('',(0.0,0.0,-1.0));
#2470=DIRECTION('',(-1.0,0.0,0.0));
#2471=SURFACE_STYLE_FILL_AREA(#2844);
#2472=ORIENTED_EDGE('',*,*,#558,.T.);
#2473=ORIENTED_EDGE('',*,*,#504,.F.);
#2474=CARTESIAN_POINT('',(62.0,-100.0,-44.8));
#2475=DIRECTION('',(0.0,0.0,1.0));
#2476=DIRECTION('',(1.0,0.0,0.0));
#2477=SURFACE_STYLE_FILL_AREA(#2845);
#2478=ORIENTED_EDGE('',*,*,#500,.F.);
#2479=ORIENTED_EDGE('',*,*,#564,.F.);
#2480=CARTESIAN_POINT('',(62.0,100.0,-44.8));
#2481=DIRECTION('',(0.0,0.0,-1.0));
#2482=DIRECTION('',(-1.0,0.0,0.0));
#2483=SURFACE_STYLE_FILL_AREA(#2846);
#2484=ORIENTED_EDGE('',*,*,#566,.F.);
#2485=ORIENTED_EDGE('',*,*,#420,.F.);
#2486=ORIENTED_EDGE('',*,*,#412,.F.);
#2487=ORIENTED_EDGE('',*,*,#418,.F.);
#2488=CARTESIAN_POINT('',(0.0,0.0,-20.8));
#2489=DIRECTION('',(0.0,0.0,1.0));
#2490=DIRECTION('',(1.0,0.0,0.0));
#2491=SURFACE_STYLE_FILL_AREA(#2847);
#2492=ORIENTED_EDGE('',*,*,#402,.T.);
#2493=ORIENTED_EDGE('',*,*,#422,.F.);
#2494=ORIENTED_EDGE('',*,*,#566,.T.);
#2495=ORIENTED_EDGE('',*,*,#416,.T.);
#2496=CARTESIAN_POINT('',(92.75,72.5,30.2));
#2497=DIRECTION('',(0.0,-1.0,0.0));
#2498=DIRECTION('',(0.0,0.0,-1.0));
#2499=SURFACE_STYLE_FILL_AREA(#2848);
#2500=ORIENTED_EDGE('',*,*,#488,.F.);
#2501=ORIENTED_EDGE('',*,*,#556,.F.);
#2502=CARTESIAN_POINT('',(117.0,35.0,-31.3));
#2503=DIRECTION('',(0.0,0.0,-1.0));
#2504=DIRECTION('',(-1.0,0.0,0.0));
#2505=CARTESIAN_POINT('',(-117.0,-35.0,-1.8));
#2506=DIRECTION('',(0.0,0.0,-1.0));
#2507=DIRECTION('',(-1.0,0.0,0.0));
#2508=CARTESIAN_POINT('',(-117.0,-35.0,-0.8));
#2509=DIRECTION('',(0.0,0.0,-1.0));
#2510=DIRECTION('',(-1.0,0.0,0.0));
#2511=CARTESIAN_POINT('',(-62.0,-100.0,-0.8));
#2512=DIRECTION('',(0.0,0.0,-1.0));
#2513=DIRECTION('',(-1.0,0.0,0.0));
#2514=CARTESIAN_POINT('',(-3.06161699786838E-016,-105.0,-0.8));
#2515=DIRECTION('',(0.0,0.0,-1.0));
#2516=DIRECTION('',(-1.0,0.0,0.0));
#2517=CARTESIAN_POINT('',(62.0,-100.0,-0.8));
#2518=DIRECTION('',(0.0,0.0,-1.0));
#2519=DIRECTION('',(-1.0,0.0,0.0));
#2520=CARTESIAN_POINT('',(112.0,-97.0,-0.8));
#2521=DIRECTION('',(0.0,0.0,-1.0));
#2522=DIRECTION('',(-1.0,0.0,0.0));
#2523=CARTESIAN_POINT('',(117.0,-35.0,-0.8));
#2524=DIRECTION('',(0.0,0.0,-1.0));
#2525=DIRECTION('',(-1.0,0.0,0.0));
#2526=CARTESIAN_POINT('',(117.0,35.0,-0.8));
#2527=DIRECTION('',(0.0,0.0,-1.0));
#2528=DIRECTION('',(-1.0,0.0,0.0));
#2529=CARTESIAN_POINT('',(112.0,97.0,-0.8));
#2530=DIRECTION('',(0.0,0.0,-1.0));
#2531=DIRECTION('',(-1.0,0.0,0.0));
#2532=CARTESIAN_POINT('',(62.0,100.0,-0.8));
#2533=DIRECTION('',(0.0,0.0,-1.0));
#2534=DIRECTION('',(-1.0,0.0,0.0));
#2535=CARTESIAN_POINT('',(-3.06161699786839E-016,105.0,-0.8));
#2536=DIRECTION('',(0.0,0.0,-1.0));
#2537=DIRECTION('',(-1.0,0.0,0.0));
#2538=CARTESIAN_POINT('',(-62.0,100.0,-0.8));
#2539=DIRECTION('',(0.0,0.0,-1.0));
#2540=DIRECTION('',(-1.0,0.0,0.0));
#2541=CARTESIAN_POINT('',(-112.0,97.0,-0.8));
#2542=DIRECTION('',(0.0,0.0,-1.0));
#2543=DIRECTION('',(-1.0,0.0,0.0));
#2544=CARTESIAN_POINT('',(-117.0,35.0,-0.8));
#2545=DIRECTION('',(0.0,0.0,-1.0));
#2546=DIRECTION('',(-1.0,0.0,0.0));
#2547=CARTESIAN_POINT('',(-112.0,-97.0,-0.8));
#2548=DIRECTION('',(0.0,0.0,-1.0));
#2549=DIRECTION('',(-1.0,0.0,0.0));
#2550=CARTESIAN_POINT('',(125.0,65.0,-0.8));
#2551=DIRECTION('',(0.0,0.0,-1.0));
#2552=DIRECTION('',(-1.0,0.0,0.0));
#2553=CARTESIAN_POINT('',(-125.0,-65.0,-0.8));
#2554=DIRECTION('',(0.0,0.0,-1.0));
#2555=DIRECTION('',(-1.0,0.0,0.0));
#2556=DIRECTION('',(0.0,1.0,0.0));
#2557=DIRECTION('',(-1.0,0.0,0.0));
#2558=DIRECTION('',(0.0,-1.0,0.0));
#2559=DIRECTION('',(1.0,-9.91270557701033E-017,0.0));
#2560=DIRECTION('',(-1.0,0.0,0.0));
#2561=DIRECTION('',(-1.91417762866406E-016,1.0,0.0));
#2562=DIRECTION('',(1.0,0.0,0.0));
#2563=DIRECTION('',(-1.91417762866406E-016,-1.0,0.0));
#2564=DIRECTION('',(0.0,0.0,-1.0));
#2565=DIRECTION('',(1.0,0.0,0.0));
#2566=DIRECTION('',(0.0,0.0,-1.0));
#2567=DIRECTION('',(0.0,0.0,-1.0));
#2568=DIRECTION('',(-1.91417762866406E-016,1.0,0.0));
#2569=DIRECTION('',(-1.91417762866406E-016,-1.0,0.0));
#2570=DIRECTION('',(0.0,0.0,-1.0));
#2571=CARTESIAN_POINT('',(-117.0,35.0,-51.3));
#2572=DIRECTION('',(0.0,0.0,-1.0));
#2573=DIRECTION('',(-1.0,0.0,0.0));
#2574=CARTESIAN_POINT('',(-112.0,97.0,-51.3));
#2575=DIRECTION('',(0.0,0.0,-1.0));
#2576=DIRECTION('',(-1.0,0.0,0.0));
#2577=CARTESIAN_POINT('',(-62.0,100.0,-51.3));
#2578=DIRECTION('',(0.0,0.0,-1.0));
#2579=DIRECTION('',(-1.0,0.0,0.0));
#2580=CARTESIAN_POINT('',(-3.06161699786839E-016,105.0,-51.3));
#2581=DIRECTION('',(0.0,0.0,-1.0));
#2582=DIRECTION('',(-1.0,0.0,0.0));
#2583=CARTESIAN_POINT('',(62.0,100.0,-51.3));
#2584=DIRECTION('',(0.0,0.0,-1.0));
#2585=DIRECTION('',(-1.0,0.0,0.0));
#2586=CARTESIAN_POINT('',(112.0,97.0,-51.3));
#2587=DIRECTION('',(0.0,0.0,-1.0));
#2588=DIRECTION('',(-1.0,0.0,0.0));
#2589=CARTESIAN_POINT('',(117.0,35.0,-51.3));
#2590=DIRECTION('',(0.0,0.0,-1.0));
#2591=DIRECTION('',(-1.0,0.0,0.0));
#2592=CARTESIAN_POINT('',(117.0,-35.0,-51.3));
#2593=DIRECTION('',(0.0,0.0,-1.0));
#2594=DIRECTION('',(-1.0,0.0,0.0));
#2595=CARTESIAN_POINT('',(112.0,-97.0,-51.3));
#2596=DIRECTION('',(0.0,0.0,-1.0));
#2597=DIRECTION('',(-1.0,0.0,0.0));
#2598=CARTESIAN_POINT('',(62.0,-100.0,-51.3));
#2599=DIRECTION('',(0.0,0.0,-1.0));
#2600=DIRECTION('',(-1.0,0.0,0.0));
#2601=CARTESIAN_POINT('',(-3.06161699786838E-016,-105.0,-51.3));
#2602=DIRECTION('',(0.0,0.0,-1.0));
#2603=DIRECTION('',(-1.0,0.0,0.0));
#2604=CARTESIAN_POINT('',(-62.0,-100.0,-51.3));
#2605=DIRECTION('',(0.0,0.0,-1.0));
#2606=DIRECTION('',(-1.0,0.0,0.0));
#2607=CARTESIAN_POINT('',(-117.0,-35.0,-51.3));
#2608=DIRECTION('',(0.0,0.0,-1.0));
#2609=DIRECTION('',(-1.0,0.0,0.0));
#2610=CARTESIAN_POINT('',(-112.0,-97.0,-51.3));
#2611=DIRECTION('',(0.0,0.0,-1.0));
#2612=DIRECTION('',(-1.0,0.0,0.0));
#2613=DIRECTION('',(0.0,1.0,0.0));
#2614=DIRECTION('',(1.0,-9.91270557701033E-017,0.0));
#2615=DIRECTION('',(0.0,-1.0,0.0));
#2616=DIRECTION('',(-1.0,0.0,0.0));
#2617=CARTESIAN_POINT('',(-62.0,-100.0,-1.8));
#2618=DIRECTION('',(0.0,0.0,-1.0));
#2619=DIRECTION('',(-1.0,0.0,0.0));
#2620=CARTESIAN_POINT('',(-62.0,-100.0,-44.8));
#2621=DIRECTION('',(0.0,0.0,-1.0));
#2622=DIRECTION('',(-1.0,0.0,0.0));
#2623=CARTESIAN_POINT('',(125.0,65.0,-3.3));
#2624=DIRECTION('',(0.0,0.0,-1.0));
#2625=DIRECTION('',(-1.0,0.0,0.0));
#2626=CARTESIAN_POINT('',(-3.06161699786838E-016,-105.0,-1.8));
#2627=DIRECTION('',(0.0,0.0,-1.0));
#2628=DIRECTION('',(-1.0,0.0,0.0));
#2629=CARTESIAN_POINT('',(-3.06161699786838E-016,-105.0,-50.3));
#2630=DIRECTION('',(0.0,0.0,-1.0));
#2631=DIRECTION('',(-1.0,0.0,0.0));
#2632=CARTESIAN_POINT('',(-117.0,35.0,-1.8));
#2633=DIRECTION('',(0.0,0.0,-1.0));
#2634=DIRECTION('',(-1.0,0.0,0.0));
#2635=CARTESIAN_POINT('',(-117.0,35.0,-31.3));
#2636=DIRECTION('',(0.0,0.0,1.0));
#2637=DIRECTION('',(1.0,0.0,0.0));
#2638=CARTESIAN_POINT('',(-125.0,-65.0,-3.3));
#2639=DIRECTION('',(0.0,0.0,1.0));
#2640=DIRECTION('',(1.0,0.0,0.0));
#2641=CARTESIAN_POINT('',(-117.0,-35.0,-31.3));
#2642=DIRECTION('',(0.0,0.0,-1.0));
#2643=DIRECTION('',(-1.0,0.0,0.0));
#2644=CARTESIAN_POINT('',(-3.06161699786839E-016,105.0,-1.8));
#2645=DIRECTION('',(0.0,0.0,-1.0));
#2646=DIRECTION('',(-1.0,0.0,0.0));
#2647=CARTESIAN_POINT('',(-3.06161699786839E-016,105.0,-50.3));
#2648=DIRECTION('',(0.0,0.0,-1.0));
#2649=DIRECTION('',(-1.0,0.0,0.0));
#2650=CARTESIAN_POINT('',(117.0,-35.0,-1.8));
#2651=DIRECTION('',(0.0,0.0,-1.0));
#2652=DIRECTION('',(-1.0,0.0,0.0));
#2653=CARTESIAN_POINT('',(117.0,-35.0,-31.3));
#2654=DIRECTION('',(0.0,0.0,1.0));
#2655=DIRECTION('',(1.0,0.0,0.0));
#2656=CARTESIAN_POINT('',(117.0,35.0,-1.8));
#2657=DIRECTION('',(0.0,0.0,-1.0));
#2658=DIRECTION('',(-1.0,0.0,0.0));
#2659=CARTESIAN_POINT('',(117.0,35.0,-31.3));
#2660=DIRECTION('',(0.0,0.0,-1.0));
#2661=DIRECTION('',(-1.0,0.0,0.0));
#2662=DIRECTION('',(0.0,0.0,1.0));
#2663=DIRECTION('',(0.0,0.0,1.0));
#2664=DIRECTION('',(0.0,0.0,1.0));
#2665=DIRECTION('',(0.0,0.0,1.0));
#2666=CARTESIAN_POINT('',(62.0,100.0,-1.8));
#2667=DIRECTION('',(0.0,0.0,-1.0));
#2668=DIRECTION('',(-1.0,0.0,0.0));
#2669=CARTESIAN_POINT('',(62.0,100.0,-44.8));
#2670=DIRECTION('',(0.0,0.0,-1.0));
#2671=DIRECTION('',(-1.0,0.0,0.0));
#2672=CARTESIAN_POINT('',(62.0,-100.0,-1.8));
#2673=DIRECTION('',(0.0,0.0,-1.0));
#2674=DIRECTION('',(-1.0,0.0,0.0));
#2675=CARTESIAN_POINT('',(62.0,-100.0,-44.8));
#2676=DIRECTION('',(0.0,0.0,1.0));
#2677=DIRECTION('',(1.0,0.0,0.0));
#2678=CARTESIAN_POINT('',(-62.0,100.0,-1.8));
#2679=DIRECTION('',(0.0,0.0,-1.0));
#2680=DIRECTION('',(-1.0,0.0,0.0));
#2681=CARTESIAN_POINT('',(-62.0,100.0,-44.8));
#2682=DIRECTION('',(0.0,0.0,1.0));
#2683=DIRECTION('',(1.0,0.0,0.0));
#2684=CARTESIAN_POINT('',(-112.0,97.0,-1.8));
#2685=DIRECTION('',(0.0,0.0,-1.0));
#2686=DIRECTION('',(-1.0,0.0,0.0));
#2687=CARTESIAN_POINT('',(-112.0,97.0,-50.3));
#2688=DIRECTION('',(0.0,0.0,-1.0));
#2689=DIRECTION('',(-1.0,0.0,0.0));
#2690=CARTESIAN_POINT('',(-112.0,-97.0,-1.8));
#2691=DIRECTION('',(0.0,0.0,-1.0));
#2692=DIRECTION('',(-1.0,0.0,0.0));
#2693=CARTESIAN_POINT('',(-112.0,-97.0,-50.3));
#2694=DIRECTION('',(0.0,0.0,-1.0));
#2695=DIRECTION('',(-1.0,0.0,0.0));
#2696=CARTESIAN_POINT('',(112.0,-97.0,-1.8));
#2697=DIRECTION('',(0.0,0.0,-1.0));
#2698=DIRECTION('',(-1.0,0.0,0.0));
#2699=CARTESIAN_POINT('',(112.0,-97.0,-50.3));
#2700=DIRECTION('',(0.0,0.0,-1.0));
#2701=DIRECTION('',(-1.0,0.0,0.0));
#2702=CARTESIAN_POINT('',(112.0,97.0,-1.8));
#2703=DIRECTION('',(0.0,0.0,-1.0));
#2704=DIRECTION('',(-1.0,0.0,0.0));
#2705=CARTESIAN_POINT('',(112.0,97.0,-50.3));
#2706=DIRECTION('',(0.0,0.0,-1.0));
#2707=DIRECTION('',(-1.0,0.0,0.0));
#2708=CARTESIAN_POINT('',(-117.0,35.0,-50.3));
#2709=DIRECTION('',(0.0,0.0,-1.0));
#2710=DIRECTION('',(-1.0,0.0,0.0));
#2711=CARTESIAN_POINT('',(-62.0,100.0,-50.3));
#2712=DIRECTION('',(0.0,0.0,-1.0));
#2713=DIRECTION('',(-1.0,0.0,0.0));
#2714=CARTESIAN_POINT('',(62.0,100.0,-50.3));
#2715=DIRECTION('',(0.0,0.0,-1.0));
#2716=DIRECTION('',(-1.0,0.0,0.0));
#2717=CARTESIAN_POINT('',(117.0,35.0,-50.3));
#2718=DIRECTION('',(0.0,0.0,-1.0));
#2719=DIRECTION('',(-1.0,0.0,0.0));
#2720=CARTESIAN_POINT('',(117.0,-35.0,-50.3));
#2721=DIRECTION('',(0.0,0.0,-1.0));
#2722=DIRECTION('',(-1.0,0.0,0.0));
#2723=CARTESIAN_POINT('',(62.0,-100.0,-50.3));
#2724=DIRECTION('',(0.0,0.0,-1.0));
#2725=DIRECTION('',(-1.0,0.0,0.0));
#2726=CARTESIAN_POINT('',(-62.0,-100.0,-50.3));
#2727=DIRECTION('',(0.0,0.0,-1.0));
#2728=DIRECTION('',(-1.0,0.0,0.0));
#2729=CARTESIAN_POINT('',(-117.0,-35.0,-50.3));
#2730=DIRECTION('',(0.0,0.0,-1.0));
#2731=DIRECTION('',(-1.0,0.0,0.0));
#2732=CARTESIAN_POINT('',(-117.0,35.0,-31.3));
#2733=DIRECTION('',(0.0,0.0,1.0));
#2734=DIRECTION('',(1.0,0.0,0.0));
#2735=CARTESIAN_POINT('',(117.0,-35.0,-31.3));
#2736=DIRECTION('',(0.0,0.0,1.0));
#2737=DIRECTION('',(1.0,0.0,0.0));
#2738=CARTESIAN_POINT('',(-117.0,-35.0,-31.3));
#2739=DIRECTION('',(0.0,0.0,-1.0));
#2740=DIRECTION('',(-1.0,0.0,0.0));
#2741=CARTESIAN_POINT('',(125.0,65.0,-23.3));
#2742=DIRECTION('',(0.0,0.0,-1.0));
#2743=DIRECTION('',(-1.0,0.0,0.0));
#2744=CARTESIAN_POINT('',(125.0,65.0,-3.3));
#2745=DIRECTION('',(0.0,0.0,-1.0));
#2746=DIRECTION('',(-1.0,0.0,0.0));
#2747=CARTESIAN_POINT('',(-125.0,-65.0,-23.3));
#2748=DIRECTION('',(0.0,0.0,-1.0));
#2749=DIRECTION('',(-1.0,0.0,0.0));
#2750=CARTESIAN_POINT('',(-125.0,-65.0,-3.3));
#2751=DIRECTION('',(0.0,0.0,-1.0));
#2752=DIRECTION('',(-1.0,0.0,0.0));
#2753=CARTESIAN_POINT('',(117.0,35.0,-31.3));
#2754=DIRECTION('',(0.0,0.0,-1.0));
#2755=DIRECTION('',(-1.0,0.0,0.0));
#2756=CARTESIAN_POINT('',(62.0,-100.0,-44.8));
#2757=DIRECTION('',(0.0,0.0,1.0));
#2758=DIRECTION('',(1.0,0.0,0.0));
#2759=CARTESIAN_POINT('',(-62.0,-100.0,-44.8));
#2760=DIRECTION('',(0.0,0.0,-1.0));
#2761=DIRECTION('',(-1.0,0.0,0.0));
#2762=CARTESIAN_POINT('',(-62.0,100.0,-44.8));
#2763=DIRECTION('',(0.0,0.0,1.0));
#2764=DIRECTION('',(1.0,0.0,0.0));
#2765=CARTESIAN_POINT('',(62.0,100.0,-44.8));
#2766=DIRECTION('',(0.0,0.0,-1.0));
#2767=DIRECTION('',(-1.0,0.0,0.0));
#2768=DIRECTION('',(-1.0,0.0,0.0));
#2769=SURFACE_STYLE_FILL_AREA(#2849);
#2770=FILL_AREA_STYLE('',(#2850));
#2771=FILL_AREA_STYLE('',(#2851));
#2772=FILL_AREA_STYLE('',(#2852));
#2773=FILL_AREA_STYLE('',(#2853));
#2774=FILL_AREA_STYLE('',(#2854));
#2775=FILL_AREA_STYLE('',(#2855));
#2776=FILL_AREA_STYLE('',(#2856));
#2777=FILL_AREA_STYLE('',(#2857));
#2778=FILL_AREA_STYLE('',(#2858));
#2779=FILL_AREA_STYLE('',(#2859));
#2780=FILL_AREA_STYLE('',(#2860));
#2781=FILL_AREA_STYLE('',(#2861));
#2782=FILL_AREA_STYLE('',(#2862));
#2783=FILL_AREA_STYLE('',(#2863));
#2784=FILL_AREA_STYLE('',(#2864));
#2785=FILL_AREA_STYLE('',(#2865));
#2786=FILL_AREA_STYLE('',(#2866));
#2787=FILL_AREA_STYLE('',(#2867));
#2788=FILL_AREA_STYLE('',(#2868));
#2789=FILL_AREA_STYLE('',(#2869));
#2790=FILL_AREA_STYLE('',(#2870));
#2791=FILL_AREA_STYLE('',(#2871));
#2792=FILL_AREA_STYLE('',(#2872));
#2793=FILL_AREA_STYLE('',(#2873));
#2794=FILL_AREA_STYLE('',(#2874));
#2795=FILL_AREA_STYLE('',(#2875));
#2796=FILL_AREA_STYLE('',(#2876));
#2797=FILL_AREA_STYLE('',(#2877));
#2798=FILL_AREA_STYLE('',(#2878));
#2799=FILL_AREA_STYLE('',(#2879));
#2800=FILL_AREA_STYLE('',(#2880));
#2801=FILL_AREA_STYLE('',(#2881));
#2802=FILL_AREA_STYLE('',(#2882));
#2803=FILL_AREA_STYLE('',(#2883));
#2804=FILL_AREA_STYLE('',(#2884));
#2805=FILL_AREA_STYLE('',(#2885));
#2806=FILL_AREA_STYLE('',(#2886));
#2807=FILL_AREA_STYLE('',(#2887));
#2808=FILL_AREA_STYLE('',(#2888));
#2809=FILL_AREA_STYLE('',(#2889));
#2810=FILL_AREA_STYLE('',(#2890));
#2811=FILL_AREA_STYLE('',(#2891));
#2812=FILL_AREA_STYLE('',(#2892));
#2813=FILL_AREA_STYLE('',(#2893));
#2814=FILL_AREA_STYLE('',(#2894));
#2815=FILL_AREA_STYLE('',(#2895));
#2816=FILL_AREA_STYLE('',(#2896));
#2817=FILL_AREA_STYLE('',(#2897));
#2818=FILL_AREA_STYLE('',(#2898));
#2819=FILL_AREA_STYLE('',(#2899));
#2820=FILL_AREA_STYLE('',(#2900));
#2821=FILL_AREA_STYLE('',(#2901));
#2822=FILL_AREA_STYLE('',(#2902));
#2823=FILL_AREA_STYLE('',(#2903));
#2824=FILL_AREA_STYLE('',(#2904));
#2825=FILL_AREA_STYLE('',(#2905));
#2826=FILL_AREA_STYLE('',(#2906));
#2827=FILL_AREA_STYLE('',(#2907));
#2828=FILL_AREA_STYLE('',(#2908));
#2829=CARTESIAN_POINT('',(125.0,65.0,-25.4030121665965));
#2830=FILL_AREA_STYLE('',(#2909));
#2831=FILL_AREA_STYLE('',(#2910));
#2832=CARTESIAN_POINT('',(-125.0,-65.0,-25.4030121665965));
#2833=FILL_AREA_STYLE('',(#2911));
#2834=FILL_AREA_STYLE('',(#2912));
#2835=FILL_AREA_STYLE('',(#2913));
#2836=FILL_AREA_STYLE('',(#2914));
#2837=FILL_AREA_STYLE('',(#2915));
#2838=FILL_AREA_STYLE('',(#2916));
#2839=FILL_AREA_STYLE('',(#2917));
#2840=FILL_AREA_STYLE('',(#2918));
#2841=FILL_AREA_STYLE('',(#2919));
#2842=FILL_AREA_STYLE('',(#2920));
#2843=FILL_AREA_STYLE('',(#2921));
#2844=FILL_AREA_STYLE('',(#2922));
#2845=FILL_AREA_STYLE('',(#2923));
#2846=FILL_AREA_STYLE('',(#2924));
#2847=FILL_AREA_STYLE('',(#2925));
#2848=FILL_AREA_STYLE('',(#2926));
#2849=FILL_AREA_STYLE('',(#2927));
#2850=FILL_AREA_STYLE_COLOUR('',#2928);
#2851=FILL_AREA_STYLE_COLOUR('',#2929);
#2852=FILL_AREA_STYLE_COLOUR('',#2930);
#2853=FILL_AREA_STYLE_COLOUR('',#2931);
#2854=FILL_AREA_STYLE_COLOUR('',#2932);
#2855=FILL_AREA_STYLE_COLOUR('',#2933);
#2856=FILL_AREA_STYLE_COLOUR('',#2934);
#2857=FILL_AREA_STYLE_COLOUR('',#2935);
#2858=FILL_AREA_STYLE_COLOUR('',#2936);
#2859=FILL_AREA_STYLE_COLOUR('',#2937);
#2860=FILL_AREA_STYLE_COLOUR('',#2938);
#2861=FILL_AREA_STYLE_COLOUR('',#2939);
#2862=FILL_AREA_STYLE_COLOUR('',#2940);
#2863=FILL_AREA_STYLE_COLOUR('',#2941);
#2864=FILL_AREA_STYLE_COLOUR('',#2942);
#2865=FILL_AREA_STYLE_COLOUR('',#2943);
#2866=FILL_AREA_STYLE_COLOUR('',#2944);
#2867=FILL_AREA_STYLE_COLOUR('',#2945);
#2868=FILL_AREA_STYLE_COLOUR('',#2946);
#2869=FILL_AREA_STYLE_COLOUR('',#2947);
#2870=FILL_AREA_STYLE_COLOUR('',#2948);
#2871=FILL_AREA_STYLE_COLOUR('',#2949);
#2872=FILL_AREA_STYLE_COLOUR('',#2950);
#2873=FILL_AREA_STYLE_COLOUR('',#2951);
#2874=FILL_AREA_STYLE_COLOUR('',#2952);
#2875=FILL_AREA_STYLE_COLOUR('',#2953);
#2876=FILL_AREA_STYLE_COLOUR('',#2954);
#2877=FILL_AREA_STYLE_COLOUR('',#2955);
#2878=FILL_AREA_STYLE_COLOUR('',#2956);
#2879=FILL_AREA_STYLE_COLOUR('',#2957);
#2880=FILL_AREA_STYLE_COLOUR('',#2958);
#2881=FILL_AREA_STYLE_COLOUR('',#2959);
#2882=FILL_AREA_STYLE_COLOUR('',#2960);
#2883=FILL_AREA_STYLE_COLOUR('',#2961);
#2884=FILL_AREA_STYLE_COLOUR('',#2962);
#2885=FILL_AREA_STYLE_COLOUR('',#2963);
#2886=FILL_AREA_STYLE_COLOUR('',#2964);
#2887=FILL_AREA_STYLE_COLOUR('',#2965);
#2888=FILL_AREA_STYLE_COLOUR('',#2966);
#2889=FILL_AREA_STYLE_COLOUR('',#2967);
#2890=FILL_AREA_STYLE_COLOUR('',#2968);
#2891=FILL_AREA_STYLE_COLOUR('',#2969);
#2892=FILL_AREA_STYLE_COLOUR('',#2970);
#2893=FILL_AREA_STYLE_COLOUR('',#2971);
#2894=FILL_AREA_STYLE_COLOUR('',#2972);
#2895=FILL_AREA_STYLE_COLOUR('',#2973);
#2896=FILL_AREA_STYLE_COLOUR('',#2974);
#2897=FILL_AREA_STYLE_COLOUR('',#2975);
#2898=FILL_AREA_STYLE_COLOUR('',#2976);
#2899=FILL_AREA_STYLE_COLOUR('',#2977);
#2900=FILL_AREA_STYLE_COLOUR('',#2978);
#2901=FILL_AREA_STYLE_COLOUR('',#2979);
#2902=FILL_AREA_STYLE_COLOUR('',#2980);
#2903=FILL_AREA_STYLE_COLOUR('',#2981);
#2904=FILL_AREA_STYLE_COLOUR('',#2982);
#2905=FILL_AREA_STYLE_COLOUR('',#2983);
#2906=FILL_AREA_STYLE_COLOUR('',#2984);
#2907=FILL_AREA_STYLE_COLOUR('',#2985);
#2908=FILL_AREA_STYLE_COLOUR('',#2986);
#2909=FILL_AREA_STYLE_COLOUR('',#2987);
#2910=FILL_AREA_STYLE_COLOUR('',#2988);
#2911=FILL_AREA_STYLE_COLOUR('',#2989);
#2912=FILL_AREA_STYLE_COLOUR('',#2990);
#2913=FILL_AREA_STYLE_COLOUR('',#2991);
#2914=FILL_AREA_STYLE_COLOUR('',#2992);
#2915=FILL_AREA_STYLE_COLOUR('',#2993);
#2916=FILL_AREA_STYLE_COLOUR('',#2994);
#2917=FILL_AREA_STYLE_COLOUR('',#2995);
#2918=FILL_AREA_STYLE_COLOUR('',#2996);
#2919=FILL_AREA_STYLE_COLOUR('',#2997);
#2920=FILL_AREA_STYLE_COLOUR('',#2998);
#2921=FILL_AREA_STYLE_COLOUR('',#2999);
#2922=FILL_AREA_STYLE_COLOUR('',#3000);
#2923=FILL_AREA_STYLE_COLOUR('',#3001);
#2924=FILL_AREA_STYLE_COLOUR('',#3002);
#2925=FILL_AREA_STYLE_COLOUR('',#3003);
#2926=FILL_AREA_STYLE_COLOUR('',#3004);
#2927=FILL_AREA_STYLE_COLOUR('',#3005);
#2928=COLOUR_RGB('',0.600000023841858,0.400000005960464,0.200000002980232);
#2929=COLOUR_RGB('',0.600000023841858,0.400000005960464,0.200000002980232);
#2930=COLOUR_RGB('',0.600000023841858,0.400000005960464,0.200000002980232);
#2931=COLOUR_RGB('',0.600000023841858,0.400000005960464,0.200000002980232);
#2932=COLOUR_RGB('',0.600000023841858,0.400000005960464,0.200000002980232);
#2933=COLOUR_RGB('',0.600000023841858,0.400000005960464,0.200000002980232);
#2934=COLOUR_RGB('',0.600000023841858,0.400000005960464,0.200000002980232);
#2935=COLOUR_RGB('',0.600000023841858,0.400000005960464,0.200000002980232);
#2936=COLOUR_RGB('',0.600000023841858,0.400000005960464,0.200000002980232);
#2937=COLOUR_RGB('',0.600000023841858,0.400000005960464,0.200000002980232);
#2938=COLOUR_RGB('',0.600000023841858,0.400000005960464,0.200000002980232);
#2939=COLOUR_RGB('',0.600000023841858,0.400000005960464,0.200000002980232);
#2940=COLOUR_RGB('',0.600000023841858,0.400000005960464,0.200000002980232);
#2941=COLOUR_RGB('',0.600000023841858,0.400000005960464,0.200000002980232);
#2942=COLOUR_RGB('',0.600000023841858,0.400000005960464,0.200000002980232);
#2943=COLOUR_RGB('',0.600000023841858,0.400000005960464,0.200000002980232);
#2944=COLOUR_RGB('',0.600000023841858,0.400000005960464,0.200000002980232);
#2945=COLOUR_RGB('',0.600000023841858,0.400000005960464,0.200000002980232);
#2946=COLOUR_RGB('',0.600000023841858,0.400000005960464,0.200000002980232);
#2947=COLOUR_RGB('',0.600000023841858,0.400000005960464,0.200000002980232);
#2948=COLOUR_RGB('',0.600000023841858,0.400000005960464,0.200000002980232);
#2949=COLOUR_RGB('',0.600000023841858,0.400000005960464,0.200000002980232);
#2950=COLOUR_RGB('',0.600000023841858,0.400000005960464,0.200000002980232);
#2951=COLOUR_RGB('',0.600000023841858,0.400000005960464,0.200000002980232);
#2952=COLOUR_RGB('',0.600000023841858,0.400000005960464,0.200000002980232);
#2953=COLOUR_RGB('',0.600000023841858,0.400000005960464,0.200000002980232);
#2954=COLOUR_RGB('',0.600000023841858,0.400000005960464,0.200000002980232);
#2955=COLOUR_RGB('',0.600000023841858,0.400000005960464,0.200000002980232);
#2956=COLOUR_RGB('',0.600000023841858,0.400000005960464,0.200000002980232);
#2957=COLOUR_RGB('',0.600000023841858,0.400000005960464,0.200000002980232);
#2958=COLOUR_RGB('',0.600000023841858,0.400000005960464,0.200000002980232);
#2959=COLOUR_RGB('',0.600000023841858,0.400000005960464,0.200000002980232);
#2960=COLOUR_RGB('',0.600000023841858,0.400000005960464,0.200000002980232);
#2961=COLOUR_RGB('',0.600000023841858,0.400000005960464,0.200000002980232);
#2962=COLOUR_RGB('',0.600000023841858,0.400000005960464,0.200000002980232);
#2963=COLOUR_RGB('',0.600000023841858,0.400000005960464,0.200000002980232);
#2964=COLOUR_RGB('',0.600000023841858,0.400000005960464,0.200000002980232);
#2965=COLOUR_RGB('',0.600000023841858,0.400000005960464,0.200000002980232);
#2966=COLOUR_RGB('',0.600000023841858,0.400000005960464,0.200000002980232);
#2967=COLOUR_RGB('',0.600000023841858,0.400000005960464,0.200000002980232);
#2968=COLOUR_RGB('',0.600000023841858,0.400000005960464,0.200000002980232);
#2969=COLOUR_RGB('',0.600000023841858,0.400000005960464,0.200000002980232);
#2970=COLOUR_RGB('',0.600000023841858,0.400000005960464,0.200000002980232);
#2971=COLOUR_RGB('',0.600000023841858,0.400000005960464,0.200000002980232);
#2972=COLOUR_RGB('',0.600000023841858,0.400000005960464,0.200000002980232);
#2973=COLOUR_RGB('',0.600000023841858,0.400000005960464,0.200000002980232);
#2974=COLOUR_RGB('',0.600000023841858,0.400000005960464,0.200000002980232);
#2975=COLOUR_RGB('',0.600000023841858,0.400000005960464,0.200000002980232);
#2976=COLOUR_RGB('',0.600000023841858,0.400000005960464,0.200000002980232);
#2977=COLOUR_RGB('',0.600000023841858,0.400000005960464,0.200000002980232);
#2978=COLOUR_RGB('',0.600000023841858,0.400000005960464,0.200000002980232);
#2979=COLOUR_RGB('',0.600000023841858,0.400000005960464,0.200000002980232);
#2980=COLOUR_RGB('',0.600000023841858,0.400000005960464,0.200000002980232);
#2981=COLOUR_RGB('',0.600000023841858,0.400000005960464,0.200000002980232);
#2982=COLOUR_RGB('',0.600000023841858,0.400000005960464,0.200000002980232);
#2983=COLOUR_RGB('',0.600000023841858,0.400000005960464,0.200000002980232);
#2984=COLOUR_RGB('',0.600000023841858,0.400000005960464,0.200000002980232);
#2985=COLOUR_RGB('',0.600000023841858,0.400000005960464,0.200000002980232);
#2986=COLOUR_RGB('',0.600000023841858,0.400000005960464,0.200000002980232);
#2987=COLOUR_RGB('',0.600000023841858,0.400000005960464,0.200000002980232);
#2988=COLOUR_RGB('',0.600000023841858,0.400000005960464,0.200000002980232);
#2989=COLOUR_RGB('',0.600000023841858,0.400000005960464,0.200000002980232);
#2990=COLOUR_RGB('',0.600000023841858,0.400000005960464,0.200000002980232);
#2991=COLOUR_RGB('',0.600000023841858,0.400000005960464,0.200000002980232);
#2992=COLOUR_RGB('',0.600000023841858,0.400000005960464,0.200000002980232);
#2993=COLOUR_RGB('',0.600000023841858,0.400000005960464,0.200000002980232);
#2994=COLOUR_RGB('',0.600000023841858,0.400000005960464,0.200000002980232);
#2995=COLOUR_RGB('',0.600000023841858,0.400000005960464,0.200000002980232);
#2996=COLOUR_RGB('',0.600000023841858,0.400000005960464,0.200000002980232);
#2997=COLOUR_RGB('',0.600000023841858,0.400000005960464,0.200000002980232);
#2998=COLOUR_RGB('',0.600000023841858,0.400000005960464,0.200000002980232);
#2999=COLOUR_RGB('',0.600000023841858,0.400000005960464,0.200000002980232);
#3000=COLOUR_RGB('',0.600000023841858,0.400000005960464,0.200000002980232);
#3001=COLOUR_RGB('',0.600000023841858,0.400000005960464,0.200000002980232);
#3002=COLOUR_RGB('',0.600000023841858,0.400000005960464,0.200000002980232);
#3003=COLOUR_RGB('',0.600000023841858,0.400000005960464,0.200000002980232);
#3004=COLOUR_RGB('',0.600000023841858,0.400000005960464,0.200000002980232);
#3005=COLOUR_RGB('',0.941176474094391,0.627451002597809,0.431372553110123);
ENDSEC;
END-ISO-10303-21;
