ISO-10303-21;
HEADER;
FILE_DESCRIPTION (( 'STEP AP203' ),
    '1' );
FILE_NAME ('bottom clamping plate_pcs2b.STEP',
    '2026-04-29T12:11:03',
    ( '' ),
    ( '' ),
    'SwSTEP 2.0',
    'SolidWorks 2020',
    '' );
FILE_SCHEMA (( 'CONFIG_CONTROL_DESIGN' ));
ENDSEC;

DATA;
#1 = DIRECTION ( 'NONE',  ( 7.993275482031184171E-17, 0.7071067811865490160, 0.7071067811865460184 ) ) ;
#2 = EDGE_LOOP ( 'NONE', ( #2868, #2740, #2762, #1377 ) ) ;
#3 = AXIS2_PLACEMENT_3D ( 'NONE', #736, #2595, #2560 ) ;
#4 = EDGE_CURVE ( 'NONE', #2248, #3193, #3435, .T. ) ;
#5 = CARTESIAN_POINT ( 'NONE',  ( 1.625000000000001332, 0.1875000000022379321, 8.125000000000000000 ) ) ;
#6 = DIRECTION ( 'NONE',  ( -0.000000000000000000, -1.000000000000000000, -0.000000000000000000 ) ) ;
#7 = EDGE_CURVE ( 'NONE', #2699, #451, #2975, .T. ) ;
#8 = CYLINDRICAL_SURFACE ( 'NONE', #1522, 0.4062496481299211482 ) ;
#9 = ORIENTED_EDGE ( 'NONE', *, *, #342, .F. ) ;
#10 = DIRECTION ( 'NONE',  ( 0.000000000000000000, 0.000000000000000000, -1.000000000000000000 ) ) ;
#11 = EDGE_CURVE ( 'NONE', #240, #2335, #2069, .T. ) ;
#12 = ORIENTED_EDGE ( 'NONE', *, *, #2327, .T. ) ;
#13 = FACE_OUTER_BOUND ( 'NONE', #1524, .T. ) ;
#14 = ORIENTED_EDGE ( 'NONE', *, *, #1286, .F. ) ;
#15 = ORIENTED_EDGE ( 'NONE', *, *, #2147, .F. ) ;
#16 = DIRECTION ( 'NONE',  ( -0.000000000000000000, -1.000000000000000000, -0.000000000000000000 ) ) ;
#17 = AXIS2_PLACEMENT_3D ( 'NONE', #437, #1482, #395 ) ;
#18 = AXIS2_PLACEMENT_3D ( 'NONE', #976, #1559, #2572 ) ;
#19 = AXIS2_PLACEMENT_3D ( 'NONE', #2485, #3311, #3048 ) ;
#20 = CYLINDRICAL_SURFACE ( 'NONE', #1324, 0.4950000000000000511 ) ;
#21 = CARTESIAN_POINT ( 'NONE',  ( 4.468750000000000000, -2.237929876409764429E-12, 0.7344002300472443068 ) ) ;
#22 = AXIS2_PLACEMENT_3D ( 'NONE', #872, #1921, #2204 ) ;
#23 = EDGE_CURVE ( 'NONE', #490, #2898, #2520, .T. ) ;
#24 = CIRCLE ( 'NONE', #1013, 0.2655997699527561928 ) ;
#25 = DIRECTION ( 'NONE',  ( 1.000000000000000000, 0.000000000000000000, -0.000000000000000000 ) ) ;
#26 = ORIENTED_EDGE ( 'NONE', *, *, #465, .F. ) ;
#27 = DIRECTION ( 'NONE',  ( -0.000000000000000000, -1.000000000000000000, -0.000000000000000000 ) ) ;
#28 = APPROVAL ( #2817, 'UNSPECIFIED' ) ;
#29 = DIRECTION ( 'NONE',  ( 0.000000000000000000, -1.000000000000000000, -0.000000000000000000 ) ) ;
#30 = CARTESIAN_POINT ( 'NONE',  ( -4.203150230047244307, 0.4999995669291339428, 5.875000000000000000 ) ) ;
#31 = DIRECTION ( 'NONE',  ( 0.000000000000000000, 0.000000000000000000, -1.000000000000000000 ) ) ;
#32 = VERTEX_POINT ( 'NONE', #2691 ) ;
#33 = CARTESIAN_POINT ( 'NONE',  ( -4.468750000000000000, 0.000000000000000000, -0.5937503518700788518 ) ) ;
#34 = ORIENTED_EDGE ( 'NONE', *, *, #1493, .F. ) ;
#35 = EDGE_LOOP ( 'NONE', ( #1294, #3116, #3003, #14 ) ) ;
#36 = CARTESIAN_POINT ( 'NONE',  ( 4.468750000000000000, 0.8750000000000001110, 5.875000000000000000 ) ) ;
#37 = AXIS2_PLACEMENT_3D ( 'NONE', #2344, #510, #1292 ) ;
#38 = FACE_OUTER_BOUND ( 'NONE', #2567, .T. ) ;
#39 = DIRECTION ( 'NONE',  ( 0.000000000000000000, 0.000000000000000000, -1.000000000000000000 ) ) ;
#40 = VERTEX_POINT ( 'NONE', #588 ) ;
#41 = FACE_BOUND ( 'NONE', #1630, .T. ) ;
#42 = DIRECTION ( 'NONE',  ( -0.000000000000000000, -1.000000000000000000, -0.000000000000000000 ) ) ;
#43 = ORIENTED_EDGE ( 'NONE', *, *, #2166, .F. ) ;
#44 = DIRECTION ( 'NONE',  ( 0.000000000000000000, 0.000000000000000000, -1.000000000000000000 ) ) ;
#45 = DIRECTION ( 'NONE',  ( 0.000000000000000000, 0.000000000000000000, -1.000000000000000000 ) ) ;
#46 = VERTEX_POINT ( 'NONE', #3195 ) ;
#47 = EDGE_CURVE ( 'NONE', #3026, #3352, #51, .T. ) ;
#48 = LINE ( 'NONE', #1108, #2003 ) ;
#49 = ORIENTED_EDGE ( 'NONE', *, *, #2437, .T. ) ;
#50 = VERTEX_POINT ( 'NONE', #2934 ) ;
#51 = LINE ( 'NONE', #1603, #3307 ) ;
#52 = EDGE_CURVE ( 'NONE', #2198, #1251, #635, .T. ) ;
#53 = DIRECTION ( 'NONE',  ( 0.000000000000000000, 0.000000000000000000, -1.000000000000000000 ) ) ;
#54 = CIRCLE ( 'NONE', #1985, 0.2499997834645668326 ) ;
#55 = CARTESIAN_POINT ( 'NONE',  ( 0.000000000000000000, 0.1875000000022379321, -8.620000000000000995 ) ) ;
#56 = ORIENTED_EDGE ( 'NONE', *, *, #118, .T. ) ;
#57 = CYLINDRICAL_SURFACE ( 'NONE', #629, 0.2499997834645662775 ) ;
#58 = AXIS2_PLACEMENT_3D ( 'NONE', #1836, #783, #3158 ) ;
#59 = DIRECTION ( 'NONE',  ( -1.248844797103661608E-15, -1.000000000000000000, 0.000000000000000000 ) ) ;
#60 = ORIENTED_EDGE ( 'NONE', *, *, #2749, .F. ) ;
#61 = CIRCLE ( 'NONE', #945, 0.2499997834645662775 ) ;
#62 = CARTESIAN_POINT ( 'NONE',  ( 5.406249999999997335, 0.03125000000000024980, 9.000000000000000000 ) ) ;
#63 = DIRECTION ( 'NONE',  ( -0.000000000000000000, -1.000000000000000000, -0.000000000000000000 ) ) ;
#64 = ORIENTED_EDGE ( 'NONE', *, *, #2829, .T. ) ;
#65 = EDGE_CURVE ( 'NONE', #1359, #742, #1510, .T. ) ;
#66 = CARTESIAN_POINT ( 'NONE',  ( 5.406249999999998224, 0.8750000000000000000, -9.000000000000000000 ) ) ;
#67 = EDGE_LOOP ( 'NONE', ( #1362, #2478 ) ) ;
#68 = ORIENTED_EDGE ( 'NONE', *, *, #2282, .F. ) ;
#69 = LINE ( 'NONE', #1363, #2238 ) ;
#70 = CARTESIAN_POINT ( 'NONE',  ( 4.592425496802568672E-17, 0.8750000000000012212, 8.500000000000000000 ) ) ;
#71 = AXIS2_PLACEMENT_3D ( 'NONE', #1365, #607, #1658 ) ;
#72 = EDGE_LOOP ( 'NONE', ( #245, #1229, #394, #1970 ) ) ;
#73 = EDGE_CURVE ( 'NONE', #2956, #1949, #1844, .T. ) ;
#74 = FACE_OUTER_BOUND ( 'NONE', #72, .T. ) ;
#75 = CARTESIAN_POINT ( 'NONE',  ( 0.000000000000000000, 0.1875000000022379321, -8.125000000000000000 ) ) ;
#76 = AXIS2_PLACEMENT_3D ( 'NONE', #3073, #186, #1748 ) ;
#77 = EDGE_CURVE ( 'NONE', #2948, #1601, #1349, .T. ) ;
#78 = DIRECTION ( 'NONE',  ( 0.7071067811865459074, 0.7071067811865490160, 0.000000000000000000 ) ) ;
#79 = DIRECTION ( 'NONE',  ( -0.000000000000000000, -1.000000000000000000, -0.000000000000000000 ) ) ;
#80 = ORIENTED_EDGE ( 'NONE', *, *, #2986, .F. ) ;
#81 = DIRECTION ( 'NONE',  ( 1.130419859447281561E-16, 1.000000000000000000, -0.000000000000000000 ) ) ;
#82 = LINE ( 'NONE', #3001, #3340 ) ;
#83 = EDGE_LOOP ( 'NONE', ( #1326, #212, #228, #792 ) ) ;
#84 = DIRECTION ( 'NONE',  ( 0.000000000000000000, 0.000000000000000000, -1.000000000000000000 ) ) ;
#85 = DIRECTION ( 'NONE',  ( -0.000000000000000000, -1.000000000000000000, -0.000000000000000000 ) ) ;
#86 = ORIENTED_EDGE ( 'NONE', *, *, #3002, .F. ) ;
#87 = ORIENTED_EDGE ( 'NONE', *, *, #3251, .T. ) ;
#88 = DIRECTION ( 'NONE',  ( 0.000000000000000000, 0.000000000000000000, -1.000000000000000000 ) ) ;
#89 = VERTEX_POINT ( 'NONE', #2655 ) ;
#90 = CARTESIAN_POINT ( 'NONE',  ( -1.625000000000001332, 0.1874999999999999722, -8.125000000000001776 ) ) ;
#91 = CYLINDRICAL_SURFACE ( 'NONE', #3076, 0.3750000000000002220 ) ;
#92 = DIRECTION ( 'NONE',  ( -0.000000000000000000, -1.000000000000000000, -0.000000000000000000 ) ) ;
#93 = EDGE_CURVE ( 'NONE', #1032, #3332, #3214, .T. ) ;
#94 = FACE_OUTER_BOUND ( 'NONE', #950, .T. ) ;
#95 = ORIENTED_EDGE ( 'NONE', *, *, #2367, .F. ) ;
#96 = CARTESIAN_POINT ( 'NONE',  ( 1.624999999999999112, 0.1875000000022379043, -8.125000000000001776 ) ) ;
#97 = CIRCLE ( 'NONE', #2019, 0.3750000000000002220 ) ;
#98 = CYLINDRICAL_SURFACE ( 'NONE', #2842, 0.2499997834645662775 ) ;
#99 = DIRECTION ( 'NONE',  ( -0.000000000000000000, -1.000000000000000000, -0.000000000000000000 ) ) ;
#100 = ORIENTED_EDGE ( 'NONE', *, *, #1314, .T. ) ;
#101 = ORIENTED_EDGE ( 'NONE', *, *, #2235, .T. ) ;
#102 = DIRECTION ( 'NONE',  ( 0.000000000000000000, 0.000000000000000000, -1.000000000000000000 ) ) ;
#103 = ORIENTED_EDGE ( 'NONE', *, *, #2708, .T. ) ;
#104 = DIRECTION ( 'NONE',  ( 0.000000000000000000, -0.7071067811865583419, -0.7071067811865366926 ) ) ;
#105 = AXIS2_PLACEMENT_3D ( 'NONE', #333, #1412, #2716 ) ;
#106 = DIRECTION ( 'NONE',  ( 0.000000000000000000, 0.000000000000000000, -1.000000000000000000 ) ) ;
#107 = FACE_OUTER_BOUND ( 'NONE', #1635, .T. ) ;
#108 = DIRECTION ( 'NONE',  ( 0.000000000000000000, 0.000000000000000000, -1.000000000000000000 ) ) ;
#109 = ADVANCED_FACE ( 'NONE', ( #808 ), #793, .F. ) ;
#110 = VERTEX_POINT ( 'NONE', #286 ) ;
#111 = CARTESIAN_POINT ( 'NONE',  ( -5.406250000000000000, 0.8750000000000012212, -8.968750000000000000 ) ) ;
#112 = CIRCLE ( 'NONE', #1539, 0.3750000000000002220 ) ;
#113 = CARTESIAN_POINT ( 'NONE',  ( 4.468750000000000888, 0.8750000000000001110, -8.640599769952755693 ) ) ;
#114 = EDGE_CURVE ( 'NONE', #3296, #282, #296, .T. ) ;
#115 = CARTESIAN_POINT ( 'NONE',  ( -4.468750000000000000, 0.4999995669291338873, 5.875000000000000000 ) ) ;
#116 = ORIENTED_EDGE ( 'NONE', *, *, #1786, .T. ) ;
#117 = EDGE_LOOP ( 'NONE', ( #1082, #1931, #340, #868 ) ) ;
#118 = EDGE_CURVE ( 'NONE', #451, #2699, #1782, .T. ) ;
#119 = DIRECTION ( 'NONE',  ( 0.000000000000000000, 0.000000000000000000, -1.000000000000000000 ) ) ;
#120 = VERTEX_POINT ( 'NONE', #2974 ) ;
#121 = DIRECTION ( 'NONE',  ( 0.000000000000000000, 0.000000000000000000, -1.000000000000000000 ) ) ;
#122 = DIRECTION ( 'NONE',  ( 0.000000000000000000, 0.000000000000000000, -1.000000000000000000 ) ) ;
#123 = DIRECTION ( 'NONE',  ( 0.000000000000000000, 0.000000000000000000, -1.000000000000000000 ) ) ;
#124 = VECTOR ( 'NONE', #2243, 39.37007874015748143 ) ;
#125 = FACE_OUTER_BOUND ( 'NONE', #602, .T. ) ;
#126 = ORIENTED_EDGE ( 'NONE', *, *, #3103, .T. ) ;
#127 = DIRECTION ( 'NONE',  ( 0.000000000000000000, 0.000000000000000000, -1.000000000000000000 ) ) ;
#128 = AXIS2_PLACEMENT_3D ( 'NONE', #706, #2782, #1225 ) ;
#129 = ADVANCED_FACE ( 'NONE', ( #3233 ), #1075, .F. ) ;
#130 = FACE_BOUND ( 'NONE', #1128, .T. ) ;
#131 = DIRECTION ( 'NONE',  ( -1.239037099348066359E-16, 0.7071067811865460184, 0.7071067811865490160 ) ) ;
#132 = ORIENTED_EDGE ( 'NONE', *, *, #2168, .T. ) ;
#133 = DIRECTION ( 'NONE',  ( -0.000000000000000000, -1.000000000000000000, -0.000000000000000000 ) ) ;
#134 = ORIENTED_EDGE ( 'NONE', *, *, #4, .F. ) ;
#135 = CIRCLE ( 'NONE', #2067, 0.2655997699527561928 ) ;
#136 = CYLINDRICAL_SURFACE ( 'NONE', #1063, 0.3750000000000002220 ) ;
#137 = ADVANCED_FACE ( 'Face5', ( #532, #1584 ), #2146, .T. ) ;
#138 = DIRECTION ( 'NONE',  ( -0.000000000000000000, -1.000000000000000000, -0.000000000000000000 ) ) ;
#139 = AXIS2_PLACEMENT_3D ( 'NONE', #3438, #3400, #1822 ) ;
#140 = DIRECTION ( 'NONE',  ( 0.000000000000000000, 0.000000000000000000, -1.000000000000000000 ) ) ;
#141 = ORIENTED_EDGE ( 'NONE', *, *, #1134, .F. ) ;
#142 = CARTESIAN_POINT ( 'NONE',  ( 4.468750000000000000, 0.8750000000000001110, 0.7344002300472443068 ) ) ;
#143 = CARTESIAN_POINT ( 'NONE',  ( 0.000000000000000000, 0.1875000000022379321, 7.629999999999999005 ) ) ;
#144 = VERTEX_POINT ( 'NONE', #2441 ) ;
#145 = DIRECTION ( 'NONE',  ( 1.130419859447281561E-16, 1.000000000000000000, -0.000000000000000000 ) ) ;
#146 = EDGE_CURVE ( 'NONE', #2898, #1705, #69, .T. ) ;
#147 = AXIS2_PLACEMENT_3D ( 'NONE', #1278, #3199, #2074 ) ;
#148 = ORIENTED_EDGE ( 'NONE', *, *, #2206, .F. ) ;
#149 = CARTESIAN_POINT ( 'NONE',  ( -4.468750000000000000, 0.4999995669291338873, 5.468750351870078852 ) ) ;
#150 = ADVANCED_FACE ( 'NONE', ( #1112 ), #1129, .F. ) ;
#151 = DIRECTION ( 'NONE',  ( -0.000000000000000000, -1.000000000000000000, -0.000000000000000000 ) ) ;
#152 = DIRECTION ( 'NONE',  ( -1.000000000000000000, 0.000000000000000000, 0.000000000000000000 ) ) ;
#153 = VERTEX_POINT ( 'NONE', #2366 ) ;
#154 = COORDINATED_UNIVERSAL_TIME_OFFSET ( 7, 0, .AHEAD. ) ;
#155 = EDGE_CURVE ( 'NONE', #3102, #3089, #3441, .T. ) ;
#156 = CARTESIAN_POINT ( 'NONE',  ( -1.624999999999998890, 2.237929876409764429E-12, 7.629999999999999005 ) ) ;
#157 = DIRECTION ( 'NONE',  ( 0.000000000000000000, 0.000000000000000000, -1.000000000000000000 ) ) ;
#158 = EDGE_LOOP ( 'NONE', ( #2668, #2666 ) ) ;
#159 = DIRECTION ( 'NONE',  ( -0.000000000000000000, 1.000000000000000000, -0.000000000000000000 ) ) ;
#160 = EDGE_CURVE ( 'NONE', #2973, #1842, #135, .T. ) ;
#161 = ORIENTED_EDGE ( 'NONE', *, *, #2569, .F. ) ;
#162 = VECTOR ( 'NONE', #3270, 39.37007874015748143 ) ;
#163 = CARTESIAN_POINT ( 'NONE',  ( 4.468750000000000888, 0.000000000000000000, -8.375000000000000000 ) ) ;
#164 = AXIS2_PLACEMENT_3D ( 'NONE', #1848, #2604, #1280 ) ;
#165 = EDGE_CURVE ( 'NONE', #2245, #454, #2780, .T. ) ;
#166 = CARTESIAN_POINT ( 'NONE',  ( 1.624999999999999112, 0.1875000000022379321, -7.630000000000001670 ) ) ;
#167 = FACE_OUTER_BOUND ( 'NONE', #249, .T. ) ;
#168 = ORIENTED_EDGE ( 'NONE', *, *, #832, .T. ) ;
#169 = APPROVAL_STATUS ( 'not_yet_approved' ) ;
#170 = AXIS2_PLACEMENT_3D ( 'NONE', #2318, #2025, #710 ) ;
#171 = CARTESIAN_POINT ( 'NONE',  ( -5.406250000000000000, 0.000000000000000000, 8.968750000000000000 ) ) ;
#172 = DIRECTION ( 'NONE',  ( -0.000000000000000000, -1.000000000000000000, -0.000000000000000000 ) ) ;
#173 = AXIS2_PLACEMENT_3D ( 'NONE', #1811, #2095, #1610 ) ;
#174 = EDGE_LOOP ( 'NONE', ( #2127, #1745, #1889 ) ) ;
#175 = DIRECTION ( 'NONE',  ( -0.000000000000000000, -1.000000000000000000, -0.000000000000000000 ) ) ;
#176 = AXIS2_PLACEMENT_3D ( 'NONE', #3149, #29, #3204 ) ;
#177 = ORIENTED_EDGE ( 'NONE', *, *, #2528, .F. ) ;
#178 = CYLINDRICAL_SURFACE ( 'NONE', #37, 0.4062496481299211482 ) ;
#179 = ORIENTED_EDGE ( 'NONE', *, *, #1003, .T. ) ;
#180 = PRODUCT ( 'bottom clamping plate_pcs2b', 'bottom clamping plate_pcs2b', '', ( #2834 ) ) ;
#181 = CARTESIAN_POINT ( 'NONE',  ( -1.624999999999998890, 2.237929876409764429E-12, 8.619999999999999218 ) ) ;
#182 = LINE ( 'NONE', #1485, #631 ) ;
#183 = ORIENTED_EDGE ( 'NONE', *, *, #773, .T. ) ;
#184 = PERSON_AND_ORGANIZATION_ROLE ( 'design_supplier' ) ;
#185 = AXIS2_PLACEMENT_3D ( 'NONE', #2234, #377, #1436 ) ;
#186 = DIRECTION ( 'NONE',  ( -0.000000000000000000, -1.000000000000000000, -0.000000000000000000 ) ) ;
#187 = PLANE ( 'NONE',  #446 ) ;
#188 = VERTEX_POINT ( 'NONE', #2760 ) ;
#189 = CARTESIAN_POINT ( 'NONE',  ( 4.468750000000000000, 0.8750000000000001110, 6.140599769952756581 ) ) ;
#190 = EDGE_LOOP ( 'NONE', ( #983, #2801 ) ) ;
#191 = DIRECTION ( 'NONE',  ( 0.000000000000000000, 0.000000000000000000, -1.000000000000000000 ) ) ;
#192 = VERTEX_POINT ( 'NONE', #70 ) ;
#193 = CIRCLE ( 'NONE', #652, 0.3750000000000002220 ) ;
#194 = LINE ( 'NONE', #2599, #2946 ) ;
#195 = CARTESIAN_POINT ( 'NONE',  ( 4.468750000000000000, -2.237929876409764429E-12, 1.000000000000000222 ) ) ;
#196 = EDGE_LOOP ( 'NONE', ( #546, #1235, #3342, #217 ) ) ;
#197 = CYLINDRICAL_SURFACE ( 'NONE', #998, 0.2499997834645662775 ) ;
#198 = VERTEX_POINT ( 'NONE', #375 ) ;
#199 = PERSON_AND_ORGANIZATION ( #898, #2484 ) ;
#200 = AXIS2_PLACEMENT_3D ( 'NONE', #820, #2085, #2875 ) ;
#201 = ADVANCED_FACE ( 'Face6', ( #931 ), #1179, .F. ) ;
#202 = CARTESIAN_POINT ( 'NONE',  ( 4.468750000000000000, 0.000000000000000000, -5.875000000000000000 ) ) ;
#203 = DIRECTION ( 'NONE',  ( 0.000000000000000000, 0.000000000000000000, -1.000000000000000000 ) ) ;
#204 = ADVANCED_FACE ( 'NONE', ( #2725 ), #1915, .F. ) ;
#205 = ORIENTED_EDGE ( 'NONE', *, *, #1956, .F. ) ;
#206 = LINE ( 'NONE', #1269, #991 ) ;
#207 = AXIS2_PLACEMENT_3D ( 'NONE', #1492, #1525, #434 ) ;
#208 = ORIENTED_EDGE ( 'NONE', *, *, #961, .F. ) ;
#209 = EDGE_CURVE ( 'NONE', #1780, #2774, #339, .T. ) ;
#210 = CARTESIAN_POINT ( 'NONE',  ( -5.406250000000000000, 0.8750000000000012212, -8.968750000000000000 ) ) ;
#211 = EDGE_CURVE ( 'NONE', #473, #2649, #918, .T. ) ;
#212 = ORIENTED_EDGE ( 'NONE', *, *, #576, .F. ) ;
#213 = CIRCLE ( 'NONE', #431, 0.2655997699527561928 ) ;
#214 = CIRCLE ( 'NONE', #388, 0.4062496481299211482 ) ;
#215 = CYLINDRICAL_SURFACE ( 'NONE', #1439, 0.4062496481299211482 ) ;
#216 = DIRECTION ( 'NONE',  ( -0.000000000000000000, -1.000000000000000000, -0.000000000000000000 ) ) ;
#217 = ORIENTED_EDGE ( 'NONE', *, *, #781, .F. ) ;
#218 = CARTESIAN_POINT ( 'NONE',  ( 1.624999999999999112, 0.8750000000000012212, -8.500000000000001776 ) ) ;
#219 = ORIENTED_EDGE ( 'NONE', *, *, #93, .F. ) ;
#220 = DIRECTION ( 'NONE',  ( 0.000000000000000000, -1.000000000000000000, -0.000000000000000000 ) ) ;
#221 = AXIS2_PLACEMENT_3D ( 'NONE', #2473, #2969, #597 ) ;
#222 = CARTESIAN_POINT ( 'NONE',  ( -5.406250000000000000, 0.8750000000000012212, -8.968750000000000000 ) ) ;
#223 = CARTESIAN_POINT ( 'NONE',  ( -5.437499999999999112, 0.8437500000000006661, 8.968750000000000000 ) ) ;
#224 = DIRECTION ( 'NONE',  ( -0.000000000000000000, 1.000000000000000000, -0.000000000000000000 ) ) ;
#225 = ORIENTED_EDGE ( 'NONE', *, *, #2072, .T. ) ;
#226 = EDGE_CURVE ( 'NONE', #1432, #1780, #2480, .T. ) ;
#227 = CYLINDRICAL_SURFACE ( 'NONE', #3373, 0.4950000000000000511 ) ;
#228 = ORIENTED_EDGE ( 'NONE', *, *, #324, .T. ) ;
#229 = VECTOR ( 'NONE', #748, 39.37007874015748143 ) ;
#230 = ADVANCED_FACE ( 'NONE', ( #2246 ), #2199, .F. ) ;
#231 = AXIS2_PLACEMENT_3D ( 'NONE', #278, #746, #480 ) ;
#232 = DIRECTION ( 'NONE',  ( -0.000000000000000000, -1.000000000000000000, -0.000000000000000000 ) ) ;
#233 = VERTEX_POINT ( 'NONE', #641 ) ;
#234 = AXIS2_PLACEMENT_3D ( 'NONE', #242, #500, #1557 ) ;
#235 = ADVANCED_FACE ( 'NONE', ( #1149 ), #1674, .T. ) ;
#236 = CARTESIAN_POINT ( 'NONE',  ( 1.624999999999999112, 0.1875000000022379043, -8.125000000000001776 ) ) ;
#237 = LINE ( 'NONE', #2349, #1641 ) ;
#238 = ORIENTED_EDGE ( 'NONE', *, *, #1790, .T. ) ;
#239 = DIRECTION ( 'NONE',  ( 0.000000000000000000, 0.000000000000000000, -1.000000000000000000 ) ) ;
#240 = VERTEX_POINT ( 'NONE', #358 ) ;
#241 = LINE ( 'NONE', #259, #3298 ) ;
#242 = CARTESIAN_POINT ( 'NONE',  ( 4.468750000000000000, 0.000000000000000000, -5.875000000000000000 ) ) ;
#243 = DIRECTION ( 'NONE',  ( 0.000000000000000000, -0.7071067811865490160, 0.7071067811865460184 ) ) ;
#244 = CARTESIAN_POINT ( 'NONE',  ( -4.468750000000000000, 0.4999995669291338873, -1.000000000000000000 ) ) ;
#245 = ORIENTED_EDGE ( 'NONE', *, *, #1447, .F. ) ;
#246 = CARTESIAN_POINT ( 'NONE',  ( -4.468750000000000000, 0.000000000000000000, 8.640599769952755693 ) ) ;
#247 = ORIENTED_EDGE ( 'NONE', *, *, #2749, .T. ) ;
#248 = FACE_OUTER_BOUND ( 'NONE', #1025, .T. ) ;
#249 = EDGE_LOOP ( 'NONE', ( #594, #2194, #2557, #723 ) ) ;
#250 = ORIENTED_EDGE ( 'NONE', *, *, #460, .T. ) ;
#251 = CARTESIAN_POINT ( 'NONE',  ( -4.468750000000000000, 0.000000000000000000, -6.281249648129921148 ) ) ;
#252 = CARTESIAN_POINT ( 'NONE',  ( -4.468750000000000000, 0.8750000000000009992, 8.375000000000000000 ) ) ;
#253 = CIRCLE ( 'NONE', #2761, 0.2499997834645662775 ) ;
#254 = CARTESIAN_POINT ( 'NONE',  ( 4.468750000000000000, 0.000000000000000000, 6.281249648129921148 ) ) ;
#255 = LOCAL_TIME ( 19, 11, 3.000000000000000000, #3360 ) ;
#256 = EDGE_CURVE ( 'NONE', #3220, #861, #1604, .T. ) ;
#257 = FACE_BOUND ( 'NONE', #1390, .T. ) ;
#258 = VERTEX_POINT ( 'NONE', #1706 ) ;
#259 = CARTESIAN_POINT ( 'NONE',  ( 5.421874999999997335, 0.03125000000000038858, -8.984375000000001776 ) ) ;
#260 = FACE_OUTER_BOUND ( 'NONE', #1291, .T. ) ;
#261 = DIRECTION ( 'NONE',  ( 0.7071067811865567876, 0.000000000000000000, -0.7071067811865381358 ) ) ;
#262 = ORIENTED_EDGE ( 'NONE', *, *, #2210, .F. ) ;
#263 = EDGE_CURVE ( 'NONE', #971, #843, #1418, .T. ) ;
#264 = CARTESIAN_POINT ( 'NONE',  ( 1.625000000000001332, 0.1875000000022379321, 8.125000000000000000 ) ) ;
#265 = ORIENTED_EDGE ( 'NONE', *, *, #2418, .T. ) ;
#266 = DIRECTION ( 'NONE',  ( 0.000000000000000000, -1.000000000000000000, 0.000000000000000000 ) ) ;
#267 = ORIENTED_EDGE ( 'NONE', *, *, #344, .F. ) ;
#268 = ORIENTED_EDGE ( 'NONE', *, *, #1746, .F. ) ;
#269 = DIRECTION ( 'NONE',  ( 1.130419859447281561E-16, 1.000000000000000000, -0.000000000000000000 ) ) ;
#270 = EDGE_CURVE ( 'NONE', #758, #2649, #1000, .T. ) ;
#271 = DIRECTION ( 'NONE',  ( -0.000000000000000000, -1.000000000000000000, -0.000000000000000000 ) ) ;
#272 = AXIS2_PLACEMENT_3D ( 'NONE', #432, #712, #1490 ) ;
#273 = CARTESIAN_POINT ( 'NONE',  ( 1.624999999999999112, 2.237929876409764429E-12, -8.125000000000001776 ) ) ;
#274 = EDGE_CURVE ( 'NONE', #616, #3271, #1272, .T. ) ;
#275 = CARTESIAN_POINT ( 'NONE',  ( 4.468750000000000888, 1.024442997624098584E-16, -8.781249648129922036 ) ) ;
#276 = AXIS2_PLACEMENT_3D ( 'NONE', #3288, #3060, #900 ) ;
#277 = ORIENTED_EDGE ( 'NONE', *, *, #211, .T. ) ;
#278 = CARTESIAN_POINT ( 'NONE',  ( -4.468750000000000888, 3.414809992080329023E-17, -7.125000000000000000 ) ) ;
#279 = LINE ( 'NONE', #2698, #2776 ) ;
#280 = FACE_OUTER_BOUND ( 'NONE', #1104, .T. ) ;
#281 = DIRECTION ( 'NONE',  ( 0.000000000000000000, -1.000000000000000000, 0.000000000000000000 ) ) ;
#282 = VERTEX_POINT ( 'NONE', #1723 ) ;
#283 = FACE_OUTER_BOUND ( 'NONE', #2294, .T. ) ;
#284 = ORIENTED_EDGE ( 'NONE', *, *, #2166, .T. ) ;
#285 = ORIENTED_EDGE ( 'NONE', *, *, #3051, .F. ) ;
#286 = CARTESIAN_POINT ( 'NONE',  ( 4.468750000000000000, 0.8750000000000001110, 8.109400230047244307 ) ) ;
#287 = CIRCLE ( 'NONE', #397, 0.3750000000000002220 ) ;
#288 = CIRCLE ( 'NONE', #2230, 0.3750000000000002220 ) ;
#289 = DIRECTION ( 'NONE',  ( -0.000000000000000000, 1.000000000000000000, -0.000000000000000000 ) ) ;
#290 = CIRCLE ( 'NONE', #450, 0.2655997699527561928 ) ;
#291 = SECURITY_CLASSIFICATION ( '', '', #668 ) ;
#292 = CARTESIAN_POINT ( 'NONE',  ( 0.000000000000000000, 0.1875000000022379321, 8.125000000000000000 ) ) ;
#293 = ORIENTED_EDGE ( 'NONE', *, *, #77, .T. ) ;
#294 = FACE_BOUND ( 'NONE', #1491, .T. ) ;
#295 = DIRECTION ( 'NONE',  ( 1.130419859447281561E-16, 1.000000000000000000, -0.000000000000000000 ) ) ;
#296 = CIRCLE ( 'NONE', #2404, 0.4950000000000000511 ) ;
#297 = ORIENTED_EDGE ( 'NONE', *, *, #270, .T. ) ;
#298 = DIRECTION ( 'NONE',  ( 0.000000000000000000, 0.000000000000000000, -1.000000000000000000 ) ) ;
#299 = DIRECTION ( 'NONE',  ( 0.000000000000000000, 0.000000000000000000, -1.000000000000000000 ) ) ;
#300 = EDGE_CURVE ( 'NONE', #3028, #2561, #1882, .T. ) ;
#301 = ORIENTED_EDGE ( 'NONE', *, *, #1449, .F. ) ;
#302 = CARTESIAN_POINT ( 'NONE',  ( 0.000000000000000000, 0.8750000000000012212, 7.749999999999999112 ) ) ;
#303 = ORIENTED_EDGE ( 'NONE', *, *, #519, .T. ) ;
#304 = ORIENTED_EDGE ( 'NONE', *, *, #1116, .F. ) ;
#305 = DIRECTION ( 'NONE',  ( 0.000000000000000000, 0.000000000000000000, -1.000000000000000000 ) ) ;
#306 = CIRCLE ( 'NONE', #139, 0.2655997699527561928 ) ;
#307 = DIRECTION ( 'NONE',  ( 0.7071067811865722197, 9.614813431918013832E-17, 0.7071067811865228148 ) ) ;
#308 = DIRECTION ( 'NONE',  ( 0.000000000000000000, 0.000000000000000000, -1.000000000000000000 ) ) ;
#309 = VERTEX_POINT ( 'NONE', #1380 ) ;
#310 = DIRECTION ( 'NONE',  ( 0.000000000000000000, 0.000000000000000000, -1.000000000000000000 ) ) ;
#311 = ADVANCED_FACE ( 'NONE', ( #2990 ), #2443, .F. ) ;
#312 = VECTOR ( 'NONE', #721, 39.37007874015748143 ) ;
#313 = PLANE ( 'NONE',  #794 ) ;
#314 = VERTEX_POINT ( 'NONE', #1781 ) ;
#315 = CARTESIAN_POINT ( 'NONE',  ( 4.468750000000000888, 0.000000000000000000, -8.375000000000000000 ) ) ;
#316 = CARTESIAN_POINT ( 'NONE',  ( -1.625000000000001332, 0.1875000000000000278, -8.620000000000000995 ) ) ;
#317 = EDGE_CURVE ( 'NONE', #1048, #258, #3284, .T. ) ;
#318 = EDGE_LOOP ( 'NONE', ( #1913, #1309, #3209, #1700 ) ) ;
#319 = EDGE_CURVE ( 'NONE', #2198, #454, #1221, .T. ) ;
#320 = CARTESIAN_POINT ( 'NONE',  ( -4.468750000000000888, 1.024442997624098584E-16, -8.781249648129922036 ) ) ;
#321 = ORIENTED_EDGE ( 'NONE', *, *, #3069, .T. ) ;
#322 = ORIENTED_EDGE ( 'NONE', *, *, #414, .F. ) ;
#323 = DIRECTION ( 'NONE',  ( 1.000000000000000000, 0.000000000000000000, 0.000000000000000000 ) ) ;
#324 = EDGE_CURVE ( 'NONE', #2421, #1048, #714, .T. ) ;
#325 = CARTESIAN_POINT ( 'NONE',  ( -4.468750000000000888, 0.000000000000000000, -8.109400230047244307 ) ) ;
#326 = CYLINDRICAL_SURFACE ( 'NONE', #3009, 0.4062496481299211482 ) ;
#327 = DIRECTION ( 'NONE',  ( 0.000000000000000000, 0.000000000000000000, -1.000000000000000000 ) ) ;
#328 = AXIS2_PLACEMENT_3D ( 'NONE', #2914, #1527, #528 ) ;
#329 = CARTESIAN_POINT ( 'NONE',  ( 0.000000000000000000, 0.1875000000022379321, 7.629999999999999005 ) ) ;
#330 = EDGE_LOOP ( 'NONE', ( #2706, #2217 ) ) ;
#331 = VECTOR ( 'NONE', #1331, 39.37007874015748143 ) ;
#332 = CARTESIAN_POINT ( 'NONE',  ( -1.624999999999998890, 0.1875000000022379321, 7.629999999999999005 ) ) ;
#333 = CARTESIAN_POINT ( 'NONE',  ( 1.624999999999999112, 0.8750000000000012212, -8.125000000000001776 ) ) ;
#334 = EDGE_LOOP ( 'NONE', ( #1627, #3224 ) ) ;
#335 = CARTESIAN_POINT ( 'NONE',  ( 1.624999999999999112, 0.1875000000022379321, -8.125000000000001776 ) ) ;
#336 = DIRECTION ( 'NONE',  ( 0.000000000000000000, 0.000000000000000000, -1.000000000000000000 ) ) ;
#337 = EDGE_LOOP ( 'NONE', ( #2849, #527, #1327, #2010 ) ) ;
#338 = ORIENTED_EDGE ( 'NONE', *, *, #1483, .T. ) ;
#339 = LINE ( 'NONE', #621, #1442 ) ;
#340 = ORIENTED_EDGE ( 'NONE', *, *, #1245, .F. ) ;
#341 = FACE_OUTER_BOUND ( 'NONE', #2943, .T. ) ;
#342 = EDGE_CURVE ( 'NONE', #3212, #3302, #54, .T. ) ;
#343 = AXIS2_PLACEMENT_3D ( 'NONE', #202, #467, #962 ) ;
#344 = EDGE_CURVE ( 'NONE', #1949, #1952, #2492, .T. ) ;
#345 = CARTESIAN_POINT ( 'NONE',  ( 4.468750000000000000, -2.237827432110001971E-12, 1.406249648129921370 ) ) ;
#346 = CIRCLE ( 'NONE', #173, 0.4062496481299211482 ) ;
#347 = DIRECTION ( 'NONE',  ( -0.000000000000000000, -1.000000000000000000, -0.000000000000000000 ) ) ;
#348 = CIRCLE ( 'NONE', #2796, 0.2655997699527561928 ) ;
#349 = PLANE ( 'NONE',  #3243 ) ;
#350 = ORIENTED_EDGE ( 'NONE', *, *, #317, .T. ) ;
#351 = FACE_OUTER_BOUND ( 'NONE', #2576, .T. ) ;
#352 = DIRECTION ( 'NONE',  ( 0.000000000000000000, -1.000000000000000000, 0.000000000000000000 ) ) ;
#353 = EDGE_LOOP ( 'NONE', ( #2582, #2272 ) ) ;
#354 = FACE_BOUND ( 'NONE', #413, .T. ) ;
#355 = CARTESIAN_POINT ( 'NONE',  ( 4.468750000000000000, -2.237929876409764429E-12, 0.5937503518700790739 ) ) ;
#356 = ORIENTED_EDGE ( 'NONE', *, *, #1786, .F. ) ;
#357 = ORIENTED_EDGE ( 'NONE', *, *, #3197, .F. ) ;
#358 = CARTESIAN_POINT ( 'NONE',  ( 4.468750000000000888, 3.414809992080329023E-17, -7.374999783464567749 ) ) ;
#359 = ORIENTED_EDGE ( 'NONE', *, *, #1189, .F. ) ;
#360 = CARTESIAN_POINT ( 'NONE',  ( 4.468750000000000000, 0.000000000000000000, 8.375000000000000000 ) ) ;
#361 = EDGE_CURVE ( 'NONE', #3175, #3063, #1113, .T. ) ;
#362 = DIRECTION ( 'NONE',  ( -0.000000000000000000, -1.000000000000000000, -0.000000000000000000 ) ) ;
#363 = FACE_BOUND ( 'NONE', #1968, .T. ) ;
#364 = EDGE_CURVE ( 'NONE', #1898, #587, #3218, .T. ) ;
#365 = DIRECTION ( 'NONE',  ( 0.000000000000000000, 0.000000000000000000, -1.000000000000000000 ) ) ;
#366 = ORIENTED_EDGE ( 'NONE', *, *, #2486, .T. ) ;
#367 = ADVANCED_FACE ( 'NONE', ( #1016 ), #2302, .F. ) ;
#368 = FACE_OUTER_BOUND ( 'NONE', #3138, .T. ) ;
#369 = CIRCLE ( 'NONE', #3043, 0.4062496481299211482 ) ;
#370 = AXIS2_PLACEMENT_3D ( 'NONE', #1665, #2208, #2982 ) ;
#371 = FACE_BOUND ( 'NONE', #916, .T. ) ;
#372 = CARTESIAN_POINT ( 'NONE',  ( 0.000000000000000000, 0.8750000000000012212, 8.125000000000000000 ) ) ;
#373 = ORIENTED_EDGE ( 'NONE', *, *, #1214, .T. ) ;
#374 = ORIENTED_EDGE ( 'NONE', *, *, #1212, .T. ) ;
#375 = CARTESIAN_POINT ( 'NONE',  ( -4.468750000000000000, 0.4999995669291338873, 8.781249648129922036 ) ) ;
#376 = ORIENTED_EDGE ( 'NONE', *, *, #832, .F. ) ;
#377 = DIRECTION ( 'NONE',  ( -0.000000000000000000, -1.000000000000000000, -0.000000000000000000 ) ) ;
#378 = AXIS2_PLACEMENT_3D ( 'NONE', #2341, #281, #31 ) ;
#379 = CARTESIAN_POINT ( 'NONE',  ( 4.468750000000000000, 0.000000000000000000, 8.375000000000000000 ) ) ;
#380 = ADVANCED_FACE ( 'NONE', ( #1764 ), #3117, .F. ) ;
#381 = CARTESIAN_POINT ( 'NONE',  ( 4.468750000000000000, 0.4999995669268960108, 0.7344002300472440847 ) ) ;
#382 = VECTOR ( 'NONE', #452, 39.37007874015748143 ) ;
#383 = CARTESIAN_POINT ( 'NONE',  ( 4.468750000000000000, 0.8750000000000001110, 1.000000000000000222 ) ) ;
#384 = ORIENTED_EDGE ( 'NONE', *, *, #1612, .T. ) ;
#385 = DIRECTION ( 'NONE',  ( -0.7071067811865691111, 0.000000000000000000, -0.7071067811865258124 ) ) ;
#386 = AXIS2_PLACEMENT_3D ( 'NONE', #1834, #42, #838 ) ;
#387 = EDGE_CURVE ( 'NONE', #32, #1878, #949, .T. ) ;
#388 = AXIS2_PLACEMENT_3D ( 'NONE', #2449, #572, #308 ) ;
#389 = FACE_BOUND ( 'NONE', #1240, .T. ) ;
#390 = AXIS2_PLACEMENT_3D ( 'NONE', #884, #1933, #119 ) ;
#391 = DIRECTION ( 'NONE',  ( 0.000000000000000000, 0.000000000000000000, -1.000000000000000000 ) ) ;
#392 = EDGE_LOOP ( 'NONE', ( #3319, #2383, #2861, #3429 ) ) ;
#393 = DIRECTION ( 'NONE',  ( -0.000000000000000000, -1.000000000000000000, -0.000000000000000000 ) ) ;
#394 = ORIENTED_EDGE ( 'NONE', *, *, #401, .T. ) ;
#395 = DIRECTION ( 'NONE',  ( 0.000000000000000000, 0.000000000000000000, -1.000000000000000000 ) ) ;
#396 = CYLINDRICAL_SURFACE ( 'NONE', #2703, 0.2655997699527559153 ) ;
#397 = AXIS2_PLACEMENT_3D ( 'NONE', #1721, #2804, #2257 ) ;
#398 = AXIS2_PLACEMENT_3D ( 'NONE', #2803, #1476, #2538 ) ;
#399 = CARTESIAN_POINT ( 'NONE',  ( 4.468750000000000000, 0.4999995669291338873, -6.281249648129921148 ) ) ;
#400 = ORIENTED_EDGE ( 'NONE', *, *, #1732, .T. ) ;
#401 = EDGE_CURVE ( 'NONE', #2831, #40, #206, .T. ) ;
#402 = FACE_BOUND ( 'NONE', #2616, .T. ) ;
#403 = DIRECTION ( 'NONE',  ( 0.000000000000000000, 0.000000000000000000, -1.000000000000000000 ) ) ;
#404 = VERTEX_POINT ( 'NONE', #1998 ) ;
#405 = EDGE_CURVE ( 'NONE', #3161, #2573, #1437, .T. ) ;
#406 = DIRECTION ( 'NONE',  ( 0.7071067811865456854, -0.7071067811865493491, 0.000000000000000000 ) ) ;
#407 = ORIENTED_EDGE ( 'NONE', *, *, #996, .T. ) ;
#408 = DIRECTION ( 'NONE',  ( 1.130419859447281561E-16, 1.000000000000000000, -0.000000000000000000 ) ) ;
#409 = VECTOR ( 'NONE', #2340, 39.37007874015748143 ) ;
#410 = EDGE_CURVE ( 'NONE', #3144, #2774, #2322, .T. ) ;
#411 = CARTESIAN_POINT ( 'NONE',  ( 5.406249999999998224, 0.8750000000000000000, -8.968750000000000000 ) ) ;
#412 = DIRECTION ( 'NONE',  ( -0.000000000000000000, -1.000000000000000000, -0.000000000000000000 ) ) ;
#413 = EDGE_LOOP ( 'NONE', ( #2420, #897 ) ) ;
#414 = EDGE_CURVE ( 'NONE', #454, #2245, #2155, .T. ) ;
#415 = APPROVAL_DATE_TIME ( #685, #3314 ) ;
#416 = LINE ( 'NONE', #2818, #2004 ) ;
#417 = AXIS2_PLACEMENT_3D ( 'NONE', #3109, #2018, #2252 ) ;
#418 = DIRECTION ( 'NONE',  ( -0.000000000000000000, -1.000000000000000000, -0.000000000000000000 ) ) ;
#419 = EDGE_LOOP ( 'NONE', ( #132, #3248, #865, #1673 ) ) ;
#420 = EDGE_CURVE ( 'NONE', #2816, #1355, #2807, .T. ) ;
#421 = FACE_OUTER_BOUND ( 'NONE', #846, .T. ) ;
#422 = AXIS2_PLACEMENT_3D ( 'NONE', #876, #595, #1647 ) ;
#423 = ORIENTED_EDGE ( 'NONE', *, *, #3094, .T. ) ;
#424 = DIRECTION ( 'NONE',  ( 0.7071067811865452413, -0.7071067811865497932, 0.000000000000000000 ) ) ;
#425 = ADVANCED_FACE ( 'NONE', ( #421 ), #1236, .T. ) ;
#426 = DIRECTION ( 'NONE',  ( 0.000000000000000000, 0.000000000000000000, -1.000000000000000000 ) ) ;
#427 = FACE_OUTER_BOUND ( 'NONE', #1981, .T. ) ;
#428 = ORIENTED_EDGE ( 'NONE', *, *, #1449, .T. ) ;
#429 =( NAMED_UNIT ( * ) SI_UNIT ( $, .STERADIAN. ) SOLID_ANGLE_UNIT ( ) );
#430 = DIRECTION ( 'NONE',  ( 0.000000000000000000, -0.7071067811865583419, 0.7071067811865366926 ) ) ;
#431 = AXIS2_PLACEMENT_3D ( 'NONE', #252, #1312, #3406 ) ;
#432 = CARTESIAN_POINT ( 'NONE',  ( 0.000000000000000000, 0.1875000000022379321, 8.125000000000000000 ) ) ;
#433 = ORIENTED_EDGE ( 'NONE', *, *, #3098, .T. ) ;
#434 = DIRECTION ( 'NONE',  ( 0.000000000000000000, 0.000000000000000000, -1.000000000000000000 ) ) ;
#435 = EDGE_LOOP ( 'NONE', ( #633, #3077, #1563, #2928 ) ) ;
#436 = AXIS2_PLACEMENT_3D ( 'NONE', #2436, #2143, #1652 ) ;
#437 = CARTESIAN_POINT ( 'NONE',  ( 4.468750000000000000, 1.024442997624098584E-16, 5.875000000000000000 ) ) ;
#438 = ORIENTED_EDGE ( 'NONE', *, *, #1020, .T. ) ;
#439 = AXIS2_PLACEMENT_3D ( 'NONE', #940, #1990, #3070 ) ;
#440 = EDGE_CURVE ( 'NONE', #153, #1687, #3056, .T. ) ;
#441 = LINE ( 'NONE', #1440, #1743 ) ;
#442 = DIRECTION ( 'NONE',  ( -0.7071067811865598962, 0.000000000000000000, 0.7071067811865351382 ) ) ;
#443 = VERTEX_POINT ( 'NONE', #2541 ) ;
#444 = PERSON_AND_ORGANIZATION ( #898, #2484 ) ;
#445 = AXIS2_PLACEMENT_3D ( 'NONE', #1198, #1691, #3091 ) ;
#446 = AXIS2_PLACEMENT_3D ( 'NONE', #1250, #243, #2043 ) ;
#447 = CIRCLE ( 'NONE', #19, 0.2499997834645673878 ) ;
#448 = CARTESIAN_POINT ( 'NONE',  ( -4.468750000000000888, 0.000000000000000000, -7.374999783464565972 ) ) ;
#449 = CARTESIAN_POINT ( 'NONE',  ( -4.468750000000000000, 0.000000000000000000, -1.406249648129921148 ) ) ;
#450 = AXIS2_PLACEMENT_3D ( 'NONE', #2606, #2373, #2353 ) ;
#451 = VERTEX_POINT ( 'NONE', #189 ) ;
#452 = DIRECTION ( 'NONE',  ( 1.248844797103661608E-15, 1.000000000000000000, 0.000000000000000000 ) ) ;
#453 = AXIS2_PLACEMENT_3D ( 'NONE', #2521, #970, #2060 ) ;
#454 = VERTEX_POINT ( 'NONE', #1509 ) ;
#455 = CARTESIAN_POINT ( 'NONE',  ( 4.468750000000000000, 1.024442997624098584E-16, 8.375000000000000000 ) ) ;
#456 = ORIENTED_EDGE ( 'NONE', *, *, #2282, .T. ) ;
#457 = VECTOR ( 'NONE', #1311, 39.37007874015748143 ) ;
#458 = CARTESIAN_POINT ( 'NONE',  ( 1.625000000000001332, 0.1875000000022379321, 8.125000000000000000 ) ) ;
#459 = CARTESIAN_POINT ( 'NONE',  ( -5.437500000000000000, 0.03125000000000054817, 9.000000000000000000 ) ) ;
#460 = EDGE_CURVE ( 'NONE', #1274, #1208, #1252, .T. ) ;
#461 = EDGE_CURVE ( 'NONE', #2825, #758, #2157, .T. ) ;
#462 = CARTESIAN_POINT ( 'NONE',  ( -4.468749999999999112, 0.8750000000000009992, 7.374999783464565972 ) ) ;
#463 = ORIENTED_EDGE ( 'NONE', *, *, #932, .F. ) ;
#464 = APPROVAL_STATUS ( 'not_yet_approved' ) ;
#465 = EDGE_CURVE ( 'NONE', #598, #1163, #2633, .T. ) ;
#466 = ADVANCED_FACE ( 'NONE', ( #1617 ), #227, .F. ) ;
#467 = DIRECTION ( 'NONE',  ( -0.000000000000000000, -1.000000000000000000, -0.000000000000000000 ) ) ;
#468 = DIRECTION ( 'NONE',  ( 1.130419859447281561E-16, 1.000000000000000000, -0.000000000000000000 ) ) ;
#469 = EDGE_LOOP ( 'NONE', ( #2430, #1401, #911, #3146 ) ) ;
#470 = DIRECTION ( 'NONE',  ( 0.7071067811865475727, -8.830666246815372333E-16, -0.7071067811865475727 ) ) ;
#471 = ORIENTED_EDGE ( 'NONE', *, *, #836, .F. ) ;
#472 = CARTESIAN_POINT ( 'NONE',  ( 0.000000000000000000, 0.1875000000022379321, -8.125000000000000000 ) ) ;
#473 = VERTEX_POINT ( 'NONE', #526 ) ;
#474 = VECTOR ( 'NONE', #3444, 39.37007874015748143 ) ;
#475 = DIRECTION ( 'NONE',  ( 0.000000000000000000, 0.000000000000000000, -1.000000000000000000 ) ) ;
#476 = CARTESIAN_POINT ( 'NONE',  ( 1.624999999999999112, 0.1875000000022379321, -8.125000000000001776 ) ) ;
#477 = DIRECTION ( 'NONE',  ( 0.000000000000000000, 0.000000000000000000, -1.000000000000000000 ) ) ;
#478 = EDGE_CURVE ( 'NONE', #1243, #2434, #2685, .T. ) ;
#479 = ORIENTED_EDGE ( 'NONE', *, *, #2327, .F. ) ;
#480 = DIRECTION ( 'NONE',  ( 0.000000000000000000, 0.000000000000000000, -1.000000000000000000 ) ) ;
#481 = CARTESIAN_POINT ( 'NONE',  ( -5.437500000000000000, -2.220833939452027154E-33, -8.968750000000000000 ) ) ;
#482 = LINE ( 'NONE', #449, #2036 ) ;
#483 = DIRECTION ( 'NONE',  ( 0.000000000000000000, 0.000000000000000000, -1.000000000000000000 ) ) ;
#484 = ORIENTED_EDGE ( 'NONE', *, *, #942, .F. ) ;
#485 = DIRECTION ( 'NONE',  ( 0.000000000000000000, -1.000000000000000000, 0.000000000000000000 ) ) ;
#486 = ADVANCED_FACE ( 'NONE', ( #2398, #560 ), #2912, .T. ) ;
#487 = AXIS2_PLACEMENT_3D ( 'NONE', #3350, #965, #2015 ) ;
#488 = VERTEX_POINT ( 'NONE', #2126 ) ;
#489 = DIRECTION ( 'NONE',  ( 0.7071067811865597852, -6.854273112277354146E-15, -0.7071067811865351382 ) ) ;
#490 = VERTEX_POINT ( 'NONE', #1358 ) ;
#491 = VECTOR ( 'NONE', #3140, 39.37007874015748143 ) ;
#492 = CIRCLE ( 'NONE', #1217, 0.3750000000000002220 ) ;
#493 = AXIS2_PLACEMENT_3D ( 'NONE', #3031, #1367, #1920 ) ;
#494 = CARTESIAN_POINT ( 'NONE',  ( -4.468750000000000888, 3.414809992080329023E-17, -7.374999783464567749 ) ) ;
#495 = CARTESIAN_POINT ( 'NONE',  ( 4.468750000000000000, 1.024442997624098584E-16, 8.781249648129922036 ) ) ;
#496 = FACE_OUTER_BOUND ( 'NONE', #2020, .T. ) ;
#497 = ORIENTED_EDGE ( 'NONE', *, *, #3427, .F. ) ;
#498 = DIRECTION ( 'NONE',  ( 0.000000000000000000, 0.000000000000000000, -1.000000000000000000 ) ) ;
#499 = CIRCLE ( 'NONE', #2324, 0.4950000000000000511 ) ;
#500 = DIRECTION ( 'NONE',  ( -0.000000000000000000, -1.000000000000000000, -0.000000000000000000 ) ) ;
#501 = EDGE_CURVE ( 'NONE', #3352, #1243, #1340, .T. ) ;
#502 = VECTOR ( 'NONE', #2959, 39.37007874015748143 ) ;
#503 = CARTESIAN_POINT ( 'NONE',  ( -5.437500000000000000, 0.000000000000000000, -8.968750000000000000 ) ) ;
#504 = DIRECTION ( 'NONE',  ( 0.000000000000000000, 0.000000000000000000, -1.000000000000000000 ) ) ;
#505 = ORIENTED_EDGE ( 'NONE', *, *, #1850, .F. ) ;
#506 = FACE_OUTER_BOUND ( 'NONE', #1419, .T. ) ;
#507 = EDGE_LOOP ( 'NONE', ( #2384, #2690 ) ) ;
#508 = AXIS2_PLACEMENT_3D ( 'NONE', #2211, #2744, #157 ) ;
#509 = AXIS2_PLACEMENT_3D ( 'NONE', #2711, #608, #2729 ) ;
#510 = DIRECTION ( 'NONE',  ( -0.000000000000000000, -1.000000000000000000, -0.000000000000000000 ) ) ;
#511 = ORIENTED_EDGE ( 'NONE', *, *, #2350, .F. ) ;
#512 = VERTEX_POINT ( 'NONE', #1598 ) ;
#513 = CARTESIAN_POINT ( 'NONE',  ( -1.625000000000001332, 0.000000000000000000, -8.125000000000001776 ) ) ;
#514 = EDGE_CURVE ( 'NONE', #622, #3334, #1258, .T. ) ;
#515 = FACE_OUTER_BOUND ( 'NONE', #1172, .T. ) ;
#516 = LINE ( 'NONE', #21, #1205 ) ;
#517 = DIRECTION ( 'NONE',  ( 0.000000000000000000, -0.7071067811865460184, 0.7071067811865490160 ) ) ;
#518 = VERTEX_POINT ( 'NONE', #1106 ) ;
#519 = EDGE_CURVE ( 'NONE', #3102, #768, #985, .T. ) ;
#520 = CARTESIAN_POINT ( 'NONE',  ( 4.468749999999999112, 0.000000000000000000, 7.374999783464565972 ) ) ;
#521 = CARTESIAN_POINT ( 'NONE',  ( 1.624999999999999112, 0.8750000000000012212, -8.500000000000001776 ) ) ;
#522 = EDGE_CURVE ( 'NONE', #488, #616, #3228, .T. ) ;
#523 = CARTESIAN_POINT ( 'NONE',  ( -4.468749999999999112, 3.414809992080329023E-17, 6.875000216535433140 ) ) ;
#524 = DIRECTION ( 'NONE',  ( 0.000000000000000000, -1.000000000000000000, -0.000000000000000000 ) ) ;
#525 = CARTESIAN_POINT ( 'NONE',  ( 4.468750000000000000, 0.8750000000000001110, 5.875000000000000000 ) ) ;
#526 = CARTESIAN_POINT ( 'NONE',  ( -4.468750000000000000, 0.8750000000000009992, -6.140599769952756581 ) ) ;
#527 = ORIENTED_EDGE ( 'NONE', *, *, #2770, .F. ) ;
#528 = DIRECTION ( 'NONE',  ( 0.000000000000000000, 0.000000000000000000, -1.000000000000000000 ) ) ;
#529 = EDGE_CURVE ( 'NONE', #3053, #1872, #2892, .T. ) ;
#530 = ORIENTED_EDGE ( 'NONE', *, *, #1649, .T. ) ;
#531 = ORIENTED_EDGE ( 'NONE', *, *, #256, .F. ) ;
#532 = FACE_OUTER_BOUND ( 'NONE', #1534, .T. ) ;
#533 = LINE ( 'NONE', #719, #491 ) ;
#534 = CIRCLE ( 'NONE', #147, 0.2499997834645673878 ) ;
#535 = FACE_OUTER_BOUND ( 'NONE', #2611, .T. ) ;
#536 = DIRECTION ( 'NONE',  ( 0.000000000000000000, -1.000000000000000000, -0.000000000000000000 ) ) ;
#537 = ORIENTED_EDGE ( 'NONE', *, *, #2896, .F. ) ;
#538 = CARTESIAN_POINT ( 'NONE',  ( -5.406249999999998224, 0.8437500000000008882, -9.000000000000000000 ) ) ;
#539 = MANIFOLD_SOLID_BREP ( 'Gbore6', #859 ) ;
#540 = DIRECTION ( 'NONE',  ( -0.000000000000000000, -1.000000000000000000, -0.000000000000000000 ) ) ;
#541 = FACE_BOUND ( 'NONE', #987, .T. ) ;
#542 = AXIS2_PLACEMENT_3D ( 'NONE', #1305, #3417, #299 ) ;
#543 = CARTESIAN_POINT ( 'NONE',  ( -4.468750000000000000, 0.000000000000000000, -5.609400230047243419 ) ) ;
#544 = EDGE_LOOP ( 'NONE', ( #2746, #2107, #3172 ) ) ;
#545 = CARTESIAN_POINT ( 'NONE',  ( 1.625000000000001332, 0.1875000000022379043, 8.500000000000000000 ) ) ;
#546 = ORIENTED_EDGE ( 'NONE', *, *, #3353, .F. ) ;
#547 = EDGE_LOOP ( 'NONE', ( #484, #1801 ) ) ;
#548 = DIRECTION ( 'NONE',  ( 0.000000000000000000, 0.000000000000000000, -1.000000000000000000 ) ) ;
#549 = LINE ( 'NONE', #2976, #1392 ) ;
#550 = AXIS2_PLACEMENT_3D ( 'NONE', #2966, #295, #782 ) ;
#551 = DIRECTION ( 'NONE',  ( -0.000000000000000000, -1.000000000000000000, -0.000000000000000000 ) ) ;
#552 = DIRECTION ( 'NONE',  ( -0.000000000000000000, -1.000000000000000000, -0.000000000000000000 ) ) ;
#553 = AXIS2_PLACEMENT_3D ( 'NONE', #2182, #674, #657 ) ;
#554 = ORIENTED_EDGE ( 'NONE', *, *, #2839, .F. ) ;
#555 = ADVANCED_FACE ( 'NONE', ( #506 ), #2140, .F. ) ;
#556 = DIRECTION ( 'NONE',  ( 0.000000000000000000, -1.000000000000000000, 0.000000000000000000 ) ) ;
#557 = CARTESIAN_POINT ( 'NONE',  ( -4.468750000000000000, 0.4999995669291339428, -1.000000000000000000 ) ) ;
#558 = ORIENTED_EDGE ( 'NONE', *, *, #583, .F. ) ;
#559 = DIRECTION ( 'NONE',  ( 0.000000000000000000, -1.000000000000000000, -0.000000000000000000 ) ) ;
#560 = FACE_BOUND ( 'NONE', #1646, .T. ) ;
#561 = VERTEX_POINT ( 'NONE', #1874 ) ;
#562 = CC_DESIGN_DATE_AND_TIME_ASSIGNMENT ( #2586, #2853, ( #291 ) ) ;
#563 = CARTESIAN_POINT ( 'NONE',  ( -4.468750000000000000, 0.8750000000000009992, -5.875000000000000000 ) ) ;
#564 = EDGE_LOOP ( 'NONE', ( #1579, #2806, #2957, #3084 ) ) ;
#565 = ORIENTED_EDGE ( 'NONE', *, *, #461, .F. ) ;
#566 = CARTESIAN_POINT ( 'NONE',  ( 4.468750000000000888, 0.4999995669291338873, -8.375000000000000000 ) ) ;
#567 = VECTOR ( 'NONE', #3057, 39.37007874015748143 ) ;
#568 = DIRECTION ( 'NONE',  ( -0.000000000000000000, -1.000000000000000000, -0.000000000000000000 ) ) ;
#569 = EDGE_CURVE ( 'NONE', #2831, #2105, #819, .T. ) ;
#570 = VECTOR ( 'NONE', #540, 39.37007874015748143 ) ;
#571 = CIRCLE ( 'NONE', #1676, 0.2655997699527561928 ) ;
#572 = DIRECTION ( 'NONE',  ( -0.000000000000000000, -1.000000000000000000, -0.000000000000000000 ) ) ;
#573 = ORIENTED_EDGE ( 'NONE', *, *, #405, .F. ) ;
#574 = ADVANCED_FACE ( 'Face7', ( #803, #1544 ), #2650, .T. ) ;
#575 = FACE_BOUND ( 'NONE', #2086, .T. ) ;
#576 = EDGE_CURVE ( 'NONE', #2421, #1316, #660, .T. ) ;
#577 = CYLINDRICAL_SURFACE ( 'NONE', #386, 0.4062496481299211482 ) ;
#578 = AXIS2_PLACEMENT_3D ( 'NONE', #2958, #2164, #1769 ) ;
#579 = EDGE_LOOP ( 'NONE', ( #2030, #2675, #2984, #883 ) ) ;
#580 = LENGTH_MEASURE_WITH_UNIT ( LENGTH_MEASURE( 0.02539999999999999897 ), #840 );
#581 = AXIS2_PLACEMENT_3D ( 'NONE', #2385, #1899, #305 ) ;
#582 = PLANE ( 'NONE',  #2614 ) ;
#583 = EDGE_CURVE ( 'NONE', #1188, #1869, #1430, .T. ) ;
#584 = ORIENTED_EDGE ( 'NONE', *, *, #2350, .T. ) ;
#585 = CARTESIAN_POINT ( 'NONE',  ( -5.406250000000000000, 0.000000000000000000, -8.968750000000000000 ) ) ;
#586 = ORIENTED_EDGE ( 'NONE', *, *, #2741, .F. ) ;
#587 = VERTEX_POINT ( 'NONE', #1856 ) ;
#588 = CARTESIAN_POINT ( 'NONE',  ( -4.468750000000000000, 0.4999995669291339428, -1.265599769952756137 ) ) ;
#589 = CARTESIAN_POINT ( 'NONE',  ( -5.437499999999999112, 0.8437500000000008882, -9.000000000000000000 ) ) ;
#590 = FACE_OUTER_BOUND ( 'NONE', #2851, .T. ) ;
#591 = DIRECTION ( 'NONE',  ( 0.000000000000000000, 0.000000000000000000, -1.000000000000000000 ) ) ;
#592 = VECTOR ( 'NONE', #2863, 39.37007874015748143 ) ;
#593 = DIRECTION ( 'NONE',  ( 0.000000000000000000, 0.000000000000000000, -1.000000000000000000 ) ) ;
#594 = ORIENTED_EDGE ( 'NONE', *, *, #827, .F. ) ;
#595 = DIRECTION ( 'NONE',  ( -0.000000000000000000, -1.000000000000000000, -0.000000000000000000 ) ) ;
#596 = EDGE_CURVE ( 'NONE', #2816, #1707, #2601, .T. ) ;
#597 = DIRECTION ( 'NONE',  ( 0.000000000000000000, 0.000000000000000000, -1.000000000000000000 ) ) ;
#598 = VERTEX_POINT ( 'NONE', #2983 ) ;
#599 = ADVANCED_FACE ( 'NONE', ( #615 ), #1373, .T. ) ;
#600 = DIRECTION ( 'NONE',  ( 0.000000000000000000, 0.000000000000000000, -1.000000000000000000 ) ) ;
#601 = DIRECTION ( 'NONE',  ( -0.000000000000000000, -1.000000000000000000, -0.000000000000000000 ) ) ;
#602 = EDGE_LOOP ( 'NONE', ( #357, #1147, #428, #1824 ) ) ;
#603 = ORIENTED_EDGE ( 'NONE', *, *, #344, .T. ) ;
#604 = ADVANCED_FACE ( 'NONE', ( #877 ), #2433, .F. ) ;
#605 = DIRECTION ( 'NONE',  ( -0.000000000000000000, -1.000000000000000000, -0.000000000000000000 ) ) ;
#606 = EDGE_LOOP ( 'NONE', ( #839, #2981 ) ) ;
#607 = DIRECTION ( 'NONE',  ( -0.000000000000000000, -1.000000000000000000, -0.000000000000000000 ) ) ;
#608 = DIRECTION ( 'NONE',  ( -0.000000000000000000, -1.000000000000000000, -0.000000000000000000 ) ) ;
#609 = DIRECTION ( 'NONE',  ( 0.7071067811865491270, -0.7071067811865460184, -0.000000000000000000 ) ) ;
#610 = VECTOR ( 'NONE', #2419, 39.37007874015748143 ) ;
#611 = CARTESIAN_POINT ( 'NONE',  ( 4.468750000000000888, 0.000000000000000000, -8.640599769952755693 ) ) ;
#612 = ORIENTED_EDGE ( 'NONE', *, *, #2896, .T. ) ;
#613 = VECTOR ( 'NONE', #552, 39.37007874015748143 ) ;
#614 = DIRECTION ( 'NONE',  ( 0.000000000000000000, 0.000000000000000000, -1.000000000000000000 ) ) ;
#615 = FACE_OUTER_BOUND ( 'NONE', #2046, .T. ) ;
#616 = VERTEX_POINT ( 'NONE', #1633 ) ;
#617 = DIRECTION ( 'NONE',  ( 0.000000000000000000, -1.000000000000000000, 0.000000000000000000 ) ) ;
#618 = FACE_OUTER_BOUND ( 'NONE', #3397, .T. ) ;
#619 = EDGE_LOOP ( 'NONE', ( #219, #1861, #1511, #1394 ) ) ;
#620 = VERTEX_POINT ( 'NONE', #1142 ) ;
#621 = CARTESIAN_POINT ( 'NONE',  ( -5.421874999999998224, 0.8437500000000007772, -8.984375000000000000 ) ) ;
#622 = VERTEX_POINT ( 'NONE', #316 ) ;
#623 = CARTESIAN_POINT ( 'NONE',  ( -4.468750000000000888, 0.8750000000000009992, -8.109400230047244307 ) ) ;
#624 = AXIS2_PLACEMENT_3D ( 'NONE', #809, #2446, #2692 ) ;
#625 = EDGE_CURVE ( 'NONE', #1163, #443, #841, .T. ) ;
#626 = VECTOR ( 'NONE', #3375, 39.37007874015748143 ) ;
#627 = CIRCLE ( 'NONE', #1068, 0.3750000000000002220 ) ;
#628 = FACE_OUTER_BOUND ( 'NONE', #2490, .T. ) ;
#629 = AXIS2_PLACEMENT_3D ( 'NONE', #1120, #855, #1408 ) ;
#630 = FACE_BOUND ( 'NONE', #67, .T. ) ;
#631 = VECTOR ( 'NONE', #140, 39.37007874015748143 ) ;
#632 = CARTESIAN_POINT ( 'NONE',  ( -4.468750000000000888, 0.000000000000000000, -8.375000000000000000 ) ) ;
#633 = ORIENTED_EDGE ( 'NONE', *, *, #2050, .T. ) ;
#634 = DIRECTION ( 'NONE',  ( -1.000000000000000000, 0.000000000000000000, 0.000000000000000000 ) ) ;
#635 = CIRCLE ( 'NONE', #1960, 0.4062496481299211482 ) ;
#636 = EDGE_CURVE ( 'NONE', #1251, #2245, #82, .T. ) ;
#637 = FACE_BOUND ( 'NONE', #3328, .T. ) ;
#638 = DIRECTION ( 'NONE',  ( 0.000000000000000000, 0.000000000000000000, -1.000000000000000000 ) ) ;
#639 = ORIENTED_EDGE ( 'NONE', *, *, #1950, .F. ) ;
#640 = EDGE_LOOP ( 'NONE', ( #1306, #95, #384, #338 ) ) ;
#641 = CARTESIAN_POINT ( 'NONE',  ( -4.468750000000000888, 0.4999995669291339428, -8.109400230047244307 ) ) ;
#642 = ORIENTED_EDGE ( 'NONE', *, *, #2483, .T. ) ;
#643 = PRODUCT_DEFINITION ( 'UNKNOWN', '', #2764, #867 ) ;
#644 = CYLINDRICAL_SURFACE ( 'NONE', #1396, 0.4062496481299211482 ) ;
#645 = AXIS2_PLACEMENT_3D ( 'NONE', #472, #1512, #2577 ) ;
#646 = CARTESIAN_POINT ( 'NONE',  ( -4.468749999999999112, 0.8750000000000009992, 7.125000000000000000 ) ) ;
#647 = PLANE ( 'NONE',  #1071 ) ;
#648 = CARTESIAN_POINT ( 'NONE',  ( -4.468750000000000000, 1.024442997624098584E-16, -5.468750351870078852 ) ) ;
#649 = ORIENTED_EDGE ( 'NONE', *, *, #2967, .T. ) ;
#650 = CYLINDRICAL_SURFACE ( 'NONE', #1157, 0.3750000000000002220 ) ;
#651 = AXIS2_PLACEMENT_3D ( 'NONE', #1756, #2265, #2278 ) ;
#652 = AXIS2_PLACEMENT_3D ( 'NONE', #96, #3226, #1632 ) ;
#653 = FACE_OUTER_BOUND ( 'NONE', #2268, .T. ) ;
#654 = DIRECTION ( 'NONE',  ( -0.000000000000000000, -1.000000000000000000, -0.000000000000000000 ) ) ;
#655 = ORIENTED_EDGE ( 'NONE', *, *, #3054, .T. ) ;
#656 = EDGE_LOOP ( 'NONE', ( #1573, #1738, #3011, #2402 ) ) ;
#657 = DIRECTION ( 'NONE',  ( 0.000000000000000000, 0.000000000000000000, -1.000000000000000000 ) ) ;
#658 = ORIENTED_EDGE ( 'NONE', *, *, #1200, .F. ) ;
#659 = CARTESIAN_POINT ( 'NONE',  ( 5.437499999999999112, 0.8750000000000000000, 8.968750000000000000 ) ) ;
#660 = CIRCLE ( 'NONE', #2594, 0.3750000000000002220 ) ;
#661 = LINE ( 'NONE', #1974, #1556 ) ;
#662 = CARTESIAN_POINT ( 'NONE',  ( -4.468750000000000000, 0.8750000000000009992, 6.140599769952756581 ) ) ;
#663 = AXIS2_PLACEMENT_3D ( 'NONE', #2286, #1467, #1737 ) ;
#664 = DIRECTION ( 'NONE',  ( -0.000000000000000000, -1.000000000000000000, -0.000000000000000000 ) ) ;
#665 = ORIENTED_EDGE ( 'NONE', *, *, #2159, .T. ) ;
#666 = EDGE_CURVE ( 'NONE', #282, #3296, #499, .T. ) ;
#667 = AXIS2_PLACEMENT_3D ( 'NONE', #2953, #2379, #10 ) ;
#668 = SECURITY_CLASSIFICATION_LEVEL ( 'unclassified' ) ;
#669 = AXIS2_PLACEMENT_3D ( 'NONE', #503, #1046, #699 ) ;
#670 = CIRCLE ( 'NONE', #1881, 0.4062496481299211482 ) ;
#671 = DIRECTION ( 'NONE',  ( 1.000000000000000000, 0.000000000000000000, 0.000000000000000000 ) ) ;
#672 = DIRECTION ( 'NONE',  ( 0.000000000000000000, 0.000000000000000000, -1.000000000000000000 ) ) ;
#673 = ORIENTED_EDGE ( 'NONE', *, *, #319, .T. ) ;
#674 = DIRECTION ( 'NONE',  ( -0.000000000000000000, -1.000000000000000000, -0.000000000000000000 ) ) ;
#675 = ORIENTED_EDGE ( 'NONE', *, *, #973, .T. ) ;
#676 = APPROVAL ( #169, 'UNSPECIFIED' ) ;
#677 = FACE_OUTER_BOUND ( 'NONE', #2254, .T. ) ;
#678 = EDGE_CURVE ( 'NONE', #1842, #2973, #2783, .T. ) ;
#679 = LINE ( 'NONE', #2534, #1916 ) ;
#680 = VECTOR ( 'NONE', #3347, 39.37007874015748143 ) ;
#681 = VECTOR ( 'NONE', #1448, 39.37007874015748143 ) ;
#682 = CARTESIAN_POINT ( 'NONE',  ( 4.468750000000000000, 0.8750000000000001110, 8.375000000000000000 ) ) ;
#683 = ADVANCED_FACE ( 'NONE', ( #1893, #1648 ), #582, .T. ) ;
#684 = ORIENTED_EDGE ( 'NONE', *, *, #2235, .F. ) ;
#685 = DATE_AND_TIME ( #1519, #3405 ) ;
#686 = AXIS2_PLACEMENT_3D ( 'NONE', #2395, #6, #3165 ) ;
#687 = CARTESIAN_POINT ( 'NONE',  ( 5.437499999999999112, 0.8437499999999996669, 8.968750000000000000 ) ) ;
#688 = LINE ( 'NONE', #355, #2329 ) ;
#689 = ORIENTED_EDGE ( 'NONE', *, *, #263, .T. ) ;
#690 = ADVANCED_FACE ( 'NONE', ( #3275 ), #2750, .F. ) ;
#691 = DIRECTION ( 'NONE',  ( -0.000000000000000000, -1.000000000000000000, -0.000000000000000000 ) ) ;
#692 = ORIENTED_EDGE ( 'NONE', *, *, #1678, .F. ) ;
#693 = PLANE ( 'NONE',  #1498 ) ;
#694 = LINE ( 'NONE', #1459, #3203 ) ;
#695 = FACE_OUTER_BOUND ( 'NONE', #1935, .T. ) ;
#696 = ORIENTED_EDGE ( 'NONE', *, *, #1178, .T. ) ;
#697 = PERSON_AND_ORGANIZATION ( #898, #2484 ) ;
#698 = DIRECTION ( 'NONE',  ( 0.000000000000000000, 0.000000000000000000, -1.000000000000000000 ) ) ;
#699 = DIRECTION ( 'NONE',  ( 0.000000000000000000, -0.7071067811865583419, 0.7071067811865366926 ) ) ;
#700 = EDGE_LOOP ( 'NONE', ( #1416, #3316, #2071, #3305 ) ) ;
#701 = CARTESIAN_POINT ( 'NONE',  ( 0.000000000000000000, 0.1875000000022379043, 8.125000000000000000 ) ) ;
#702 = LOCAL_TIME ( 19, 11, 3.000000000000000000, #2802 ) ;
#703 = ADVANCED_FACE ( 'NONE', ( #38 ), #869, .F. ) ;
#704 = ORIENTED_EDGE ( 'NONE', *, *, #982, .F. ) ;
#705 = CARTESIAN_POINT ( 'NONE',  ( 1.624999999999999112, 0.8750000000000012212, -8.125000000000001776 ) ) ;
#706 = CARTESIAN_POINT ( 'NONE',  ( -4.468750000000000000, 0.000000000000000000, -5.875000000000000000 ) ) ;
#707 = CYLINDRICAL_SURFACE ( 'NONE', #3351, 0.2655997699527561928 ) ;
#708 = ORIENTED_EDGE ( 'NONE', *, *, #830, .T. ) ;
#709 = DATE_AND_TIME ( #2524, #255 ) ;
#710 = DIRECTION ( 'NONE',  ( 1.000000000000000000, 0.000000000000000000, 0.000000000000000000 ) ) ;
#711 = AXIS2_PLACEMENT_3D ( 'NONE', #1888, #1611, #2097 ) ;
#712 = DIRECTION ( 'NONE',  ( 0.000000000000000000, -1.000000000000000000, 0.000000000000000000 ) ) ;
#713 = ORIENTED_EDGE ( 'NONE', *, *, #1088, .F. ) ;
#714 = LINE ( 'NONE', #3333, #1709 ) ;
#715 = ORIENTED_EDGE ( 'NONE', *, *, #1293, .F. ) ;
#716 = PLANE ( 'NONE',  #328 ) ;
#717 = EDGE_CURVE ( 'NONE', #620, #2717, #1114, .T. ) ;
#718 = ORIENTED_EDGE ( 'NONE', *, *, #2050, .F. ) ;
#719 = CARTESIAN_POINT ( 'NONE',  ( -4.468750000000000000, 0.000000000000000000, 8.109400230047244307 ) ) ;
#720 = ADVANCED_FACE ( 'NONE', ( #1865 ), #1405, .T. ) ;
#721 = DIRECTION ( 'NONE',  ( 1.248844797103661608E-15, 1.000000000000000000, 0.000000000000000000 ) ) ;
#722 = ADVANCED_FACE ( 'NONE', ( #341 ), #2710, .T. ) ;
#723 = ORIENTED_EDGE ( 'NONE', *, *, #11, .T. ) ;
#724 = DIRECTION ( 'NONE',  ( -0.000000000000000000, -1.000000000000000000, -0.000000000000000000 ) ) ;
#725 = ORIENTED_EDGE ( 'NONE', *, *, #2584, .F. ) ;
#726 = CALENDAR_DATE ( 2026, 29, 4 ) ;
#727 = VECTOR ( 'NONE', #1207, 39.37007874015748143 ) ;
#728 = VECTOR ( 'NONE', #3132, 39.37007874015748143 ) ;
#729 = DIRECTION ( 'NONE',  ( 0.000000000000000000, 0.000000000000000000, -1.000000000000000000 ) ) ;
#730 = CYLINDRICAL_SURFACE ( 'NONE', #3398, 0.4062496481299211482 ) ;
#731 = CIRCLE ( 'NONE', #2394, 0.2655997699527561928 ) ;
#732 = ORIENTED_EDGE ( 'NONE', *, *, #114, .T. ) ;
#733 = DIRECTION ( 'NONE',  ( -0.000000000000000000, -1.000000000000000000, -0.000000000000000000 ) ) ;
#734 = CC_DESIGN_APPROVAL ( #3314, ( #291 ) ) ;
#735 = ORIENTED_EDGE ( 'NONE', *, *, #1200, .T. ) ;
#736 = CARTESIAN_POINT ( 'NONE',  ( 4.468750000000000000, 0.4999995669268959553, 1.000000000000000222 ) ) ;
#737 = ORIENTED_EDGE ( 'NONE', *, *, #1286, .T. ) ;
#738 = ADVANCED_FACE ( 'NONE', ( #74 ), #1624, .F. ) ;
#739 = AXIS2_PLACEMENT_3D ( 'NONE', #825, #2403, #1094 ) ;
#740 = CARTESIAN_POINT ( 'NONE',  ( 4.468750000000000000, 0.4999995669291339428, -5.609400230047243419 ) ) ;
#741 = DIRECTION ( 'NONE',  ( -0.000000000000000000, -1.000000000000000000, -0.000000000000000000 ) ) ;
#742 = VERTEX_POINT ( 'NONE', #2405 ) ;
#743 = CARTESIAN_POINT ( 'NONE',  ( -4.468750000000000888, 1.024442997624098584E-16, -8.375000000000000000 ) ) ;
#744 = EDGE_LOOP ( 'NONE', ( #2333, #1508, #2163, #43 ) ) ;
#745 = EDGE_CURVE ( 'NONE', #858, #3026, #2167, .T. ) ;
#746 = DIRECTION ( 'NONE',  ( -0.000000000000000000, -1.000000000000000000, -0.000000000000000000 ) ) ;
#747 = CARTESIAN_POINT ( 'NONE',  ( 5.406249999999998224, 0.000000000000000000, -8.968750000000000000 ) ) ;
#748 = DIRECTION ( 'NONE',  ( 0.000000000000000000, 1.000000000000000000, 0.000000000000000000 ) ) ;
#749 = DIRECTION ( 'NONE',  ( 0.000000000000000000, 0.000000000000000000, 1.000000000000000000 ) ) ;
#750 = ORIENTED_EDGE ( 'NONE', *, *, #2569, .T. ) ;
#751 = CARTESIAN_POINT ( 'NONE',  ( -1.625000000000001332, 0.1874999999999999722, -8.125000000000001776 ) ) ;
#752 = VERTEX_POINT ( 'NONE', #623 ) ;
#753 = CARTESIAN_POINT ( 'NONE',  ( -5.406250000000000000, 0.03125000000000021511, -9.000000000000000000 ) ) ;
#754 = VERTEX_POINT ( 'NONE', #2937 ) ;
#755 = VECTOR ( 'NONE', #801, 39.37007874015748854 ) ;
#756 = LINE ( 'NONE', #2656, #2374 ) ;
#757 = DIRECTION ( 'NONE',  ( 0.000000000000000000, -1.000000000000000000, 0.000000000000000000 ) ) ;
#758 = VERTEX_POINT ( 'NONE', #1097 ) ;
#759 = LINE ( 'NONE', #1572, #1270 ) ;
#760 = ORIENTED_EDGE ( 'NONE', *, *, #1537, .F. ) ;
#761 = LINE ( 'NONE', #3185, #1284 ) ;
#762 = CYLINDRICAL_SURFACE ( 'NONE', #234, 0.4062496481299211482 ) ;
#763 = DIRECTION ( 'NONE',  ( 0.000000000000000000, 0.000000000000000000, -1.000000000000000000 ) ) ;
#764 = EDGE_CURVE ( 'NONE', #258, #1048, #1720, .T. ) ;
#765 = LINE ( 'NONE', #1576, #755 ) ;
#766 = ORIENTED_EDGE ( 'NONE', *, *, #2029, .F. ) ;
#767 = CARTESIAN_POINT ( 'NONE',  ( -1.625000000000001332, 0.1875000000000000278, -8.125000000000001776 ) ) ;
#768 = VERTEX_POINT ( 'NONE', #2201 ) ;
#769 = DIRECTION ( 'NONE',  ( 0.000000000000000000, 0.000000000000000000, -1.000000000000000000 ) ) ;
#770 = EDGE_LOOP ( 'NONE', ( #713, #1177 ) ) ;
#771 = ORIENTED_EDGE ( 'NONE', *, *, #836, .T. ) ;
#772 = VECTOR ( 'NONE', #489, 39.37007874015748854 ) ;
#773 = EDGE_CURVE ( 'NONE', #752, #233, #1151, .T. ) ;
#774 = CIRCLE ( 'NONE', #1820, 0.4950000000000000511 ) ;
#775 = FACE_OUTER_BOUND ( 'NONE', #2613, .T. ) ;
#776 = LINE ( 'NONE', #1827, #1037 ) ;
#777 = EDGE_CURVE ( 'NONE', #858, #3352, #549, .T. ) ;
#778 = DIRECTION ( 'NONE',  ( 0.000000000000000000, -0.000000000000000000, -1.000000000000000000 ) ) ;
#779 = ORIENTED_EDGE ( 'NONE', *, *, #3148, .T. ) ;
#780 = DIRECTION ( 'NONE',  ( -0.000000000000000000, -1.000000000000000000, -0.000000000000000000 ) ) ;
#781 = EDGE_CURVE ( 'NONE', #2774, #858, #1382, .T. ) ;
#782 = DIRECTION ( 'NONE',  ( 1.000000000000000000, 0.000000000000000000, 0.000000000000000000 ) ) ;
#783 = DIRECTION ( 'NONE',  ( -0.000000000000000000, -1.000000000000000000, -0.000000000000000000 ) ) ;
#784 = DIRECTION ( 'NONE',  ( 0.000000000000000000, 0.000000000000000000, -1.000000000000000000 ) ) ;
#785 = VERTEX_POINT ( 'NONE', #3012 ) ;
#786 = AXIS2_PLACEMENT_3D ( 'NONE', #2508, #2772, #671 ) ;
#787 = DIRECTION ( 'NONE',  ( 0.000000000000000000, -1.000000000000000000, 0.000000000000000000 ) ) ;
#788 = ORIENTED_EDGE ( 'NONE', *, *, #529, .T. ) ;
#789 = VECTOR ( 'NONE', #1026, 39.37007874015748854 ) ;
#790 = DIRECTION ( 'NONE',  ( -0.000000000000000000, -1.000000000000000000, -0.000000000000000000 ) ) ;
#791 = ORIENTED_EDGE ( 'NONE', *, *, #2986, .T. ) ;
#792 = ORIENTED_EDGE ( 'NONE', *, *, #764, .F. ) ;
#793 = CYLINDRICAL_SURFACE ( 'NONE', #2852, 0.4062496481299211482 ) ;
#794 = AXIS2_PLACEMENT_3D ( 'NONE', #2239, #1906, #59 ) ;
#795 = DIRECTION ( 'NONE',  ( 1.130419859447281561E-16, 1.000000000000000000, -0.000000000000000000 ) ) ;
#796 = LINE ( 'NONE', #2920, #1693 ) ;
#797 = FACE_OUTER_BOUND ( 'NONE', #1914, .T. ) ;
#798 = VERTEX_POINT ( 'NONE', #3198 ) ;
#799 = CARTESIAN_POINT ( 'NONE',  ( -4.468750000000000888, 1.024442997624098584E-16, -7.968750351870078852 ) ) ;
#800 = DIRECTION ( 'NONE',  ( 1.000000000000000000, 0.000000000000000000, 0.000000000000000000 ) ) ;
#801 = DIRECTION ( 'NONE',  ( -2.458616681009359035E-14, 0.7071067811865460184, -0.7071067811865489050 ) ) ;
#802 = ORIENTED_EDGE ( 'NONE', *, *, #364, .T. ) ;
#803 = FACE_OUTER_BOUND ( 'NONE', #1323, .T. ) ;
#804 = ORIENTED_EDGE ( 'NONE', *, *, #2210, .T. ) ;
#805 = DIRECTION ( 'NONE',  ( -0.000000000000000000, -1.000000000000000000, -0.000000000000000000 ) ) ;
#806 = ORIENTED_EDGE ( 'NONE', *, *, #777, .T. ) ;
#807 = EDGE_LOOP ( 'NONE', ( #2125, #2897, #2809, #3279 ) ) ;
#808 = FACE_OUTER_BOUND ( 'NONE', #821, .T. ) ;
#809 = CARTESIAN_POINT ( 'NONE',  ( 4.468750000000000888, 0.4999995669291339428, -8.375000000000000000 ) ) ;
#810 = VECTOR ( 'NONE', #1606, 39.37007874015748143 ) ;
#811 = CARTESIAN_POINT ( 'NONE',  ( 6.062001655779398511E-17, 0.1875000000022379321, -7.629999999999999893 ) ) ;
#812 = APPROVAL_PERSON_ORGANIZATION ( #958, #28, #943 ) ;
#813 = CARTESIAN_POINT ( 'NONE',  ( 0.000000000000000000, 2.237929876409764429E-12, 8.125000000000000000 ) ) ;
#814 = ORIENTED_EDGE ( 'NONE', *, *, #3049, .F. ) ;
#815 = DIRECTION ( 'NONE',  ( -1.000000000000000000, 1.130419859447281561E-16, 0.000000000000000000 ) ) ;
#816 = DIRECTION ( 'NONE',  ( 0.000000000000000000, -1.000000000000000000, 0.000000000000000000 ) ) ;
#817 = EDGE_LOOP ( 'NONE', ( #3252, #2542 ) ) ;
#818 = DIRECTION ( 'NONE',  ( 0.000000000000000000, 0.000000000000000000, -1.000000000000000000 ) ) ;
#819 = CIRCLE ( 'NONE', #200, 0.2655997699527561928 ) ;
#820 = CARTESIAN_POINT ( 'NONE',  ( -4.468750000000000000, 0.8750000000000009992, -1.000000000000000000 ) ) ;
#821 = EDGE_LOOP ( 'NONE', ( #2820, #238, #2108, #2233 ) ) ;
#822 = LINE ( 'NONE', #2667, #1055 ) ;
#823 = EDGE_LOOP ( 'NONE', ( #1342, #3118 ) ) ;
#824 = EDGE_LOOP ( 'NONE', ( #2797, #3008 ) ) ;
#825 = CARTESIAN_POINT ( 'NONE',  ( 0.000000000000000000, 0.1875000000022379321, 8.125000000000000000 ) ) ;
#826 = AXIS2_PLACEMENT_3D ( 'NONE', #2821, #2066, #3135 ) ;
#827 = EDGE_CURVE ( 'NONE', #3161, #2335, #2482, .T. ) ;
#828 = DIRECTION ( 'NONE',  ( 1.000000000000000000, -1.130419859447281561E-16, 0.000000000000000000 ) ) ;
#829 = AXIS2_PLACEMENT_3D ( 'NONE', #1062, #2355, #1354 ) ;
#830 = EDGE_CURVE ( 'NONE', #32, #2416, #2731, .T. ) ;
#831 = AXIS2_PLACEMENT_3D ( 'NONE', #2115, #1081, #25 ) ;
#832 = EDGE_CURVE ( 'NONE', #1878, #1034, #2114, .T. ) ;
#833 = CARTESIAN_POINT ( 'NONE',  ( 0.000000000000000000, 0.8750000000000012212, -8.125000000000000000 ) ) ;
#834 = AXIS2_PLACEMENT_3D ( 'NONE', #1453, #2795, #1951 ) ;
#835 = ORIENTED_EDGE ( 'NONE', *, *, #569, .T. ) ;
#836 = EDGE_CURVE ( 'NONE', #1126, #2866, #3216, .T. ) ;
#837 = FACE_BOUND ( 'NONE', #1792, .T. ) ;
#838 = DIRECTION ( 'NONE',  ( 0.000000000000000000, 0.000000000000000000, -1.000000000000000000 ) ) ;
#839 = ORIENTED_EDGE ( 'NONE', *, *, #2565, .F. ) ;
#840 =( LENGTH_UNIT ( ) NAMED_UNIT ( * ) SI_UNIT ( $, .METRE. ) );
#841 = CIRCLE ( 'NONE', #2894, 0.2655997699527561928 ) ;
#842 = DIRECTION ( 'NONE',  ( -0.000000000000000000, -1.000000000000000000, -0.000000000000000000 ) ) ;
#843 = VERTEX_POINT ( 'NONE', #1133 ) ;
#844 = DIRECTION ( 'NONE',  ( -0.7071067811865459074, -0.7071067811865491270, 2.775557561562891967E-17 ) ) ;
#845 = EDGE_LOOP ( 'NONE', ( #1060, #1417, #168, #2408 ) ) ;
#846 = EDGE_LOOP ( 'NONE', ( #1371, #1015, #2913 ) ) ;
#847 = DIRECTION ( 'NONE',  ( 0.000000000000000000, -1.000000000000000000, 0.000000000000000000 ) ) ;
#848 = VECTOR ( 'NONE', #2571, 39.37007874015748143 ) ;
#849 = DIRECTION ( 'NONE',  ( -0.7071067811865565655, 0.000000000000000000, 0.7071067811865385799 ) ) ;
#850 = CIRCLE ( 'NONE', #686, 0.2655997699527561928 ) ;
#851 = CC_DESIGN_PERSON_AND_ORGANIZATION_ASSIGNMENT ( #199, #2011, ( #643 ) ) ;
#852 = CARTESIAN_POINT ( 'NONE',  ( -4.468749999999999112, 0.000000000000000000, 7.125000000000000000 ) ) ;
#853 = ORIENTED_EDGE ( 'NONE', *, *, #2887, .F. ) ;
#854 = EDGE_CURVE ( 'NONE', #843, #3193, #1224, .T. ) ;
#855 = DIRECTION ( 'NONE',  ( -0.000000000000000000, -1.000000000000000000, -0.000000000000000000 ) ) ;
#856 = CYLINDRICAL_SURFACE ( 'NONE', #2515, 0.2655997699527561928 ) ;
#857 = ADVANCED_FACE ( 'Face2', ( #2823 ), #902, .F. ) ;
#858 = VERTEX_POINT ( 'NONE', #1181 ) ;
#859 = CLOSED_SHELL ( 'NONE', ( #2225, #555, #1904, #3355, #2636, #466, #1388, #2297, #1152, #1336, #2626, #3306, #2269, #2960, #1718, #1395, #2870, #3211, #204, #230, #367, #150, #1644, #2099, #1487, #1971, #109, #2250, #2447, #2360, #201, #3430, #880, #1064, #1444, #2370, #1404, #1241, #857, #2307, #1497, #1695, #2424, #2827, #1927, #1586, #2110, #2247, #2347, #1986, #2172, #235, #2617, #2618, #380, #1452, #980, #3047, #922, #1109, #425, #3259, #722, #2048, #887, #2846, #599, #720, #3326, #1531, #1853, #2808, #3257, #2881, #1819, #1541, #1317, #1095, #2936, #1993, #3303, #604, #738, #2121, #703, #935, #2056, #3338, #486, #894, #690, #3310, #1634, #3408, #1741, #1845, #1040, #1886, #1044, #2993, #683, #3142, #137, #311, #2445, #2824, #574, #1698, #3166, #1701, #2188, #1932, #1197, #129 ) ) ;
#860 = DIRECTION ( 'NONE',  ( 0.000000000000000000, 0.000000000000000000, -1.000000000000000000 ) ) ;
#861 = VERTEX_POINT ( 'NONE', #1495 ) ;
#862 = DIRECTION ( 'NONE',  ( 0.000000000000000000, -1.000000000000000000, 0.000000000000000000 ) ) ;
#863 = CARTESIAN_POINT ( 'NONE',  ( 0.000000000000000000, 0.8750000000000012212, -8.125000000000000000 ) ) ;
#864 = EDGE_LOOP ( 'NONE', ( #1816, #1271, #3007, #2654 ) ) ;
#865 = ORIENTED_EDGE ( 'NONE', *, *, #47, .F. ) ;
#866 = DIRECTION ( 'NONE',  ( -0.000000000000000000, -1.000000000000000000, -0.000000000000000000 ) ) ;
#867 = DESIGN_CONTEXT ( 'detailed design', #2814, 'design' ) ;
#868 = ORIENTED_EDGE ( 'NONE', *, *, #2513, .F. ) ;
#869 = CYLINDRICAL_SURFACE ( 'NONE', #71, 0.4062496481299211482 ) ;
#870 = AXIS2_PLACEMENT_3D ( 'NONE', #2890, #3168, #298 ) ;
#871 = FACE_OUTER_BOUND ( 'NONE', #2359, .T. ) ;
#872 = CARTESIAN_POINT ( 'NONE',  ( -4.468750000000000000, 0.4999995669291338873, 8.375000000000000000 ) ) ;
#873 = VECTOR ( 'NONE', #1391, 39.37007874015748143 ) ;
#874 = CARTESIAN_POINT ( 'NONE',  ( 4.734349769952756581, 0.4999995669291339428, 5.875000000000000000 ) ) ;
#875 = VERTEX_POINT ( 'NONE', #1740 ) ;
#876 = CARTESIAN_POINT ( 'NONE',  ( 1.625000000000001332, 0.1875000000022379321, 8.125000000000000000 ) ) ;
#877 = FACE_OUTER_BOUND ( 'NONE', #2301, .T. ) ;
#878 = ORIENTED_EDGE ( 'NONE', *, *, #1465, .T. ) ;
#879 = DIRECTION ( 'NONE',  ( 0.000000000000000000, 0.000000000000000000, -1.000000000000000000 ) ) ;
#880 = ADVANCED_FACE ( 'Face8', ( #1954 ), #136, .F. ) ;
#881 = DIRECTION ( 'NONE',  ( 0.000000000000000000, -0.000000000000000000, -1.000000000000000000 ) ) ;
#882 = ORIENTED_EDGE ( 'NONE', *, *, #1375, .T. ) ;
#883 = ORIENTED_EDGE ( 'NONE', *, *, #1375, .F. ) ;
#884 = CARTESIAN_POINT ( 'NONE',  ( -1.625000000000001332, 0.8750000000000012212, -8.125000000000001776 ) ) ;
#885 = EDGE_LOOP ( 'NONE', ( #1667, #2840 ) ) ;
#886 = DIRECTION ( 'NONE',  ( 0.000000000000000000, 0.000000000000000000, -1.000000000000000000 ) ) ;
#887 = ADVANCED_FACE ( 'NONE', ( #951 ), #693, .T. ) ;
#888 = CARTESIAN_POINT ( 'NONE',  ( 5.437499999999999112, 0.8750000000000000000, 8.968750000000000000 ) ) ;
#889 = CARTESIAN_POINT ( 'NONE',  ( -1.624999999999998890, 0.1875000000022379321, 8.125000000000000000 ) ) ;
#890 = EDGE_CURVE ( 'NONE', #1774, #2930, #3177, .T. ) ;
#891 = DIRECTION ( 'NONE',  ( -0.000000000000000000, -1.000000000000000000, -0.000000000000000000 ) ) ;
#892 = ORIENTED_EDGE ( 'NONE', *, *, #2548, .F. ) ;
#893 = LINE ( 'NONE', #1943, #1424 ) ;
#894 = ADVANCED_FACE ( 'NONE', ( #1725 ), #644, .F. ) ;
#895 = FACE_OUTER_BOUND ( 'NONE', #3035, .T. ) ;
#896 = DIRECTION ( 'NONE',  ( 0.000000000000000000, 0.000000000000000000, -1.000000000000000000 ) ) ;
#897 = ORIENTED_EDGE ( 'NONE', *, *, #2092, .F. ) ;
#898 = PERSON ( 'UNSPECIFIED', 'UNSPECIFIED', 'UNSPECIFIED', ('UNSPECIFIED'), ('UNSPECIFIED'), ('UNSPECIFIED') ) ;
#899 = ORIENTED_EDGE ( 'NONE', *, *, #1155, .T. ) ;
#900 = DIRECTION ( 'NONE',  ( 0.000000000000000000, 0.000000000000000000, -1.000000000000000000 ) ) ;
#901 = ORIENTED_EDGE ( 'NONE', *, *, #2523, .F. ) ;
#902 = CYLINDRICAL_SURFACE ( 'NONE', #2274, 0.3750000000000002220 ) ;
#903 = VECTOR ( 'NONE', #2855, 39.37007874015748143 ) ;
#904 = AXIS2_PLACEMENT_3D ( 'NONE', #928, #2525, #1414 ) ;
#905 = CARTESIAN_POINT ( 'NONE',  ( 0.000000000000000000, 0.1875000000022379043, -8.125000000000000000 ) ) ;
#906 = AXIS2_PLACEMENT_3D ( 'NONE', #889, #1680, #310 ) ;
#907 = FACE_BOUND ( 'NONE', #2822, .T. ) ;
#908 = LOCAL_TIME ( 19, 11, 3.000000000000000000, #3113 ) ;
#909 = VECTOR ( 'NONE', #152, 39.37007874015748143 ) ;
#910 = CARTESIAN_POINT ( 'NONE',  ( -4.468750000000000000, 1.024442997624098584E-16, -6.281249648129921148 ) ) ;
#911 = ORIENTED_EDGE ( 'NONE', *, *, #300, .T. ) ;
#912 = DIRECTION ( 'NONE',  ( -0.000000000000000000, -1.000000000000000000, -0.000000000000000000 ) ) ;
#913 = AXIS2_PLACEMENT_3D ( 'NONE', #3253, #269, #1863 ) ;
#914 = DIRECTION ( 'NONE',  ( 0.000000000000000000, 0.000000000000000000, -1.000000000000000000 ) ) ;
#915 = DIRECTION ( 'NONE',  ( 0.000000000000000000, 0.000000000000000000, -1.000000000000000000 ) ) ;
#916 = EDGE_LOOP ( 'NONE', ( #1017, #322 ) ) ;
#917 = ORIENTED_EDGE ( 'NONE', *, *, #1020, .F. ) ;
#918 = LINE ( 'NONE', #3041, #2041 ) ;
#919 = VERTEX_POINT ( 'NONE', #2810 ) ;
#920 = DIRECTION ( 'NONE',  ( 1.000000000000000000, 0.000000000000000000, 0.000000000000000000 ) ) ;
#921 = AXIS2_PLACEMENT_3D ( 'NONE', #3155, #2860, #2306 ) ;
#922 = ADVANCED_FACE ( 'NONE', ( #1223 ), #967, .F. ) ;
#923 = CARTESIAN_POINT ( 'NONE',  ( 4.468749999999999112, 3.414809992080329023E-17, 7.374999783464567749 ) ) ;
#924 = LINE ( 'NONE', #3050, #3426 ) ;
#925 = DIRECTION ( 'NONE',  ( -0.000000000000000000, -1.000000000000000000, -0.000000000000000000 ) ) ;
#926 = ORIENTED_EDGE ( 'NONE', *, *, #3139, .F. ) ;
#927 = AXIS2_PLACEMENT_3D ( 'NONE', #2684, #224, #1597 ) ;
#928 = CARTESIAN_POINT ( 'NONE',  ( -5.437500000000000000, 0.000000000000000000, 9.000000000000000000 ) ) ;
#929 = DIRECTION ( 'NONE',  ( -0.000000000000000000, -1.000000000000000000, -0.000000000000000000 ) ) ;
#930 = EDGE_LOOP ( 'NONE', ( #3371, #3349, #2891, #649 ) ) ;
#931 = FACE_OUTER_BOUND ( 'NONE', #1554, .T. ) ;
#932 = EDGE_CURVE ( 'NONE', #2573, #3161, #1668, .T. ) ;
#933 = EDGE_LOOP ( 'NONE', ( #2911, #423, #2578, #285 ) ) ;
#934 = DIRECTION ( 'NONE',  ( 1.000000000000000000, 0.000000000000000000, 0.000000000000000000 ) ) ;
#935 = ADVANCED_FACE ( 'NONE', ( #3336 ), #2017, .F. ) ;
#936 = EDGE_CURVE ( 'NONE', #3059, #3089, #1944, .T. ) ;
#937 = PLANE ( 'NONE',  #2291 ) ;
#938 = ADVANCED_BREP_SHAPE_REPRESENTATION ( 'bottom clamping plate_pcs2b', ( #539, #1697 ), #3206 ) ;
#939 = VECTOR ( 'NONE', #978, 39.37007874015748143 ) ;
#940 = CARTESIAN_POINT ( 'NONE',  ( -5.437499999999999112, 0.8750000000000012212, 9.000000000000000000 ) ) ;
#941 = VERTEX_POINT ( 'NONE', #2218 ) ;
#942 = EDGE_CURVE ( 'NONE', #1675, #798, #953, .T. ) ;
#943 = APPROVAL_ROLE ( '' ) ;
#944 = CIRCLE ( 'NONE', #2884, 0.4062496481299211482 ) ;
#945 = AXIS2_PLACEMENT_3D ( 'NONE', #646, #1168, #2203 ) ;
#946 = LINE ( 'NONE', #481, #3240 ) ;
#947 = DIRECTION ( 'NONE',  ( -0.000000000000000000, -1.000000000000000000, -0.000000000000000000 ) ) ;
#948 = ORIENTED_EDGE ( 'NONE', *, *, #1812, .T. ) ;
#949 = LINE ( 'NONE', #1802, #2309 ) ;
#950 = EDGE_LOOP ( 'NONE', ( #2915, #1346, #2793, #2878 ) ) ;
#951 = FACE_OUTER_BOUND ( 'NONE', #1991, .T. ) ;
#952 = AXIS2_PLACEMENT_3D ( 'NONE', #90, #289, #3235 ) ;
#953 = CIRCLE ( 'NONE', #3313, 0.2499997834645673878 ) ;
#954 = CARTESIAN_POINT ( 'NONE',  ( 1.625000000000001332, 0.8750000000000012212, 8.125000000000000000 ) ) ;
#955 = AXIS2_PLACEMENT_3D ( 'NONE', #687, #3114, #430 ) ;
#956 = CARTESIAN_POINT ( 'NONE',  ( 4.468750000000000000, 1.024442997624098584E-16, -5.875000000000000000 ) ) ;
#957 = ORIENTED_EDGE ( 'NONE', *, *, #47, .T. ) ;
#958 = PERSON_AND_ORGANIZATION ( #898, #2484 ) ;
#959 = CIRCLE ( 'NONE', #1135, 0.2499997834645662775 ) ;
#960 = EDGE_CURVE ( 'NONE', #1952, #1949, #2406, .T. ) ;
#961 = EDGE_CURVE ( 'NONE', #2197, #3420, #2249, .T. ) ;
#962 = DIRECTION ( 'NONE',  ( 0.000000000000000000, 0.000000000000000000, -1.000000000000000000 ) ) ;
#963 = FACE_OUTER_BOUND ( 'NONE', #579, .T. ) ;
#964 = VERTEX_POINT ( 'NONE', #1972 ) ;
#965 = DIRECTION ( 'NONE',  ( -0.000000000000000000, -1.000000000000000000, -0.000000000000000000 ) ) ;
#966 = ORIENTED_EDGE ( 'NONE', *, *, #1146, .T. ) ;
#967 = PLANE ( 'NONE',  #3343 ) ;
#968 = CARTESIAN_POINT ( 'NONE',  ( 4.468750000000000000, 1.024442997624098584E-16, 6.281249648129921148 ) ) ;
#969 = ORIENTED_EDGE ( 'NONE', *, *, #2532, .T. ) ;
#970 = DIRECTION ( 'NONE',  ( -0.000000000000000000, -1.000000000000000000, -0.000000000000000000 ) ) ;
#971 = VERTEX_POINT ( 'NONE', #149 ) ;
#972 = PERSON_AND_ORGANIZATION_ROLE ( 'classification_officer' ) ;
#973 = EDGE_CURVE ( 'NONE', #2695, #2364, #2858, .T. ) ;
#974 = CARTESIAN_POINT ( 'NONE',  ( -4.468750000000000000, 0.4999995669291339428, -6.140599769952756581 ) ) ;
#975 = AXIS2_PLACEMENT_3D ( 'NONE', #476, #1588, #1530 ) ;
#976 = CARTESIAN_POINT ( 'NONE',  ( 0.000000000000000000, 0.8750000000000012212, -8.125000000000000000 ) ) ;
#977 = ORIENTED_EDGE ( 'NONE', *, *, #982, .T. ) ;
#978 = DIRECTION ( 'NONE',  ( -0.000000000000000000, -1.000000000000000000, -0.000000000000000000 ) ) ;
#979 = VERTEX_POINT ( 'NONE', #3308 ) ;
#980 = ADVANCED_FACE ( 'NONE', ( #677 ), #3045, .F. ) ;
#981 = FACE_OUTER_BOUND ( 'NONE', #2988, .T. ) ;
#982 = EDGE_CURVE ( 'NONE', #2956, #754, #1199, .T. ) ;
#983 = ORIENTED_EDGE ( 'NONE', *, *, #274, .T. ) ;
#984 = CC_DESIGN_PERSON_AND_ORGANIZATION_ASSIGNMENT ( #2040, #972, ( #291 ) ) ;
#985 = CIRCLE ( 'NONE', #378, 0.4950000000000000511 ) ;
#986 = CARTESIAN_POINT ( 'NONE',  ( 6.062001655779398511E-17, 0.1875000000022379321, 8.619999999999999218 ) ) ;
#987 = EDGE_LOOP ( 'NONE', ( #1716, #2998 ) ) ;
#988 = CARTESIAN_POINT ( 'NONE',  ( -4.468750000000000000, 0.000000000000000000, -5.875000000000000000 ) ) ;
#989 = ORIENTED_EDGE ( 'NONE', *, *, #3266, .T. ) ;
#990 = PERSON_AND_ORGANIZATION ( #898, #2484 ) ;
#991 = VECTOR ( 'NONE', #2028, 39.37007874015748143 ) ;
#992 = PLANE ( 'NONE',  #955 ) ;
#993 = CIRCLE ( 'NONE', #1711, 0.2499997834645673878 ) ;
#994 = DIRECTION ( 'NONE',  ( 0.000000000000000000, 0.000000000000000000, -1.000000000000000000 ) ) ;
#995 = EDGE_LOOP ( 'NONE', ( #2634, #3080, #3390 ) ) ;
#996 = EDGE_CURVE ( 'NONE', #2315, #144, #2134, .T. ) ;
#997 = DIRECTION ( 'NONE',  ( -0.000000000000000000, 1.000000000000000000, -0.000000000000000000 ) ) ;
#998 = AXIS2_PLACEMENT_3D ( 'NONE', #2038, #1244, #1730 ) ;
#999 = ORIENTED_EDGE ( 'NONE', *, *, #3171, .T. ) ;
#1000 = CIRCLE ( 'NONE', #2952, 0.2655997699527561928 ) ;
#1001 = CYLINDRICAL_SURFACE ( 'NONE', #1684, 0.3750000000000002220 ) ;
#1002 = ORIENTED_EDGE ( 'NONE', *, *, #361, .T. ) ;
#1003 = EDGE_CURVE ( 'NONE', #2833, #3184, #2575, .T. ) ;
#1004 = DIRECTION ( 'NONE',  ( -0.000000000000000000, -1.000000000000000000, -0.000000000000000000 ) ) ;
#1005 = CARTESIAN_POINT ( 'NONE',  ( 1.625000000000001332, 0.8750000000000012212, 8.500000000000000000 ) ) ;
#1006 = EDGE_LOOP ( 'NONE', ( #2362, #148 ) ) ;
#1007 = CARTESIAN_POINT ( 'NONE',  ( -4.468750000000000000, 0.000000000000000000, 5.875000000000000000 ) ) ;
#1008 = ORIENTED_EDGE ( 'NONE', *, *, #2679, .F. ) ;
#1009 = LINE ( 'NONE', #520, #1773 ) ;
#1010 = AXIS2_PLACEMENT_3D ( 'NONE', #372, #1431, #2494 ) ;
#1011 = CIRCLE ( 'NONE', #1672, 0.4950000000000000511 ) ;
#1012 = DIRECTION ( 'NONE',  ( 0.000000000000000000, 0.000000000000000000, -1.000000000000000000 ) ) ;
#1013 = AXIS2_PLACEMENT_3D ( 'NONE', #383, #2429, #2505 ) ;
#1014 = CARTESIAN_POINT ( 'NONE',  ( -4.468750000000000000, 0.000000000000000000, -0.7344002300472440847 ) ) ;
#1015 = ORIENTED_EDGE ( 'NONE', *, *, #3042, .T. ) ;
#1016 = FACE_OUTER_BOUND ( 'NONE', #392, .T. ) ;
#1017 = ORIENTED_EDGE ( 'NONE', *, *, #165, .F. ) ;
#1018 = FACE_OUTER_BOUND ( 'NONE', #2000, .T. ) ;
#1019 = ORIENTED_EDGE ( 'NONE', *, *, #2001, .T. ) ;
#1020 = EDGE_CURVE ( 'NONE', #587, #1898, #1964, .T. ) ;
#1021 = DIRECTION ( 'NONE',  ( -0.000000000000000000, 1.000000000000000000, -0.000000000000000000 ) ) ;
#1022 = CARTESIAN_POINT ( 'NONE',  ( 4.468749999999999112, 0.8750000000000001110, 7.125000000000000000 ) ) ;
#1023 = EDGE_CURVE ( 'NONE', #1432, #561, #1239, .T. ) ;
#1024 = LINE ( 'NONE', #1315, #2104 ) ;
#1025 = EDGE_LOOP ( 'NONE', ( #725, #56, #2726, #1196 ) ) ;
#1026 = DIRECTION ( 'NONE',  ( -0.7071067811865460184, -0.7071067811865490160, -9.185433182841195817E-17 ) ) ;
#1027 = CARTESIAN_POINT ( 'NONE',  ( -4.468750000000000000, 0.4999995669291339428, 6.140599769952756581 ) ) ;
#1028 = PLANE ( 'NONE',  #669 ) ;
#1029 = CARTESIAN_POINT ( 'NONE',  ( 4.734349769952756581, 0.4999995669291339428, 8.375000000000000000 ) ) ;
#1030 = ORIENTED_EDGE ( 'NONE', *, *, #440, .F. ) ;
#1031 = DIRECTION ( 'NONE',  ( -0.000000000000000000, -1.000000000000000000, -0.000000000000000000 ) ) ;
#1032 = VERTEX_POINT ( 'NONE', #2288 ) ;
#1033 = DIRECTION ( 'NONE',  ( -0.7071067811865598962, 0.000000000000000000, 0.7071067811865351382 ) ) ;
#1034 = VERTEX_POINT ( 'NONE', #3419 ) ;
#1035 = ORIENTED_EDGE ( 'NONE', *, *, #146, .T. ) ;
#1036 = EDGE_CURVE ( 'NONE', #2105, #2831, #306, .T. ) ;
#1037 = VECTOR ( 'NONE', #551, 39.37007874015748143 ) ;
#1038 = CARTESIAN_POINT ( 'NONE',  ( 4.592425496802568672E-17, 0.1875000000022379043, -7.750000000000000000 ) ) ;
#1039 = CARTESIAN_POINT ( 'NONE',  ( -4.468750000000000000, 1.024442997624098584E-16, 6.281249648129921148 ) ) ;
#1040 = ADVANCED_FACE ( 'NONE', ( #248 ), #1766, .F. ) ;
#1041 = CARTESIAN_POINT ( 'NONE',  ( -4.468750000000000000, 0.8750000000000009992, 8.109400230047244307 ) ) ;
#1042 = ORIENTED_EDGE ( 'NONE', *, *, #1232, .T. ) ;
#1043 = PLANE ( 'NONE',  #1185 ) ;
#1044 = ADVANCED_FACE ( 'NONE', ( #1018 ), #178, .F. ) ;
#1045 = CARTESIAN_POINT ( 'NONE',  ( -5.437499999999999112, 0.8437500000000006661, -8.968750000000000000 ) ) ;
#1046 = DIRECTION ( 'NONE',  ( 0.000000000000000000, 0.7071067811865366926, 0.7071067811865583419 ) ) ;
#1047 = DIRECTION ( 'NONE',  ( 0.5773502691896148509, -0.5773502691896122974, -0.5773502691896501560 ) ) ;
#1048 = VERTEX_POINT ( 'NONE', #1564 ) ;
#1049 = CARTESIAN_POINT ( 'NONE',  ( -5.437500000000000000, 0.000000000000000000, -8.968750000000000000 ) ) ;
#1050 = ORIENTED_EDGE ( 'NONE', *, *, #2469, .F. ) ;
#1051 = DIRECTION ( 'NONE',  ( -0.000000000000000000, -1.000000000000000000, -0.000000000000000000 ) ) ;
#1052 = ORIENTED_EDGE ( 'NONE', *, *, #2864, .F. ) ;
#1053 = ORIENTED_EDGE ( 'NONE', *, *, #1520, .F. ) ;
#1054 = CARTESIAN_POINT ( 'NONE',  ( 1.624999999999999112, 0.1875000000022379321, -8.125000000000001776 ) ) ;
#1055 = VECTOR ( 'NONE', #1859, 39.37007874015748143 ) ;
#1056 = AXIS2_PLACEMENT_3D ( 'NONE', #905, #1386, #1154 ) ;
#1057 = CARTESIAN_POINT ( 'NONE',  ( 4.468750000000000000, 0.8750000000000001110, 8.375000000000000000 ) ) ;
#1058 = DIRECTION ( 'NONE',  ( 0.000000000000000000, 0.000000000000000000, -1.000000000000000000 ) ) ;
#1059 = DIRECTION ( 'NONE',  ( 0.7071067811865490160, -0.7071067811865460184, 1.196099074440404773E-16 ) ) ;
#1060 = ORIENTED_EDGE ( 'NONE', *, *, #1589, .T. ) ;
#1061 = DIRECTION ( 'NONE',  ( 0.000000000000000000, -1.000000000000000000, 0.000000000000000000 ) ) ;
#1062 = CARTESIAN_POINT ( 'NONE',  ( -1.625000000000001332, 0.1875000000000000278, -8.125000000000001776 ) ) ;
#1063 = AXIS2_PLACEMENT_3D ( 'NONE', #2798, #1754, #3064 ) ;
#1064 = ADVANCED_FACE ( 'Face2', ( #1841 ), #1001, .F. ) ;
#1065 = CARTESIAN_POINT ( 'NONE',  ( -1.624999999999998890, 0.1875000000022379043, 8.500000000000000000 ) ) ;
#1066 = ORIENTED_EDGE ( 'NONE', *, *, #932, .T. ) ;
#1067 = CIRCLE ( 'NONE', #2962, 0.4950000000000000511 ) ;
#1068 = AXIS2_PLACEMENT_3D ( 'NONE', #2907, #1061, #2869 ) ;
#1069 = DIRECTION ( 'NONE',  ( -0.000000000000000000, -1.000000000000000000, -0.000000000000000000 ) ) ;
#1070 = ORIENTED_EDGE ( 'NONE', *, *, #401, .F. ) ;
#1071 = AXIS2_PLACEMENT_3D ( 'NONE', #2468, #609, #78 ) ;
#1072 = CYLINDRICAL_SURFACE ( 'NONE', #3293, 0.3750000000000002220 ) ;
#1073 = ORIENTED_EDGE ( 'NONE', *, *, #3054, .F. ) ;
#1074 = ORIENTED_EDGE ( 'NONE', *, *, #1088, .T. ) ;
#1075 = CYLINDRICAL_SURFACE ( 'NONE', #739, 0.4950000000000000511 ) ;
#1076 = APPROVAL_PERSON_ORGANIZATION ( #3055, #3314, #1992 ) ;
#1077 = CIRCLE ( 'NONE', #1835, 0.4950000000000000511 ) ;
#1078 = CARTESIAN_POINT ( 'NONE',  ( 4.468750000000000888, 0.8750000000000001110, -8.375000000000000000 ) ) ;
#1079 = CARTESIAN_POINT ( 'NONE',  ( 4.468750000000000000, 0.4999995669291338873, 8.375000000000000000 ) ) ;
#1080 = AXIS2_PLACEMENT_3D ( 'NONE', #2422, #847, #3176 ) ;
#1081 = DIRECTION ( 'NONE',  ( 0.000000000000000000, -0.000000000000000000, 1.000000000000000000 ) ) ;
#1082 = ORIENTED_EDGE ( 'NONE', *, *, #2811, .T. ) ;
#1083 = CARTESIAN_POINT ( 'NONE',  ( 5.406249999999998224, 0.000000000000000000, 8.968750000000000000 ) ) ;
#1084 = DIRECTION ( 'NONE',  ( 0.000000000000000000, 0.000000000000000000, -1.000000000000000000 ) ) ;
#1085 = AXIS2_PLACEMENT_3D ( 'NONE', #455, #1051, #2635 ) ;
#1086 = CARTESIAN_POINT ( 'NONE',  ( 5.406249999999998224, 0.000000000000000000, -8.968750000000000000 ) ) ;
#1087 = CARTESIAN_POINT ( 'NONE',  ( -1.625000000000001332, 0.1875000000000000278, -8.125000000000001776 ) ) ;
#1088 = EDGE_CURVE ( 'NONE', #2649, #758, #2242, .T. ) ;
#1089 = ORIENTED_EDGE ( 'NONE', *, *, #2785, .T. ) ;
#1090 = EDGE_CURVE ( 'NONE', #1092, #3144, #2106, .T. ) ;
#1091 = DIRECTION ( 'NONE',  ( -0.000000000000000000, -1.000000000000000000, -0.000000000000000000 ) ) ;
#1092 = VERTEX_POINT ( 'NONE', #1255 ) ;
#1093 = ORIENTED_EDGE ( 'NONE', *, *, #2423, .F. ) ;
#1094 = DIRECTION ( 'NONE',  ( 0.000000000000000000, 0.000000000000000000, -1.000000000000000000 ) ) ;
#1095 = ADVANCED_FACE ( 'NONE', ( #2843, #2895 ), #716, .T. ) ;
#1096 = EDGE_CURVE ( 'NONE', #404, #2365, #2546, .T. ) ;
#1097 = CARTESIAN_POINT ( 'NONE',  ( -4.468750000000000000, 0.4999995669291339428, -5.609400230047243419 ) ) ;
#1098 = CIRCLE ( 'NONE', #3368, 0.4062496481299211482 ) ;
#1099 = AXIS2_PLACEMENT_3D ( 'NONE', #315, #912, #614 ) ;
#1100 = DIRECTION ( 'NONE',  ( 0.000000000000000000, -1.000000000000000000, 0.000000000000000000 ) ) ;
#1101 = EDGE_LOOP ( 'NONE', ( #1885, #1765, #1216, #1518 ) ) ;
#1102 = LINE ( 'NONE', #2752, #3123 ) ;
#1103 = LINE ( 'NONE', #2122, #570 ) ;
#1104 = EDGE_LOOP ( 'NONE', ( #374, #321 ) ) ;
#1105 = DIRECTION ( 'NONE',  ( -0.000000000000000000, -1.000000000000000000, -0.000000000000000000 ) ) ;
#1106 = CARTESIAN_POINT ( 'NONE',  ( 5.406249999999998224, 0.8750000000000000000, 8.968750000000000000 ) ) ;
#1107 = EDGE_LOOP ( 'NONE', ( #612, #1361 ) ) ;
#1108 = CARTESIAN_POINT ( 'NONE',  ( 5.406249999999998224, 0.000000000000000000, -8.968750000000000000 ) ) ;
#1109 = ADVANCED_FACE ( 'NONE', ( #981 ), #2032, .T. ) ;
#1110 = ORIENTED_EDGE ( 'NONE', *, *, #77, .F. ) ;
#1111 = EDGE_LOOP ( 'NONE', ( #2705, #1035, #247, #1907 ) ) ;
#1112 = FACE_OUTER_BOUND ( 'NONE', #3127, .T. ) ;
#1113 = CIRCLE ( 'NONE', #1264, 0.3750000000000002220 ) ;
#1114 = LINE ( 'NONE', #1918, #1277 ) ;
#1115 = CIRCLE ( 'NONE', #58, 0.4062496481299211482 ) ;
#1116 = EDGE_CURVE ( 'NONE', #1687, #153, #2264, .T. ) ;
#1117 = AXIS2_PLACEMENT_3D ( 'NONE', #2093, #3160, #122 ) ;
#1118 = DIRECTION ( 'NONE',  ( 0.000000000000000000, -1.000000000000000000, 0.000000000000000000 ) ) ;
#1119 = VERTEX_POINT ( 'NONE', #1804 ) ;
#1120 = CARTESIAN_POINT ( 'NONE',  ( 4.468750000000000888, 0.000000000000000000, -7.125000000000000000 ) ) ;
#1121 = CARTESIAN_POINT ( 'NONE',  ( -5.406249999999998224, 0.8750000000000012212, 9.000000000000000000 ) ) ;
#1122 = ORIENTED_EDGE ( 'NONE', *, *, #2304, .T. ) ;
#1123 =( CONVERSION_BASED_UNIT ( 'INCH', #580 ) LENGTH_UNIT ( ) NAMED_UNIT ( #2386 ) );
#1124 = AXIS2_PLACEMENT_3D ( 'NONE', #3256, #1936, #53 ) ;
#1125 = CARTESIAN_POINT ( 'NONE',  ( 4.734349769952756581, 0.4999995669268960108, 1.000000000000000222 ) ) ;
#1126 = VERTEX_POINT ( 'NONE', #1547 ) ;
#1127 = DIRECTION ( 'NONE',  ( 0.000000000000000000, 0.000000000000000000, -1.000000000000000000 ) ) ;
#1128 = EDGE_LOOP ( 'NONE', ( #2240, #1897 ) ) ;
#1129 = CYLINDRICAL_SURFACE ( 'NONE', #1190, 0.2655997699527561928 ) ;
#1130 = CARTESIAN_POINT ( 'NONE',  ( -1.625000000000001332, 0.1875000000000000278, -8.125000000000001776 ) ) ;
#1131 = AXIS2_PLACEMENT_3D ( 'NONE', #115, #1996, #672 ) ;
#1132 = VERTEX_POINT ( 'NONE', #320 ) ;
#1133 = CARTESIAN_POINT ( 'NONE',  ( -4.468750000000000000, 1.024442997624098584E-16, 5.468750351870078852 ) ) ;
#1134 = EDGE_CURVE ( 'NONE', #2364, #2695, #2721, .T. ) ;
#1135 = AXIS2_PLACEMENT_3D ( 'NONE', #1977, #3315, #1922 ) ;
#1136 = CYLINDRICAL_SURFACE ( 'NONE', #2964, 0.2499997834645662775 ) ;
#1137 = DIRECTION ( 'NONE',  ( -1.130419859447281561E-16, -1.000000000000000000, 0.000000000000000000 ) ) ;
#1138 = EDGE_CURVE ( 'NONE', #518, #3026, #1929, .T. ) ;
#1139 = DIRECTION ( 'NONE',  ( -1.248844797103661608E-15, -1.000000000000000000, 0.000000000000000000 ) ) ;
#1140 = ORIENTED_EDGE ( 'NONE', *, *, #960, .T. ) ;
#1141 = CARTESIAN_POINT ( 'NONE',  ( 1.625000000000001332, 2.237929876409764429E-12, 8.125000000000000000 ) ) ;
#1142 = CARTESIAN_POINT ( 'NONE',  ( -4.468750000000000000, 0.8750000000000009992, 5.609400230047243419 ) ) ;
#1143 = ORIENTED_EDGE ( 'NONE', *, *, #2469, .T. ) ;
#1144 = FACE_BOUND ( 'NONE', #817, .T. ) ;
#1145 = CARTESIAN_POINT ( 'NONE',  ( 5.406249999999998224, 0.000000000000000000, -8.968750000000000000 ) ) ;
#1146 = EDGE_CURVE ( 'NONE', #2825, #473, #1659, .T. ) ;
#1147 = ORIENTED_EDGE ( 'NONE', *, *, #996, .F. ) ;
#1148 = ORIENTED_EDGE ( 'NONE', *, *, #2683, .T. ) ;
#1149 = FACE_OUTER_BOUND ( 'NONE', #1435, .T. ) ;
#1150 = EDGE_LOOP ( 'NONE', ( #2596, #262 ) ) ;
#1151 = LINE ( 'NONE', #325, #3068 ) ;
#1152 = ADVANCED_FACE ( 'NONE', ( #1600 ), #3192, .F. ) ;
#1153 = AXIS2_PLACEMENT_3D ( 'NONE', #244, #1105, #784 ) ;
#1154 = DIRECTION ( 'NONE',  ( 0.000000000000000000, 0.000000000000000000, -1.000000000000000000 ) ) ;
#1155 = EDGE_CURVE ( 'NONE', #192, #1237, #492, .T. ) ;
#1156 = CARTESIAN_POINT ( 'NONE',  ( -4.468750000000000000, 0.000000000000000000, 6.140599769952756581 ) ) ;
#1157 = AXIS2_PLACEMENT_3D ( 'NONE', #2700, #3297, #127 ) ;
#1158 = CARTESIAN_POINT ( 'NONE',  ( 4.468750000000000888, 0.4999995669291339428, -8.109400230047244307 ) ) ;
#1159 = ORIENTED_EDGE ( 'NONE', *, *, #3066, .T. ) ;
#1160 = DIRECTION ( 'NONE',  ( 0.000000000000000000, -1.000000000000000000, 0.000000000000000000 ) ) ;
#1161 = DIRECTION ( 'NONE',  ( 0.000000000000000000, -1.000000000000000000, 0.000000000000000000 ) ) ;
#1162 = CARTESIAN_POINT ( 'NONE',  ( 1.625000000000001332, 0.8750000000000012212, 7.749999999999999112 ) ) ;
#1163 = VERTEX_POINT ( 'NONE', #1398 ) ;
#1164 = ORIENTED_EDGE ( 'NONE', *, *, #2304, .F. ) ;
#1165 = CARTESIAN_POINT ( 'NONE',  ( 1.625000000000001332, 0.1875000000022379321, 8.619999999999999218 ) ) ;
#1166 = ORIENTED_EDGE ( 'NONE', *, *, #2944, .T. ) ;
#1167 = DIRECTION ( 'NONE',  ( 0.000000000000000000, -1.000000000000000000, 0.000000000000000000 ) ) ;
#1168 = DIRECTION ( 'NONE',  ( 1.130419859447281561E-16, 1.000000000000000000, -0.000000000000000000 ) ) ;
#1169 = FACE_BOUND ( 'NONE', #2883, .T. ) ;
#1170 = AXIS2_PLACEMENT_3D ( 'NONE', #3254, #133, #102 ) ;
#1171 = LINE ( 'NONE', #611, #3079 ) ;
#1172 = EDGE_LOOP ( 'NONE', ( #2326, #878, #3287, #1810 ) ) ;
#1173 = DIRECTION ( 'NONE',  ( -0.7071067811865474617, -6.125725020811925183E-15, -0.7071067811865474617 ) ) ;
#1174 = FACE_BOUND ( 'NONE', #1962, .T. ) ;
#1175 = DIRECTION ( 'NONE',  ( -0.000000000000000000, -1.000000000000000000, -0.000000000000000000 ) ) ;
#1176 = ORIENTED_EDGE ( 'NONE', *, *, #3353, .T. ) ;
#1177 = ORIENTED_EDGE ( 'NONE', *, *, #270, .F. ) ;
#1178 = EDGE_CURVE ( 'NONE', #1690, #1898, #2652, .T. ) ;
#1179 = CYLINDRICAL_SURFACE ( 'NONE', #390, 0.3750000000000002220 ) ;
#1180 = EDGE_LOOP ( 'NONE', ( #3156, #2207, #2175 ) ) ;
#1181 = CARTESIAN_POINT ( 'NONE',  ( 5.406249999999997335, 0.8437499999999996669, -9.000000000000000000 ) ) ;
#1182 = VECTOR ( 'NONE', #929, 39.37007874015748143 ) ;
#1183 = AXIS2_PLACEMENT_3D ( 'NONE', #2835, #1489, #729 ) ;
#1184 = DIRECTION ( 'NONE',  ( 0.000000000000000000, 0.000000000000000000, -1.000000000000000000 ) ) ;
#1185 = AXIS2_PLACEMENT_3D ( 'NONE', #1594, #220, #2137 ) ;
#1186 = DIRECTION ( 'NONE',  ( -0.000000000000000000, -1.000000000000000000, -0.000000000000000000 ) ) ;
#1187 = DIRECTION ( 'NONE',  ( -0.000000000000000000, -1.000000000000000000, -0.000000000000000000 ) ) ;
#1188 = VERTEX_POINT ( 'NONE', #545 ) ;
#1189 = EDGE_CURVE ( 'NONE', #2573, #240, #822, .T. ) ;
#1190 = AXIS2_PLACEMENT_3D ( 'NONE', #2181, #2131, #2899 ) ;
#1191 = DIRECTION ( 'NONE',  ( 0.000000000000000000, -0.000000000000000000, -1.000000000000000000 ) ) ;
#1192 = CARTESIAN_POINT ( 'NONE',  ( -4.468750000000000000, 0.000000000000000000, -5.875000000000000000 ) ) ;
#1193 = ORIENTED_EDGE ( 'NONE', *, *, #73, .T. ) ;
#1194 = EDGE_CURVE ( 'NONE', #1780, #2540, #2688, .T. ) ;
#1195 = DIRECTION ( 'NONE',  ( 0.000000000000000000, 0.000000000000000000, -1.000000000000000000 ) ) ;
#1196 = ORIENTED_EDGE ( 'NONE', *, *, #256, .T. ) ;
#1197 = ADVANCED_FACE ( 'Face9', ( #283, #1636 ), #2720, .T. ) ;
#1198 = CARTESIAN_POINT ( 'NONE',  ( 4.468749999999999112, 0.000000000000000000, 7.125000000000000000 ) ) ;
#1199 = CIRCLE ( 'NONE', #921, 0.4062496481299211482 ) ;
#1200 = EDGE_CURVE ( 'NONE', #875, #1687, #2128, .T. ) ;
#1201 = DIRECTION ( 'NONE',  ( -0.000000000000000000, -1.000000000000000000, -0.000000000000000000 ) ) ;
#1202 = DIRECTION ( 'NONE',  ( 1.000000000000000000, 0.000000000000000000, 0.000000000000000000 ) ) ;
#1203 = EDGE_LOOP ( 'NONE', ( #161, #1254, #1622, #1637 ) ) ;
#1204 = DATE_AND_TIME ( #726, #2647 ) ;
#1205 = VECTOR ( 'NONE', #1847, 39.37007874015748143 ) ;
#1206 = PLANE ( 'NONE',  #2734 ) ;
#1207 = DIRECTION ( 'NONE',  ( -0.000000000000000000, -1.000000000000000000, -0.000000000000000000 ) ) ;
#1208 = VERTEX_POINT ( 'NONE', #1145 ) ;
#1209 = CARTESIAN_POINT ( 'NONE',  ( 4.468750000000000888, 0.8750000000000001110, -7.125000000000000000 ) ) ;
#1210 = ORIENTED_EDGE ( 'NONE', *, *, #2996, .T. ) ;
#1211 = DIRECTION ( 'NONE',  ( 0.000000000000000000, 0.000000000000000000, -1.000000000000000000 ) ) ;
#1212 = EDGE_CURVE ( 'NONE', #3188, #1849, #944, .T. ) ;
#1213 = CARTESIAN_POINT ( 'NONE',  ( 4.468749999999999112, 0.8750000000000001110, 6.875000216535434028 ) ) ;
#1214 = EDGE_CURVE ( 'NONE', #3188, #2833, #3005, .T. ) ;
#1215 = CARTESIAN_POINT ( 'NONE',  ( -4.468750000000000888, 0.4999995669291338873, -7.968750351870078852 ) ) ;
#1216 = ORIENTED_EDGE ( 'NONE', *, *, #2147, .T. ) ;
#1217 = AXIS2_PLACEMENT_3D ( 'NONE', #2931, #266, #1127 ) ;
#1218 = DIRECTION ( 'NONE',  ( -0.000000000000000000, -1.000000000000000000, -0.000000000000000000 ) ) ;
#1219 = CARTESIAN_POINT ( 'NONE',  ( 1.624999999999999112, 0.1875000000022379043, -7.750000000000000888 ) ) ;
#1220 = ORIENTED_EDGE ( 'NONE', *, *, #1341, .F. ) ;
#1221 = LINE ( 'NONE', #2591, #939 ) ;
#1222 = ORIENTED_EDGE ( 'NONE', *, *, #1678, .T. ) ;
#1223 = FACE_OUTER_BOUND ( 'NONE', #196, .T. ) ;
#1224 = CIRCLE ( 'NONE', #1828, 0.4062496481299211482 ) ;
#1225 = DIRECTION ( 'NONE',  ( 0.000000000000000000, 0.000000000000000000, -1.000000000000000000 ) ) ;
#1226 = AXIS2_PLACEMENT_3D ( 'NONE', #2195, #3269, #879 ) ;
#1227 = VECTOR ( 'NONE', #2035, 39.37007874015748143 ) ;
#1228 = DIRECTION ( 'NONE',  ( -0.000000000000000000, -1.000000000000000000, -0.000000000000000000 ) ) ;
#1229 = ORIENTED_EDGE ( 'NONE', *, *, #1036, .T. ) ;
#1230 = DATE_AND_TIME ( #3099, #702 ) ;
#1231 = AXIS2_PLACEMENT_3D ( 'NONE', #2008, #724, #2800 ) ;
#1232 = EDGE_CURVE ( 'NONE', #490, #3110, #3230, .T. ) ;
#1233 = CARTESIAN_POINT ( 'NONE',  ( 4.468750000000000888, 0.8750000000000001110, -7.374999783464565972 ) ) ;
#1234 = DIRECTION ( 'NONE',  ( 0.000000000000000000, 0.000000000000000000, -1.000000000000000000 ) ) ;
#1235 = ORIENTED_EDGE ( 'NONE', *, *, #2683, .F. ) ;
#1236 = PLANE ( 'NONE',  #2598 ) ;
#1237 = VERTEX_POINT ( 'NONE', #302 ) ;
#1238 = EDGE_CURVE ( 'NONE', #1650, #3286, #1726, .T. ) ;
#1239 = LINE ( 'NONE', #3121, #2693 ) ;
#1240 = EDGE_LOOP ( 'NONE', ( #2377, #1840 ) ) ;
#1241 = ADVANCED_FACE ( 'Face4', ( #13 ), #1072, .F. ) ;
#1242 = DIRECTION ( 'NONE',  ( -0.000000000000000000, -1.000000000000000000, -0.000000000000000000 ) ) ;
#1243 = VERTEX_POINT ( 'NONE', #1360 ) ;
#1244 = DIRECTION ( 'NONE',  ( -0.000000000000000000, -1.000000000000000000, -0.000000000000000000 ) ) ;
#1245 = EDGE_CURVE ( 'NONE', #1119, #1208, #48, .T. ) ;
#1246 = ORIENTED_EDGE ( 'NONE', *, *, #1297, .F. ) ;
#1247 = PERSON_AND_ORGANIZATION_ROLE ( 'design_owner' ) ;
#1248 = CARTESIAN_POINT ( 'NONE',  ( -5.421874999999999112, 0.01562500000000024286, -8.968750000000000000 ) ) ;
#1249 = VECTOR ( 'NONE', #216, 39.37007874015748143 ) ;
#1250 = CARTESIAN_POINT ( 'NONE',  ( -5.437499999999999112, 0.03125000000000024980, 9.000000000000000000 ) ) ;
#1251 = VERTEX_POINT ( 'NONE', #2971 ) ;
#1252 = LINE ( 'NONE', #1049, #2431 ) ;
#1253 = VECTOR ( 'NONE', #634, 39.37007874015748143 ) ;
#1254 = ORIENTED_EDGE ( 'NONE', *, *, #2321, .T. ) ;
#1255 = CARTESIAN_POINT ( 'NONE',  ( -5.437500000000000000, 0.03125000000000054817, -8.968750000000000000 ) ) ;
#1256 = ORIENTED_EDGE ( 'NONE', *, *, #1178, .F. ) ;
#1257 = DIRECTION ( 'NONE',  ( 0.000000000000000000, 0.000000000000000000, -1.000000000000000000 ) ) ;
#1258 = CIRCLE ( 'NONE', #2767, 0.4950000000000000511 ) ;
#1259 = DIRECTION ( 'NONE',  ( -0.000000000000000000, -1.000000000000000000, -0.000000000000000000 ) ) ;
#1260 = EDGE_LOOP ( 'NONE', ( #1478, #1750 ) ) ;
#1261 = CARTESIAN_POINT ( 'NONE',  ( -4.468750000000000000, 0.8750000000000009992, -0.7344002300472440847 ) ) ;
#1262 = ORIENTED_EDGE ( 'NONE', *, *, #3051, .T. ) ;
#1263 = DIRECTION ( 'NONE',  ( -0.000000000000000000, -1.000000000000000000, -0.000000000000000000 ) ) ;
#1264 = AXIS2_PLACEMENT_3D ( 'NONE', #701, #997, #2045 ) ;
#1265 = LINE ( 'NONE', #1248, #1457 ) ;
#1266 = AXIS2_PLACEMENT_3D ( 'NONE', #1762, #172, #1234 ) ;
#1267 = FACE_OUTER_BOUND ( 'NONE', #1805, .T. ) ;
#1268 = EDGE_LOOP ( 'NONE', ( #565, #966, #277, #1074 ) ) ;
#1269 = CARTESIAN_POINT ( 'NONE',  ( -4.468750000000000000, 0.000000000000000000, -1.265599769952755915 ) ) ;
#1270 = VECTOR ( 'NONE', #1059, 39.37007874015748143 ) ;
#1271 = ORIENTED_EDGE ( 'NONE', *, *, #1569, .F. ) ;
#1272 = CIRCLE ( 'NONE', #276, 0.3750000000000002220 ) ;
#1273 = DIRECTION ( 'NONE',  ( -0.5773502691896282846, 0.5773502691896055250, -0.5773502691896434946 ) ) ;
#1274 = VERTEX_POINT ( 'NONE', #585 ) ;
#1275 = EDGE_CURVE ( 'NONE', #3359, #979, #3238, .T. ) ;
#1276 = CARTESIAN_POINT ( 'NONE',  ( -4.468750000000000000, 0.000000000000000000, -5.875000000000000000 ) ) ;
#1277 = VECTOR ( 'NONE', #1420, 39.37007874015748143 ) ;
#1278 = CARTESIAN_POINT ( 'NONE',  ( 4.468749999999999112, 3.414809992080329023E-17, 7.125000000000000000 ) ) ;
#1279 = ORIENTED_EDGE ( 'NONE', *, *, #2941, .T. ) ;
#1280 = DIRECTION ( 'NONE',  ( 1.000000000000000000, 0.000000000000000000, 0.000000000000000000 ) ) ;
#1281 = ORIENTED_EDGE ( 'NONE', *, *, #73, .F. ) ;
#1282 = LINE ( 'NONE', #3412, #789 ) ;
#1283 = AXIS2_PLACEMENT_3D ( 'NONE', #2082, #2299, #1302 ) ;
#1284 = VECTOR ( 'NONE', #815, 39.37007874015748143 ) ;
#1285 = DIRECTION ( 'NONE',  ( -0.000000000000000000, -1.000000000000000000, -0.000000000000000000 ) ) ;
#1286 = EDGE_CURVE ( 'NONE', #1978, #89, #3331, .T. ) ;
#1287 = FACE_OUTER_BOUND ( 'NONE', #2989, .T. ) ;
#1288 = DIRECTION ( 'NONE',  ( -0.000000000000000000, -1.000000000000000000, -0.000000000000000000 ) ) ;
#1289 = ORIENTED_EDGE ( 'NONE', *, *, #3266, .F. ) ;
#1290 = DIRECTION ( 'NONE',  ( 0.000000000000000000, 0.000000000000000000, -1.000000000000000000 ) ) ;
#1291 = EDGE_LOOP ( 'NONE', ( #1948, #673, #2970, #1583 ) ) ;
#1292 = DIRECTION ( 'NONE',  ( 0.000000000000000000, 0.000000000000000000, -1.000000000000000000 ) ) ;
#1293 = EDGE_CURVE ( 'NONE', #964, #979, #1670, .T. ) ;
#1294 = ORIENTED_EDGE ( 'NONE', *, *, #1480, .F. ) ;
#1295 = CARTESIAN_POINT ( 'NONE',  ( 1.624999999999999112, 2.237929876409764429E-12, -8.620000000000000995 ) ) ;
#1296 = CARTESIAN_POINT ( 'NONE',  ( 4.468750000000000888, 0.8750000000000001110, -6.875000216535434028 ) ) ;
#1297 = EDGE_CURVE ( 'NONE', #971, #2248, #1770, .T. ) ;
#1298 = DIRECTION ( 'NONE',  ( -0.000000000000000000, 1.000000000000000000, -0.000000000000000000 ) ) ;
#1299 = ORIENTED_EDGE ( 'NONE', *, *, #1791, .T. ) ;
#1300 = CARTESIAN_POINT ( 'NONE',  ( 4.468749999999999112, 3.414809992080329023E-17, 7.125000000000000000 ) ) ;
#1301 = CARTESIAN_POINT ( 'NONE',  ( -4.468750000000000000, 0.8750000000000009992, 8.375000000000000000 ) ) ;
#1302 = DIRECTION ( 'NONE',  ( 0.000000000000000000, 0.000000000000000000, -1.000000000000000000 ) ) ;
#1303 = CARTESIAN_POINT ( 'NONE',  ( -4.468750000000000000, 0.4999995669291338873, 8.375000000000000000 ) ) ;
#1304 = ORIENTED_EDGE ( 'NONE', *, *, #2570, .T. ) ;
#1305 = CARTESIAN_POINT ( 'NONE',  ( 4.734349769952756581, 0.4999995669291339428, -8.375000000000000000 ) ) ;
#1306 = ORIENTED_EDGE ( 'NONE', *, *, #2300, .F. ) ;
#1307 = AXIS2_PLACEMENT_3D ( 'NONE', #195, #1259, #1058 ) ;
#1308 = DIRECTION ( 'NONE',  ( -0.000000000000000000, -1.000000000000000000, -0.000000000000000000 ) ) ;
#1309 = ORIENTED_EDGE ( 'NONE', *, *, #2029, .T. ) ;
#1310 = EDGE_LOOP ( 'NONE', ( #766, #2916, #433, #2444 ) ) ;
#1311 = DIRECTION ( 'NONE',  ( -0.000000000000000000, -1.000000000000000000, -0.000000000000000000 ) ) ;
#1312 = DIRECTION ( 'NONE',  ( 1.130419859447281561E-16, 1.000000000000000000, -0.000000000000000000 ) ) ;
#1313 = DIRECTION ( 'NONE',  ( -0.000000000000000000, -1.000000000000000000, -0.000000000000000000 ) ) ;
#1314 = EDGE_CURVE ( 'NONE', #1869, #1188, #287, .T. ) ;
#1315 = CARTESIAN_POINT ( 'NONE',  ( -4.468750000000000888, 0.000000000000000000, -8.781249648129922036 ) ) ;
#1316 = VERTEX_POINT ( 'NONE', #1966 ) ;
#1317 = ADVANCED_FACE ( 'NONE', ( #1415 ), #3318, .F. ) ;
#1318 = DIRECTION ( 'NONE',  ( -0.000000000000000000, -1.000000000000000000, -0.000000000000000000 ) ) ;
#1319 = DIRECTION ( 'NONE',  ( 0.000000000000000000, -1.000000000000000000, 0.000000000000000000 ) ) ;
#1320 = LINE ( 'NONE', #1357, #1858 ) ;
#1321 = ORIENTED_EDGE ( 'NONE', *, *, #1275, .F. ) ;
#1322 = DIRECTION ( 'NONE',  ( 0.000000000000000000, -0.000000000000000000, -1.000000000000000000 ) ) ;
#1323 = EDGE_LOOP ( 'NONE', ( #3440, #303 ) ) ;
#1324 = AXIS2_PLACEMENT_3D ( 'NONE', #458, #1004, #3385 ) ;
#1325 = CARTESIAN_POINT ( 'NONE',  ( 0.000000000000000000, 0.1875000000022379321, 8.125000000000000000 ) ) ;
#1326 = ORIENTED_EDGE ( 'NONE', *, *, #2570, .F. ) ;
#1327 = ORIENTED_EDGE ( 'NONE', *, *, #2523, .T. ) ;
#1328 = DIRECTION ( 'NONE',  ( 0.7071067811865490160, -0.7071067811865460184, -9.185433182840860551E-17 ) ) ;
#1329 = DIRECTION ( 'NONE',  ( -0.000000000000000000, -1.000000000000000000, -0.000000000000000000 ) ) ;
#1330 = DIRECTION ( 'NONE',  ( 0.000000000000000000, 0.000000000000000000, -1.000000000000000000 ) ) ;
#1331 = DIRECTION ( 'NONE',  ( -0.000000000000000000, -1.000000000000000000, -0.000000000000000000 ) ) ;
#1332 = EDGE_LOOP ( 'NONE', ( #1917, #2280 ) ) ;
#1333 = EDGE_CURVE ( 'NONE', #2068, #3174, #3074, .T. ) ;
#1334 = LINE ( 'NONE', #2119, #2680 ) ;
#1335 = DIRECTION ( 'NONE',  ( -0.000000000000000000, -1.000000000000000000, -0.000000000000000000 ) ) ;
#1336 = ADVANCED_FACE ( 'NONE', ( #618 ), #3058, .F. ) ;
#1337 = FACE_OUTER_BOUND ( 'NONE', #930, .T. ) ;
#1338 = VECTOR ( 'NONE', #1620, 39.37007874015748143 ) ;
#1339 = CIRCLE ( 'NONE', #1226, 0.2655997699527561928 ) ;
#1340 = LINE ( 'NONE', #2414, #2149 ) ;
#1341 = EDGE_CURVE ( 'NONE', #2699, #3220, #1450, .T. ) ;
#1342 = ORIENTED_EDGE ( 'NONE', *, *, #3126, .T. ) ;
#1343 = VECTOR ( 'NONE', #1242, 39.37007874015748143 ) ;
#1344 = DIRECTION ( 'NONE',  ( 0.000000000000000000, 0.000000000000000000, -1.000000000000000000 ) ) ;
#1345 = ORIENTED_EDGE ( 'NONE', *, *, #65, .F. ) ;
#1346 = ORIENTED_EDGE ( 'NONE', *, *, #465, .T. ) ;
#1347 = DIRECTION ( 'NONE',  ( 0.000000000000000000, -1.000000000000000000, 0.000000000000000000 ) ) ;
#1348 = DIRECTION ( 'NONE',  ( -0.000000000000000000, -1.000000000000000000, -0.000000000000000000 ) ) ;
#1349 = CIRCLE ( 'NONE', #2568, 0.4950000000000000511 ) ;
#1350 = PLANE ( 'NONE',  #831 ) ;
#1351 = ORIENTED_EDGE ( 'NONE', *, *, #2677, .F. ) ;
#1352 = PLANE ( 'NONE',  #2120 ) ;
#1353 = EDGE_CURVE ( 'NONE', #2365, #2364, #1477, .T. ) ;
#1354 = DIRECTION ( 'NONE',  ( 0.000000000000000000, 0.000000000000000000, -1.000000000000000000 ) ) ;
#1355 = VERTEX_POINT ( 'NONE', #1219 ) ;
#1356 = AXIS2_PLACEMENT_3D ( 'NONE', #2877, #3380, #191 ) ;
#1357 = CARTESIAN_POINT ( 'NONE',  ( 1.624999999999999112, 0.1875000000022379321, -7.630000000000001670 ) ) ;
#1358 = CARTESIAN_POINT ( 'NONE',  ( 4.468750000000000000, 0.8750000000000001110, -6.140599769952756581 ) ) ;
#1359 = VERTEX_POINT ( 'NONE', #1980 ) ;
#1360 = CARTESIAN_POINT ( 'NONE',  ( 5.437499999999999112, 0.8437499999999996669, 8.968750000000000000 ) ) ;
#1361 = ORIENTED_EDGE ( 'NONE', *, *, #3323, .T. ) ;
#1362 = ORIENTED_EDGE ( 'NONE', *, *, #2658, .F. ) ;
#1363 = CARTESIAN_POINT ( 'NONE',  ( 4.468750000000000000, 0.000000000000000000, -5.609400230047243419 ) ) ;
#1364 = EDGE_CURVE ( 'NONE', #1359, #1869, #2476, .T. ) ;
#1365 = CARTESIAN_POINT ( 'NONE',  ( -4.468750000000000000, 0.000000000000000000, -1.000000000000000000 ) ) ;
#1366 = AXIS2_PLACEMENT_3D ( 'NONE', #1542, #2610, #2339 ) ;
#1367 = DIRECTION ( 'NONE',  ( -0.000000000000000000, -1.000000000000000000, -0.000000000000000000 ) ) ;
#1368 = ORIENTED_EDGE ( 'NONE', *, *, #1772, .F. ) ;
#1369 = FACE_BOUND ( 'NONE', #1260, .T. ) ;
#1370 = DIRECTION ( 'NONE',  ( -0.000000000000000000, 1.000000000000000000, -0.000000000000000000 ) ) ;
#1371 = ORIENTED_EDGE ( 'NONE', *, *, #1383, .T. ) ;
#1372 = CARTESIAN_POINT ( 'NONE',  ( -5.437500000000000000, 0.03125000000000056205, 8.968750000000000000 ) ) ;
#1373 = PLANE ( 'NONE',  #2031 ) ;
#1374 = ORIENTED_EDGE ( 'NONE', *, *, #3241, .T. ) ;
#1375 = EDGE_CURVE ( 'NONE', #404, #2695, #688, .T. ) ;
#1376 = CARTESIAN_POINT ( 'NONE',  ( 4.468750000000000000, 1.024442997624098584E-16, -5.875000000000000000 ) ) ;
#1377 = ORIENTED_EDGE ( 'NONE', *, *, #2072, .F. ) ;
#1378 = ORIENTED_EDGE ( 'NONE', *, *, #1657, .T. ) ;
#1379 = DIRECTION ( 'NONE',  ( 0.000000000000000000, -1.000000000000000000, 0.000000000000000000 ) ) ;
#1380 = CARTESIAN_POINT ( 'NONE',  ( 4.468749999999999112, 0.8750000000000001110, 7.374999783464565972 ) ) ;
#1381 = ORIENTED_EDGE ( 'NONE', *, *, #410, .F. ) ;
#1382 = LINE ( 'NONE', #589, #1551 ) ;
#1383 = EDGE_CURVE ( 'NONE', #2638, #2197, #3285, .T. ) ;
#1384 = AXIS2_PLACEMENT_3D ( 'NONE', #2325, #2070, #3137 ) ;
#1385 = AXIS2_PLACEMENT_3D ( 'NONE', #2624, #1298, #477 ) ;
#1386 = DIRECTION ( 'NONE',  ( -0.000000000000000000, 1.000000000000000000, -0.000000000000000000 ) ) ;
#1387 = DIRECTION ( 'NONE',  ( -0.000000000000000000, -1.000000000000000000, 0.000000000000000000 ) ) ;
#1388 = ADVANCED_FACE ( 'NONE', ( #963 ), #1686, .F. ) ;
#1389 = FACE_OUTER_BOUND ( 'NONE', #807, .T. ) ;
#1390 = EDGE_LOOP ( 'NONE', ( #456, #1838 ) ) ;
#1391 = DIRECTION ( 'NONE',  ( -0.7071067811865452413, 0.7071067811865497932, 8.544445620713636541E-16 ) ) ;
#1392 = VECTOR ( 'NONE', #307, 39.37007874015748143 ) ;
#1393 = DIRECTION ( 'NONE',  ( 0.000000000000000000, 0.000000000000000000, -1.000000000000000000 ) ) ;
#1394 = ORIENTED_EDGE ( 'NONE', *, *, #2565, .T. ) ;
#1395 = ADVANCED_FACE ( 'NONE', ( #1947 ), #2228, .F. ) ;
#1396 = AXIS2_PLACEMENT_3D ( 'NONE', #163, #1469, #2262 ) ;
#1397 = CARTESIAN_POINT ( 'NONE',  ( -1.625000000000001332, 0.8750000000000012212, -8.500000000000001776 ) ) ;
#1398 = CARTESIAN_POINT ( 'NONE',  ( -4.468750000000000000, 0.4999995669291339428, 8.640599769952755693 ) ) ;
#1399 = ORIENTED_EDGE ( 'NONE', *, *, #1607, .T. ) ;
#1400 = AXIS2_PLACEMENT_3D ( 'NONE', #2012, #3361, #698 ) ;
#1401 = ORIENTED_EDGE ( 'NONE', *, *, #2300, .T. ) ;
#1402 = DIRECTION ( 'NONE',  ( 0.000000000000000000, 0.000000000000000000, -1.000000000000000000 ) ) ;
#1403 = ORIENTED_EDGE ( 'NONE', *, *, #118, .F. ) ;
#1404 = ADVANCED_FACE ( 'Face10', ( #2757 ), #3300, .F. ) ;
#1405 = PLANE ( 'NONE',  #2448 ) ;
#1406 = AXIS2_PLACEMENT_3D ( 'NONE', #3278, #79, #3357 ) ;
#1407 = CARTESIAN_POINT ( 'NONE',  ( 4.468750000000000000, 0.4999995669268959553, 1.406249648129921370 ) ) ;
#1408 = DIRECTION ( 'NONE',  ( 0.000000000000000000, 0.000000000000000000, -1.000000000000000000 ) ) ;
#1409 = CARTESIAN_POINT ( 'NONE',  ( -4.468750000000000000, 0.000000000000000000, 8.375000000000000000 ) ) ;
#1410 = EDGE_LOOP ( 'NONE', ( #1613, #899 ) ) ;
#1411 = DIRECTION ( 'NONE',  ( 1.000000000000000000, 0.000000000000000000, 0.000000000000000000 ) ) ;
#1412 = DIRECTION ( 'NONE',  ( 0.000000000000000000, -1.000000000000000000, 0.000000000000000000 ) ) ;
#1413 = VERTEX_POINT ( 'NONE', #3038 ) ;
#1414 = DIRECTION ( 'NONE',  ( 0.000000000000000000, -0.000000000000000000, 1.000000000000000000 ) ) ;
#1415 = FACE_OUTER_BOUND ( 'NONE', #1268, .T. ) ;
#1416 = ORIENTED_EDGE ( 'NONE', *, *, #226, .T. ) ;
#1417 = ORIENTED_EDGE ( 'NONE', *, *, #387, .T. ) ;
#1418 = LINE ( 'NONE', #1982, #2502 ) ;
#1419 = EDGE_LOOP ( 'NONE', ( #479, #2754, #1299, #301 ) ) ;
#1420 = DIRECTION ( 'NONE',  ( -0.000000000000000000, -1.000000000000000000, -0.000000000000000000 ) ) ;
#1421 = VECTOR ( 'NONE', #749, 39.37007874015748143 ) ;
#1422 = DIRECTION ( 'NONE',  ( 0.000000000000000000, 0.000000000000000000, -1.000000000000000000 ) ) ;
#1423 = CYLINDRICAL_SURFACE ( 'NONE', #2058, 0.2655997699527561928 ) ;
#1424 = VECTOR ( 'NONE', #1173, 39.37007874015748854 ) ;
#1425 = EDGE_CURVE ( 'NONE', #2184, #2129, #2116, .T. ) ;
#1426 = CYLINDRICAL_SURFACE ( 'NONE', #1728, 0.4950000000000000511 ) ;
#1427 = ORIENTED_EDGE ( 'NONE', *, *, #209, .T. ) ;
#1428 = DIRECTION ( 'NONE',  ( 0.000000000000000000, 0.000000000000000000, -1.000000000000000000 ) ) ;
#1429 = FACE_BOUND ( 'NONE', #547, .T. ) ;
#1430 = CIRCLE ( 'NONE', #667, 0.3750000000000002220 ) ;
#1431 = DIRECTION ( 'NONE',  ( -0.000000000000000000, -1.000000000000000000, -0.000000000000000000 ) ) ;
#1432 = VERTEX_POINT ( 'NONE', #223 ) ;
#1433 = ORIENTED_EDGE ( 'NONE', *, *, #52, .T. ) ;
#1434 = DIRECTION ( 'NONE',  ( 0.000000000000000000, 0.000000000000000000, -1.000000000000000000 ) ) ;
#1435 = EDGE_LOOP ( 'NONE', ( #2722, #2462, #2285 ) ) ;
#1436 = DIRECTION ( 'NONE',  ( 0.000000000000000000, 0.000000000000000000, -1.000000000000000000 ) ) ;
#1437 = CIRCLE ( 'NONE', #2940, 0.2499997834645668326 ) ;
#1438 = CARTESIAN_POINT ( 'NONE',  ( -4.468750000000000000, 0.4999995669291338873, -5.875000000000000000 ) ) ;
#1439 = AXIS2_PLACEMENT_3D ( 'NONE', #2348, #2919, #2879 ) ;
#1440 = CARTESIAN_POINT ( 'NONE',  ( -4.468750000000000000, 0.000000000000000000, -5.468750351870078852 ) ) ;
#1441 = AXIS2_PLACEMENT_3D ( 'NONE', #292, #2942, #2921 ) ;
#1442 = VECTOR ( 'NONE', #1969, 39.37007874015748854 ) ;
#1443 = DIRECTION ( 'NONE',  ( -0.000000000000000000, -1.000000000000000000, -0.000000000000000000 ) ) ;
#1444 = ADVANCED_FACE ( 'Face4', ( #2836 ), #2026, .F. ) ;
#1445 = EDGE_LOOP ( 'NONE', ( #715, #814, #225, #2292 ) ) ;
#1446 = DIRECTION ( 'NONE',  ( -0.000000000000000000, -1.000000000000000000, -0.000000000000000000 ) ) ;
#1447 = EDGE_CURVE ( 'NONE', #2105, #3388, #2609, .T. ) ;
#1448 = DIRECTION ( 'NONE',  ( 0.000000000000000000, 0.000000000000000000, -1.000000000000000000 ) ) ;
#1449 = EDGE_CURVE ( 'NONE', #2315, #2184, #2630, .T. ) ;
#1450 = LINE ( 'NONE', #2526, #2674 ) ;
#1451 = ORIENTED_EDGE ( 'NONE', *, *, #420, .T. ) ;
#1452 = ADVANCED_FACE ( 'NONE', ( #1267 ), #187, .T. ) ;
#1453 = CARTESIAN_POINT ( 'NONE',  ( -1.624999999999998890, 2.237929876409764429E-12, 8.125000000000000000 ) ) ;
#1454 = ORIENTED_EDGE ( 'NONE', *, *, #2477, .T. ) ;
#1455 = DIRECTION ( 'NONE',  ( -7.993275482031047353E-17, -0.7071067811865366926, 0.7071067811865583419 ) ) ;
#1456 = CIRCLE ( 'NONE', #2498, 0.2499997834645662775 ) ;
#1457 = VECTOR ( 'NONE', #1778, 39.37007874015748143 ) ;
#1458 = AXIS2_PLACEMENT_3D ( 'NONE', #1502, #1517, #442 ) ;
#1459 = CARTESIAN_POINT ( 'NONE',  ( -5.437500000000000000, 0.03125000000000050654, 8.968750000000000000 ) ) ;
#1460 = FACE_OUTER_BOUND ( 'NONE', #2643, .T. ) ;
#1461 = ORIENTED_EDGE ( 'NONE', *, *, #1746, .T. ) ;
#1462 = EDGE_CURVE ( 'NONE', #1237, #192, #2790, .T. ) ;
#1463 = FACE_BOUND ( 'NONE', #2637, .T. ) ;
#1464 = DIRECTION ( 'NONE',  ( 0.000000000000000000, 0.000000000000000000, -1.000000000000000000 ) ) ;
#1465 = EDGE_CURVE ( 'NONE', #1119, #3352, #2319, .T. ) ;
#1466 = ORIENTED_EDGE ( 'NONE', *, *, #1353, .F. ) ;
#1467 = DIRECTION ( 'NONE',  ( -0.000000000000000000, -1.000000000000000000, -0.000000000000000000 ) ) ;
#1468 = ORIENTED_EDGE ( 'NONE', *, *, #3049, .T. ) ;
#1469 = DIRECTION ( 'NONE',  ( -0.000000000000000000, -1.000000000000000000, -0.000000000000000000 ) ) ;
#1470 = EDGE_CURVE ( 'NONE', #89, #1602, #2509, .T. ) ;
#1471 = DIRECTION ( 'NONE',  ( 0.000000000000000000, 0.000000000000000000, -1.000000000000000000 ) ) ;
#1472 = DIRECTION ( 'NONE',  ( 1.130419859447281561E-16, 1.000000000000000000, -0.000000000000000000 ) ) ;
#1473 = ORIENTED_EDGE ( 'NONE', *, *, #522, .F. ) ;
#1474 = APPLICATION_PROTOCOL_DEFINITION ( 'international standard', 'config_control_design', 1994, #2814 ) ;
#1475 = CIRCLE ( 'NONE', #417, 0.4062496481299211482 ) ;
#1476 = DIRECTION ( 'NONE',  ( -0.000000000000000000, -1.000000000000000000, -0.000000000000000000 ) ) ;
#1477 = LINE ( 'NONE', #2244, #1182 ) ;
#1478 = ORIENTED_EDGE ( 'NONE', *, *, #1589, .F. ) ;
#1479 = DIRECTION ( 'NONE',  ( 0.000000000000000000, 0.000000000000000000, -1.000000000000000000 ) ) ;
#1480 = EDGE_CURVE ( 'NONE', #919, #1978, #1067, .T. ) ;
#1481 = ORIENTED_EDGE ( 'NONE', *, *, #1568, .T. ) ;
#1482 = DIRECTION ( 'NONE',  ( -0.000000000000000000, -1.000000000000000000, -0.000000000000000000 ) ) ;
#1483 = EDGE_CURVE ( 'NONE', #2561, #3028, #1946, .T. ) ;
#1484 = LINE ( 'NONE', #2799, #312 ) ;
#1485 = CARTESIAN_POINT ( 'NONE',  ( -5.406250000000000000, 0.000000000000000000, -9.000000000000000000 ) ) ;
#1486 = ORIENTED_EDGE ( 'NONE', *, *, #773, .F. ) ;
#1487 = ADVANCED_FACE ( 'NONE', ( #1287 ), #730, .F. ) ;
#1488 = CIRCLE ( 'NONE', #3384, 0.2499997834645673878 ) ;
#1489 = DIRECTION ( 'NONE',  ( -0.000000000000000000, -1.000000000000000000, -0.000000000000000000 ) ) ;
#1490 = DIRECTION ( 'NONE',  ( 0.000000000000000000, 0.000000000000000000, -1.000000000000000000 ) ) ;
#1491 = EDGE_LOOP ( 'NONE', ( #2465, #2551 ) ) ;
#1492 = CARTESIAN_POINT ( 'NONE',  ( -4.468750000000000000, 1.024442997624098584E-16, -1.000000000000000000 ) ) ;
#1493 = EDGE_CURVE ( 'NONE', #309, #3053, #1456, .T. ) ;
#1494 = EDGE_LOOP ( 'NONE', ( #977, #2151 ) ) ;
#1495 = CARTESIAN_POINT ( 'NONE',  ( 4.468750000000000000, 0.4999995669291339428, 6.140599769952756581 ) ) ;
#1496 = EDGE_LOOP ( 'NONE', ( #1561, #3262, #1019, #205 ) ) ;
#1497 = ADVANCED_FACE ( 'Face12', ( #2872 ), #2284, .F. ) ;
#1498 = AXIS2_PLACEMENT_3D ( 'NONE', #2543, #2276, #424 ) ;
#1499 = AXIS2_PLACEMENT_3D ( 'NONE', #3024, #1175, #638 ) ;
#1500 = CARTESIAN_POINT ( 'NONE',  ( 4.468750000000000000, -2.237929876409764429E-12, 1.000000000000000222 ) ) ;
#1501 = AXIS2_PLACEMENT_3D ( 'NONE', #2063, #2298, #1012 ) ;
#1502 = CARTESIAN_POINT ( 'NONE',  ( -5.406249999999998224, 0.8750000000000012212, -9.000000000000000000 ) ) ;
#1503 = ORIENTED_EDGE ( 'NONE', *, *, #514, .T. ) ;
#1504 = CARTESIAN_POINT ( 'NONE',  ( 0.000000000000000000, 0.000000000000000000, 0.000000000000000000 ) ) ;
#1505 = CIRCLE ( 'NONE', #1231, 0.2655997699527561928 ) ;
#1506 = DIRECTION ( 'NONE',  ( -0.7071067811865614505, 0.7071067811865335839, 0.000000000000000000 ) ) ;
#1507 = CYLINDRICAL_SURFACE ( 'NONE', #1266, 0.4062496481299211482 ) ;
#1508 = ORIENTED_EDGE ( 'NONE', *, *, #2686, .T. ) ;
#1509 = CARTESIAN_POINT ( 'NONE',  ( 4.468750000000000888, 1.024442997624098584E-16, -7.968750351870078852 ) ) ;
#1510 = CIRCLE ( 'NONE', #1080, 0.3750000000000002220 ) ;
#1511 = ORIENTED_EDGE ( 'NONE', *, *, #1956, .T. ) ;
#1512 = DIRECTION ( 'NONE',  ( 0.000000000000000000, -1.000000000000000000, 0.000000000000000000 ) ) ;
#1513 = ORIENTED_EDGE ( 'NONE', *, *, #2005, .T. ) ;
#1514 = AXIS2_PLACEMENT_3D ( 'NONE', #2615, #232, #3366 ) ;
#1515 = CYLINDRICAL_SURFACE ( 'NONE', #2826, 0.4950000000000000511 ) ;
#1516 = CARTESIAN_POINT ( 'NONE',  ( 1.625000000000001332, 0.1875000000022379321, 8.619999999999999218 ) ) ;
#1517 = DIRECTION ( 'NONE',  ( -0.7071067811865351382, 8.830666246815216533E-16, -0.7071067811865598962 ) ) ;
#1518 = ORIENTED_EDGE ( 'NONE', *, *, #3382, .F. ) ;
#1519 = CALENDAR_DATE ( 2026, 29, 4 ) ;
#1520 = EDGE_CURVE ( 'NONE', #1413, #587, #482, .T. ) ;
#1521 = LINE ( 'NONE', #2871, #1727 ) ;
#1522 = AXIS2_PLACEMENT_3D ( 'NONE', #2873, #3187, #44 ) ;
#1523 = CARTESIAN_POINT ( 'NONE',  ( 4.468750000000000888, 3.414809992080329023E-17, -7.125000000000000000 ) ) ;
#1524 = EDGE_LOOP ( 'NONE', ( #2308, #2499, #3255, #1830 ) ) ;
#1525 = DIRECTION ( 'NONE',  ( -0.000000000000000000, -1.000000000000000000, -0.000000000000000000 ) ) ;
#1526 = ORIENTED_EDGE ( 'NONE', *, *, #155, .T. ) ;
#1527 = DIRECTION ( 'NONE',  ( 0.000000000000000000, -1.000000000000000000, -0.000000000000000000 ) ) ;
#1528 = ORIENTED_EDGE ( 'NONE', *, *, #1957, .F. ) ;
#1529 = CARTESIAN_POINT ( 'NONE',  ( 4.468750000000000888, 0.8750000000000001110, -8.375000000000000000 ) ) ;
#1530 = DIRECTION ( 'NONE',  ( 0.000000000000000000, -0.000000000000000000, -1.000000000000000000 ) ) ;
#1531 = ADVANCED_FACE ( 'NONE', ( #3086 ), #1028, .F. ) ;
#1532 = EDGE_LOOP ( 'NONE', ( #80, #704, #1193, #603 ) ) ;
#1533 = DIRECTION ( 'NONE',  ( 0.000000000000000000, 0.000000000000000000, -1.000000000000000000 ) ) ;
#1534 = EDGE_LOOP ( 'NONE', ( #1503, #1910 ) ) ;
#1535 = CARTESIAN_POINT ( 'NONE',  ( -4.468750000000000000, 0.4999995669291339428, 5.609400230047243419 ) ) ;
#1536 = AXIS2_PLACEMENT_3D ( 'NONE', #2259, #3088, #1479 ) ;
#1537 = EDGE_CURVE ( 'NONE', #1978, #919, #3443, .T. ) ;
#1538 = DIRECTION ( 'NONE',  ( -1.248844797103661608E-15, -1.000000000000000000, -0.000000000000000000 ) ) ;
#1539 = AXIS2_PLACEMENT_3D ( 'NONE', #236, #1021, #475 ) ;
#1540 = CARTESIAN_POINT ( 'NONE',  ( 0.000000000000000000, 2.237929876409764429E-12, 8.125000000000000000 ) ) ;
#1541 = ADVANCED_FACE ( 'NONE', ( #2554 ), #1507, .F. ) ;
#1542 = CARTESIAN_POINT ( 'NONE',  ( 4.468750000000000000, 0.000000000000000000, -5.875000000000000000 ) ) ;
#1543 = ORIENTED_EDGE ( 'NONE', *, *, #1155, .F. ) ;
#1544 = FACE_BOUND ( 'NONE', #2687, .T. ) ;
#1545 = CIRCLE ( 'NONE', #1385, 0.3750000000000002220 ) ;
#1546 = ORIENTED_EDGE ( 'NONE', *, *, #2805, .F. ) ;
#1547 = CARTESIAN_POINT ( 'NONE',  ( -4.468750000000000888, 0.8750000000000009992, -8.640599769952755693 ) ) ;
#1548 = EDGE_CURVE ( 'NONE', #2335, #240, #993, .T. ) ;
#1549 = ORIENTED_EDGE ( 'NONE', *, *, #478, .F. ) ;
#1550 = CARTESIAN_POINT ( 'NONE',  ( -4.468750000000000000, 0.4999995669291338873, -0.5937503518700788518 ) ) ;
#1551 = VECTOR ( 'NONE', #828, 39.37007874015748143 ) ;
#1552 = CARTESIAN_POINT ( 'NONE',  ( 4.468750000000000000, 0.4999995669291338873, 7.968750351870078852 ) ) ;
#1553 = CYLINDRICAL_SURFACE ( 'NONE', #1117, 0.2655997699527561928 ) ;
#1554 = EDGE_LOOP ( 'NONE', ( #3157, #1304, #2625, #2200 ) ) ;
#1555 = CARTESIAN_POINT ( 'NONE',  ( 1.624999999999999112, 0.8750000000000012212, -7.750000000000000888 ) ) ;
#1556 = VECTOR ( 'NONE', #1710, 39.37007874015748143 ) ;
#1557 = DIRECTION ( 'NONE',  ( 0.000000000000000000, 0.000000000000000000, -1.000000000000000000 ) ) ;
#1558 = CIRCLE ( 'NONE', #3182, 0.2655997699527561928 ) ;
#1559 = DIRECTION ( 'NONE',  ( -0.000000000000000000, -1.000000000000000000, -0.000000000000000000 ) ) ;
#1560 = FACE_OUTER_BOUND ( 'NONE', #174, .T. ) ;
#1561 = ORIENTED_EDGE ( 'NONE', *, *, #1692, .T. ) ;
#1562 = DIRECTION ( 'NONE',  ( 1.000000000000000000, 0.000000000000000000, -0.000000000000000000 ) ) ;
#1563 = ORIENTED_EDGE ( 'NONE', *, *, #781, .T. ) ;
#1564 = CARTESIAN_POINT ( 'NONE',  ( -1.625000000000001332, 0.1874999999999999722, -8.500000000000001776 ) ) ;
#1565 = ORIENTED_EDGE ( 'NONE', *, *, #973, .F. ) ;
#1566 = VERTEX_POINT ( 'NONE', #523 ) ;
#1567 = CARTESIAN_POINT ( 'NONE',  ( 4.468750000000000000, 0.000000000000000000, 8.640599769952755693 ) ) ;
#1568 = EDGE_CURVE ( 'NONE', #1601, #1650, #2909, .T. ) ;
#1569 = EDGE_CURVE ( 'NONE', #1251, #2198, #1115, .T. ) ;
#1570 = CARTESIAN_POINT ( 'NONE',  ( 1.624999999999999112, 0.1875000000022379321, -8.620000000000000995 ) ) ;
#1571 = DIRECTION ( 'NONE',  ( 1.000000000000000000, 0.000000000000000000, 0.000000000000000000 ) ) ;
#1572 = CARTESIAN_POINT ( 'NONE',  ( 5.437499999999999112, 0.8437499999999996669, 8.968750000000000000 ) ) ;
#1573 = ORIENTED_EDGE ( 'NONE', *, *, #3424, .T. ) ;
#1574 = DIRECTION ( 'NONE',  ( 1.130419859447281561E-16, 1.000000000000000000, -0.000000000000000000 ) ) ;
#1575 = CARTESIAN_POINT ( 'NONE',  ( 4.468750000000000000, 1.024442997624098584E-16, 5.468750351870078852 ) ) ;
#1576 = CARTESIAN_POINT ( 'NONE',  ( -5.406250000000000000, 0.8750000000000012212, 8.968750000000000000 ) ) ;
#1577 = DIRECTION ( 'NONE',  ( 1.130419859447281561E-16, 1.000000000000000000, -0.000000000000000000 ) ) ;
#1578 = DIRECTION ( 'NONE',  ( -0.000000000000000000, -1.000000000000000000, -0.000000000000000000 ) ) ;
#1579 = ORIENTED_EDGE ( 'NONE', *, *, #3404, .F. ) ;
#1580 = AXIS2_PLACEMENT_3D ( 'NONE', #1079, #741, #1330 ) ;
#1581 = DIRECTION ( 'NONE',  ( 0.000000000000000000, 0.000000000000000000, -1.000000000000000000 ) ) ;
#1582 = EDGE_LOOP ( 'NONE', ( #642, #3267 ) ) ;
#1583 = ORIENTED_EDGE ( 'NONE', *, *, #636, .F. ) ;
#1584 = FACE_BOUND ( 'NONE', #2660, .T. ) ;
#1585 = AXIS2_PLACEMENT_3D ( 'NONE', #1086, #1047, #385 ) ;
#1586 = ADVANCED_FACE ( 'NONE', ( #515 ), #1768, .T. ) ;
#1587 = DIRECTION ( 'NONE',  ( 1.000000000000000000, 0.000000000000000000, 0.000000000000000000 ) ) ;
#1588 = DIRECTION ( 'NONE',  ( 0.000000000000000000, -1.000000000000000000, 0.000000000000000000 ) ) ;
#1589 = EDGE_CURVE ( 'NONE', #2416, #32, #2096, .T. ) ;
#1590 = VECTOR ( 'NONE', #2665, 39.37007874015748143 ) ;
#1591 = CARTESIAN_POINT ( 'NONE',  ( -4.468749999999999112, 3.414809992080329023E-17, 7.125000000000000000 ) ) ;
#1592 = VERTEX_POINT ( 'NONE', #2640 ) ;
#1593 = EDGE_CURVE ( 'NONE', #598, #2212, #213, .T. ) ;
#1594 = CARTESIAN_POINT ( 'NONE',  ( -4.203150230047244307, 0.4999995669291339428, -8.375000000000000000 ) ) ;
#1595 = DIRECTION ( 'NONE',  ( 1.130419859447281561E-16, 1.000000000000000000, -0.000000000000000000 ) ) ;
#1596 = CC_DESIGN_PERSON_AND_ORGANIZATION_ASSIGNMENT ( #444, #1733, ( #2764 ) ) ;
#1597 = DIRECTION ( 'NONE',  ( 0.000000000000000000, 0.000000000000000000, -1.000000000000000000 ) ) ;
#1598 = CARTESIAN_POINT ( 'NONE',  ( 0.000000000000000000, 0.8750000000000012212, -8.500000000000000000 ) ) ;
#1599 = ORIENTED_EDGE ( 'NONE', *, *, #3069, .F. ) ;
#1600 = FACE_OUTER_BOUND ( 'NONE', #933, .T. ) ;
#1601 = VERTEX_POINT ( 'NONE', #1570 ) ;
#1602 = VERTEX_POINT ( 'NONE', #2862 ) ;
#1603 = CARTESIAN_POINT ( 'NONE',  ( 5.421874999999998224, 0.8593750000000004441, -8.968750000000000000 ) ) ;
#1604 = CIRCLE ( 'NONE', #553, 0.2655997699527561928 ) ;
#1605 = DIRECTION ( 'NONE',  ( 2.471007052002941772E-14, 0.7071067811865583419, 0.7071067811865366926 ) ) ;
#1606 = DIRECTION ( 'NONE',  ( -0.000000000000000000, -1.000000000000000000, -0.000000000000000000 ) ) ;
#1607 = EDGE_CURVE ( 'NONE', #785, #1355, #112, .T. ) ;
#1608 = CARTESIAN_POINT ( 'NONE',  ( 4.468750000000000888, 0.4999995669291338873, -7.968750351870078852 ) ) ;
#1609 = ORIENTED_EDGE ( 'NONE', *, *, #2728, .T. ) ;
#1610 = DIRECTION ( 'NONE',  ( 0.000000000000000000, 0.000000000000000000, -1.000000000000000000 ) ) ;
#1611 = DIRECTION ( 'NONE',  ( -0.000000000000000000, -1.000000000000000000, -0.000000000000000000 ) ) ;
#1612 = EDGE_CURVE ( 'NONE', #3379, #2561, #194, .T. ) ;
#1613 = ORIENTED_EDGE ( 'NONE', *, *, #1462, .T. ) ;
#1614 = PLANE ( 'NONE',  #1798 ) ;
#1615 = VECTOR ( 'NONE', #131, 39.37007874015748143 ) ;
#1616 = CIRCLE ( 'NONE', #2055, 0.4950000000000000511 ) ;
#1617 = FACE_OUTER_BOUND ( 'NONE', #744, .T. ) ;
#1618 = ORIENTED_EDGE ( 'NONE', *, *, #2864, .T. ) ;
#1619 = VECTOR ( 'NONE', #92, 39.37007874015748143 ) ;
#1620 = DIRECTION ( 'NONE',  ( -0.000000000000000000, -1.000000000000000000, -0.000000000000000000 ) ) ;
#1621 = VERTEX_POINT ( 'NONE', #1038 ) ;
#1622 = ORIENTED_EDGE ( 'NONE', *, *, #1772, .T. ) ;
#1623 = DIRECTION ( 'NONE',  ( -0.000000000000000000, -1.000000000000000000, -0.000000000000000000 ) ) ;
#1624 = CYLINDRICAL_SURFACE ( 'NONE', #1124, 0.2655997699527559153 ) ;
#1625 = AXIS2_PLACEMENT_3D ( 'NONE', #36, #2109, #323 ) ;
#1626 = FACE_OUTER_BOUND ( 'NONE', #2856, .T. ) ;
#1627 = ORIENTED_EDGE ( 'NONE', *, *, #1712, .F. ) ;
#1628 = FACE_BOUND ( 'NONE', #334, .T. ) ;
#1629 = CARTESIAN_POINT ( 'NONE',  ( 4.734349769952756581, 0.4999995669291339428, -5.875000000000000000 ) ) ;
#1630 = EDGE_LOOP ( 'NONE', ( #463, #573 ) ) ;
#1631 = AXIS2_PLACEMENT_3D ( 'NONE', #659, #1784, #1033 ) ;
#1632 = DIRECTION ( 'NONE',  ( 0.000000000000000000, 0.000000000000000000, -1.000000000000000000 ) ) ;
#1633 = CARTESIAN_POINT ( 'NONE',  ( -1.624999999999998890, 0.1875000000022379043, 7.749999999999999112 ) ) ;
#1634 = ADVANCED_FACE ( 'NONE', ( #2090 ), #215, .F. ) ;
#1635 = EDGE_LOOP ( 'NONE', ( #2506, #1148, #87, #584 ) ) ;
#1636 = FACE_BOUND ( 'NONE', #2145, .T. ) ;
#1637 = ORIENTED_EDGE ( 'NONE', *, *, #2410, .T. ) ;
#1638 = ORIENTED_EDGE ( 'NONE', *, *, #961, .T. ) ;
#1639 = DIRECTION ( 'NONE',  ( 0.000000000000000000, 0.000000000000000000, -1.000000000000000000 ) ) ;
#1640 = DIRECTION ( 'NONE',  ( 1.000000000000000000, 0.000000000000000000, 0.000000000000000000 ) ) ;
#1641 = VECTOR ( 'NONE', #3425, 39.37007874015748143 ) ;
#1642 = CYLINDRICAL_SURFACE ( 'NONE', #509, 0.2499997834645662775 ) ;
#1643 = LINE ( 'NONE', #2450, #2738 ) ;
#1644 = ADVANCED_FACE ( 'NONE', ( #775 ), #2619, .F. ) ;
#1645 = LINE ( 'NONE', #2735, #2123 ) ;
#1646 = EDGE_LOOP ( 'NONE', ( #3097, #376 ) ) ;
#1647 = DIRECTION ( 'NONE',  ( 0.000000000000000000, 0.000000000000000000, -1.000000000000000000 ) ) ;
#1648 = FACE_BOUND ( 'NONE', #1967, .T. ) ;
#1649 = EDGE_CURVE ( 'NONE', #3110, #1705, #2160, .T. ) ;
#1650 = VERTEX_POINT ( 'NONE', #1295 ) ;
#1651 = FACE_BOUND ( 'NONE', #2130, .T. ) ;
#1652 = DIRECTION ( 'NONE',  ( 0.000000000000000000, 0.000000000000000000, -1.000000000000000000 ) ) ;
#1653 = ORIENTED_EDGE ( 'NONE', *, *, #3090, .T. ) ;
#1654 = ORIENTED_EDGE ( 'NONE', *, *, #160, .F. ) ;
#1655 = CARTESIAN_POINT ( 'NONE',  ( 4.468750000000000000, 0.4999995669268960108, 1.000000000000000222 ) ) ;
#1656 = EDGE_LOOP ( 'NONE', ( #2603, #2759, #68, #3136 ) ) ;
#1657 = EDGE_CURVE ( 'NONE', #2212, #443, #533, .T. ) ;
#1658 = DIRECTION ( 'NONE',  ( 0.000000000000000000, 0.000000000000000000, -1.000000000000000000 ) ) ;
#1659 = CIRCLE ( 'NONE', #2438, 0.2655997699527561928 ) ;
#1660 = AXIS2_PLACEMENT_3D ( 'NONE', #3410, #1, #517 ) ;
#1661 = FACE_OUTER_BOUND ( 'NONE', #318, .T. ) ;
#1662 = LINE ( 'NONE', #1156, #1619 ) ;
#1663 = CYLINDRICAL_SURFACE ( 'NONE', #2459, 0.4950000000000000511 ) ;
#1664 = EDGE_LOOP ( 'NONE', ( #3409, #999 ) ) ;
#1665 = CARTESIAN_POINT ( 'NONE',  ( 4.468750000000000000, 0.4999995669268959553, 1.000000000000000222 ) ) ;
#1666 = CARTESIAN_POINT ( 'NONE',  ( -4.468750000000000000, 0.4999995669291339428, 8.375000000000000000 ) ) ;
#1667 = ORIENTED_EDGE ( 'NONE', *, *, #2785, .F. ) ;
#1668 = CIRCLE ( 'NONE', #2451, 0.2499997834645668326 ) ;
#1669 = FACE_BOUND ( 'NONE', #885, .T. ) ;
#1670 = LINE ( 'NONE', #2539, #680 ) ;
#1671 = ORIENTED_EDGE ( 'NONE', *, *, #2686, .F. ) ;
#1672 = AXIS2_PLACEMENT_3D ( 'NONE', #75, #1118, #2170 ) ;
#1673 = ORIENTED_EDGE ( 'NONE', *, *, #1138, .F. ) ;
#1674 = PLANE ( 'NONE',  #3386 ) ;
#1675 = VERTEX_POINT ( 'NONE', #494 ) ;
#1676 = AXIS2_PLACEMENT_3D ( 'NONE', #2393, #1574, #2316 ) ;
#1677 = DIRECTION ( 'NONE',  ( 0.000000000000000000, 0.7071067811865707764, 0.7071067811865243691 ) ) ;
#1678 = EDGE_CURVE ( 'NONE', #3420, #3040, #756, .T. ) ;
#1679 = CYLINDRICAL_SURFACE ( 'NONE', #2549, 0.2655997699527559153 ) ;
#1680 = DIRECTION ( 'NONE',  ( -0.000000000000000000, -1.000000000000000000, -0.000000000000000000 ) ) ;
#1681 = CARTESIAN_POINT ( 'NONE',  ( 1.625000000000001332, 0.1875000000022379043, 7.749999999999999112 ) ) ;
#1682 = EDGE_LOOP ( 'NONE', ( #1468, #969 ) ) ;
#1683 = FACE_OUTER_BOUND ( 'NONE', #3105, .T. ) ;
#1684 = AXIS2_PLACEMENT_3D ( 'NONE', #2087, #1308, #769 ) ;
#1685 = DIRECTION ( 'NONE',  ( 0.000000000000000000, 0.000000000000000000, -1.000000000000000000 ) ) ;
#1686 = CYLINDRICAL_SURFACE ( 'NONE', #2841, 0.4062496481299211482 ) ;
#1687 = VERTEX_POINT ( 'NONE', #2902 ) ;
#1688 = ORIENTED_EDGE ( 'NONE', *, *, #7, .T. ) ;
#1689 = CARTESIAN_POINT ( 'NONE',  ( -5.437499999999999112, 0.8437500000000006661, -9.000000000000000000 ) ) ;
#1690 = VERTEX_POINT ( 'NONE', #1550 ) ;
#1691 = DIRECTION ( 'NONE',  ( -0.000000000000000000, -1.000000000000000000, -0.000000000000000000 ) ) ;
#1692 = EDGE_CURVE ( 'NONE', #110, #1032, #1934, .T. ) ;
#1693 = VECTOR ( 'NONE', #2903, 39.37007874015748143 ) ;
#1694 = FACE_OUTER_BOUND ( 'NONE', #1203, .T. ) ;
#1695 = ADVANCED_FACE ( 'Face6', ( #3179 ), #2847, .F. ) ;
#1696 = FACE_BOUND ( 'NONE', #3289, .T. ) ;
#1697 = AXIS2_PLACEMENT_3D ( 'NONE', #1504, #2787, #3372 ) ;
#1698 = ADVANCED_FACE ( 'NONE', ( #2387 ), #20, .F. ) ;
#1699 = DIRECTION ( 'NONE',  ( -0.000000000000000000, -1.000000000000000000, -0.000000000000000000 ) ) ;
#1700 = ORIENTED_EDGE ( 'NONE', *, *, #3098, .F. ) ;
#1701 = ADVANCED_FACE ( 'NONE', ( #2051 ), #1515, .F. ) ;
#1702 = LINE ( 'NONE', #3020, #1253 ) ;
#1703 = CARTESIAN_POINT ( 'NONE',  ( -4.468750000000000888, 0.000000000000000000, -7.125000000000000000 ) ) ;
#1704 = CARTESIAN_POINT ( 'NONE',  ( 0.000000000000000000, 2.237929876409764429E-12, -8.125000000000000000 ) ) ;
#1705 = VERTEX_POINT ( 'NONE', #740 ) ;
#1706 = CARTESIAN_POINT ( 'NONE',  ( -1.625000000000001332, 0.1874999999999999722, -7.750000000000000888 ) ) ;
#1707 = VERTEX_POINT ( 'NONE', #521 ) ;
#1708 = DIRECTION ( 'NONE',  ( 0.000000000000000000, 0.000000000000000000, -1.000000000000000000 ) ) ;
#1709 = VECTOR ( 'NONE', #733, 39.37007874015748143 ) ;
#1710 = DIRECTION ( 'NONE',  ( 1.239037099348077453E-16, 0.7071067811865584529, -0.7071067811865365815 ) ) ;
#1711 = AXIS2_PLACEMENT_3D ( 'NONE', #1523, #2589, #203 ) ;
#1712 = EDGE_CURVE ( 'NONE', #473, #2825, #3383, .T. ) ;
#1713 = DIRECTION ( 'NONE',  ( 0.000000000000000000, 0.000000000000000000, -1.000000000000000000 ) ) ;
#1714 = AXIS2_PLACEMENT_3D ( 'NONE', #1130, #866, #3377 ) ;
#1715 = DIRECTION ( 'NONE',  ( 0.000000000000000000, 0.000000000000000000, -1.000000000000000000 ) ) ;
#1716 = ORIENTED_EDGE ( 'NONE', *, *, #2009, .F. ) ;
#1717 = APPROVAL_DATE_TIME ( #1204, #28 ) ;
#1718 = ADVANCED_FACE ( 'NONE', ( #260 ), #577, .F. ) ;
#1719 = FACE_BOUND ( 'NONE', #2527, .T. ) ;
#1720 = CIRCLE ( 'NONE', #952, 0.3750000000000002220 ) ;
#1721 = CARTESIAN_POINT ( 'NONE',  ( 1.625000000000001332, 0.1875000000022379043, 8.125000000000000000 ) ) ;
#1722 = ORIENTED_EDGE ( 'NONE', *, *, #2078, .F. ) ;
#1723 = CARTESIAN_POINT ( 'NONE',  ( -1.625000000000001332, 0.000000000000000000, -7.630000000000001670 ) ) ;
#1724 = ORIENTED_EDGE ( 'NONE', *, *, #3251, .F. ) ;
#1725 = FACE_OUTER_BOUND ( 'NONE', #864, .T. ) ;
#1726 = CIRCLE ( 'NONE', #1891, 0.4950000000000000511 ) ;
#1727 = VECTOR ( 'NONE', #3392, 39.37007874015748143 ) ;
#1728 = AXIS2_PLACEMENT_3D ( 'NONE', #2489, #3052, #108 ) ;
#1729 = LINE ( 'NONE', #2813, #1973 ) ;
#1730 = DIRECTION ( 'NONE',  ( 0.000000000000000000, 0.000000000000000000, -1.000000000000000000 ) ) ;
#1731 = ORIENTED_EDGE ( 'NONE', *, *, #1909, .T. ) ;
#1732 = EDGE_CURVE ( 'NONE', #488, #2162, #3281, .T. ) ;
#1733 = PERSON_AND_ORGANIZATION_ROLE ( 'creator' ) ;
#1734 = DIRECTION ( 'NONE',  ( -0.7071067811865335839, -0.7071067811865614505, 0.000000000000000000 ) ) ;
#1735 = CARTESIAN_POINT ( 'NONE',  ( -5.406250000000000000, 0.01562500000000020817, 8.984375000000000000 ) ) ;
#1736 = VERTEX_POINT ( 'NONE', #2681 ) ;
#1737 = DIRECTION ( 'NONE',  ( 0.000000000000000000, 0.000000000000000000, -1.000000000000000000 ) ) ;
#1738 = ORIENTED_EDGE ( 'NONE', *, *, #2979, .F. ) ;
#1739 = EDGE_CURVE ( 'NONE', #3334, #622, #2312, .T. ) ;
#1740 = CARTESIAN_POINT ( 'NONE',  ( -4.468750000000000000, 0.4999995669291338873, 7.968750351870078852 ) ) ;
#1741 = ADVANCED_FACE ( 'NONE', ( #1852, #2888 ), #2663, .T. ) ;
#1742 = LINE ( 'NONE', #1975, #1343 ) ;
#1743 = VECTOR ( 'NONE', #1201, 39.37007874015748143 ) ;
#1744 = DIRECTION ( 'NONE',  ( 0.000000000000000000, 0.000000000000000000, -1.000000000000000000 ) ) ;
#1745 = ORIENTED_EDGE ( 'NONE', *, *, #2887, .T. ) ;
#1746 = EDGE_CURVE ( 'NONE', #1849, #3184, #279, .T. ) ;
#1747 = AXIS2_PLACEMENT_3D ( 'NONE', #3280, #1446, #2432 ) ;
#1748 = DIRECTION ( 'NONE',  ( 0.000000000000000000, 0.000000000000000000, -1.000000000000000000 ) ) ;
#1749 = CARTESIAN_POINT ( 'NONE',  ( 0.000000000000000000, 0.1875000000022379321, -8.620000000000000995 ) ) ;
#1750 = ORIENTED_EDGE ( 'NONE', *, *, #830, .F. ) ;
#1751 = EDGE_CURVE ( 'NONE', #1690, #1413, #2216, .T. ) ;
#1752 = CARTESIAN_POINT ( 'NONE',  ( -4.468750000000000888, 0.8750000000000009992, -7.125000000000000000 ) ) ;
#1753 = ORIENTED_EDGE ( 'NONE', *, *, #1607, .F. ) ;
#1754 = DIRECTION ( 'NONE',  ( -0.000000000000000000, -1.000000000000000000, -0.000000000000000000 ) ) ;
#1755 = ORIENTED_EDGE ( 'NONE', *, *, #209, .F. ) ;
#1756 = CARTESIAN_POINT ( 'NONE',  ( -4.468750000000000000, 0.4999995669291339428, 8.375000000000000000 ) ) ;
#1757 = AXIS2_PLACEMENT_3D ( 'NONE', #1629, #2375, #2153 ) ;
#1758 = FACE_OUTER_BOUND ( 'NONE', #2605, .T. ) ;
#1759 = EDGE_LOOP ( 'NONE', ( #2213, #3087 ) ) ;
#1760 = AXIS2_PLACEMENT_3D ( 'NONE', #751, #159, #3104 ) ;
#1761 = LINE ( 'NONE', #448, #848 ) ;
#1762 = CARTESIAN_POINT ( 'NONE',  ( -4.468750000000000000, 0.000000000000000000, 8.375000000000000000 ) ) ;
#1763 = ORIENTED_EDGE ( 'NONE', *, *, #1470, .T. ) ;
#1764 = FACE_OUTER_BOUND ( 'NONE', #656, .T. ) ;
#1765 = ORIENTED_EDGE ( 'NONE', *, *, #2486, .F. ) ;
#1766 = CYLINDRICAL_SURFACE ( 'NONE', #1514, 0.2655997699527561928 ) ;
#1767 = ORIENTED_EDGE ( 'NONE', *, *, #3094, .F. ) ;
#1768 = PLANE ( 'NONE',  #3062 ) ;
#1769 = DIRECTION ( 'NONE',  ( 0.000000000000000000, -0.000000000000000000, -1.000000000000000000 ) ) ;
#1770 = CIRCLE ( 'NONE', #1131, 0.4062496481299211482 ) ;
#1771 = DIRECTION ( 'NONE',  ( 1.130419859447281561E-16, 1.000000000000000000, -0.000000000000000000 ) ) ;
#1772 = EDGE_CURVE ( 'NONE', #941, #1566, #1103, .T. ) ;
#1773 = VECTOR ( 'NONE', #780, 39.37007874015748143 ) ;
#1774 = VERTEX_POINT ( 'NONE', #1575 ) ;
#1775 = DIRECTION ( 'NONE',  ( 0.000000000000000000, 0.000000000000000000, -1.000000000000000000 ) ) ;
#1776 = ORIENTED_EDGE ( 'NONE', *, *, #7, .F. ) ;
#1777 = DATE_TIME_ROLE ( 'creation_date' ) ;
#1778 = DIRECTION ( 'NONE',  ( -0.7071067811865452413, 0.7071067811865497932, -6.984914740301416328E-16 ) ) ;
#1779 = CARTESIAN_POINT ( 'NONE',  ( -4.468750000000000000, 0.000000000000000000, 8.375000000000000000 ) ) ;
#1780 = VERTEX_POINT ( 'NONE', #1045 ) ;
#1781 = CARTESIAN_POINT ( 'NONE',  ( 4.468750000000000000, 0.8750000000000001110, 1.265599769952756137 ) ) ;
#1782 = CIRCLE ( 'NONE', #1625, 0.2655997699527561928 ) ;
#1783 = ORIENTED_EDGE ( 'NONE', *, *, #2781, .T. ) ;
#1784 = DIRECTION ( 'NONE',  ( -0.7071067811865351382, 0.000000000000000000, -0.7071067811865598962 ) ) ;
#1785 = ORIENTED_EDGE ( 'NONE', *, *, #3404, .T. ) ;
#1786 = EDGE_CURVE ( 'NONE', #3302, #3212, #2332, .T. ) ;
#1787 = VECTOR ( 'NONE', #934, 39.37007874015748143 ) ;
#1788 = DIRECTION ( 'NONE',  ( -0.000000000000000000, -1.000000000000000000, -0.000000000000000000 ) ) ;
#1789 = CARTESIAN_POINT ( 'NONE',  ( 4.468750000000000000, 0.4999995669291339428, -6.140599769952756581 ) ) ;
#1790 = EDGE_CURVE ( 'NONE', #2068, #2769, #2337, .T. ) ;
#1791 = EDGE_CURVE ( 'NONE', #2129, #2184, #1077, .T. ) ;
#1792 = EDGE_LOOP ( 'NONE', ( #400, #2231 ) ) ;
#1793 = PLANE ( 'NONE',  #2442 ) ;
#1794 = EDGE_LOOP ( 'NONE', ( #1565, #141 ) ) ;
#1795 = DIRECTION ( 'NONE',  ( 0.000000000000000000, 0.000000000000000000, -1.000000000000000000 ) ) ;
#1796 = EDGE_CURVE ( 'NONE', #1034, #1878, #850, .T. ) ;
#1797 = LINE ( 'NONE', #2270, #3178 ) ;
#1798 = AXIS2_PLACEMENT_3D ( 'NONE', #1029, #559, #2083 ) ;
#1799 = DIRECTION ( 'NONE',  ( 0.000000000000000000, 0.000000000000000000, -1.000000000000000000 ) ) ;
#1800 = PLANE ( 'NONE',  #3092 ) ;
#1801 = ORIENTED_EDGE ( 'NONE', *, *, #2708, .F. ) ;
#1802 = CARTESIAN_POINT ( 'NONE',  ( 4.468750000000000888, 0.000000000000000000, -8.109400230047244307 ) ) ;
#1803 = VERTEX_POINT ( 'NONE', #1027 ) ;
#1804 = CARTESIAN_POINT ( 'NONE',  ( 5.437499999999999112, 0.03125000000000052042, -8.968750000000000000 ) ) ;
#1805 = EDGE_LOOP ( 'NONE', ( #853, #208, #2037, #497 ) ) ;
#1806 = DIRECTION ( 'NONE',  ( 0.000000000000000000, 1.000000000000000000, 0.000000000000000000 ) ) ;
#1807 = FACE_BOUND ( 'NONE', #1879, .T. ) ;
#1808 = ORIENTED_EDGE ( 'NONE', *, *, #1568, .F. ) ;
#1809 = PLANE ( 'NONE',  #1660 ) ;
#1810 = ORIENTED_EDGE ( 'NONE', *, *, #478, .T. ) ;
#1811 = CARTESIAN_POINT ( 'NONE',  ( 4.468750000000000000, 0.4999995669291338873, 5.875000000000000000 ) ) ;
#1812 = EDGE_CURVE ( 'NONE', #3388, #40, #1558, .T. ) ;
#1813 = DIRECTION ( 'NONE',  ( -0.000000000000000000, -1.000000000000000000, -0.000000000000000000 ) ) ;
#1814 = DIRECTION ( 'NONE',  ( -0.000000000000000000, -1.000000000000000000, -0.000000000000000000 ) ) ;
#1815 = DIRECTION ( 'NONE',  ( -0.000000000000000000, -1.000000000000000000, -0.000000000000000000 ) ) ;
#1816 = ORIENTED_EDGE ( 'NONE', *, *, #319, .F. ) ;
#1817 = AXIS2_PLACEMENT_3D ( 'NONE', #210, #1273, #3106 ) ;
#1818 = CARTESIAN_POINT ( 'NONE',  ( -1.624999999999998890, 0.8750000000000012212, 7.749999999999999112 ) ) ;
#1819 = ADVANCED_FACE ( 'NONE', ( #2908, #2138 ), #3186, .T. ) ;
#1820 = AXIS2_PLACEMENT_3D ( 'NONE', #813, #3428, #1533 ) ;
#1821 = ORIENTED_EDGE ( 'NONE', *, *, #3217, .T. ) ;
#1822 = DIRECTION ( 'NONE',  ( 1.000000000000000000, 0.000000000000000000, 0.000000000000000000 ) ) ;
#1823 = EDGE_LOOP ( 'NONE', ( #2844, #760, #737, #1763 ) ) ;
#1824 = ORIENTED_EDGE ( 'NONE', *, *, #1425, .T. ) ;
#1825 = DIRECTION ( 'NONE',  ( 1.000000000000000000, 0.000000000000000000, -0.000000000000000000 ) ) ;
#1826 = AXIS2_PLACEMENT_3D ( 'NONE', #2992, #2671, #1677 ) ;
#1827 = CARTESIAN_POINT ( 'NONE',  ( 4.592425496802572370E-17, 0.8750000000000012212, -7.750000000000000000 ) ) ;
#1828 = AXIS2_PLACEMENT_3D ( 'NONE', #2185, #3354, #1708 ) ;
#1829 = DIRECTION ( 'NONE',  ( 0.000000000000000000, 0.000000000000000000, -1.000000000000000000 ) ) ;
#1830 = ORIENTED_EDGE ( 'NONE', *, *, #1976, .F. ) ;
#1831 = CIRCLE ( 'NONE', #2904, 0.3750000000000002220 ) ;
#1832 = DIRECTION ( 'NONE',  ( 0.7071067811865722197, 6.029576886492737254E-15, 0.7071067811865227037 ) ) ;
#1833 = CIRCLE ( 'NONE', #2517, 0.4950000000000000511 ) ;
#1834 = CARTESIAN_POINT ( 'NONE',  ( 4.468750000000000888, 0.000000000000000000, -8.375000000000000000 ) ) ;
#1835 = AXIS2_PLACEMENT_3D ( 'NONE', #2925, #816, #2646 ) ;
#1836 = CARTESIAN_POINT ( 'NONE',  ( 4.468750000000000888, 0.4999995669291338873, -8.375000000000000000 ) ) ;
#1837 = CARTESIAN_POINT ( 'NONE',  ( -4.468750000000000888, 0.8750000000000009992, -7.374999783464565972 ) ) ;
#1838 = ORIENTED_EDGE ( 'NONE', *, *, #1976, .T. ) ;
#1839 = DIRECTION ( 'NONE',  ( -0.000000000000000000, -1.000000000000000000, -0.000000000000000000 ) ) ;
#1840 = ORIENTED_EDGE ( 'NONE', *, *, #3309, .F. ) ;
#1841 = FACE_OUTER_BOUND ( 'NONE', #2963, .T. ) ;
#1842 = VERTEX_POINT ( 'NONE', #1871 ) ;
#1843 = ORIENTED_EDGE ( 'NONE', *, *, #1090, .F. ) ;
#1844 = LINE ( 'NONE', #251, #457 ) ;
#1845 = ADVANCED_FACE ( 'NONE', ( #2947 ), #762, .F. ) ;
#1846 = CARTESIAN_POINT ( 'NONE',  ( -1.625000000000001332, 0.8750000000000012212, -8.125000000000001776 ) ) ;
#1847 = DIRECTION ( 'NONE',  ( -0.000000000000000000, -1.000000000000000000, -0.000000000000000000 ) ) ;
#1848 = CARTESIAN_POINT ( 'NONE',  ( -4.468750000000000000, 0.8750000000000009992, 5.875000000000000000 ) ) ;
#1849 = VERTEX_POINT ( 'NONE', #2628 ) ;
#1850 = EDGE_CURVE ( 'NONE', #2212, #598, #348, .T. ) ;
#1851 = FACE_BOUND ( 'NONE', #3122, .T. ) ;
#1852 = FACE_OUTER_BOUND ( 'NONE', #1682, .T. ) ;
#1853 = ADVANCED_FACE ( 'NONE', ( #3244 ), #856, .F. ) ;
#1854 = CARTESIAN_POINT ( 'NONE',  ( -4.468750000000000888, 0.8750000000000009992, -6.875000216535434028 ) ) ;
#1855 = ORIENTED_EDGE ( 'NONE', *, *, #1520, .T. ) ;
#1856 = CARTESIAN_POINT ( 'NONE',  ( -4.468750000000000000, 1.024442997624098584E-16, -1.406249648129921148 ) ) ;
#1857 = EDGE_LOOP ( 'NONE', ( #86, #1159, #2391, #2065 ) ) ;
#1858 = VECTOR ( 'NONE', #2100, 39.37007874015748143 ) ;
#1859 = DIRECTION ( 'NONE',  ( -0.000000000000000000, -1.000000000000000000, -0.000000000000000000 ) ) ;
#1860 = EDGE_CURVE ( 'NONE', #120, #2197, #1941, .T. ) ;
#1861 = ORIENTED_EDGE ( 'NONE', *, *, #2113, .T. ) ;
#1862 = ORIENTED_EDGE ( 'NONE', *, *, #1364, .T. ) ;
#1863 = DIRECTION ( 'NONE',  ( 1.000000000000000000, 0.000000000000000000, 0.000000000000000000 ) ) ;
#1864 = AXIS2_PLACEMENT_3D ( 'NONE', #2755, #81, #1411 ) ;
#1865 = FACE_OUTER_BOUND ( 'NONE', #544, .T. ) ;
#1866 = FACE_OUTER_BOUND ( 'NONE', #2632, .T. ) ;
#1867 = AXIS2_PLACEMENT_3D ( 'NONE', #3208, #842, #1290 ) ;
#1868 = CARTESIAN_POINT ( 'NONE',  ( 0.000000000000000000, 2.237929876409764429E-12, -8.620000000000000995 ) ) ;
#1869 = VERTEX_POINT ( 'NONE', #1681 ) ;
#1870 = CARTESIAN_POINT ( 'NONE',  ( -4.468749999999999112, 3.414809992080329023E-17, 7.374999783464567749 ) ) ;
#1871 = CARTESIAN_POINT ( 'NONE',  ( 4.468750000000000000, 0.4999995669268960108, 1.265599769952756359 ) ) ;
#1872 = VERTEX_POINT ( 'NONE', #2753 ) ;
#1873 = CARTESIAN_POINT ( 'NONE',  ( 1.624999999999999112, 2.237929876409764429E-12, -7.630000000000001670 ) ) ;
#1874 = CARTESIAN_POINT ( 'NONE',  ( -5.406250000000000000, 0.8750000000000012212, 8.968750000000000000 ) ) ;
#1875 = ORIENTED_EDGE ( 'NONE', *, *, #1214, .F. ) ;
#1876 = AXIS2_PLACEMENT_3D ( 'NONE', #2411, #1319, #1084 ) ;
#1877 = CARTESIAN_POINT ( 'NONE',  ( 1.624999999999999112, 2.237929876409764429E-12, -8.125000000000001776 ) ) ;
#1878 = VERTEX_POINT ( 'NONE', #1158 ) ;
#1879 = EDGE_LOOP ( 'NONE', ( #1399, #3129 ) ) ;
#1880 = DIRECTION ( 'NONE',  ( -0.000000000000000000, -1.000000000000000000, -0.000000000000000000 ) ) ;
#1881 = AXIS2_PLACEMENT_3D ( 'NONE', #956, #2314, #1744 ) ;
#1882 = CIRCLE ( 'NONE', #834, 0.4950000000000000511 ) ;
#1883 = CARTESIAN_POINT ( 'NONE',  ( -4.468750000000000888, 0.000000000000000000, -8.640599769952755693 ) ) ;
#1884 = DIRECTION ( 'NONE',  ( -0.000000000000000000, -1.000000000000000000, -0.000000000000000000 ) ) ;
#1885 = ORIENTED_EDGE ( 'NONE', *, *, #420, .F. ) ;
#1886 = ADVANCED_FACE ( 'NONE', ( #3261, #2174 ), #349, .T. ) ;
#1887 = CARTESIAN_POINT ( 'NONE',  ( -4.468750000000000000, 0.8750000000000009992, -5.609400230047243419 ) ) ;
#1888 = CARTESIAN_POINT ( 'NONE',  ( -4.468750000000000000, 0.4999995669291338873, -1.000000000000000000 ) ) ;
#1889 = ORIENTED_EDGE ( 'NONE', *, *, #2811, .F. ) ;
#1890 = CARTESIAN_POINT ( 'NONE',  ( -1.625000000000001332, 0.1875000000000000278, -7.630000000000001670 ) ) ;
#1891 = AXIS2_PLACEMENT_3D ( 'NONE', #1877, #3210, #1581 ) ;
#1892 = CIRCLE ( 'NONE', #1501, 0.2655997699527561928 ) ;
#1893 = FACE_OUTER_BOUND ( 'NONE', #824, .T. ) ;
#1894 = ORIENTED_EDGE ( 'NONE', *, *, #211, .F. ) ;
#1895 = AXIS2_PLACEMENT_3D ( 'NONE', #2566, #3341, #1202 ) ;
#1896 = DIRECTION ( 'NONE',  ( 1.130419859447281561E-16, 1.000000000000000000, -0.000000000000000000 ) ) ;
#1897 = ORIENTED_EDGE ( 'NONE', *, *, #666, .F. ) ;
#1898 = VERTEX_POINT ( 'NONE', #2768 ) ;
#1899 = DIRECTION ( 'NONE',  ( -0.000000000000000000, -1.000000000000000000, -0.000000000000000000 ) ) ;
#1900 = CC_DESIGN_APPROVAL ( #676, ( #2764 ) ) ;
#1901 = DIRECTION ( 'NONE',  ( -0.000000000000000000, -1.000000000000000000, -0.000000000000000000 ) ) ;
#1902 = EDGE_CURVE ( 'NONE', #314, #2440, #24, .T. ) ;
#1903 = CARTESIAN_POINT ( 'NONE',  ( -1.624999999999998890, 0.1875000000022379321, 8.619999999999999218 ) ) ;
#1904 = ADVANCED_FACE ( 'NONE', ( #2997 ), #1426, .F. ) ;
#1905 = FACE_OUTER_BOUND ( 'NONE', #3239, .T. ) ;
#1906 = DIRECTION ( 'NONE',  ( -1.000000000000000000, 1.248844797103661608E-15, 0.000000000000000000 ) ) ;
#1907 = ORIENTED_EDGE ( 'NONE', *, *, #1232, .F. ) ;
#1908 = CARTESIAN_POINT ( 'NONE',  ( 5.406249999999997335, 0.8750000000000012212, -9.000000000000000000 ) ) ;
#1909 = EDGE_CURVE ( 'NONE', #2416, #1034, #1171, .T. ) ;
#1910 = ORIENTED_EDGE ( 'NONE', *, *, #1739, .T. ) ;
#1911 = CARTESIAN_POINT ( 'NONE',  ( 5.437499999999999112, 0.03125000000000052042, 8.968750000000000000 ) ) ;
#1912 = CARTESIAN_POINT ( 'NONE',  ( -5.406250000000000000, 0.8750000000000012212, -8.968750000000000000 ) ) ;
#1913 = ORIENTED_EDGE ( 'NONE', *, *, #3358, .T. ) ;
#1914 = EDGE_LOOP ( 'NONE', ( #407, #12 ) ) ;
#1915 = CYLINDRICAL_SURFACE ( 'NONE', #2317, 0.4062496481299211482 ) ;
#1916 = VECTOR ( 'NONE', #151, 39.37007874015748143 ) ;
#1917 = ORIENTED_EDGE ( 'NONE', *, *, #854, .F. ) ;
#1918 = CARTESIAN_POINT ( 'NONE',  ( -4.468750000000000000, 0.000000000000000000, 5.609400230047243419 ) ) ;
#1919 = VECTOR ( 'NONE', #2112, 39.37007874015748143 ) ;
#1920 = DIRECTION ( 'NONE',  ( 0.000000000000000000, 0.000000000000000000, -1.000000000000000000 ) ) ;
#1921 = DIRECTION ( 'NONE',  ( -0.000000000000000000, -1.000000000000000000, -0.000000000000000000 ) ) ;
#1922 = DIRECTION ( 'NONE',  ( 1.000000000000000000, 0.000000000000000000, 0.000000000000000000 ) ) ;
#1923 = ORIENTED_EDGE ( 'NONE', *, *, #1483, .F. ) ;
#1924 = CARTESIAN_POINT ( 'NONE',  ( 5.437499999999999112, 0.8437499999999996669, -8.968750000000000000 ) ) ;
#1925 = DIRECTION ( 'NONE',  ( -0.000000000000000000, -1.000000000000000000, -0.000000000000000000 ) ) ;
#1926 = ORIENTED_EDGE ( 'NONE', *, *, #1569, .T. ) ;
#1927 = ADVANCED_FACE ( 'NONE', ( #2222 ), #313, .T. ) ;
#1928 = CARTESIAN_POINT ( 'NONE',  ( 0.000000000000000000, 0.8750000000000012212, -8.125000000000000000 ) ) ;
#1929 = LINE ( 'NONE', #66, #2378 ) ;
#1930 = ORIENTED_EDGE ( 'NONE', *, *, #1548, .T. ) ;
#1931 = ORIENTED_EDGE ( 'NONE', *, *, #2437, .F. ) ;
#1932 = ADVANCED_FACE ( 'NONE', ( #125 ), #1663, .F. ) ;
#1933 = DIRECTION ( 'NONE',  ( -0.000000000000000000, -1.000000000000000000, -0.000000000000000000 ) ) ;
#1934 = CIRCLE ( 'NONE', #1987, 0.2655997699527561928 ) ;
#1935 = EDGE_LOOP ( 'NONE', ( #2496, #2303, #297, #1894 ) ) ;
#1936 = DIRECTION ( 'NONE',  ( -0.000000000000000000, -1.000000000000000000, -0.000000000000000000 ) ) ;
#1937 = AXIS2_PLACEMENT_3D ( 'NONE', #1325, #2161, #881 ) ;
#1938 = CIRCLE ( 'NONE', #2607, 0.4950000000000000511 ) ;
#1939 = DIRECTION ( 'NONE',  ( 0.000000000000000000, 0.000000000000000000, -1.000000000000000000 ) ) ;
#1940 = CARTESIAN_POINT ( 'NONE',  ( 4.468750000000000000, 0.8750000000000001110, -5.609400230047243419 ) ) ;
#1941 = LINE ( 'NONE', #1121, #2277 ) ;
#1942 = ORIENTED_EDGE ( 'NONE', *, *, #1212, .F. ) ;
#1943 = CARTESIAN_POINT ( 'NONE',  ( -5.421874999999999112, 0.8437500000000007772, 8.984375000000000000 ) ) ;
#1944 = CIRCLE ( 'NONE', #1999, 0.4950000000000000511 ) ;
#1945 = FACE_BOUND ( 'NONE', #1794, .T. ) ;
#1946 = CIRCLE ( 'NONE', #2390, 0.4950000000000000511 ) ;
#1947 = FACE_OUTER_BOUND ( 'NONE', #845, .T. ) ;
#1948 = ORIENTED_EDGE ( 'NONE', *, *, #52, .F. ) ;
#1949 = VERTEX_POINT ( 'NONE', #910 ) ;
#1950 = EDGE_CURVE ( 'NONE', #941, #2016, #959, .T. ) ;
#1951 = DIRECTION ( 'NONE',  ( 0.000000000000000000, 0.000000000000000000, -1.000000000000000000 ) ) ;
#1952 = VERTEX_POINT ( 'NONE', #648 ) ;
#1953 = AXIS2_PLACEMENT_3D ( 'NONE', #3131, #1318, #498 ) ;
#1954 = FACE_OUTER_BOUND ( 'NONE', #1857, .T. ) ;
#1955 = CIRCLE ( 'NONE', #453, 0.2655997699527561928 ) ;
#1956 = EDGE_CURVE ( 'NONE', #110, #50, #1645, .T. ) ;
#1957 = EDGE_CURVE ( 'NONE', #1237, #3063, #1961, .T. ) ;
#1958 = DIRECTION ( 'NONE',  ( -0.000000000000000000, -1.000000000000000000, -0.000000000000000000 ) ) ;
#1959 = CARTESIAN_POINT ( 'NONE',  ( -4.468750000000000888, 0.4999995669291339428, -8.640599769952755693 ) ) ;
#1960 = AXIS2_PLACEMENT_3D ( 'NONE', #566, #1880, #1639 ) ;
#1961 = LINE ( 'NONE', #3034, #2742 ) ;
#1962 = EDGE_LOOP ( 'NONE', ( #267, #3402 ) ) ;
#1963 = CARTESIAN_POINT ( 'NONE',  ( 4.468750000000000000, 1.024442997624098584E-16, -6.281249648129921148 ) ) ;
#1964 = CIRCLE ( 'NONE', #1356, 0.4062496481299211482 ) ;
#1965 = CARTESIAN_POINT ( 'NONE',  ( 5.406249999999998224, 0.000000000000000000, 9.000000000000000000 ) ) ;
#1966 = CARTESIAN_POINT ( 'NONE',  ( -1.625000000000001332, 0.8750000000000012212, -7.750000000000000888 ) ) ;
#1967 = EDGE_LOOP ( 'NONE', ( #1654, #2593 ) ) ;
#1968 = EDGE_LOOP ( 'NONE', ( #3229, #2399 ) ) ;
#1969 = DIRECTION ( 'NONE',  ( 0.7071067811865597852, 6.277384306362437202E-15, -0.7071067811865351382 ) ) ;
#1970 = ORIENTED_EDGE ( 'NONE', *, *, #2629, .T. ) ;
#1971 = ADVANCED_FACE ( 'NONE', ( #94 ), #2713, .F. ) ;
#1972 = CARTESIAN_POINT ( 'NONE',  ( 4.468750000000000000, 0.4999995669291338873, -5.468750351870078852 ) ) ;
#1973 = VECTOR ( 'NONE', #3339, 39.37007874015748143 ) ;
#1974 = CARTESIAN_POINT ( 'NONE',  ( -5.406250000000000000, 0.03125000000000024980, -9.000000000000000000 ) ) ;
#1975 = CARTESIAN_POINT ( 'NONE',  ( -4.468750000000000000, 0.000000000000000000, 8.781249648129922036 ) ) ;
#1976 = EDGE_CURVE ( 'NONE', #1621, #46, #2622, .T. ) ;
#1977 = CARTESIAN_POINT ( 'NONE',  ( -4.468749999999999112, 0.8750000000000009992, 7.125000000000000000 ) ) ;
#1978 = VERTEX_POINT ( 'NONE', #329 ) ;
#1979 = FACE_BOUND ( 'NONE', #2089, .T. ) ;
#1980 = CARTESIAN_POINT ( 'NONE',  ( 1.625000000000001332, 0.8750000000000012212, 7.749999999999999112 ) ) ;
#1981 = EDGE_LOOP ( 'NONE', ( #989, #2463 ) ) ;
#1982 = CARTESIAN_POINT ( 'NONE',  ( -4.468750000000000000, 0.000000000000000000, 5.468750351870078852 ) ) ;
#1983 = ORIENTED_EDGE ( 'NONE', *, *, #576, .T. ) ;
#1984 = DIRECTION ( 'NONE',  ( -0.000000000000000000, -1.000000000000000000, -0.000000000000000000 ) ) ;
#1985 = AXIS2_PLACEMENT_3D ( 'NONE', #1752, #145, #3078 ) ;
#1986 = ADVANCED_FACE ( 'NONE', ( #1389 ), #2452, .F. ) ;
#1987 = AXIS2_PLACEMENT_3D ( 'NONE', #1057, #3422, #2111 ) ;
#1988 = CARTESIAN_POINT ( 'NONE',  ( 4.468750000000000000, 0.4999995669291338873, -5.875000000000000000 ) ) ;
#1989 = VECTOR ( 'NONE', #1958, 39.37007874015748143 ) ;
#1990 = DIRECTION ( 'NONE',  ( 0.000000000000000000, -0.000000000000000000, 1.000000000000000000 ) ) ;
#1991 = EDGE_LOOP ( 'NONE', ( #2682, #926, #892, #3232 ) ) ;
#1992 = APPROVAL_ROLE ( '' ) ;
#1993 = ADVANCED_FACE ( 'NONE', ( #1460 ), #707, .F. ) ;
#1994 = CARTESIAN_POINT ( 'NONE',  ( -5.437499999999999112, 0.8437500000000006661, 9.000000000000000000 ) ) ;
#1995 = AXIS2_PLACEMENT_3D ( 'NONE', #3265, #63, #1393 ) ;
#1996 = DIRECTION ( 'NONE',  ( -0.000000000000000000, -1.000000000000000000, -0.000000000000000000 ) ) ;
#1997 = ORIENTED_EDGE ( 'NONE', *, *, #827, .T. ) ;
#1998 = CARTESIAN_POINT ( 'NONE',  ( 4.468750000000000000, 0.4999995669268959553, 0.5937503518700790739 ) ) ;
#1999 = AXIS2_PLACEMENT_3D ( 'NONE', #3324, #1167, #2002 ) ;
#2000 = EDGE_LOOP ( 'NONE', ( #1767, #1164, #1262, #3437 ) ) ;
#2001 = EDGE_CURVE ( 'NONE', #3332, #50, #1505, .T. ) ;
#2002 = DIRECTION ( 'NONE',  ( 0.000000000000000000, 0.000000000000000000, -1.000000000000000000 ) ) ;
#2003 = VECTOR ( 'NONE', #844, 39.37007874015748143 ) ;
#2004 = VECTOR ( 'NONE', #1218, 39.37007874015748143 ) ;
#2005 = EDGE_CURVE ( 'NONE', #2638, #1274, #182, .T. ) ;
#2006 = AXIS2_PLACEMENT_3D ( 'NONE', #3413, #1595, #800 ) ;
#2007 = CARTESIAN_POINT ( 'NONE',  ( 5.406249999999998224, 0.8750000000000000000, 9.000000000000000000 ) ) ;
#2008 = CARTESIAN_POINT ( 'NONE',  ( 4.468750000000000000, 0.4999995669291339428, 8.375000000000000000 ) ) ;
#2009 = EDGE_CURVE ( 'NONE', #2717, #1803, #1955, .T. ) ;
#2010 = ORIENTED_EDGE ( 'NONE', *, *, #936, .T. ) ;
#2011 = PERSON_AND_ORGANIZATION_ROLE ( 'creator' ) ;
#2012 = CARTESIAN_POINT ( 'NONE',  ( -1.624999999999998890, 0.1875000000022379321, 8.125000000000000000 ) ) ;
#2013 = CARTESIAN_POINT ( 'NONE',  ( 4.468750000000000000, -2.237929876409764429E-12, 1.000000000000000222 ) ) ;
#2014 = EDGE_LOOP ( 'NONE', ( #116, #1210, #103, #1351 ) ) ;
#2015 = DIRECTION ( 'NONE',  ( 0.000000000000000000, 0.000000000000000000, -1.000000000000000000 ) ) ;
#2016 = VERTEX_POINT ( 'NONE', #462 ) ;
#2017 = CYLINDRICAL_SURFACE ( 'NONE', #445, 0.2499997834645662775 ) ;
#2018 = DIRECTION ( 'NONE',  ( -0.000000000000000000, -1.000000000000000000, -0.000000000000000000 ) ) ;
#2019 = AXIS2_PLACEMENT_3D ( 'NONE', #954, #2237, #1713 ) ;
#2020 = EDGE_LOOP ( 'NONE', ( #2313, #183, #2522, #471 ) ) ;
#2021 = CARTESIAN_POINT ( 'NONE',  ( 4.468750000000000000, -2.237929876409764429E-12, 1.265599769952756137 ) ) ;
#2022 = ORIENTED_EDGE ( 'NONE', *, *, #1036, .F. ) ;
#2023 =( NAMED_UNIT ( * ) PLANE_ANGLE_UNIT ( ) SI_UNIT ( $, .RADIAN. ) );
#2024 = AXIS2_PLACEMENT_3D ( 'NONE', #1303, #1815, #504 ) ;
#2025 = DIRECTION ( 'NONE',  ( 1.130419859447281561E-16, 1.000000000000000000, -0.000000000000000000 ) ) ;
#2026 = CYLINDRICAL_SURFACE ( 'NONE', #18, 0.3750000000000002220 ) ;
#2027 = ORIENTED_EDGE ( 'NONE', *, *, #460, .F. ) ;
#2028 = DIRECTION ( 'NONE',  ( -0.000000000000000000, -1.000000000000000000, -0.000000000000000000 ) ) ;
#2029 = EDGE_CURVE ( 'NONE', #314, #1842, #2550, .T. ) ;
#2030 = ORIENTED_EDGE ( 'NONE', *, *, #3401, .F. ) ;
#2031 = AXIS2_PLACEMENT_3D ( 'NONE', #1908, #2176, #2193 ) ;
#2032 = PLANE ( 'NONE',  #1817 ) ;
#2033 = ORIENTED_EDGE ( 'NONE', *, *, #854, .T. ) ;
#2034 = CARTESIAN_POINT ( 'NONE',  ( 1.624999999999999112, 0.1875000000022379321, -8.125000000000001776 ) ) ;
#2035 = DIRECTION ( 'NONE',  ( -0.000000000000000000, -1.000000000000000000, -0.000000000000000000 ) ) ;
#2036 = VECTOR ( 'NONE', #2819, 39.37007874015748143 ) ;
#2037 = ORIENTED_EDGE ( 'NONE', *, *, #1383, .F. ) ;
#2038 = CARTESIAN_POINT ( 'NONE',  ( 4.468750000000000888, 0.000000000000000000, -7.125000000000000000 ) ) ;
#2039 = ORIENTED_EDGE ( 'NONE', *, *, #2938, .T. ) ;
#2040 = PERSON_AND_ORGANIZATION ( #898, #2484 ) ;
#2041 = VECTOR ( 'NONE', #2464, 39.37007874015748143 ) ;
#2042 = LINE ( 'NONE', #747, #728 ) ;
#2043 = DIRECTION ( 'NONE',  ( 0.000000000000000000, -0.7071067811865460184, -0.7071067811865490160 ) ) ;
#2044 = VERTEX_POINT ( 'NONE', #399 ) ;
#2045 = DIRECTION ( 'NONE',  ( 0.000000000000000000, 0.000000000000000000, -1.000000000000000000 ) ) ;
#2046 = EDGE_LOOP ( 'NONE', ( #806, #2758, #586, #554 ) ) ;
#2047 = CARTESIAN_POINT ( 'NONE',  ( -4.468750000000000000, 0.4999995669291339428, -5.875000000000000000 ) ) ;
#2048 = ADVANCED_FACE ( 'NONE', ( #1758 ), #2832, .T. ) ;
#2049 = ORIENTED_EDGE ( 'NONE', *, *, #583, .T. ) ;
#2050 = EDGE_CURVE ( 'NONE', #2061, #3144, #2583, .T. ) ;
#2051 = FACE_OUTER_BOUND ( 'NONE', #2991, .T. ) ;
#2052 = EDGE_CURVE ( 'NONE', #2898, #490, #3403, .T. ) ;
#2053 = AXIS2_PLACEMENT_3D ( 'NONE', #1704, #2773, #391 ) ;
#2054 = LINE ( 'NONE', #254, #1249 ) ;
#2055 = AXIS2_PLACEMENT_3D ( 'NONE', #2467, #3013, #1939 ) ;
#2056 = ADVANCED_FACE ( 'NONE', ( #167 ), #197, .F. ) ;
#2057 = VECTOR ( 'NONE', #1285, 39.37007874015748143 ) ;
#2058 = AXIS2_PLACEMENT_3D ( 'NONE', #3260, #3277, #591 ) ;
#2059 = EDGE_LOOP ( 'NONE', ( #1122, #2893 ) ) ;
#2060 = DIRECTION ( 'NONE',  ( 0.000000000000000000, 0.000000000000000000, -1.000000000000000000 ) ) ;
#2061 = VERTEX_POINT ( 'NONE', #2293 ) ;
#2062 = FACE_OUTER_BOUND ( 'NONE', #823, .T. ) ;
#2063 = CARTESIAN_POINT ( 'NONE',  ( 4.468750000000000000, 0.4999995669291339428, 8.375000000000000000 ) ) ;
#2064 = DIRECTION ( 'NONE',  ( 0.000000000000000000, -1.000000000000000000, 0.000000000000000000 ) ) ;
#2065 = ORIENTED_EDGE ( 'NONE', *, *, #1364, .F. ) ;
#2066 = DIRECTION ( 'NONE',  ( -0.000000000000000000, -1.000000000000000000, -0.000000000000000000 ) ) ;
#2067 = AXIS2_PLACEMENT_3D ( 'NONE', #1655, #2775, #1402 ) ;
#2068 = VERTEX_POINT ( 'NONE', #1215 ) ;
#2069 = CIRCLE ( 'NONE', #581, 0.2499997834645673878 ) ;
#2070 = DIRECTION ( 'NONE',  ( -0.000000000000000000, -1.000000000000000000, -0.000000000000000000 ) ) ;
#2071 = ORIENTED_EDGE ( 'NONE', *, *, #3139, .T. ) ;
#2072 = EDGE_CURVE ( 'NONE', #2044, #3359, #3128, .T. ) ;
#2073 = CARTESIAN_POINT ( 'NONE',  ( 4.468750000000000000, 0.4999995669291339428, -5.875000000000000000 ) ) ;
#2074 = DIRECTION ( 'NONE',  ( 0.000000000000000000, 0.000000000000000000, -1.000000000000000000 ) ) ;
#2075 = ORIENTED_EDGE ( 'NONE', *, *, #777, .F. ) ;
#2076 = FACE_OUTER_BOUND ( 'NONE', #35, .T. ) ;
#2077 = ORIENTED_EDGE ( 'NONE', *, *, #364, .F. ) ;
#2078 = EDGE_CURVE ( 'NONE', #979, #3359, #670, .T. ) ;
#2079 = DIRECTION ( 'NONE',  ( -0.000000000000000000, -1.000000000000000000, -0.000000000000000000 ) ) ;
#2080 = DIRECTION ( 'NONE',  ( 0.000000000000000000, 0.000000000000000000, -1.000000000000000000 ) ) ;
#2081 = AXIS2_PLACEMENT_3D ( 'NONE', #2910, #2951, #818 ) ;
#2082 = CARTESIAN_POINT ( 'NONE',  ( 0.000000000000000000, 0.8750000000000012212, 8.125000000000000000 ) ) ;
#2083 = DIRECTION ( 'NONE',  ( 0.000000000000000000, 0.000000000000000000, -1.000000000000000000 ) ) ;
#2084 = ORIENTED_EDGE ( 'NONE', *, *, #2410, .F. ) ;
#2085 = DIRECTION ( 'NONE',  ( 1.130419859447281561E-16, 1.000000000000000000, -0.000000000000000000 ) ) ;
#2086 = EDGE_LOOP ( 'NONE', ( #356, #9 ) ) ;
#2087 = CARTESIAN_POINT ( 'NONE',  ( 1.624999999999999112, 0.8750000000000012212, -8.125000000000001776 ) ) ;
#2088 = ORIENTED_EDGE ( 'NONE', *, *, #2260, .F. ) ;
#2089 = EDGE_LOOP ( 'NONE', ( #304, #1030 ) ) ;
#2090 = FACE_OUTER_BOUND ( 'NONE', #3194, .T. ) ;
#2091 = CYLINDRICAL_SURFACE ( 'NONE', #1307, 0.4062496481299211482 ) ;
#2092 = EDGE_CURVE ( 'NONE', #2769, #1132, #2886, .T. ) ;
#2093 = CARTESIAN_POINT ( 'NONE',  ( -4.468750000000000888, 0.000000000000000000, -8.375000000000000000 ) ) ;
#2094 = ORIENTED_EDGE ( 'NONE', *, *, #514, .F. ) ;
#2095 = DIRECTION ( 'NONE',  ( -0.000000000000000000, -1.000000000000000000, -0.000000000000000000 ) ) ;
#2096 = CIRCLE ( 'NONE', #2662, 0.2655997699527556377 ) ;
#2097 = DIRECTION ( 'NONE',  ( 0.000000000000000000, 0.000000000000000000, -1.000000000000000000 ) ) ;
#2098 = CARTESIAN_POINT ( 'NONE',  ( 1.624999999999999112, 0.1875000000022379321, -8.620000000000000995 ) ) ;
#2099 = ADVANCED_FACE ( 'NONE', ( #695 ), #2815, .F. ) ;
#2100 = DIRECTION ( 'NONE',  ( -0.000000000000000000, -1.000000000000000000, -0.000000000000000000 ) ) ;
#2101 = DIRECTION ( 'NONE',  ( 0.000000000000000000, 0.000000000000000000, -1.000000000000000000 ) ) ;
#2102 = VECTOR ( 'NONE', #2196, 39.37007874015748143 ) ;
#2103 = DIRECTION ( 'NONE',  ( 0.000000000000000000, 0.000000000000000000, 1.000000000000000000 ) ) ;
#2104 = VECTOR ( 'NONE', #3200, 39.37007874015748143 ) ;
#2105 = VERTEX_POINT ( 'NONE', #1261 ) ;
#2106 = LINE ( 'NONE', #753, #772 ) ;
#2107 = ORIENTED_EDGE ( 'NONE', *, *, #1090, .T. ) ;
#2108 = ORIENTED_EDGE ( 'NONE', *, *, #2092, .T. ) ;
#2109 = DIRECTION ( 'NONE',  ( 1.130419859447281561E-16, 1.000000000000000000, -0.000000000000000000 ) ) ;
#2110 = ADVANCED_FACE ( 'Face13', ( #2850 ), #2784, .T. ) ;
#2111 = DIRECTION ( 'NONE',  ( 1.000000000000000000, 0.000000000000000000, 0.000000000000000000 ) ) ;
#2112 = DIRECTION ( 'NONE',  ( -0.000000000000000000, -1.000000000000000000, -0.000000000000000000 ) ) ;
#2113 = EDGE_CURVE ( 'NONE', #1032, #110, #2501, .T. ) ;
#2114 = CIRCLE ( 'NONE', #624, 0.2655997699527561928 ) ;
#2115 = CARTESIAN_POINT ( 'NONE',  ( -5.437499999999999112, 0.8750000000000012212, -9.000000000000000000 ) ) ;
#2116 = CIRCLE ( 'NONE', #2053, 0.4950000000000000511 ) ;
#2117 = ORIENTED_EDGE ( 'NONE', *, *, #3427, .T. ) ;
#2118 = VECTOR ( 'NONE', #2923, 39.37007874015748143 ) ;
#2119 = CARTESIAN_POINT ( 'NONE',  ( 0.000000000000000000, 0.8750000000000012212, -8.500000000000000000 ) ) ;
#2120 = AXIS2_PLACEMENT_3D ( 'NONE', #2173, #1137, #2152 ) ;
#2121 = ADVANCED_FACE ( 'NONE', ( #427, #2279 ), #3096, .T. ) ;
#2122 = CARTESIAN_POINT ( 'NONE',  ( -4.468749999999999112, 0.000000000000000000, 6.875000216535434028 ) ) ;
#2123 = VECTOR ( 'NONE', #925, 39.37007874015748143 ) ;
#2124 = FACE_OUTER_BOUND ( 'NONE', #1664, .T. ) ;
#2125 = ORIENTED_EDGE ( 'NONE', *, *, #2996, .F. ) ;
#2126 = CARTESIAN_POINT ( 'NONE',  ( -1.624999999999998890, 0.8750000000000012212, 7.749999999999999112 ) ) ;
#2127 = ORIENTED_EDGE ( 'NONE', *, *, #2423, .T. ) ;
#2128 = LINE ( 'NONE', #2987, #610 ) ;
#2129 = VERTEX_POINT ( 'NONE', #2882 ) ;
#2130 = EDGE_LOOP ( 'NONE', ( #1321, #1722 ) ) ;
#2131 = DIRECTION ( 'NONE',  ( -0.000000000000000000, -1.000000000000000000, -0.000000000000000000 ) ) ;
#2132 = DIRECTION ( 'NONE',  ( 1.130419859447281561E-16, 1.000000000000000000, -0.000000000000000000 ) ) ;
#2133 = CARTESIAN_POINT ( 'NONE',  ( 5.437499999999999112, 0.8437499999999996669, 8.968750000000000000 ) ) ;
#2134 = CIRCLE ( 'NONE', #645, 0.4950000000000000511 ) ;
#2135 = CARTESIAN_POINT ( 'NONE',  ( -4.468750000000000000, 0.4999995669291338873, 6.281249648129921148 ) ) ;
#2136 = ORIENTED_EDGE ( 'NONE', *, *, #2938, .F. ) ;
#2137 = DIRECTION ( 'NONE',  ( 0.000000000000000000, 0.000000000000000000, -1.000000000000000000 ) ) ;
#2138 = FACE_BOUND ( 'NONE', #507, .T. ) ;
#2139 = CYLINDRICAL_SURFACE ( 'NONE', #1366, 0.2655997699527561928 ) ;
#2140 = CYLINDRICAL_SURFACE ( 'NONE', #1867, 0.4950000000000000511 ) ;
#2141 = ORIENTED_EDGE ( 'NONE', *, *, #1425, .F. ) ;
#2142 = CIRCLE ( 'NONE', #870, 0.2655997699527561928 ) ;
#2143 = DIRECTION ( 'NONE',  ( -0.000000000000000000, -1.000000000000000000, -0.000000000000000000 ) ) ;
#2144 = EDGE_LOOP ( 'NONE', ( #2874, #2702 ) ) ;
#2145 = EDGE_LOOP ( 'NONE', ( #2777, #1002 ) ) ;
#2146 = PLANE ( 'NONE',  #578 ) ;
#2147 = EDGE_CURVE ( 'NONE', #1707, #785, #2642, .T. ) ;
#2148 = CARTESIAN_POINT ( 'NONE',  ( 4.468750000000000888, 0.000000000000000000, -6.875000216535434028 ) ) ;
#2149 = VECTOR ( 'NONE', #2103, 39.37007874015748143 ) ;
#2150 = CARTESIAN_POINT ( 'NONE',  ( -1.625000000000001332, 0.1875000000000000278, -8.620000000000000995 ) ) ;
#2151 = ORIENTED_EDGE ( 'NONE', *, *, #2260, .T. ) ;
#2152 = DIRECTION ( 'NONE',  ( 1.000000000000000000, -1.130419859447281561E-16, 0.000000000000000000 ) ) ;
#2153 = DIRECTION ( 'NONE',  ( 0.000000000000000000, 0.000000000000000000, -1.000000000000000000 ) ) ;
#2154 = EDGE_LOOP ( 'NONE', ( #3365, #60 ) ) ;
#2155 = CIRCLE ( 'NONE', #663, 0.4062496481299211482 ) ;
#2156 = CARTESIAN_POINT ( 'NONE',  ( -1.625000000000001332, 0.000000000000000000, -8.620000000000000995 ) ) ;
#2157 = LINE ( 'NONE', #543, #1590 ) ;
#2158 = VERTEX_POINT ( 'NONE', #2407 ) ;
#2159 = EDGE_CURVE ( 'NONE', #1592, #3379, #1938, .T. ) ;
#2160 = CIRCLE ( 'NONE', #2602, 0.2655997699527561928 ) ;
#2161 = DIRECTION ( 'NONE',  ( 0.000000000000000000, -1.000000000000000000, 0.000000000000000000 ) ) ;
#2162 = VERTEX_POINT ( 'NONE', #2351 ) ;
#2163 = ORIENTED_EDGE ( 'NONE', *, *, #666, .T. ) ;
#2164 = DIRECTION ( 'NONE',  ( 0.000000000000000000, -1.000000000000000000, 0.000000000000000000 ) ) ;
#2165 = VECTOR ( 'NONE', #1228, 39.37007874015748143 ) ;
#2166 = EDGE_CURVE ( 'NONE', #622, #3296, #3183, .T. ) ;
#2167 = LINE ( 'NONE', #2466, #3234 ) ;
#2168 = EDGE_CURVE ( 'NONE', #518, #1243, #759, .T. ) ;
#2169 = AXIS2_PLACEMENT_3D ( 'NONE', #360, #568, #886 ) ;
#2170 = DIRECTION ( 'NONE',  ( 0.000000000000000000, 0.000000000000000000, -1.000000000000000000 ) ) ;
#2171 = ORIENTED_EDGE ( 'NONE', *, *, #3190, .F. ) ;
#2172 = ADVANCED_FACE ( 'NONE', ( #3219 ), #1809, .T. ) ;
#2173 = CARTESIAN_POINT ( 'NONE',  ( 5.437499999999999112, 0.8750000000000000000, 9.000000000000000000 ) ) ;
#2174 = FACE_BOUND ( 'NONE', #2495, .T. ) ;
#2175 = ORIENTED_EDGE ( 'NONE', *, *, #2545, .F. ) ;
#2176 = DIRECTION ( 'NONE',  ( 0.7071067811865228148, 0.000000000000000000, -0.7071067811865722197 ) ) ;
#2177 = EDGE_LOOP ( 'NONE', ( #2516, #3411, #788, #1089 ) ) ;
#2178 = AXIS2_PLACEMENT_3D ( 'NONE', #1409, #664, #1715 ) ;
#2179 = DIRECTION ( 'NONE',  ( 0.000000000000000000, 0.000000000000000000, -1.000000000000000000 ) ) ;
#2180 = ORIENTED_EDGE ( 'NONE', *, *, #2009, .T. ) ;
#2181 = CARTESIAN_POINT ( 'NONE',  ( -4.468750000000000000, 0.000000000000000000, 5.875000000000000000 ) ) ;
#2182 = CARTESIAN_POINT ( 'NONE',  ( 4.468750000000000000, 0.4999995669291339428, 5.875000000000000000 ) ) ;
#2183 = UNCERTAINTY_MEASURE_WITH_UNIT (LENGTH_MEASURE( 1.000000000000000082E-05 ), #1123, 'distance_accuracy_value', 'NONE');
#2184 = VERTEX_POINT ( 'NONE', #1868 ) ;
#2185 = CARTESIAN_POINT ( 'NONE',  ( -4.468750000000000000, 1.024442997624098584E-16, 5.875000000000000000 ) ) ;
#2186 = DIRECTION ( 'NONE',  ( -0.000000000000000000, -1.000000000000000000, -0.000000000000000000 ) ) ;
#2187 = DIRECTION ( 'NONE',  ( 2.458616681009417095E-14, -0.7071067811865460184, -0.7071067811865490160 ) ) ;
#2188 = ADVANCED_FACE ( 'Face3', ( #797, #257 ), #1793, .T. ) ;
#2189 = DIRECTION ( 'NONE',  ( 0.000000000000000000, -1.000000000000000000, -0.000000000000000000 ) ) ;
#2190 = EDGE_CURVE ( 'NONE', #3271, #616, #1545, .T. ) ;
#2191 = ORIENTED_EDGE ( 'NONE', *, *, #1238, .T. ) ;
#2192 = FACE_OUTER_BOUND ( 'NONE', #2275, .T. ) ;
#2193 = DIRECTION ( 'NONE',  ( -0.7071067811865722197, 0.000000000000000000, -0.7071067811865228148 ) ) ;
#2194 = ORIENTED_EDGE ( 'NONE', *, *, #405, .T. ) ;
#2195 = CARTESIAN_POINT ( 'NONE',  ( -4.468750000000000888, 0.4999995669291339428, -8.375000000000000000 ) ) ;
#2196 = DIRECTION ( 'NONE',  ( 0.7071067811865335839, 0.7071067811865614505, 0.000000000000000000 ) ) ;
#2197 = VERTEX_POINT ( 'NONE', #2389 ) ;
#2198 = VERTEX_POINT ( 'NONE', #1608 ) ;
#2199 = CYLINDRICAL_SURFACE ( 'NONE', #3227, 0.2655997699527559153 ) ;
#2200 = ORIENTED_EDGE ( 'NONE', *, *, #324, .F. ) ;
#2201 = CARTESIAN_POINT ( 'NONE',  ( 1.625000000000001332, 0.1875000000022379321, 7.629999999999999005 ) ) ;
#2202 = APPROVAL_PERSON_ORGANIZATION ( #697, #676, #2295 ) ;
#2203 = DIRECTION ( 'NONE',  ( 1.000000000000000000, 0.000000000000000000, 0.000000000000000000 ) ) ;
#2204 = DIRECTION ( 'NONE',  ( 0.000000000000000000, 0.000000000000000000, -1.000000000000000000 ) ) ;
#2205 = DIRECTION ( 'NONE',  ( 0.000000000000000000, 0.000000000000000000, -1.000000000000000000 ) ) ;
#2206 = EDGE_CURVE ( 'NONE', #1602, #89, #774, .T. ) ;
#2207 = ORIENTED_EDGE ( 'NONE', *, *, #1245, .T. ) ;
#2208 = DIRECTION ( 'NONE',  ( -0.000000000000000000, -1.000000000000000000, -0.000000000000000000 ) ) ;
#2209 = CARTESIAN_POINT ( 'NONE',  ( -1.624999999999998890, 0.1875000000022379321, 8.125000000000000000 ) ) ;
#2210 = EDGE_CURVE ( 'NONE', #3025, #620, #3164, .T. ) ;
#2211 = CARTESIAN_POINT ( 'NONE',  ( -4.468750000000000888, 0.4999995669291338873, -8.375000000000000000 ) ) ;
#2212 = VERTEX_POINT ( 'NONE', #1041 ) ;
#2213 = ORIENTED_EDGE ( 'NONE', *, *, #1692, .F. ) ;
#2214 = EDGE_CURVE ( 'NONE', #3174, #1132, #1024, .T. ) ;
#2215 = CARTESIAN_POINT ( 'NONE',  ( -4.468750000000000000, 0.4999995669291339428, -5.875000000000000000 ) ) ;
#2216 = CIRCLE ( 'NONE', #711, 0.4062496481299211482 ) ;
#2217 = ORIENTED_EDGE ( 'NONE', *, *, #3103, .F. ) ;
#2218 = CARTESIAN_POINT ( 'NONE',  ( -4.468749999999999112, 0.8750000000000009992, 6.875000216535434028 ) ) ;
#2219 = VECTOR ( 'NONE', #88, 39.37007874015748143 ) ;
#2220 = LINE ( 'NONE', #888, #2392 ) ;
#2221 = FACE_BOUND ( 'NONE', #1150, .T. ) ;
#2222 = FACE_OUTER_BOUND ( 'NONE', #700, .T. ) ;
#2223 = EDGE_LOOP ( 'NONE', ( #1671, #2094, #284, #732 ) ) ;
#2224 = CYLINDRICAL_SURFACE ( 'NONE', #1747, 0.2655997699527561928 ) ;
#2225 = ADVANCED_FACE ( 'NONE', ( #2076 ), #3145, .F. ) ;
#2226 = FACE_BOUND ( 'NONE', #1332, .T. ) ;
#2227 = AXIS2_PLACEMENT_3D ( 'NONE', #1192, #947, #915 ) ;
#2228 = CYLINDRICAL_SURFACE ( 'NONE', #1499, 0.2655997699527561928 ) ;
#2229 = ORIENTED_EDGE ( 'NONE', *, *, #745, .T. ) ;
#2230 = AXIS2_PLACEMENT_3D ( 'NONE', #3004, #617, #1685 ) ;
#2231 = ORIENTED_EDGE ( 'NONE', *, *, #2718, .T. ) ;
#2232 = CARTESIAN_POINT ( 'NONE',  ( -4.468750000000000000, 0.000000000000000000, -1.000000000000000000 ) ) ;
#2233 = ORIENTED_EDGE ( 'NONE', *, *, #2214, .F. ) ;
#2234 = CARTESIAN_POINT ( 'NONE',  ( -4.468750000000000000, 1.024442997624098584E-16, -5.875000000000000000 ) ) ;
#2235 = EDGE_CURVE ( 'NONE', #2714, #1566, #1488, .T. ) ;
#2236 = CARTESIAN_POINT ( 'NONE',  ( 4.468750000000000000, -2.237929876409764429E-12, 1.000000000000000222 ) ) ;
#2237 = DIRECTION ( 'NONE',  ( 0.000000000000000000, -1.000000000000000000, 0.000000000000000000 ) ) ;
#2238 = VECTOR ( 'NONE', #2639, 39.37007874015748143 ) ;
#2239 = CARTESIAN_POINT ( 'NONE',  ( -5.437500000000000000, 0.000000000000000000, 9.000000000000000000 ) ) ;
#2240 = ORIENTED_EDGE ( 'NONE', *, *, #114, .F. ) ;
#2241 = APPROVAL_DATE_TIME ( #1230, #676 ) ;
#2242 = CIRCLE ( 'NONE', #3006, 0.2655997699527561928 ) ;
#2243 = DIRECTION ( 'NONE',  ( -0.7071067811865598962, -6.057332462108296748E-15, 0.7071067811865351382 ) ) ;
#2244 = CARTESIAN_POINT ( 'NONE',  ( 4.468750000000000000, -2.237929876409764429E-12, 1.406249648129921370 ) ) ;
#2245 = VERTEX_POINT ( 'NONE', #275 ) ;
#2246 = FACE_OUTER_BOUND ( 'NONE', #2345, .T. ) ;
#2247 = ADVANCED_FACE ( 'NONE', ( #2673 ), #1350, .F. ) ;
#2248 = VERTEX_POINT ( 'NONE', #2135 ) ;
#2249 = LINE ( 'NONE', #3081, #1787 ) ;
#2250 = ADVANCED_FACE ( 'NONE', ( #496 ), #1553, .F. ) ;
#2251 = AXIS2_PLACEMENT_3D ( 'NONE', #1988, #3067, #1471 ) ;
#2252 = DIRECTION ( 'NONE',  ( 0.000000000000000000, 0.000000000000000000, -1.000000000000000000 ) ) ;
#2253 = DIRECTION ( 'NONE',  ( 0.000000000000000000, 0.000000000000000000, -1.000000000000000000 ) ) ;
#2254 = EDGE_LOOP ( 'NONE', ( #779, #692, #1093, #1549 ) ) ;
#2255 = CALENDAR_DATE ( 2026, 29, 4 ) ;
#2256 = LINE ( 'NONE', #2608, #2621 ) ;
#2257 = DIRECTION ( 'NONE',  ( 0.000000000000000000, 0.000000000000000000, -1.000000000000000000 ) ) ;
#2258 = ORIENTED_EDGE ( 'NONE', *, *, #596, .F. ) ;
#2259 = CARTESIAN_POINT ( 'NONE',  ( -4.468750000000000000, 1.024442997624098584E-16, 8.375000000000000000 ) ) ;
#2260 = EDGE_CURVE ( 'NONE', #754, #2956, #2380, .T. ) ;
#2261 = ORIENTED_EDGE ( 'NONE', *, *, #529, .F. ) ;
#2262 = DIRECTION ( 'NONE',  ( 0.000000000000000000, 0.000000000000000000, -1.000000000000000000 ) ) ;
#2263 = EDGE_CURVE ( 'NONE', #2158, #512, #3065, .T. ) ;
#2264 = CIRCLE ( 'NONE', #1384, 0.4062496481299211482 ) ;
#2265 = DIRECTION ( 'NONE',  ( -0.000000000000000000, -1.000000000000000000, -0.000000000000000000 ) ) ;
#2266 = AXIS2_PLACEMENT_3D ( 'NONE', #2371, #536, #1829 ) ;
#2267 = DIRECTION ( 'NONE',  ( -0.000000000000000000, -1.000000000000000000, -0.000000000000000000 ) ) ;
#2268 = EDGE_LOOP ( 'NONE', ( #2289, #665 ) ) ;
#2269 = ADVANCED_FACE ( 'NONE', ( #871 ), #326, .F. ) ;
#2270 = CARTESIAN_POINT ( 'NONE',  ( 4.468750000000000000, 0.000000000000000000, 6.140599769952756581 ) ) ;
#2271 = DIRECTION ( 'NONE',  ( -0.000000000000000000, -1.000000000000000000, -0.000000000000000000 ) ) ;
#2272 = ORIENTED_EDGE ( 'NONE', *, *, #3002, .T. ) ;
#2273 = DIRECTION ( 'NONE',  ( 1.000000000000000000, 0.000000000000000000, 0.000000000000000000 ) ) ;
#2274 = AXIS2_PLACEMENT_3D ( 'NONE', #705, #2778, #1211 ) ;
#2275 = EDGE_LOOP ( 'NONE', ( #2669, #1526, #3019, #901 ) ) ;
#2276 = DIRECTION ( 'NONE',  ( -0.7071067811865497932, -0.7071067811865452413, 0.000000000000000000 ) ) ;
#2277 = VECTOR ( 'NONE', #1139, 39.37007874015748143 ) ;
#2278 = DIRECTION ( 'NONE',  ( 0.000000000000000000, 0.000000000000000000, -1.000000000000000000 ) ) ;
#2279 = FACE_BOUND ( 'NONE', #158, .T. ) ;
#2280 = ORIENTED_EDGE ( 'NONE', *, *, #2592, .F. ) ;
#2281 = APPLICATION_PROTOCOL_DEFINITION ( 'international standard', 'config_control_design', 1994, #2709 ) ;
#2282 = EDGE_CURVE ( 'NONE', #46, #1621, #2830, .T. ) ;
#2283 = FACE_OUTER_BOUND ( 'NONE', #469, .T. ) ;
#2284 = CYLINDRICAL_SURFACE ( 'NONE', #3222, 0.3750000000000002220 ) ;
#2285 = ORIENTED_EDGE ( 'NONE', *, *, #1023, .F. ) ;
#2286 = CARTESIAN_POINT ( 'NONE',  ( 4.468750000000000888, 1.024442997624098584E-16, -8.375000000000000000 ) ) ;
#2287 = ORIENTED_EDGE ( 'NONE', *, *, #3066, .F. ) ;
#2288 = CARTESIAN_POINT ( 'NONE',  ( 4.468750000000000000, 0.8750000000000001110, 8.640599769952755693 ) ) ;
#2289 = ORIENTED_EDGE ( 'NONE', *, *, #2367, .T. ) ;
#2290 = DIRECTION ( 'NONE',  ( -0.7071067811865474617, 6.798761961046014278E-15, -0.7071067811865474617 ) ) ;
#2291 = AXIS2_PLACEMENT_3D ( 'NONE', #2007, #2519, #2547 ) ;
#2292 = ORIENTED_EDGE ( 'NONE', *, *, #1275, .T. ) ;
#2293 = CARTESIAN_POINT ( 'NONE',  ( 5.406249999999997335, 0.03125000000000024980, -9.000000000000000000 ) ) ;
#2294 = EDGE_LOOP ( 'NONE', ( #2689, #2458 ) ) ;
#2295 = APPROVAL_ROLE ( '' ) ;
#2296 = VECTOR ( 'NONE', #2472, 39.37007874015748143 ) ;
#2297 = ADVANCED_FACE ( 'NONE', ( #1661 ), #1679, .F. ) ;
#2298 = DIRECTION ( 'NONE',  ( -0.000000000000000000, -1.000000000000000000, -0.000000000000000000 ) ) ;
#2299 = DIRECTION ( 'NONE',  ( 0.000000000000000000, -1.000000000000000000, 0.000000000000000000 ) ) ;
#2300 = EDGE_CURVE ( 'NONE', #1592, #3028, #2961, .T. ) ;
#2301 = EDGE_LOOP ( 'NONE', ( #134, #1246, #689, #2033 ) ) ;
#2302 = CYLINDRICAL_SURFACE ( 'NONE', #487, 0.4062496481299211482 ) ;
#2303 = ORIENTED_EDGE ( 'NONE', *, *, #461, .T. ) ;
#2304 = EDGE_CURVE ( 'NONE', #1736, #2352, #214, .T. ) ;
#2305 = VECTOR ( 'NONE', #1031, 39.37007874015748143 ) ;
#2306 = DIRECTION ( 'NONE',  ( 0.000000000000000000, 0.000000000000000000, -1.000000000000000000 ) ) ;
#2307 = ADVANCED_FACE ( 'Face8', ( #1626 ), #2694, .F. ) ;
#2308 = ORIENTED_EDGE ( 'NONE', *, *, #3196, .F. ) ;
#2309 = VECTOR ( 'NONE', #691, 39.37007874015748143 ) ;
#2310 = DIRECTION ( 'NONE',  ( -0.000000000000000000, -1.000000000000000000, -0.000000000000000000 ) ) ;
#2311 = CARTESIAN_POINT ( 'NONE',  ( -5.406250000000000000, 0.03125000000000024980, -9.000000000000000000 ) ) ;
#2312 = CIRCLE ( 'NONE', #829, 0.4950000000000000511 ) ;
#2313 = ORIENTED_EDGE ( 'NONE', *, *, #2658, .T. ) ;
#2314 = DIRECTION ( 'NONE',  ( -0.000000000000000000, -1.000000000000000000, -0.000000000000000000 ) ) ;
#2315 = VERTEX_POINT ( 'NONE', #55 ) ;
#2316 = DIRECTION ( 'NONE',  ( 1.000000000000000000, 0.000000000000000000, 0.000000000000000000 ) ) ;
#2317 = AXIS2_PLACEMENT_3D ( 'NONE', #2514, #3273, #1195 ) ;
#2318 = CARTESIAN_POINT ( 'NONE',  ( -4.468750000000000888, 0.8750000000000009992, -8.375000000000000000 ) ) ;
#2319 = LINE ( 'NONE', #2357, #229 ) ;
#2320 = EDGE_LOOP ( 'NONE', ( #1066, #1997, #1930, #359 ) ) ;
#2321 = EDGE_CURVE ( 'NONE', #2016, #941, #61, .T. ) ;
#2322 = LINE ( 'NONE', #3396, #382 ) ;
#2323 = EDGE_LOOP ( 'NONE', ( #2346, #696, #802, #1053 ) ) ;
#2324 = AXIS2_PLACEMENT_3D ( 'NONE', #3247, #352, #860 ) ;
#2325 = CARTESIAN_POINT ( 'NONE',  ( -4.468750000000000000, 1.024442997624098584E-16, 8.375000000000000000 ) ) ;
#2326 = ORIENTED_EDGE ( 'NONE', *, *, #2513, .T. ) ;
#2327 = EDGE_CURVE ( 'NONE', #144, #2315, #1011, .T. ) ;
#2328 = DIRECTION ( 'NONE',  ( 0.000000000000000000, 0.000000000000000000, -1.000000000000000000 ) ) ;
#2329 = VECTOR ( 'NONE', #2510, 39.37007874015748143 ) ;
#2330 = CARTESIAN_POINT ( 'NONE',  ( 4.592425496802568672E-17, 0.1875000000022379043, 8.500000000000000000 ) ) ;
#2331 = CIRCLE ( 'NONE', #170, 0.2655997699527556377 ) ;
#2332 = CIRCLE ( 'NONE', #2006, 0.2499997834645668326 ) ;
#2333 = ORIENTED_EDGE ( 'NONE', *, *, #1739, .F. ) ;
#2334 = DIRECTION ( 'NONE',  ( 0.000000000000000000, -1.000000000000000000, 0.000000000000000000 ) ) ;
#2335 = VERTEX_POINT ( 'NONE', #3237 ) ;
#2336 = CARTESIAN_POINT ( 'NONE',  ( -1.625000000000001332, 0.1875000000000000278, -7.630000000000001670 ) ) ;
#2337 = LINE ( 'NONE', #3223, #2057 ) ;
#2338 = CARTESIAN_POINT ( 'NONE',  ( -1.624999999999998890, 0.8750000000000012212, 8.125000000000000000 ) ) ;
#2339 = DIRECTION ( 'NONE',  ( 0.000000000000000000, 0.000000000000000000, -1.000000000000000000 ) ) ;
#2340 = DIRECTION ( 'NONE',  ( -0.000000000000000000, -1.000000000000000000, -0.000000000000000000 ) ) ;
#2341 = CARTESIAN_POINT ( 'NONE',  ( 1.625000000000001332, 0.1875000000022379321, 8.125000000000000000 ) ) ;
#2342 = ORIENTED_EDGE ( 'NONE', *, *, #1194, .T. ) ;
#2343 = AXIS2_PLACEMENT_3D ( 'NONE', #525, #1577, #3416 ) ;
#2344 = CARTESIAN_POINT ( 'NONE',  ( 4.468750000000000000, 0.000000000000000000, 5.875000000000000000 ) ) ;
#2345 = EDGE_LOOP ( 'NONE', ( #835, #2481, #948, #1070 ) ) ;
#2346 = ORIENTED_EDGE ( 'NONE', *, *, #1751, .F. ) ;
#2347 = ADVANCED_FACE ( 'NONE', ( #1694 ), #1136, .F. ) ;
#2348 = CARTESIAN_POINT ( 'NONE',  ( 4.468750000000000000, 0.000000000000000000, 8.375000000000000000 ) ) ;
#2349 = CARTESIAN_POINT ( 'NONE',  ( 5.406249999999997335, 0.8593750000000004441, 8.984375000000000000 ) ) ;
#2350 = EDGE_CURVE ( 'NONE', #561, #518, #2220, .T. ) ;
#2351 = CARTESIAN_POINT ( 'NONE',  ( -1.624999999999998890, 0.8750000000000012212, 8.500000000000000000 ) ) ;
#2352 = VERTEX_POINT ( 'NONE', #2994 ) ;
#2353 = DIRECTION ( 'NONE',  ( 0.000000000000000000, 0.000000000000000000, -1.000000000000000000 ) ) ;
#2354 = CIRCLE ( 'NONE', #927, 0.3750000000000002220 ) ;
#2355 = DIRECTION ( 'NONE',  ( 0.000000000000000000, -1.000000000000000000, 0.000000000000000000 ) ) ;
#2356 = CIRCLE ( 'NONE', #370, 0.4062496481299211482 ) ;
#2357 = CARTESIAN_POINT ( 'NONE',  ( 5.437499999999999112, 0.8750000000000000000, -8.968750000000000000 ) ) ;
#2358 = FACE_OUTER_BOUND ( 'NONE', #1180, .T. ) ;
#2359 = EDGE_LOOP ( 'NONE', ( #1599, #1461, #3322, #1875 ) ) ;
#2360 = ADVANCED_FACE ( 'NONE', ( #590 ), #1642, .F. ) ;
#2361 = CARTESIAN_POINT ( 'NONE',  ( 5.437499999999999112, 0.8750000000000000000, 8.968750000000000000 ) ) ;
#2362 = ORIENTED_EDGE ( 'NONE', *, *, #1470, .F. ) ;
#2363 = DIRECTION ( 'NONE',  ( 0.000000000000000000, 0.000000000000000000, -1.000000000000000000 ) ) ;
#2364 = VERTEX_POINT ( 'NONE', #345 ) ;
#2365 = VERTEX_POINT ( 'NONE', #1407 ) ;
#2366 = CARTESIAN_POINT ( 'NONE',  ( -4.468750000000000000, 1.024442997624098584E-16, 8.781249648129922036 ) ) ;
#2367 = EDGE_CURVE ( 'NONE', #3379, #1592, #1616, .T. ) ;
#2368 = DIRECTION ( 'NONE',  ( -0.000000000000000000, -1.000000000000000000, -0.000000000000000000 ) ) ;
#2369 = CARTESIAN_POINT ( 'NONE',  ( -4.468750000000000888, 0.4999995669291338873, -8.375000000000000000 ) ) ;
#2370 = ADVANCED_FACE ( 'Face10', ( #628 ), #91, .F. ) ;
#2371 = CARTESIAN_POINT ( 'NONE',  ( -4.203150230047244307, 0.4999995669291339428, -1.000000000000000000 ) ) ;
#2372 = ORIENTED_EDGE ( 'NONE', *, *, #2584, .T. ) ;
#2373 = DIRECTION ( 'NONE',  ( -0.000000000000000000, -1.000000000000000000, -0.000000000000000000 ) ) ;
#2374 = VECTOR ( 'NONE', #1806, 39.37007874015748143 ) ;
#2375 = DIRECTION ( 'NONE',  ( 0.000000000000000000, -1.000000000000000000, -0.000000000000000000 ) ) ;
#2376 = CARTESIAN_POINT ( 'NONE',  ( 4.468750000000000000, 1.024442997624098584E-16, 5.875000000000000000 ) ) ;
#2377 = ORIENTED_EDGE ( 'NONE', *, *, #890, .F. ) ;
#2378 = VECTOR ( 'NONE', #1344, 39.37007874015748143 ) ;
#2379 = DIRECTION ( 'NONE',  ( -0.000000000000000000, 1.000000000000000000, -0.000000000000000000 ) ) ;
#2380 = CIRCLE ( 'NONE', #2779, 0.4062496481299211482 ) ;
#2381 = ORIENTED_EDGE ( 'NONE', *, *, #440, .T. ) ;
#2382 = CARTESIAN_POINT ( 'NONE',  ( 4.468750000000000000, 0.000000000000000000, -6.140599769952756581 ) ) ;
#2383 = ORIENTED_EDGE ( 'NONE', *, *, #4, .T. ) ;
#2384 = ORIENTED_EDGE ( 'NONE', *, *, #2941, .F. ) ;
#2385 = CARTESIAN_POINT ( 'NONE',  ( 4.468750000000000888, 3.414809992080329023E-17, -7.125000000000000000 ) ) ;
#2386 = DIMENSIONAL_EXPONENTS ( 1.000000000000000000, 0.000000000000000000, 0.000000000000000000, 0.000000000000000000, 0.000000000000000000, 0.000000000000000000, 0.000000000000000000 ) ;
#2387 = FACE_OUTER_BOUND ( 'NONE', #337, .T. ) ;
#2388 = CARTESIAN_POINT ( 'NONE',  ( -4.468750000000000888, 0.4999995669291338873, -8.781249648129922036 ) ) ;
#2389 = CARTESIAN_POINT ( 'NONE',  ( -5.406250000000000000, 0.03125000000000024980, 9.000000000000000000 ) ) ;
#2390 = AXIS2_PLACEMENT_3D ( 'NONE', #3101, #3133, #1799 ) ;
#2391 = ORIENTED_EDGE ( 'NONE', *, *, #1314, .F. ) ;
#2392 = VECTOR ( 'NONE', #2977, 39.37007874015748143 ) ;
#2393 = CARTESIAN_POINT ( 'NONE',  ( -4.468750000000000000, 0.8750000000000009992, 5.875000000000000000 ) ) ;
#2394 = AXIS2_PLACEMENT_3D ( 'NONE', #2696, #347, #327 ) ;
#2395 = CARTESIAN_POINT ( 'NONE',  ( 4.468750000000000888, 0.4999995669291339428, -8.375000000000000000 ) ) ;
#2396 = AXIS2_PLACEMENT_3D ( 'NONE', #2470, #1370, #2205 ) ;
#2397 = LINE ( 'NONE', #3415, #1421 ) ;
#2398 = FACE_OUTER_BOUND ( 'NONE', #2479, .T. ) ;
#2399 = ORIENTED_EDGE ( 'NONE', *, *, #2052, .F. ) ;
#2400 = DIRECTION ( 'NONE',  ( 1.000000000000000000, 0.000000000000000000, 0.000000000000000000 ) ) ;
#2401 = ORIENTED_EDGE ( 'NONE', *, *, #2794, .T. ) ;
#2402 = ORIENTED_EDGE ( 'NONE', *, *, #1860, .F. ) ;
#2403 = DIRECTION ( 'NONE',  ( -0.000000000000000000, -1.000000000000000000, -0.000000000000000000 ) ) ;
#2404 = AXIS2_PLACEMENT_3D ( 'NONE', #513, #1379, #2917 ) ;
#2405 = CARTESIAN_POINT ( 'NONE',  ( 1.625000000000001332, 0.8750000000000012212, 8.500000000000000000 ) ) ;
#2406 = CIRCLE ( 'NONE', #185, 0.4062496481299211482 ) ;
#2407 = CARTESIAN_POINT ( 'NONE',  ( 4.592425496802568672E-17, 0.8750000000000012212, -7.750000000000000000 ) ) ;
#2408 = ORIENTED_EDGE ( 'NONE', *, *, #1909, .F. ) ;
#2409 = FACE_BOUND ( 'NONE', #2859, .T. ) ;
#2410 = EDGE_CURVE ( 'NONE', #1566, #2714, #447, .T. ) ;
#2411 = CARTESIAN_POINT ( 'NONE',  ( -1.624999999999998890, 0.8750000000000012212, 8.125000000000000000 ) ) ;
#2412 = VERTEX_POINT ( 'NONE', #923 ) ;
#2413 = CARTESIAN_POINT ( 'NONE',  ( 5.406249999999998224, 0.000000000000000000, 8.968750000000000000 ) ) ;
#2414 = CARTESIAN_POINT ( 'NONE',  ( 5.437499999999999112, 0.8437499999999996669, 9.000000000000000000 ) ) ;
#2415 = EDGE_CURVE ( 'NONE', #1274, #3144, #661, .T. ) ;
#2416 = VERTEX_POINT ( 'NONE', #113 ) ;
#2417 = AXIS2_PLACEMENT_3D ( 'NONE', #273, #757, #3141 ) ;
#2418 = EDGE_CURVE ( 'NONE', #752, #1126, #2676, .T. ) ;
#2419 = DIRECTION ( 'NONE',  ( -0.000000000000000000, -1.000000000000000000, -0.000000000000000000 ) ) ;
#2420 = ORIENTED_EDGE ( 'NONE', *, *, #2967, .F. ) ;
#2421 = VERTEX_POINT ( 'NONE', #1397 ) ;
#2422 = CARTESIAN_POINT ( 'NONE',  ( 1.625000000000001332, 0.8750000000000012212, 8.125000000000000000 ) ) ;
#2423 = EDGE_CURVE ( 'NONE', #2434, #3420, #2789, .T. ) ;
#2424 = ADVANCED_FACE ( 'NONE', ( #3283, #1719, #2743, #1144, #1463, #130, #895, #3299, #1429, #354, #1979, #1174, #2226, #637, #1669, #3317, #371, #402, #1651, #389, #1945 ), #2719, .F. ) ;
#2425 = CARTESIAN_POINT ( 'NONE',  ( -5.406250000000000000, 0.03125000000000024980, -9.000000000000000000 ) ) ;
#2426 = DIRECTION ( 'NONE',  ( 0.000000000000000000, 0.000000000000000000, -1.000000000000000000 ) ) ;
#2427 = EDGE_LOOP ( 'NONE', ( #2136, #537, #735, #3152 ) ) ;
#2428 = CARTESIAN_POINT ( 'NONE',  ( 4.468750000000000000, 1.024442997624098584E-16, 7.968750351870078852 ) ) ;
#2429 = DIRECTION ( 'NONE',  ( 1.130419859447281561E-16, 1.000000000000000000, -0.000000000000000000 ) ) ;
#2430 = ORIENTED_EDGE ( 'NONE', *, *, #2159, .F. ) ;
#2431 = VECTOR ( 'NONE', #1562, 39.37007874015748143 ) ;
#2432 = DIRECTION ( 'NONE',  ( 0.000000000000000000, 0.000000000000000000, -1.000000000000000000 ) ) ;
#2433 = CYLINDRICAL_SURFACE ( 'NONE', #1995, 0.4062496481299211482 ) ;
#2434 = VERTEX_POINT ( 'NONE', #1911 ) ;
#2435 = VECTOR ( 'NONE', #3167, 39.37007874015748143 ) ;
#2436 = CARTESIAN_POINT ( 'NONE',  ( 4.468750000000000000, -2.237827432110001971E-12, 1.000000000000000222 ) ) ;
#2437 = EDGE_CURVE ( 'NONE', #1208, #2736, #2475, .T. ) ;
#2438 = AXIS2_PLACEMENT_3D ( 'NONE', #563, #1896, #2400 ) ;
#2439 = EDGE_LOOP ( 'NONE', ( #1073, #34 ) ) ;
#2440 = VERTEX_POINT ( 'NONE', #142 ) ;
#2441 = CARTESIAN_POINT ( 'NONE',  ( 6.062001655779400976E-17, 0.1875000000022379321, -7.629999999999999893 ) ) ;
#2442 = AXIS2_PLACEMENT_3D ( 'NONE', #2867, #2334, #778 ) ;
#2443 = CYLINDRICAL_SURFACE ( 'NONE', #1714, 0.4950000000000000511 ) ;
#2444 = ORIENTED_EDGE ( 'NONE', *, *, #160, .T. ) ;
#2445 = ADVANCED_FACE ( 'Face11', ( #653, #3037 ), #1206, .T. ) ;
#2446 = DIRECTION ( 'NONE',  ( -0.000000000000000000, -1.000000000000000000, -0.000000000000000000 ) ) ;
#2447 = ADVANCED_FACE ( 'NONE', ( #2985 ), #98, .F. ) ;
#2448 = AXIS2_PLACEMENT_3D ( 'NONE', #2425, #2727, #849 ) ;
#2449 = CARTESIAN_POINT ( 'NONE',  ( 4.468750000000000000, 0.4999995669291338873, 5.875000000000000000 ) ) ;
#2450 = CARTESIAN_POINT ( 'NONE',  ( 5.406249999999998224, 0.000000000000000000, 8.968750000000000000 ) ) ;
#2451 = AXIS2_PLACEMENT_3D ( 'NONE', #2518, #408, #920 ) ;
#2452 = CYLINDRICAL_SURFACE ( 'NONE', #1406, 0.2499997834645662775 ) ;
#2453 = ORIENTED_EDGE ( 'NONE', *, *, #3236, .F. ) ;
#2454 = CYLINDRICAL_SURFACE ( 'NONE', #422, 0.4950000000000000511 ) ;
#2455 = AXIS2_PLACEMENT_3D ( 'NONE', #2791, #3075, #1464 ) ;
#2456 = CIRCLE ( 'NONE', #1183, 0.4062496481299211482 ) ;
#2457 = DIRECTION ( 'NONE',  ( 0.000000000000000000, 0.000000000000000000, -1.000000000000000000 ) ) ;
#2458 = ORIENTED_EDGE ( 'NONE', *, *, #1480, .T. ) ;
#2459 = AXIS2_PLACEMENT_3D ( 'NONE', #2980, #1187, #593 ) ;
#2460 = DIRECTION ( 'NONE',  ( 0.000000000000000000, -1.000000000000000000, 0.000000000000000000 ) ) ;
#2461 = CARTESIAN_POINT ( 'NONE',  ( 4.468750000000000000, 0.000000000000000000, 5.875000000000000000 ) ) ;
#2462 = ORIENTED_EDGE ( 'NONE', *, *, #3282, .T. ) ;
#2463 = ORIENTED_EDGE ( 'NONE', *, *, #1751, .T. ) ;
#2464 = DIRECTION ( 'NONE',  ( -0.000000000000000000, -1.000000000000000000, -0.000000000000000000 ) ) ;
#2465 = ORIENTED_EDGE ( 'NONE', *, *, #3358, .F. ) ;
#2466 = CARTESIAN_POINT ( 'NONE',  ( 5.406249999999997335, 0.8437499999999996669, -9.000000000000000000 ) ) ;
#2467 = CARTESIAN_POINT ( 'NONE',  ( -1.624999999999998890, 0.1875000000022379321, 8.125000000000000000 ) ) ;
#2468 = CARTESIAN_POINT ( 'NONE',  ( 5.437499999999999112, 0.03125000000000052042, 9.000000000000000000 ) ) ;
#2469 = EDGE_CURVE ( 'NONE', #1601, #2948, #2511, .T. ) ;
#2470 = CARTESIAN_POINT ( 'NONE',  ( 0.000000000000000000, 0.1875000000022379043, -8.125000000000000000 ) ) ;
#2471 = ORIENTED_EDGE ( 'NONE', *, *, #1950, .T. ) ;
#2472 = DIRECTION ( 'NONE',  ( -0.000000000000000000, -1.000000000000000000, -0.000000000000000000 ) ) ;
#2473 = CARTESIAN_POINT ( 'NONE',  ( 4.468750000000000000, 0.4999995669268960108, 1.000000000000000222 ) ) ;
#2474 = EDGE_LOOP ( 'NONE', ( #1983, #1609 ) ) ;
#2475 = LINE ( 'NONE', #1965, #567 ) ;
#2476 = LINE ( 'NONE', #1162, #3119 ) ;
#2477 = EDGE_CURVE ( 'NONE', #2866, #233, #1339, .T. ) ;
#2478 = ORIENTED_EDGE ( 'NONE', *, *, #2418, .F. ) ;
#2479 = EDGE_LOOP ( 'NONE', ( #1926, #1433 ) ) ;
#2480 = LINE ( 'NONE', #1689, #2219 ) ;
#2481 = ORIENTED_EDGE ( 'NONE', *, *, #1447, .T. ) ;
#2482 = LINE ( 'NONE', #2148, #2900 ) ;
#2483 = EDGE_CURVE ( 'NONE', #512, #2158, #1831, .T. ) ;
#2484 = ORGANIZATION ( 'UNSPECIFIED', 'UNSPECIFIED', '' ) ;
#2485 = CARTESIAN_POINT ( 'NONE',  ( -4.468749999999999112, 3.414809992080329023E-17, 7.125000000000000000 ) ) ;
#2486 = EDGE_CURVE ( 'NONE', #1707, #2816, #288, .T. ) ;
#2487 = FACE_BOUND ( 'NONE', #1410, .T. ) ;
#2488 = VECTOR ( 'NONE', #2929, 39.37007874015748143 ) ;
#2489 = CARTESIAN_POINT ( 'NONE',  ( 1.624999999999999112, 0.1875000000022379321, -8.125000000000001776 ) ) ;
#2490 = EDGE_LOOP ( 'NONE', ( #1543, #1653, #2453, #1528 ) ) ;
#2491 = CYLINDRICAL_SURFACE ( 'NONE', #1099, 0.2655997699527561928 ) ;
#2492 = CIRCLE ( 'NONE', #826, 0.4062496481299211482 ) ;
#2493 = CARTESIAN_POINT ( 'NONE',  ( 5.437499999999999112, 0.03125000000000052042, -9.000000000000000000 ) ) ;
#2494 = DIRECTION ( 'NONE',  ( 0.000000000000000000, 0.000000000000000000, -1.000000000000000000 ) ) ;
#2495 = EDGE_LOOP ( 'NONE', ( #531, #3134 ) ) ;
#2496 = ORIENTED_EDGE ( 'NONE', *, *, #1712, .T. ) ;
#2497 = DIRECTION ( 'NONE',  ( 0.000000000000000000, 0.000000000000000000, -1.000000000000000000 ) ) ;
#2498 = AXIS2_PLACEMENT_3D ( 'NONE', #3433, #468, #2889 ) ;
#2499 = ORIENTED_EDGE ( 'NONE', *, *, #2483, .F. ) ;
#2500 = CARTESIAN_POINT ( 'NONE',  ( 4.468750000000000000, -2.237827432110001971E-12, 1.000000000000000222 ) ) ;
#2501 = CIRCLE ( 'NONE', #2949, 0.2655997699527561928 ) ;
#2502 = VECTOR ( 'NONE', #393, 39.37007874015748143 ) ;
#2503 = DIRECTION ( 'NONE',  ( 0.000000000000000000, 0.000000000000000000, -1.000000000000000000 ) ) ;
#2504 = FACE_OUTER_BOUND ( 'NONE', #1310, .T. ) ;
#2505 = DIRECTION ( 'NONE',  ( 1.000000000000000000, 0.000000000000000000, 0.000000000000000000 ) ) ;
#2506 = ORIENTED_EDGE ( 'NONE', *, *, #1138, .T. ) ;
#2507 = CARTESIAN_POINT ( 'NONE',  ( -4.468750000000000000, 0.4999995669291339428, -0.7344002300472437517 ) ) ;
#2508 = CARTESIAN_POINT ( 'NONE',  ( -4.468750000000000888, 0.8750000000000009992, -8.375000000000000000 ) ) ;
#2509 = CIRCLE ( 'NONE', #2558, 0.4950000000000000511 ) ;
#2510 = DIRECTION ( 'NONE',  ( -0.000000000000000000, -1.000000000000000000, -0.000000000000000000 ) ) ;
#2511 = CIRCLE ( 'NONE', #3294, 0.4950000000000000511 ) ;
#2512 = EDGE_LOOP ( 'NONE', ( #1110, #1821, #126, #1808 ) ) ;
#2513 = EDGE_CURVE ( 'NONE', #2434, #1119, #2756, .T. ) ;
#2514 = CARTESIAN_POINT ( 'NONE',  ( -4.468750000000000000, 0.000000000000000000, -1.000000000000000000 ) ) ;
#2515 = AXIS2_PLACEMENT_3D ( 'NONE', #632, #891, #3295 ) ;
#2516 = ORIENTED_EDGE ( 'NONE', *, *, #2794, .F. ) ;
#2517 = AXIS2_PLACEMENT_3D ( 'NONE', #5, #556, #1795 ) ;
#2518 = CARTESIAN_POINT ( 'NONE',  ( 4.468750000000000888, 0.8750000000000001110, -7.125000000000000000 ) ) ;
#2519 = DIRECTION ( 'NONE',  ( 0.7071067811865460184, 0.7071067811865490160, -0.000000000000000000 ) ) ;
#2520 = CIRCLE ( 'NONE', #913, 0.2655997699527561928 ) ;
#2521 = CARTESIAN_POINT ( 'NONE',  ( -4.468750000000000000, 0.4999995669291339428, 5.875000000000000000 ) ) ;
#2522 = ORIENTED_EDGE ( 'NONE', *, *, #2805, .T. ) ;
#2523 = EDGE_CURVE ( 'NONE', #768, #3059, #1521, .T. ) ;
#2524 = CALENDAR_DATE ( 2026, 29, 4 ) ;
#2525 = DIRECTION ( 'NONE',  ( 0.000000000000000000, 1.000000000000000000, 0.000000000000000000 ) ) ;
#2526 = CARTESIAN_POINT ( 'NONE',  ( 4.468750000000000000, 0.000000000000000000, 5.609400230047243419 ) ) ;
#2527 = EDGE_LOOP ( 'NONE', ( #2141, #3205 ) ) ;
#2528 = EDGE_CURVE ( 'NONE', #1780, #1092, #946, .T. ) ;
#2529 = CARTESIAN_POINT ( 'NONE',  ( -5.437500000000000000, 0.03125000000000054817, 8.968750000000000000 ) ) ;
#2530 = ORIENTED_EDGE ( 'NONE', *, *, #569, .F. ) ;
#2531 = CARTESIAN_POINT ( 'NONE',  ( -4.468750000000000888, 3.414809992080329023E-17, -7.125000000000000000 ) ) ;
#2532 = EDGE_CURVE ( 'NONE', #964, #2044, #3399, .T. ) ;
#2533 = CIRCLE ( 'NONE', #651, 0.2655997699527561928 ) ;
#2534 = CARTESIAN_POINT ( 'NONE',  ( 4.468750000000000000, 0.000000000000000000, 5.468750351870078852 ) ) ;
#2535 = DIRECTION ( 'NONE',  ( 1.000000000000000000, 0.000000000000000000, 0.000000000000000000 ) ) ;
#2536 = ORIENTED_EDGE ( 'NONE', *, *, #2718, .F. ) ;
#2537 = SHAPE_DEFINITION_REPRESENTATION ( #2597, #938 ) ;
#2538 = DIRECTION ( 'NONE',  ( 0.000000000000000000, 0.000000000000000000, -1.000000000000000000 ) ) ;
#2539 = CARTESIAN_POINT ( 'NONE',  ( 4.468750000000000000, 0.000000000000000000, -5.468750351870078852 ) ) ;
#2540 = VERTEX_POINT ( 'NONE', #222 ) ;
#2541 = CARTESIAN_POINT ( 'NONE',  ( -4.468750000000000000, 0.4999995669291339428, 8.109400230047244307 ) ) ;
#2542 = ORIENTED_EDGE ( 'NONE', *, *, #3344, .F. ) ;
#2543 = CARTESIAN_POINT ( 'NONE',  ( -5.406250000000000000, 0.000000000000000000, 9.000000000000000000 ) ) ;
#2544 = AXIS2_PLACEMENT_3D ( 'NONE', #1276, #2368, #2328 ) ;
#2545 = EDGE_CURVE ( 'NONE', #2061, #1208, #2042, .T. ) ;
#2546 = CIRCLE ( 'NONE', #3, 0.4062496481299211482 ) ;
#2547 = DIRECTION ( 'NONE',  ( -0.7071067811865490160, 0.7071067811865460184, 0.000000000000000000 ) ) ;
#2548 = EDGE_CURVE ( 'NONE', #1274, #1092, #1265, .T. ) ;
#2549 = AXIS2_PLACEMENT_3D ( 'NONE', #2236, #1884, #106 ) ;
#2550 = LINE ( 'NONE', #2021, #2563 ) ;
#2551 = ORIENTED_EDGE ( 'NONE', *, *, #1902, .F. ) ;
#2552 = PERSON_AND_ORGANIZATION ( #898, #2484 ) ;
#2553 = CYLINDRICAL_SURFACE ( 'NONE', #1400, 0.4950000000000000511 ) ;
#2554 = FACE_OUTER_BOUND ( 'NONE', #2427, .T. ) ;
#2555 = ORIENTED_EDGE ( 'NONE', *, *, #146, .F. ) ;
#2556 = DIRECTION ( 'NONE',  ( -0.7071067811865474617, 0.000000000000000000, -0.7071067811865474617 ) ) ;
#2557 = ORIENTED_EDGE ( 'NONE', *, *, #1189, .T. ) ;
#2558 = AXIS2_PLACEMENT_3D ( 'NONE', #1540, #3414, #994 ) ;
#2559 = CIRCLE ( 'NONE', #231, 0.2499997834645673878 ) ;
#2560 = DIRECTION ( 'NONE',  ( 0.000000000000000000, 0.000000000000000000, -1.000000000000000000 ) ) ;
#2561 = VERTEX_POINT ( 'NONE', #156 ) ;
#2562 = CIRCLE ( 'NONE', #3348, 0.2499997834645673878 ) ;
#2563 = VECTOR ( 'NONE', #2267, 39.37007874015748143 ) ;
#2564 = DIRECTION ( 'NONE',  ( -0.000000000000000000, -1.000000000000000000, -0.000000000000000000 ) ) ;
#2565 = EDGE_CURVE ( 'NONE', #50, #3332, #1892, .T. ) ;
#2566 = CARTESIAN_POINT ( 'NONE',  ( 4.468750000000000000, 0.8750000000000001110, -5.875000000000000000 ) ) ;
#2567 = EDGE_LOOP ( 'NONE', ( #1256, #1289, #1855, #438 ) ) ;
#2568 = AXIS2_PLACEMENT_3D ( 'NONE', #1054, #1347, #548 ) ;
#2569 = EDGE_CURVE ( 'NONE', #2016, #2714, #2256, .T. ) ;
#2570 = EDGE_CURVE ( 'NONE', #1316, #258, #416, .T. ) ;
#2571 = DIRECTION ( 'NONE',  ( -0.000000000000000000, -1.000000000000000000, -0.000000000000000000 ) ) ;
#2572 = DIRECTION ( 'NONE',  ( 0.000000000000000000, 0.000000000000000000, -1.000000000000000000 ) ) ;
#2573 = VERTEX_POINT ( 'NONE', #1233 ) ;
#2574 = CARTESIAN_POINT ( 'NONE',  ( 1.624999999999999112, 0.8750000000000012212, -7.750000000000000888 ) ) ;
#2575 = CIRCLE ( 'NONE', #1085, 0.4062496481299211482 ) ;
#2576 = EDGE_LOOP ( 'NONE', ( #3376, #708, #1731, #2590 ) ) ;
#2577 = DIRECTION ( 'NONE',  ( 0.000000000000000000, 0.000000000000000000, -1.000000000000000000 ) ) ;
#2578 = ORIENTED_EDGE ( 'NONE', *, *, #3309, .T. ) ;
#2579 = DIRECTION ( 'NONE',  ( 0.000000000000000000, 0.000000000000000000, -1.000000000000000000 ) ) ;
#2580 = FACE_OUTER_BOUND ( 'NONE', #2933, .T. ) ;
#2581 = CIRCLE ( 'NONE', #1580, 0.4062496481299211482 ) ;
#2582 = ORIENTED_EDGE ( 'NONE', *, *, #65, .T. ) ;
#2583 = LINE ( 'NONE', #3083, #909 ) ;
#2584 = EDGE_CURVE ( 'NONE', #451, #861, #1797, .T. ) ;
#2585 = ORIENTED_EDGE ( 'NONE', *, *, #300, .F. ) ;
#2586 = DATE_AND_TIME ( #2255, #908 ) ;
#2587 = AXIS2_PLACEMENT_3D ( 'NONE', #1141, #1160, #1428 ) ;
#2588 = DIRECTION ( 'NONE',  ( -0.000000000000000000, -1.000000000000000000, -0.000000000000000000 ) ) ;
#2589 = DIRECTION ( 'NONE',  ( -0.000000000000000000, -1.000000000000000000, -0.000000000000000000 ) ) ;
#2590 = ORIENTED_EDGE ( 'NONE', *, *, #1796, .T. ) ;
#2591 = CARTESIAN_POINT ( 'NONE',  ( 4.468750000000000888, 0.000000000000000000, -7.968750351870078852 ) ) ;
#2592 = EDGE_CURVE ( 'NONE', #3193, #843, #2456, .T. ) ;
#2593 = ORIENTED_EDGE ( 'NONE', *, *, #678, .F. ) ;
#2594 = AXIS2_PLACEMENT_3D ( 'NONE', #3153, #2612, #3170 ) ;
#2595 = DIRECTION ( 'NONE',  ( -0.000000000000000000, -1.000000000000000000, -0.000000000000000000 ) ) ;
#2596 = ORIENTED_EDGE ( 'NONE', *, *, #2781, .F. ) ;
#2597 = PRODUCT_DEFINITION_SHAPE ( 'NONE', 'NONE',  #643 ) ;
#2598 = AXIS2_PLACEMENT_3D ( 'NONE', #2529, #3364, #406 ) ;
#2599 = CARTESIAN_POINT ( 'NONE',  ( -1.624999999999998890, 0.1875000000022379321, 7.629999999999999005 ) ) ;
#2600 = CARTESIAN_POINT ( 'NONE',  ( -4.468750000000000000, 0.4999995669291338873, 5.875000000000000000 ) ) ;
#2601 = CIRCLE ( 'NONE', #105, 0.3750000000000002220 ) ;
#2602 = AXIS2_PLACEMENT_3D ( 'NONE', #2073, #1788, #1257 ) ;
#2603 = ORIENTED_EDGE ( 'NONE', *, *, #2263, .F. ) ;
#2604 = DIRECTION ( 'NONE',  ( 1.130419859447281561E-16, 1.000000000000000000, -0.000000000000000000 ) ) ;
#2605 = EDGE_LOOP ( 'NONE', ( #1427, #1381, #1843, #177 ) ) ;
#2606 = CARTESIAN_POINT ( 'NONE',  ( -4.468750000000000888, 0.4999995669291339428, -8.375000000000000000 ) ) ;
#2607 = AXIS2_PLACEMENT_3D ( 'NONE', #2659, #1100, #39 ) ;
#2608 = CARTESIAN_POINT ( 'NONE',  ( -4.468749999999999112, 0.000000000000000000, 7.374999783464565972 ) ) ;
#2609 = LINE ( 'NONE', #1014, #903 ) ;
#2610 = DIRECTION ( 'NONE',  ( -0.000000000000000000, -1.000000000000000000, -0.000000000000000000 ) ) ;
#2611 = EDGE_LOOP ( 'NONE', ( #1143, #293 ) ) ;
#2612 = DIRECTION ( 'NONE',  ( 0.000000000000000000, -1.000000000000000000, 0.000000000000000000 ) ) ;
#2613 = EDGE_LOOP ( 'NONE', ( #2088, #791, #1140, #1281 ) ) ;
#2614 = AXIS2_PLACEMENT_3D ( 'NONE', #1125, #2701, #2101 ) ;
#2615 = CARTESIAN_POINT ( 'NONE',  ( 4.468750000000000000, 0.000000000000000000, 5.875000000000000000 ) ) ;
#2616 = EDGE_LOOP ( 'NONE', ( #3154, #1008 ) ) ;
#2617 = ADVANCED_FACE ( 'NONE', ( #2854 ), #992, .T. ) ;
#2618 = ADVANCED_FACE ( 'NONE', ( #3100 ), #3346, .T. ) ;
#2619 = CYLINDRICAL_SURFACE ( 'NONE', #2544, 0.4062496481299211482 ) ;
#2620 = DIRECTION ( 'NONE',  ( -0.000000000000000000, -1.000000000000000000, -0.000000000000000000 ) ) ;
#2621 = VECTOR ( 'NONE', #3374, 39.37007874015748143 ) ;
#2622 = CIRCLE ( 'NONE', #2396, 0.3750000000000002220 ) ;
#2623 = PRODUCT_RELATED_PRODUCT_CATEGORY ( 'detail', '', ( #180 ) ) ;
#2624 = CARTESIAN_POINT ( 'NONE',  ( -1.624999999999998890, 0.1875000000022379043, 8.125000000000000000 ) ) ;
#2625 = ORIENTED_EDGE ( 'NONE', *, *, #317, .F. ) ;
#2626 = ADVANCED_FACE ( 'NONE', ( #3085 ), #3330, .F. ) ;
#2627 = FACE_OUTER_BOUND ( 'NONE', #640, .T. ) ;
#2628 = CARTESIAN_POINT ( 'NONE',  ( 4.468750000000000000, 0.4999995669291338873, 8.781249648129922036 ) ) ;
#2629 = EDGE_CURVE ( 'NONE', #40, #3388, #2901, .T. ) ;
#2630 = LINE ( 'NONE', #1749, #626 ) ;
#2631 = DIRECTION ( 'NONE',  ( 0.000000000000000000, 0.000000000000000000, -1.000000000000000000 ) ) ;
#2632 = EDGE_LOOP ( 'NONE', ( #655, #2401, #3439, #2261 ) ) ;
#2633 = LINE ( 'NONE', #246, #3215 ) ;
#2634 = ORIENTED_EDGE ( 'NONE', *, *, #2168, .F. ) ;
#2635 = DIRECTION ( 'NONE',  ( 0.000000000000000000, 0.000000000000000000, -1.000000000000000000 ) ) ;
#2636 = ADVANCED_FACE ( 'NONE', ( #2283 ), #2553, .F. ) ;
#2637 = EDGE_LOOP ( 'NONE', ( #1923, #2585 ) ) ;
#2638 = VERTEX_POINT ( 'NONE', #171 ) ;
#2639 = DIRECTION ( 'NONE',  ( -0.000000000000000000, -1.000000000000000000, -0.000000000000000000 ) ) ;
#2640 = CARTESIAN_POINT ( 'NONE',  ( -1.624999999999998890, 0.1875000000022379321, 8.619999999999999218 ) ) ;
#2641 = DIRECTION ( 'NONE',  ( 0.000000000000000000, 0.000000000000000000, -1.000000000000000000 ) ) ;
#2642 = LINE ( 'NONE', #218, #331 ) ;
#2643 = EDGE_LOOP ( 'NONE', ( #1052, #804, #2745, #2180 ) ) ;
#2644 = DIRECTION ( 'NONE',  ( 0.000000000000000000, 0.000000000000000000, -1.000000000000000000 ) ) ;
#2645 = AXIS2_PLACEMENT_3D ( 'NONE', #2413, #3207, #261 ) ;
#2646 = DIRECTION ( 'NONE',  ( 0.000000000000000000, 0.000000000000000000, -1.000000000000000000 ) ) ;
#2647 = LOCAL_TIME ( 19, 11, 3.000000000000000000, #154 ) ;
#2648 = FACE_BOUND ( 'NONE', #606, .T. ) ;
#2649 = VERTEX_POINT ( 'NONE', #974 ) ;
#2650 = PLANE ( 'NONE',  #2935 ) ;
#2651 = EDGE_LOOP ( 'NONE', ( #366, #3381 ) ) ;
#2652 = LINE ( 'NONE', #33, #162 ) ;
#2653 = ORIENTED_EDGE ( 'NONE', *, *, #3090, .F. ) ;
#2654 = ORIENTED_EDGE ( 'NONE', *, *, #165, .T. ) ;
#2655 = CARTESIAN_POINT ( 'NONE',  ( 0.000000000000000000, 2.237929876409764429E-12, 7.629999999999999005 ) ) ;
#2656 = CARTESIAN_POINT ( 'NONE',  ( 5.406249999999997335, 0.8750000000000012212, 9.000000000000000000 ) ) ;
#2657 = PLANE ( 'NONE',  #975 ) ;
#2658 = EDGE_CURVE ( 'NONE', #1126, #752, #2331, .T. ) ;
#2659 = CARTESIAN_POINT ( 'NONE',  ( -1.624999999999998890, 0.1875000000022379321, 8.125000000000000000 ) ) ;
#2660 = EDGE_LOOP ( 'NONE', ( #350, #2906 ) ) ;
#2661 = CARTESIAN_POINT ( 'NONE',  ( 4.468750000000000000, 0.8750000000000001110, 5.609400230047243419 ) ) ;
#2662 = AXIS2_PLACEMENT_3D ( 'NONE', #1529, #795, #1587 ) ;
#2663 = PLANE ( 'NONE',  #1757 ) ;
#2664 = FACE_OUTER_BOUND ( 'NONE', #1111, .T. ) ;
#2665 = DIRECTION ( 'NONE',  ( -0.000000000000000000, -1.000000000000000000, -0.000000000000000000 ) ) ;
#2666 = ORIENTED_EDGE ( 'NONE', *, *, #1812, .F. ) ;
#2667 = CARTESIAN_POINT ( 'NONE',  ( 4.468750000000000888, 0.000000000000000000, -7.374999783464565972 ) ) ;
#2668 = ORIENTED_EDGE ( 'NONE', *, *, #2629, .F. ) ;
#2669 = ORIENTED_EDGE ( 'NONE', *, *, #519, .F. ) ;
#2670 = CARTESIAN_POINT ( 'NONE',  ( -4.468750000000000888, 0.000000000000000000, -8.375000000000000000 ) ) ;
#2671 = DIRECTION ( 'NONE',  ( 0.5773502691896115202, 0.5773502691896139627, -0.5773502691896519323 ) ) ;
#2672 = LINE ( 'NONE', #811, #810 ) ;
#2673 = FACE_OUTER_BOUND ( 'NONE', #435, .T. ) ;
#2674 = VECTOR ( 'NONE', #2271, 39.37007874015748143 ) ;
#2675 = ORIENTED_EDGE ( 'NONE', *, *, #1353, .T. ) ;
#2676 = CIRCLE ( 'NONE', #786, 0.2655997699527556377 ) ;
#2677 = EDGE_CURVE ( 'NONE', #3302, #1675, #1761, .T. ) ;
#2678 = CARTESIAN_POINT ( 'NONE',  ( -1.625000000000001332, 0.8750000000000012212, -8.125000000000001776 ) ) ;
#2679 = EDGE_CURVE ( 'NONE', #3184, #2833, #2792, .T. ) ;
#2680 = VECTOR ( 'NONE', #27, 39.37007874015748143 ) ;
#2681 = CARTESIAN_POINT ( 'NONE',  ( 4.468750000000000000, 0.4999995669291338873, 5.468750351870078852 ) ) ;
#2682 = ORIENTED_EDGE ( 'NONE', *, *, #3393, .T. ) ;
#2683 = EDGE_CURVE ( 'NONE', #3026, #2540, #761, .T. ) ;
#2684 = CARTESIAN_POINT ( 'NONE',  ( 0.000000000000000000, 0.1875000000022379043, 8.125000000000000000 ) ) ;
#2685 = LINE ( 'NONE', #2361, #2488 ) ;
#2686 = EDGE_CURVE ( 'NONE', #3334, #282, #2945, .T. ) ;
#2687 = EDGE_LOOP ( 'NONE', ( #100, #2049 ) ) ;
#2688 = LINE ( 'NONE', #1912, #2102 ) ;
#2689 = ORIENTED_EDGE ( 'NONE', *, *, #1537, .T. ) ;
#2690 = ORIENTED_EDGE ( 'NONE', *, *, #625, .F. ) ;
#2691 = CARTESIAN_POINT ( 'NONE',  ( 4.468750000000000888, 0.8750000000000001110, -8.109400230047244307 ) ) ;
#2692 = DIRECTION ( 'NONE',  ( 0.000000000000000000, 0.000000000000000000, -1.000000000000000000 ) ) ;
#2693 = VECTOR ( 'NONE', #3173, 39.37007874015748143 ) ;
#2694 = CYLINDRICAL_SURFACE ( 'NONE', #493, 0.3750000000000002220 ) ;
#2695 = VERTEX_POINT ( 'NONE', #3391 ) ;
#2696 = CARTESIAN_POINT ( 'NONE',  ( -4.468750000000000000, 0.4999995669291339428, 5.875000000000000000 ) ) ;
#2697 = CC_DESIGN_PERSON_AND_ORGANIZATION_ASSIGNMENT ( #2552, #1247, ( #180 ) ) ;
#2698 = CARTESIAN_POINT ( 'NONE',  ( 4.468750000000000000, 0.000000000000000000, 8.781249648129922036 ) ) ;
#2699 = VERTEX_POINT ( 'NONE', #2661 ) ;
#2700 = CARTESIAN_POINT ( 'NONE',  ( -1.624999999999998890, 0.8750000000000012212, 8.125000000000000000 ) ) ;
#2701 = DIRECTION ( 'NONE',  ( 0.000000000000000000, -1.000000000000000000, -0.000000000000000000 ) ) ;
#2702 = ORIENTED_EDGE ( 'NONE', *, *, #1548, .F. ) ;
#2703 = AXIS2_PLACEMENT_3D ( 'NONE', #1500, #1186, #123 ) ;
#2704 = CARTESIAN_POINT ( 'NONE',  ( 4.468750000000000000, 0.4999995669291338873, 8.375000000000000000 ) ) ;
#2705 = ORIENTED_EDGE ( 'NONE', *, *, #23, .T. ) ;
#2706 = ORIENTED_EDGE ( 'NONE', *, *, #1238, .F. ) ;
#2707 = DIRECTION ( 'NONE',  ( 0.000000000000000000, 0.000000000000000000, -1.000000000000000000 ) ) ;
#2708 = EDGE_CURVE ( 'NONE', #798, #1675, #2559, .T. ) ;
#2709 = APPLICATION_CONTEXT ( 'configuration controlled 3d designs of mechanical parts and assemblies' ) ;
#2710 = PLANE ( 'NONE',  #1826 ) ;
#2711 = CARTESIAN_POINT ( 'NONE',  ( -4.468749999999999112, 0.000000000000000000, 7.125000000000000000 ) ) ;
#2712 = FACE_BOUND ( 'NONE', #2439, .T. ) ;
#2713 = CYLINDRICAL_SURFACE ( 'NONE', #2178, 0.2655997699527561928 ) ;
#2714 = VERTEX_POINT ( 'NONE', #1870 ) ;
#2715 = LINE ( 'NONE', #111, #3046 ) ;
#2716 = DIRECTION ( 'NONE',  ( 0.000000000000000000, 0.000000000000000000, -1.000000000000000000 ) ) ;
#2717 = VERTEX_POINT ( 'NONE', #1535 ) ;
#2718 = EDGE_CURVE ( 'NONE', #2162, #488, #627, .T. ) ;
#2719 = PLANE ( 'NONE',  #904 ) ;
#2720 = PLANE ( 'NONE',  #1937 ) ;
#2721 = CIRCLE ( 'NONE', #436, 0.4062496481299211482 ) ;
#2722 = ORIENTED_EDGE ( 'NONE', *, *, #3424, .F. ) ;
#2723 = ORIENTED_EDGE ( 'NONE', *, *, #2415, .T. ) ;
#2724 = AXIS2_PLACEMENT_3D ( 'NONE', #988, #3327, #3111 ) ;
#2725 = FACE_OUTER_BOUND ( 'NONE', #2323, .T. ) ;
#2726 = ORIENTED_EDGE ( 'NONE', *, *, #1341, .T. ) ;
#2727 = DIRECTION ( 'NONE',  ( -0.5773502691896219563, -0.5773502691896188477, -0.5773502691896366112 ) ) ;
#2728 = EDGE_CURVE ( 'NONE', #1316, #2421, #3017, .T. ) ;
#2729 = DIRECTION ( 'NONE',  ( 0.000000000000000000, 0.000000000000000000, -1.000000000000000000 ) ) ;
#2730 = FACE_OUTER_BOUND ( 'NONE', #2320, .T. ) ;
#2731 = CIRCLE ( 'NONE', #3015, 0.2655997699527556377 ) ;
#2732 = CC_DESIGN_PERSON_AND_ORGANIZATION_ASSIGNMENT ( #990, #184, ( #2764 ) ) ;
#2733 = EDGE_CURVE ( 'NONE', #512, #46, #1334, .T. ) ;
#2734 = AXIS2_PLACEMENT_3D ( 'NONE', #2209, #862, #1191 ) ;
#2735 = CARTESIAN_POINT ( 'NONE',  ( 4.468750000000000000, 0.000000000000000000, 8.109400230047244307 ) ) ;
#2736 = VERTEX_POINT ( 'NONE', #1083 ) ;
#2737 = CARTESIAN_POINT ( 'NONE',  ( -1.624999999999998890, 0.8750000000000012212, 8.500000000000000000 ) ) ;
#2738 = VECTOR ( 'NONE', #2187, 39.37007874015748143 ) ;
#2739 = DIRECTION ( 'NONE',  ( -0.000000000000000000, -1.000000000000000000, -0.000000000000000000 ) ) ;
#2740 = ORIENTED_EDGE ( 'NONE', *, *, #1293, .T. ) ;
#2741 = EDGE_CURVE ( 'NONE', #2061, #1119, #241, .T. ) ;
#2742 = VECTOR ( 'NONE', #1699, 39.37007874015748143 ) ;
#2743 = FACE_BOUND ( 'NONE', #330, .T. ) ;
#2744 = DIRECTION ( 'NONE',  ( -0.000000000000000000, -1.000000000000000000, -0.000000000000000000 ) ) ;
#2745 = ORIENTED_EDGE ( 'NONE', *, *, #717, .T. ) ;
#2746 = ORIENTED_EDGE ( 'NONE', *, *, #2548, .T. ) ;
#2747 = CARTESIAN_POINT ( 'NONE',  ( -5.406250000000000000, 0.8750000000000012212, 8.968750000000000000 ) ) ;
#2748 = EDGE_LOOP ( 'NONE', ( #1486, #265, #771, #1454 ) ) ;
#2749 = EDGE_CURVE ( 'NONE', #1705, #3110, #3181, .T. ) ;
#2750 = CYLINDRICAL_SURFACE ( 'NONE', #2169, 0.2655997699527561928 ) ;
#2751 = CARTESIAN_POINT ( 'NONE',  ( 0.000000000000000000, 0.8750000000000012212, 8.125000000000000000 ) ) ;
#2752 = CARTESIAN_POINT ( 'NONE',  ( 5.406249999999997335, 0.000000000000000000, -9.000000000000000000 ) ) ;
#2753 = CARTESIAN_POINT ( 'NONE',  ( 4.468749999999999112, 3.414809992080329023E-17, 6.875000216535433140 ) ) ;
#2754 = ORIENTED_EDGE ( 'NONE', *, *, #3197, .T. ) ;
#2755 = CARTESIAN_POINT ( 'NONE',  ( 4.468750000000000000, 0.8750000000000001110, 1.000000000000000222 ) ) ;
#2756 = LINE ( 'NONE', #2493, #681 ) ;
#2757 = FACE_OUTER_BOUND ( 'NONE', #3107, .T. ) ;
#2758 = ORIENTED_EDGE ( 'NONE', *, *, #1465, .F. ) ;
#2759 = ORIENTED_EDGE ( 'NONE', *, *, #3196, .T. ) ;
#2760 = CARTESIAN_POINT ( 'NONE',  ( -5.437500000000000000, 0.03125000000000054817, 8.968750000000000000 ) ) ;
#2761 = AXIS2_PLACEMENT_3D ( 'NONE', #1022, #1771, #1571 ) ;
#2762 = ORIENTED_EDGE ( 'NONE', *, *, #2078, .T. ) ;
#2763 = DIRECTION ( 'NONE',  ( -0.000000000000000000, -1.000000000000000000, -0.000000000000000000 ) ) ;
#2764 = PRODUCT_DEFINITION_FORMATION_WITH_SPECIFIED_SOURCE ( 'ANY', '', #180, .NOT_KNOWN. ) ;
#2765 = DIRECTION ( 'NONE',  ( 0.000000000000000000, -1.000000000000000000, 0.000000000000000000 ) ) ;
#2766 = FACE_OUTER_BOUND ( 'NONE', #1532, .T. ) ;
#2767 = AXIS2_PLACEMENT_3D ( 'NONE', #1087, #787, #45 ) ;
#2768 = CARTESIAN_POINT ( 'NONE',  ( -4.468750000000000000, 1.024442997624098584E-16, -0.5937503518700788518 ) ) ;
#2769 = VERTEX_POINT ( 'NONE', #799 ) ;
#2770 = EDGE_CURVE ( 'NONE', #768, #3102, #1833, .T. ) ;
#2771 = VECTOR ( 'NONE', #175, 39.37007874015748143 ) ;
#2772 = DIRECTION ( 'NONE',  ( 1.130419859447281561E-16, 1.000000000000000000, -0.000000000000000000 ) ) ;
#2773 = DIRECTION ( 'NONE',  ( 0.000000000000000000, -1.000000000000000000, 0.000000000000000000 ) ) ;
#2774 = VERTEX_POINT ( 'NONE', #538 ) ;
#2775 = DIRECTION ( 'NONE',  ( -0.000000000000000000, -1.000000000000000000, -0.000000000000000000 ) ) ;
#2776 = VECTOR ( 'NONE', #1335, 39.37007874015748143 ) ;
#2777 = ORIENTED_EDGE ( 'NONE', *, *, #3236, .T. ) ;
#2778 = DIRECTION ( 'NONE',  ( -0.000000000000000000, -1.000000000000000000, -0.000000000000000000 ) ) ;
#2779 = AXIS2_PLACEMENT_3D ( 'NONE', #1438, #3291, #1184 ) ;
#2780 = CIRCLE ( 'NONE', #1170, 0.4062496481299211482 ) ;
#2781 = EDGE_CURVE ( 'NONE', #620, #3025, #571, .T. ) ;
#2782 = DIRECTION ( 'NONE',  ( -0.000000000000000000, -1.000000000000000000, -0.000000000000000000 ) ) ;
#2783 = CIRCLE ( 'NONE', #221, 0.2655997699527561928 ) ;
#2784 = PLANE ( 'NONE',  #439 ) ;
#2785 = EDGE_CURVE ( 'NONE', #1872, #2412, #2562, .T. ) ;
#2786 = ORIENTED_EDGE ( 'NONE', *, *, #2545, .T. ) ;
#2787 = DIRECTION ( 'NONE',  ( 0.000000000000000000, 0.000000000000000000, 1.000000000000000000 ) ) ;
#2788 = EDGE_CURVE ( 'NONE', #2352, #1736, #346, .T. ) ;
#2789 = LINE ( 'NONE', #3249, #124 ) ;
#2790 = CIRCLE ( 'NONE', #1283, 0.3750000000000002220 ) ;
#2791 = CARTESIAN_POINT ( 'NONE',  ( 4.468750000000000000, 0.000000000000000000, 5.875000000000000000 ) ) ;
#2792 = CIRCLE ( 'NONE', #3345, 0.4062496481299211482 ) ;
#2793 = ORIENTED_EDGE ( 'NONE', *, *, #625, .T. ) ;
#2794 = EDGE_CURVE ( 'NONE', #309, #2412, #1009, .T. ) ;
#2795 = DIRECTION ( 'NONE',  ( 0.000000000000000000, -1.000000000000000000, 0.000000000000000000 ) ) ;
#2796 = AXIS2_PLACEMENT_3D ( 'NONE', #1301, #3432, #3018 ) ;
#2797 = ORIENTED_EDGE ( 'NONE', *, *, #1096, .T. ) ;
#2798 = CARTESIAN_POINT ( 'NONE',  ( 1.625000000000001332, 0.8750000000000012212, 8.125000000000000000 ) ) ;
#2799 = CARTESIAN_POINT ( 'NONE',  ( -5.437500000000000000, 0.000000000000000000, 8.968750000000000000 ) ) ;
#2800 = DIRECTION ( 'NONE',  ( 0.000000000000000000, 0.000000000000000000, -1.000000000000000000 ) ) ;
#2801 = ORIENTED_EDGE ( 'NONE', *, *, #2190, .T. ) ;
#2802 = COORDINATED_UNIVERSAL_TIME_OFFSET ( 7, 0, .AHEAD. ) ;
#2803 = CARTESIAN_POINT ( 'NONE',  ( -4.468750000000000000, 0.4999995669291339428, -1.000000000000000000 ) ) ;
#2804 = DIRECTION ( 'NONE',  ( -0.000000000000000000, 1.000000000000000000, -0.000000000000000000 ) ) ;
#2805 = EDGE_CURVE ( 'NONE', #233, #2866, #290, .T. ) ;
#2806 = ORIENTED_EDGE ( 'NONE', *, *, #1732, .F. ) ;
#2807 = LINE ( 'NONE', #2574, #2771 ) ;
#2808 = ADVANCED_FACE ( 'NONE', ( #2062, #1851 ), #1043, .T. ) ;
#2809 = ORIENTED_EDGE ( 'NONE', *, *, #2677, .T. ) ;
#2810 = CARTESIAN_POINT ( 'NONE',  ( 6.062001655779400976E-17, 0.1875000000022379321, 8.619999999999999218 ) ) ;
#2811 = EDGE_CURVE ( 'NONE', #2434, #2736, #1282, .T. ) ;
#2812 = CIRCLE ( 'NONE', #2251, 0.4062496481299211482 ) ;
#2813 = CARTESIAN_POINT ( 'NONE',  ( -5.437499999999999112, 0.8437500000000008882, 9.000000000000000000 ) ) ;
#2814 = APPLICATION_CONTEXT ( 'configuration controlled 3d designs of mechanical parts and assemblies' ) ;
#2815 = CYLINDRICAL_SURFACE ( 'NONE', #2724, 0.2655997699527561928 ) ;
#2816 = VERTEX_POINT ( 'NONE', #1555 ) ;
#2817 = APPROVAL_STATUS ( 'not_yet_approved' ) ;
#2818 = CARTESIAN_POINT ( 'NONE',  ( -1.625000000000001332, 0.8750000000000012212, -7.750000000000000888 ) ) ;
#2819 = DIRECTION ( 'NONE',  ( -0.000000000000000000, -1.000000000000000000, -0.000000000000000000 ) ) ;
#2820 = ORIENTED_EDGE ( 'NONE', *, *, #1333, .F. ) ;
#2821 = CARTESIAN_POINT ( 'NONE',  ( -4.468750000000000000, 1.024442997624098584E-16, -5.875000000000000000 ) ) ;
#2822 = EDGE_LOOP ( 'NONE', ( #1776, #1403 ) ) ;
#2823 = FACE_OUTER_BOUND ( 'NONE', #1101, .T. ) ;
#2824 = ADVANCED_FACE ( 'NONE', ( #2627 ), #3163, .F. ) ;
#2825 = VERTEX_POINT ( 'NONE', #1887 ) ;
#2826 = AXIS2_PLACEMENT_3D ( 'NONE', #2034, #2310, #3124 ) ;
#2827 = ADVANCED_FACE ( 'NONE', ( #2487, #2995, #3221, #3032, #837, #2965, #107, #1696, #575, #630, #2409, #1628, #2221, #1169, #2712, #41, #1369, #3292, #363, #907, #294 ), #1352, .F. ) ;
#2828 = CARTESIAN_POINT ( 'NONE',  ( -4.468750000000000000, 0.4999995669291338873, -6.281249648129921148 ) ) ;
#2829 = EDGE_CURVE ( 'NONE', #1803, #2717, #731, .T. ) ;
#2830 = CIRCLE ( 'NONE', #1056, 0.3750000000000002220 ) ;
#2831 = VERTEX_POINT ( 'NONE', #3242 ) ;
#2832 = PLANE ( 'NONE',  #1458 ) ;
#2833 = VERTEX_POINT ( 'NONE', #2428 ) ;
#2834 = MECHANICAL_CONTEXT ( 'NONE', #2709, 'mechanical' ) ;
#2835 = CARTESIAN_POINT ( 'NONE',  ( -4.468750000000000000, 1.024442997624098584E-16, 5.875000000000000000 ) ) ;
#2836 = FACE_OUTER_BOUND ( 'NONE', #1656, .T. ) ;
#2837 = ORIENTED_EDGE ( 'NONE', *, *, #1194, .F. ) ;
#2838 = DIRECTION ( 'NONE',  ( 1.130419859447281561E-16, 1.000000000000000000, -0.000000000000000000 ) ) ;
#2839 = EDGE_CURVE ( 'NONE', #858, #2061, #1102, .T. ) ;
#2840 = ORIENTED_EDGE ( 'NONE', *, *, #3072, .F. ) ;
#2841 = AXIS2_PLACEMENT_3D ( 'NONE', #2013, #99, #896 ) ;
#2842 = AXIS2_PLACEMENT_3D ( 'NONE', #1703, #3023, #600 ) ;
#2843 = FACE_OUTER_BOUND ( 'NONE', #1494, .T. ) ;
#2844 = ORIENTED_EDGE ( 'NONE', *, *, #2918, .F. ) ;
#2845 = AXIS2_PLACEMENT_3D ( 'NONE', #2678, #2885, #2644 ) ;
#2846 = ADVANCED_FACE ( 'NONE', ( #2978 ), #647, .T. ) ;
#2847 = CYLINDRICAL_SURFACE ( 'NONE', #3000, 0.3750000000000002220 ) ;
#2848 = CARTESIAN_POINT ( 'NONE',  ( 1.625000000000001332, 2.237929876409764429E-12, 8.619999999999999218 ) ) ;
#2849 = ORIENTED_EDGE ( 'NONE', *, *, #155, .F. ) ;
#2850 = FACE_OUTER_BOUND ( 'NONE', #3112, .T. ) ;
#2851 = EDGE_LOOP ( 'NONE', ( #2471, #750, #101, #1368 ) ) ;
#2852 = AXIS2_PLACEMENT_3D ( 'NONE', #2670, #16, #2707 ) ;
#2853 = DATE_TIME_ROLE ( 'classification_date' ) ;
#2854 = FACE_OUTER_BOUND ( 'NONE', #995, .T. ) ;
#2855 = DIRECTION ( 'NONE',  ( -0.000000000000000000, -1.000000000000000000, -0.000000000000000000 ) ) ;
#2856 = EDGE_LOOP ( 'NONE', ( #2287, #1345, #1862, #558 ) ) ;
#2857 = CARTESIAN_POINT ( 'NONE',  ( -5.437500000000000000, 0.000000000000000000, 8.968750000000000000 ) ) ;
#2858 = CIRCLE ( 'NONE', #3033, 0.4062496481299211482 ) ;
#2859 = EDGE_LOOP ( 'NONE', ( #505, #2876 ) ) ;
#2860 = DIRECTION ( 'NONE',  ( -0.000000000000000000, -1.000000000000000000, -0.000000000000000000 ) ) ;
#2861 = ORIENTED_EDGE ( 'NONE', *, *, #2592, .T. ) ;
#2862 = CARTESIAN_POINT ( 'NONE',  ( 6.062001655779400976E-17, 2.237929876409764429E-12, 8.619999999999999218 ) ) ;
#2863 = DIRECTION ( 'NONE',  ( -0.7071067811865598962, 2.775557561562891351E-17, 0.7071067811865351382 ) ) ;
#2864 = EDGE_CURVE ( 'NONE', #3025, #1803, #1662, .T. ) ;
#2865 = CIRCLE ( 'NONE', #3321, 0.4062496481299211482 ) ;
#2866 = VERTEX_POINT ( 'NONE', #1959 ) ;
#2867 = CARTESIAN_POINT ( 'NONE',  ( 0.000000000000000000, 0.1875000000022379321, -8.125000000000000000 ) ) ;
#2868 = ORIENTED_EDGE ( 'NONE', *, *, #2532, .F. ) ;
#2869 = DIRECTION ( 'NONE',  ( 0.000000000000000000, 0.000000000000000000, -1.000000000000000000 ) ) ;
#2870 = ADVANCED_FACE ( 'NONE', ( #2730 ), #57, .F. ) ;
#2871 = CARTESIAN_POINT ( 'NONE',  ( 1.625000000000001332, 0.1875000000022379321, 7.629999999999999005 ) ) ;
#2872 = FACE_OUTER_BOUND ( 'NONE', #564, .T. ) ;
#2873 = CARTESIAN_POINT ( 'NONE',  ( -4.468750000000000888, 0.000000000000000000, -8.375000000000000000 ) ) ;
#2874 = ORIENTED_EDGE ( 'NONE', *, *, #11, .F. ) ;
#2875 = DIRECTION ( 'NONE',  ( 1.000000000000000000, 0.000000000000000000, 0.000000000000000000 ) ) ;
#2876 = ORIENTED_EDGE ( 'NONE', *, *, #1593, .F. ) ;
#2877 = CARTESIAN_POINT ( 'NONE',  ( -4.468750000000000000, 1.024442997624098584E-16, -1.000000000000000000 ) ) ;
#2878 = ORIENTED_EDGE ( 'NONE', *, *, #1657, .F. ) ;
#2879 = DIRECTION ( 'NONE',  ( 0.000000000000000000, 0.000000000000000000, -1.000000000000000000 ) ) ;
#2880 = DIRECTION ( 'NONE',  ( 0.000000000000000000, 0.000000000000000000, -1.000000000000000000 ) ) ;
#2881 = ADVANCED_FACE ( 'NONE', ( #1905 ), #1423, .F. ) ;
#2882 = CARTESIAN_POINT ( 'NONE',  ( 6.062001655779400976E-17, 2.237929876409764429E-12, -7.629999999999999893 ) ) ;
#2883 = EDGE_LOOP ( 'NONE', ( #2530, #2022 ) ) ;
#2884 = AXIS2_PLACEMENT_3D ( 'NONE', #2704, #85, #2179 ) ;
#2885 = DIRECTION ( 'NONE',  ( 0.000000000000000000, -1.000000000000000000, 0.000000000000000000 ) ) ;
#2886 = CIRCLE ( 'NONE', #3337, 0.4062496481299211482 ) ;
#2887 = EDGE_CURVE ( 'NONE', #3420, #2736, #1643, .T. ) ;
#2888 = FACE_BOUND ( 'NONE', #2154, .T. ) ;
#2889 = DIRECTION ( 'NONE',  ( 1.000000000000000000, 0.000000000000000000, 0.000000000000000000 ) ) ;
#2890 = CARTESIAN_POINT ( 'NONE',  ( 4.468750000000000000, 0.4999995669291339428, 5.875000000000000000 ) ) ;
#2891 = ORIENTED_EDGE ( 'NONE', *, *, #2214, .T. ) ;
#2892 = LINE ( 'NONE', #3189, #2305 ) ;
#2893 = ORIENTED_EDGE ( 'NONE', *, *, #2788, .T. ) ;
#2894 = AXIS2_PLACEMENT_3D ( 'NONE', #1666, #1925, #2457 ) ;
#2895 = FACE_BOUND ( 'NONE', #770, .T. ) ;
#2896 = EDGE_CURVE ( 'NONE', #875, #198, #3021, .T. ) ;
#2897 = ORIENTED_EDGE ( 'NONE', *, *, #342, .T. ) ;
#2898 = VERTEX_POINT ( 'NONE', #1940 ) ;
#2899 = DIRECTION ( 'NONE',  ( 0.000000000000000000, 0.000000000000000000, -1.000000000000000000 ) ) ;
#2900 = VECTOR ( 'NONE', #1348, 39.37007874015748143 ) ;
#2901 = CIRCLE ( 'NONE', #398, 0.2655997699527561928 ) ;
#2902 = CARTESIAN_POINT ( 'NONE',  ( -4.468750000000000000, 1.024442997624098584E-16, 7.968750351870078852 ) ) ;
#2903 = DIRECTION ( 'NONE',  ( -0.000000000000000000, -1.000000000000000000, -0.000000000000000000 ) ) ;
#2904 = AXIS2_PLACEMENT_3D ( 'NONE', #1928, #1161, #914 ) ;
#2905 = DIRECTION ( 'NONE',  ( -0.000000000000000000, -1.000000000000000000, -0.000000000000000000 ) ) ;
#2906 = ORIENTED_EDGE ( 'NONE', *, *, #764, .T. ) ;
#2907 = CARTESIAN_POINT ( 'NONE',  ( -1.624999999999998890, 0.8750000000000012212, 8.125000000000000000 ) ) ;
#2908 = FACE_OUTER_BOUND ( 'NONE', #1107, .T. ) ;
#2909 = LINE ( 'NONE', #2098, #2435 ) ;
#2910 = CARTESIAN_POINT ( 'NONE',  ( 4.468749999999999112, 0.000000000000000000, 7.125000000000000000 ) ) ;
#2911 = ORIENTED_EDGE ( 'NONE', *, *, #2788, .F. ) ;
#2912 = PLANE ( 'NONE',  #542 ) ;
#2913 = ORIENTED_EDGE ( 'NONE', *, *, #3393, .F. ) ;
#2914 = CARTESIAN_POINT ( 'NONE',  ( -4.203150230047244307, 0.4999995669291339428, -5.875000000000000000 ) ) ;
#2915 = ORIENTED_EDGE ( 'NONE', *, *, #1850, .T. ) ;
#2916 = ORIENTED_EDGE ( 'NONE', *, *, #1902, .T. ) ;
#2917 = DIRECTION ( 'NONE',  ( 0.000000000000000000, 0.000000000000000000, -1.000000000000000000 ) ) ;
#2918 = EDGE_CURVE ( 'NONE', #919, #1602, #3014, .T. ) ;
#2919 = DIRECTION ( 'NONE',  ( -0.000000000000000000, -1.000000000000000000, -0.000000000000000000 ) ) ;
#2920 = CARTESIAN_POINT ( 'NONE',  ( 4.592425496802572370E-17, 0.8750000000000012212, 8.500000000000000000 ) ) ;
#2921 = DIRECTION ( 'NONE',  ( 0.000000000000000000, 0.000000000000000000, -1.000000000000000000 ) ) ;
#2922 = ORIENTED_EDGE ( 'NONE', *, *, #717, .F. ) ;
#2923 = DIRECTION ( 'NONE',  ( -0.000000000000000000, -1.000000000000000000, -0.000000000000000000 ) ) ;
#2924 = CIRCLE ( 'NONE', #1153, 0.4062496481299211482 ) ;
#2925 = CARTESIAN_POINT ( 'NONE',  ( 0.000000000000000000, 2.237929876409764429E-12, -8.125000000000000000 ) ) ;
#2926 = CIRCLE ( 'NONE', #1864, 0.2655997699527561928 ) ;
#2927 = CARTESIAN_POINT ( 'NONE',  ( 4.468750000000000000, 0.4999995669291339428, 5.609400230047243419 ) ) ;
#2928 = ORIENTED_EDGE ( 'NONE', *, *, #2839, .T. ) ;
#2929 = DIRECTION ( 'NONE',  ( 0.000000000000000000, -1.000000000000000000, 0.000000000000000000 ) ) ;
#2930 = VERTEX_POINT ( 'NONE', #968 ) ;
#2931 = CARTESIAN_POINT ( 'NONE',  ( 0.000000000000000000, 0.8750000000000012212, 8.125000000000000000 ) ) ;
#2932 = ORIENTED_EDGE ( 'NONE', *, *, #1860, .T. ) ;
#2933 = EDGE_LOOP ( 'NONE', ( #1466, #3301, #882, #675 ) ) ;
#2934 = CARTESIAN_POINT ( 'NONE',  ( 4.468750000000000000, 0.4999995669291339428, 8.109400230047244307 ) ) ;
#2935 = AXIS2_PLACEMENT_3D ( 'NONE', #264, #485, #1322 ) ;
#2936 = ADVANCED_FACE ( 'NONE', ( #2766 ), #3356, .F. ) ;
#2937 = CARTESIAN_POINT ( 'NONE',  ( -4.468750000000000000, 0.4999995669291338873, -5.468750351870078852 ) ) ;
#2938 = EDGE_CURVE ( 'NONE', #198, #153, #1742, .T. ) ;
#2939 = CYLINDRICAL_SURFACE ( 'NONE', #2081, 0.2499997834645662775 ) ;
#2940 = AXIS2_PLACEMENT_3D ( 'NONE', #1209, #2838, #2273 ) ;
#2941 = EDGE_CURVE ( 'NONE', #443, #1163, #2533, .T. ) ;
#2942 = DIRECTION ( 'NONE',  ( -0.000000000000000000, -1.000000000000000000, -0.000000000000000000 ) ) ;
#2943 = EDGE_LOOP ( 'NONE', ( #2229, #957, #2075 ) ) ;
#2944 = EDGE_CURVE ( 'NONE', #3040, #120, #1729, .T. ) ;
#2945 = LINE ( 'NONE', #2336, #2118 ) ;
#2946 = VECTOR ( 'NONE', #271, 39.37007874015748143 ) ;
#2947 = FACE_OUTER_BOUND ( 'NONE', #1445, .T. ) ;
#2948 = VERTEX_POINT ( 'NONE', #166 ) ;
#2949 = AXIS2_PLACEMENT_3D ( 'NONE', #682, #1472, #2535 ) ;
#2950 = CC_DESIGN_DATE_AND_TIME_ASSIGNMENT ( #709, #1777, ( #643 ) ) ;
#2951 = DIRECTION ( 'NONE',  ( -0.000000000000000000, -1.000000000000000000, -0.000000000000000000 ) ) ;
#2952 = AXIS2_PLACEMENT_3D ( 'NONE', #2215, #3027, #2497 ) ;
#2953 = CARTESIAN_POINT ( 'NONE',  ( 1.625000000000001332, 0.1875000000022379043, 8.125000000000000000 ) ) ;
#2954 = ORIENTED_EDGE ( 'NONE', *, *, #361, .F. ) ;
#2955 = DIRECTION ( 'NONE',  ( 0.000000000000000000, 0.000000000000000000, -1.000000000000000000 ) ) ;
#2956 = VERTEX_POINT ( 'NONE', #2828 ) ;
#2957 = ORIENTED_EDGE ( 'NONE', *, *, #522, .T. ) ;
#2958 = CARTESIAN_POINT ( 'NONE',  ( -1.625000000000001332, 0.1875000000000000278, -8.125000000000001776 ) ) ;
#2959 = DIRECTION ( 'NONE',  ( -0.000000000000000000, -1.000000000000000000, -0.000000000000000000 ) ) ;
#2960 = ADVANCED_FACE ( 'NONE', ( #3082 ), #3369, .F. ) ;
#2961 = LINE ( 'NONE', #1903, #1989 ) ;
#2962 = AXIS2_PLACEMENT_3D ( 'NONE', #3150, #2064, #3115 ) ;
#2963 = EDGE_LOOP ( 'NONE', ( #2258, #1451, #1753, #15 ) ) ;
#2964 = AXIS2_PLACEMENT_3D ( 'NONE', #852, #2186, #3276 ) ;
#2965 = FACE_BOUND ( 'NONE', #2474, .T. ) ;
#2966 = CARTESIAN_POINT ( 'NONE',  ( -4.468750000000000000, 0.8750000000000009992, -5.875000000000000000 ) ) ;
#2967 = EDGE_CURVE ( 'NONE', #1132, #2769, #1475, .T. ) ;
#2968 = ORIENTED_EDGE ( 'NONE', *, *, #1462, .F. ) ;
#2969 = DIRECTION ( 'NONE',  ( -0.000000000000000000, -1.000000000000000000, -0.000000000000000000 ) ) ;
#2970 = ORIENTED_EDGE ( 'NONE', *, *, #414, .T. ) ;
#2971 = CARTESIAN_POINT ( 'NONE',  ( 4.468750000000000888, 0.4999995669291338873, -8.781249648129922036 ) ) ;
#2972 = ORIENTED_EDGE ( 'NONE', *, *, #3282, .F. ) ;
#2973 = VERTEX_POINT ( 'NONE', #381 ) ;
#2974 = CARTESIAN_POINT ( 'NONE',  ( -5.406249999999998224, 0.8437500000000008882, 9.000000000000000000 ) ) ;
#2975 = CIRCLE ( 'NONE', #2343, 0.2655997699527561928 ) ;
#2976 = CARTESIAN_POINT ( 'NONE',  ( 5.406249999999997335, 0.8437499999999996669, -9.000000000000000000 ) ) ;
#2977 = DIRECTION ( 'NONE',  ( 1.000000000000000000, -1.130419859447281561E-16, -0.000000000000000000 ) ) ;
#2978 = FACE_OUTER_BOUND ( 'NONE', #117, .T. ) ;
#2979 = EDGE_CURVE ( 'NONE', #188, #1432, #1484, .T. ) ;
#2980 = CARTESIAN_POINT ( 'NONE',  ( 0.000000000000000000, 0.1875000000022379321, -8.125000000000000000 ) ) ;
#2981 = ORIENTED_EDGE ( 'NONE', *, *, #2001, .F. ) ;
#2982 = DIRECTION ( 'NONE',  ( 0.000000000000000000, 0.000000000000000000, -1.000000000000000000 ) ) ;
#2983 = CARTESIAN_POINT ( 'NONE',  ( -4.468750000000000000, 0.8750000000000009992, 8.640599769952755693 ) ) ;
#2984 = ORIENTED_EDGE ( 'NONE', *, *, #1134, .T. ) ;
#2985 = FACE_OUTER_BOUND ( 'NONE', #2014, .T. ) ;
#2986 = EDGE_CURVE ( 'NONE', #754, #1952, #441, .T. ) ;
#2987 = CARTESIAN_POINT ( 'NONE',  ( -4.468750000000000000, 0.000000000000000000, 7.968750351870078852 ) ) ;
#2988 = EDGE_LOOP ( 'NONE', ( #2342, #1176, #1755 ) ) ;
#2989 = EDGE_LOOP ( 'NONE', ( #3363, #2039, #2381, #658 ) ) ;
#2990 = FACE_OUTER_BOUND ( 'NONE', #2223, .T. ) ;
#2991 = EDGE_LOOP ( 'NONE', ( #3231, #1050, #1481, #2191 ) ) ;
#2992 = CARTESIAN_POINT ( 'NONE',  ( 5.406249999999997335, 0.8437499999999996669, -9.000000000000000000 ) ) ;
#2993 = ADVANCED_FACE ( 'NONE', ( #2504 ), #396, .F. ) ;
#2994 = CARTESIAN_POINT ( 'NONE',  ( 4.468750000000000000, 0.4999995669291338873, 6.281249648129921148 ) ) ;
#2995 = FACE_BOUND ( 'NONE', #1582, .T. ) ;
#2996 = EDGE_CURVE ( 'NONE', #3212, #798, #924, .T. ) ;
#2997 = FACE_OUTER_BOUND ( 'NONE', #2512, .T. ) ;
#2998 = ORIENTED_EDGE ( 'NONE', *, *, #2829, .F. ) ;
#2999 = LINE ( 'NONE', #1372, #873 ) ;
#3000 = AXIS2_PLACEMENT_3D ( 'NONE', #1846, #1329, #2579 ) ;
#3001 = CARTESIAN_POINT ( 'NONE',  ( 4.468750000000000888, 0.000000000000000000, -8.781249648129922036 ) ) ;
#3002 = EDGE_CURVE ( 'NONE', #742, #1359, #97, .T. ) ;
#3003 = ORIENTED_EDGE ( 'NONE', *, *, #2206, .T. ) ;
#3004 = CARTESIAN_POINT ( 'NONE',  ( 1.624999999999999112, 0.8750000000000012212, -8.125000000000001776 ) ) ;
#3005 = LINE ( 'NONE', #3250, #3335 ) ;
#3006 = AXIS2_PLACEMENT_3D ( 'NONE', #2047, #790, #2363 ) ;
#3007 = ORIENTED_EDGE ( 'NONE', *, *, #636, .T. ) ;
#3008 = ORIENTED_EDGE ( 'NONE', *, *, #3401, .T. ) ;
#3009 = AXIS2_PLACEMENT_3D ( 'NONE', #379, #3258, #2503 ) ;
#3010 = DIRECTION ( 'NONE',  ( -0.000000000000000000, -1.000000000000000000, -0.000000000000000000 ) ) ;
#3011 = ORIENTED_EDGE ( 'NONE', *, *, #3042, .F. ) ;
#3012 = CARTESIAN_POINT ( 'NONE',  ( 1.624999999999999112, 0.1875000000022379043, -8.500000000000001776 ) ) ;
#3013 = DIRECTION ( 'NONE',  ( 0.000000000000000000, -1.000000000000000000, 0.000000000000000000 ) ) ;
#3014 = LINE ( 'NONE', #986, #1227 ) ;
#3015 = AXIS2_PLACEMENT_3D ( 'NONE', #1078, #2132, #1640 ) ;
#3016 = AXIS2_PLACEMENT_3D ( 'NONE', #1376, #654, #403 ) ;
#3017 = CIRCLE ( 'NONE', #2845, 0.3750000000000002220 ) ;
#3018 = DIRECTION ( 'NONE',  ( 1.000000000000000000, 0.000000000000000000, 0.000000000000000000 ) ) ;
#3019 = ORIENTED_EDGE ( 'NONE', *, *, #3344, .T. ) ;
#3020 = CARTESIAN_POINT ( 'NONE',  ( -5.437500000000000000, 0.000000000000000000, 8.968750000000000000 ) ) ;
#3021 = CIRCLE ( 'NONE', #22, 0.4062496481299211482 ) ;
#3022 = CC_DESIGN_SECURITY_CLASSIFICATION ( #291, ( #2764 ) ) ;
#3023 = DIRECTION ( 'NONE',  ( -0.000000000000000000, -1.000000000000000000, -0.000000000000000000 ) ) ;
#3024 = CARTESIAN_POINT ( 'NONE',  ( 4.468750000000000888, 0.000000000000000000, -8.375000000000000000 ) ) ;
#3025 = VERTEX_POINT ( 'NONE', #662 ) ;
#3026 = VERTEX_POINT ( 'NONE', #411 ) ;
#3027 = DIRECTION ( 'NONE',  ( -0.000000000000000000, -1.000000000000000000, -0.000000000000000000 ) ) ;
#3028 = VERTEX_POINT ( 'NONE', #181 ) ;
#3029 = VECTOR ( 'NONE', #1623, 39.37007874015748143 ) ;
#3030 = CARTESIAN_POINT ( 'NONE',  ( 5.437499999999999112, 0.8750000000000000000, -8.968750000000000000 ) ) ;
#3031 = CARTESIAN_POINT ( 'NONE',  ( 1.625000000000001332, 0.8750000000000012212, 8.125000000000000000 ) ) ;
#3032 = FACE_BOUND ( 'NONE', #353, .T. ) ;
#3033 = AXIS2_PLACEMENT_3D ( 'NONE', #2500, #1984, #121 ) ;
#3034 = CARTESIAN_POINT ( 'NONE',  ( 0.000000000000000000, 0.8750000000000012212, 7.749999999999999112 ) ) ;
#3035 = EDGE_LOOP ( 'NONE', ( #1513, #250, #49, #2117 ) ) ;
#3036 = LINE ( 'NONE', #2737, #2296 ) ;
#3037 = FACE_BOUND ( 'NONE', #190, .T. ) ;
#3038 = CARTESIAN_POINT ( 'NONE',  ( -4.468750000000000000, 0.4999995669291338873, -1.406249648129921148 ) ) ;
#3039 = ORIENTED_EDGE ( 'NONE', *, *, #2477, .F. ) ;
#3040 = VERTEX_POINT ( 'NONE', #3325 ) ;
#3041 = CARTESIAN_POINT ( 'NONE',  ( -4.468750000000000000, 0.000000000000000000, -6.140599769952756581 ) ) ;
#3042 = EDGE_CURVE ( 'NONE', #2197, #188, #694, .T. ) ;
#3043 = AXIS2_PLACEMENT_3D ( 'NONE', #2600, #2620, #2880 ) ;
#3044 = ORIENTED_EDGE ( 'NONE', *, *, #1593, .T. ) ;
#3045 = PLANE ( 'NONE',  #1631 ) ;
#3046 = VECTOR ( 'NONE', #3246, 39.37007874015748143 ) ;
#3047 = ADVANCED_FACE ( 'NONE', ( #3312 ), #937, .T. ) ;
#3048 = DIRECTION ( 'NONE',  ( 0.000000000000000000, 0.000000000000000000, -1.000000000000000000 ) ) ;
#3049 = EDGE_CURVE ( 'NONE', #2044, #964, #2812, .T. ) ;
#3050 = CARTESIAN_POINT ( 'NONE',  ( -4.468750000000000888, 0.000000000000000000, -6.875000216535434028 ) ) ;
#3051 = EDGE_CURVE ( 'NONE', #1736, #1774, #679, .T. ) ;
#3052 = DIRECTION ( 'NONE',  ( -0.000000000000000000, -1.000000000000000000, -0.000000000000000000 ) ) ;
#3053 = VERTEX_POINT ( 'NONE', #1213 ) ;
#3054 = EDGE_CURVE ( 'NONE', #3053, #309, #253, .T. ) ;
#3055 = PERSON_AND_ORGANIZATION ( #898, #2484 ) ;
#3056 = CIRCLE ( 'NONE', #1536, 0.4062496481299211482 ) ;
#3057 = DIRECTION ( 'NONE',  ( 0.000000000000000000, 0.000000000000000000, 1.000000000000000000 ) ) ;
#3058 = CYLINDRICAL_SURFACE ( 'NONE', #2455, 0.2655997699527561928 ) ;
#3059 = VERTEX_POINT ( 'NONE', #3180 ) ;
#3060 = DIRECTION ( 'NONE',  ( -0.000000000000000000, 1.000000000000000000, -0.000000000000000000 ) ) ;
#3061 = VECTOR ( 'NONE', #1578, 39.37007874015748143 ) ;
#3062 = AXIS2_PLACEMENT_3D ( 'NONE', #3108, #1825, #3442 ) ;
#3063 = VERTEX_POINT ( 'NONE', #3407 ) ;
#3064 = DIRECTION ( 'NONE',  ( 0.000000000000000000, 0.000000000000000000, -1.000000000000000000 ) ) ;
#3065 = CIRCLE ( 'NONE', #3225, 0.3750000000000002220 ) ;
#3066 = EDGE_CURVE ( 'NONE', #742, #1188, #3387, .T. ) ;
#3067 = DIRECTION ( 'NONE',  ( -0.000000000000000000, -1.000000000000000000, -0.000000000000000000 ) ) ;
#3068 = VECTOR ( 'NONE', #1901, 39.37007874015748143 ) ;
#3069 = EDGE_CURVE ( 'NONE', #1849, #3188, #2581, .T. ) ;
#3070 = DIRECTION ( 'NONE',  ( 1.000000000000000000, 0.000000000000000000, -0.000000000000000000 ) ) ;
#3071 = ORIENTED_EDGE ( 'NONE', *, *, #1023, .T. ) ;
#3072 = EDGE_CURVE ( 'NONE', #2412, #1872, #534, .T. ) ;
#3073 = CARTESIAN_POINT ( 'NONE',  ( 4.468750000000000000, 0.4999995669291338873, -5.875000000000000000 ) ) ;
#3074 = CIRCLE ( 'NONE', #508, 0.4062496481299211482 ) ;
#3075 = DIRECTION ( 'NONE',  ( -0.000000000000000000, -1.000000000000000000, -0.000000000000000000 ) ) ;
#3076 = AXIS2_PLACEMENT_3D ( 'NONE', #2751, #362, #1422 ) ;
#3077 = ORIENTED_EDGE ( 'NONE', *, *, #410, .T. ) ;
#3078 = DIRECTION ( 'NONE',  ( 1.000000000000000000, 0.000000000000000000, 0.000000000000000000 ) ) ;
#3079 = VECTOR ( 'NONE', #1443, 39.37007874015748143 ) ;
#3080 = ORIENTED_EDGE ( 'NONE', *, *, #3190, .T. ) ;
#3081 = CARTESIAN_POINT ( 'NONE',  ( 5.437499999999999112, 0.03125000000000024980, 9.000000000000000000 ) ) ;
#3082 = FACE_OUTER_BOUND ( 'NONE', #1496, .T. ) ;
#3083 = CARTESIAN_POINT ( 'NONE',  ( -5.437499999999999112, 0.03125000000000024980, -9.000000000000000000 ) ) ;
#3084 = ORIENTED_EDGE ( 'NONE', *, *, #2190, .F. ) ;
#3085 = FACE_OUTER_BOUND ( 'NONE', #2, .T. ) ;
#3086 = FACE_OUTER_BOUND ( 'NONE', #3201, .T. ) ;
#3087 = ORIENTED_EDGE ( 'NONE', *, *, #2113, .F. ) ;
#3088 = DIRECTION ( 'NONE',  ( -0.000000000000000000, -1.000000000000000000, -0.000000000000000000 ) ) ;
#3089 = VERTEX_POINT ( 'NONE', #2848 ) ;
#3090 = EDGE_CURVE ( 'NONE', #192, #3175, #796, .T. ) ;
#3091 = DIRECTION ( 'NONE',  ( 0.000000000000000000, 0.000000000000000000, -1.000000000000000000 ) ) ;
#3092 = AXIS2_PLACEMENT_3D ( 'NONE', #30, #524, #483 ) ;
#3093 = CIRCLE ( 'NONE', #2587, 0.4950000000000000511 ) ;
#3094 = EDGE_CURVE ( 'NONE', #2352, #2930, #2054, .T. ) ;
#3095 = CARTESIAN_POINT ( 'NONE',  ( 4.468750000000000000, 0.000000000000000000, 8.375000000000000000 ) ) ;
#3096 = PLANE ( 'NONE',  #2266 ) ;
#3097 = ORIENTED_EDGE ( 'NONE', *, *, #1796, .F. ) ;
#3098 = EDGE_CURVE ( 'NONE', #2440, #2973, #516, .T. ) ;
#3099 = CALENDAR_DATE ( 2026, 29, 4 ) ;
#3100 = FACE_OUTER_BOUND ( 'NONE', #3191, .T. ) ;
#3101 = CARTESIAN_POINT ( 'NONE',  ( -1.624999999999998890, 2.237929876409764429E-12, 8.125000000000000000 ) ) ;
#3102 = VERTEX_POINT ( 'NONE', #1516 ) ;
#3103 = EDGE_CURVE ( 'NONE', #3286, #1650, #3423, .T. ) ;
#3104 = DIRECTION ( 'NONE',  ( 0.000000000000000000, 0.000000000000000000, -1.000000000000000000 ) ) ;
#3105 = EDGE_LOOP ( 'NONE', ( #2536, #1785, #3418, #1473 ) ) ;
#3106 = DIRECTION ( 'NONE',  ( -0.7071067811865567876, 0.000000000000000000, 0.7071067811865382469 ) ) ;
#3107 = EDGE_LOOP ( 'NONE', ( #2653, #2968, #3395, #2954 ) ) ;
#3108 = CARTESIAN_POINT ( 'NONE',  ( 5.437499999999999112, 0.8750000000000000000, 9.000000000000000000 ) ) ;
#3109 = CARTESIAN_POINT ( 'NONE',  ( -4.468750000000000888, 1.024442997624098584E-16, -8.375000000000000000 ) ) ;
#3110 = VERTEX_POINT ( 'NONE', #1789 ) ;
#3111 = DIRECTION ( 'NONE',  ( 0.000000000000000000, 0.000000000000000000, -1.000000000000000000 ) ) ;
#3112 = EDGE_LOOP ( 'NONE', ( #1222, #1166, #2932, #1638 ) ) ;
#3113 = COORDINATED_UNIVERSAL_TIME_OFFSET ( 7, 0, .AHEAD. ) ;
#3114 = DIRECTION ( 'NONE',  ( 0.5773502691896182926, 0.5773502691896207351, 0.5773502691896383876 ) ) ;
#3115 = DIRECTION ( 'NONE',  ( 0.000000000000000000, 0.000000000000000000, -1.000000000000000000 ) ) ;
#3116 = ORIENTED_EDGE ( 'NONE', *, *, #2918, .T. ) ;
#3117 = PLANE ( 'NONE',  #3378 ) ;
#3118 = ORIENTED_EDGE ( 'NONE', *, *, #1333, .T. ) ;
#3119 = VECTOR ( 'NONE', #418, 39.37007874015748143 ) ;
#3120 = AXIS2_PLACEMENT_3D ( 'NONE', #1994, #1506, #1734 ) ;
#3121 = CARTESIAN_POINT ( 'NONE',  ( -5.406250000000000000, 0.8750000000000012212, 8.968750000000000000 ) ) ;
#3122 = EDGE_LOOP ( 'NONE', ( #3039, #1546 ) ) ;
#3123 = VECTOR ( 'NONE', #1387, 39.37007874015748143 ) ;
#3124 = DIRECTION ( 'NONE',  ( 0.000000000000000000, 0.000000000000000000, -1.000000000000000000 ) ) ;
#3125 = LINE ( 'NONE', #2133, #592 ) ;
#3126 = EDGE_CURVE ( 'NONE', #3174, #2068, #1098, .T. ) ;
#3127 = EDGE_LOOP ( 'NONE', ( #1783, #1618, #64, #2922 ) ) ;
#3128 = LINE ( 'NONE', #3370, #2165 ) ;
#3129 = ORIENTED_EDGE ( 'NONE', *, *, #3382, .T. ) ;
#3130 = VECTOR ( 'NONE', #605, 39.37007874015748143 ) ;
#3131 = CARTESIAN_POINT ( 'NONE',  ( 4.468750000000000000, 0.4999995669291339428, -5.875000000000000000 ) ) ;
#3132 = DIRECTION ( 'NONE',  ( 2.480621865434844551E-14, -0.7071067811865583419, 0.7071067811865366926 ) ) ;
#3133 = DIRECTION ( 'NONE',  ( 0.000000000000000000, -1.000000000000000000, 0.000000000000000000 ) ) ;
#3134 = ORIENTED_EDGE ( 'NONE', *, *, #3241, .F. ) ;
#3135 = DIRECTION ( 'NONE',  ( 0.000000000000000000, 0.000000000000000000, -1.000000000000000000 ) ) ;
#3136 = ORIENTED_EDGE ( 'NONE', *, *, #2733, .F. ) ;
#3137 = DIRECTION ( 'NONE',  ( 0.000000000000000000, 0.000000000000000000, -1.000000000000000000 ) ) ;
#3138 = EDGE_LOOP ( 'NONE', ( #2555, #3213, #1042, #530 ) ) ;
#3139 = EDGE_CURVE ( 'NONE', #1092, #188, #3159, .T. ) ;
#3140 = DIRECTION ( 'NONE',  ( -0.000000000000000000, -1.000000000000000000, -0.000000000000000000 ) ) ;
#3141 = DIRECTION ( 'NONE',  ( 0.000000000000000000, 0.000000000000000000, -1.000000000000000000 ) ) ;
#3142 = ADVANCED_FACE ( 'NONE', ( #2580 ), #2091, .F. ) ;
#3143 = CIRCLE ( 'NONE', #2024, 0.4062496481299211482 ) ;
#3144 = VERTEX_POINT ( 'NONE', #2311 ) ;
#3145 = CYLINDRICAL_SURFACE ( 'NONE', #1441, 0.4950000000000000511 ) ;
#3146 = ORIENTED_EDGE ( 'NONE', *, *, #1612, .F. ) ;
#3147 = DIRECTION ( 'NONE',  ( 0.000000000000000000, 0.000000000000000000, -1.000000000000000000 ) ) ;
#3148 = EDGE_CURVE ( 'NONE', #1243, #3040, #3125, .T. ) ;
#3149 = CARTESIAN_POINT ( 'NONE',  ( -4.203150230047244307, 0.4999995669291339428, 8.375000000000000000 ) ) ;
#3150 = CARTESIAN_POINT ( 'NONE',  ( 0.000000000000000000, 0.1875000000022379321, 8.125000000000000000 ) ) ;
#3151 = PLANE ( 'NONE',  #2645 ) ;
#3152 = ORIENTED_EDGE ( 'NONE', *, *, #1116, .T. ) ;
#3153 = CARTESIAN_POINT ( 'NONE',  ( -1.625000000000001332, 0.8750000000000012212, -8.125000000000001776 ) ) ;
#3154 = ORIENTED_EDGE ( 'NONE', *, *, #1003, .F. ) ;
#3155 = CARTESIAN_POINT ( 'NONE',  ( -4.468750000000000000, 0.4999995669291338873, -5.875000000000000000 ) ) ;
#3156 = ORIENTED_EDGE ( 'NONE', *, *, #2741, .T. ) ;
#3157 = ORIENTED_EDGE ( 'NONE', *, *, #2728, .F. ) ;
#3158 = DIRECTION ( 'NONE',  ( 0.000000000000000000, 0.000000000000000000, -1.000000000000000000 ) ) ;
#3159 = LINE ( 'NONE', #459, #474 ) ;
#3160 = DIRECTION ( 'NONE',  ( -0.000000000000000000, -1.000000000000000000, -0.000000000000000000 ) ) ;
#3161 = VERTEX_POINT ( 'NONE', #1296 ) ;
#3162 = AXIS2_PLACEMENT_3D ( 'NONE', #2461, #805, #336 ) ;
#3163 = CYLINDRICAL_SURFACE ( 'NONE', #906, 0.4950000000000000511 ) ;
#3164 = CIRCLE ( 'NONE', #164, 0.2655997699527561928 ) ;
#3165 = DIRECTION ( 'NONE',  ( 0.000000000000000000, 0.000000000000000000, -1.000000000000000000 ) ) ;
#3166 = ADVANCED_FACE ( 'Face1', ( #535, #1807 ), #2657, .T. ) ;
#3167 = DIRECTION ( 'NONE',  ( -0.000000000000000000, -1.000000000000000000, -0.000000000000000000 ) ) ;
#3168 = DIRECTION ( 'NONE',  ( -0.000000000000000000, -1.000000000000000000, -0.000000000000000000 ) ) ;
#3169 = CARTESIAN_POINT ( 'NONE',  ( -4.468750000000000000, 0.000000000000000000, 6.281249648129921148 ) ) ;
#3170 = DIRECTION ( 'NONE',  ( 0.000000000000000000, 0.000000000000000000, -1.000000000000000000 ) ) ;
#3171 = EDGE_CURVE ( 'NONE', #2248, #971, #369, .T. ) ;
#3172 = ORIENTED_EDGE ( 'NONE', *, *, #2415, .F. ) ;
#3173 = DIRECTION ( 'NONE',  ( 0.7071067811865335839, 0.7071067811865614505, -1.837086636568268253E-16 ) ) ;
#3174 = VERTEX_POINT ( 'NONE', #2388 ) ;
#3175 = VERTEX_POINT ( 'NONE', #2330 ) ;
#3176 = DIRECTION ( 'NONE',  ( 0.000000000000000000, 0.000000000000000000, -1.000000000000000000 ) ) ;
#3177 = CIRCLE ( 'NONE', #17, 0.4062496481299211482 ) ;
#3178 = VECTOR ( 'NONE', #2588, 39.37007874015748143 ) ;
#3179 = FACE_OUTER_BOUND ( 'NONE', #83, .T. ) ;
#3180 = CARTESIAN_POINT ( 'NONE',  ( 1.625000000000001332, 2.237929876409764429E-12, 7.629999999999999005 ) ) ;
#3181 = CIRCLE ( 'NONE', #1953, 0.2655997699527561928 ) ;
#3182 = AXIS2_PLACEMENT_3D ( 'NONE', #557, #1813, #2080 ) ;
#3183 = LINE ( 'NONE', #2150, #613 ) ;
#3184 = VERTEX_POINT ( 'NONE', #495 ) ;
#3185 = CARTESIAN_POINT ( 'NONE',  ( 5.437499999999999112, 0.8750000000000000000, -8.968750000000000000 ) ) ;
#3186 = PLANE ( 'NONE',  #176 ) ;
#3187 = DIRECTION ( 'NONE',  ( -0.000000000000000000, -1.000000000000000000, -0.000000000000000000 ) ) ;
#3188 = VERTEX_POINT ( 'NONE', #1552 ) ;
#3189 = CARTESIAN_POINT ( 'NONE',  ( 4.468749999999999112, 0.000000000000000000, 6.875000216535434028 ) ) ;
#3190 = EDGE_CURVE ( 'NONE', #518, #3040, #237, .T. ) ;
#3191 = EDGE_LOOP ( 'NONE', ( #3071, #1724, #2837, #3367 ) ) ;
#3192 = CYLINDRICAL_SURFACE ( 'NONE', #3162, 0.4062496481299211482 ) ;
#3193 = VERTEX_POINT ( 'NONE', #1039 ) ;
#3194 = EDGE_LOOP ( 'NONE', ( #268, #1942, #373, #179 ) ) ;
#3195 = CARTESIAN_POINT ( 'NONE',  ( 0.000000000000000000, 0.1875000000022379043, -8.500000000000000000 ) ) ;
#3196 = EDGE_CURVE ( 'NONE', #2158, #1621, #776, .T. ) ;
#3197 = EDGE_CURVE ( 'NONE', #144, #2129, #2672, .T. ) ;
#3198 = CARTESIAN_POINT ( 'NONE',  ( -4.468750000000000888, 3.414809992080329023E-17, -6.875000216535433140 ) ) ;
#3199 = DIRECTION ( 'NONE',  ( -0.000000000000000000, -1.000000000000000000, -0.000000000000000000 ) ) ;
#3200 = DIRECTION ( 'NONE',  ( -0.000000000000000000, -1.000000000000000000, -0.000000000000000000 ) ) ;
#3201 = EDGE_LOOP ( 'NONE', ( #2723, #718, #2786, #2027 ) ) ;
#3202 = DIRECTION ( 'NONE',  ( 0.000000000000000000, 0.000000000000000000, -1.000000000000000000 ) ) ;
#3203 = VECTOR ( 'NONE', #2290, 39.37007874015748854 ) ;
#3204 = DIRECTION ( 'NONE',  ( 0.000000000000000000, 0.000000000000000000, -1.000000000000000000 ) ) ;
#3205 = ORIENTED_EDGE ( 'NONE', *, *, #1791, .F. ) ;
#3206 =( GEOMETRIC_REPRESENTATION_CONTEXT ( 3 ) GLOBAL_UNCERTAINTY_ASSIGNED_CONTEXT ( ( #2183 ) ) GLOBAL_UNIT_ASSIGNED_CONTEXT ( ( #1123, #2023, #429 ) ) REPRESENTATION_CONTEXT ( 'NONE', 'WORKASPACE' ) );
#3207 = DIRECTION ( 'NONE',  ( 0.5773502691896215122, -0.5773502691896190697, 0.5773502691896367223 ) ) ;
#3208 = CARTESIAN_POINT ( 'NONE',  ( 0.000000000000000000, 0.1875000000022379321, -8.125000000000000000 ) ) ;
#3209 = ORIENTED_EDGE ( 'NONE', *, *, #678, .T. ) ;
#3210 = DIRECTION ( 'NONE',  ( 0.000000000000000000, -1.000000000000000000, 0.000000000000000000 ) ) ;
#3211 = ADVANCED_FACE ( 'NONE', ( #1866 ), #2939, .F. ) ;
#3212 = VERTEX_POINT ( 'NONE', #1854 ) ;
#3213 = ORIENTED_EDGE ( 'NONE', *, *, #2052, .T. ) ;
#3214 = LINE ( 'NONE', #1567, #3029 ) ;
#3215 = VECTOR ( 'NONE', #1069, 39.37007874015748143 ) ;
#3216 = LINE ( 'NONE', #1883, #502 ) ;
#3217 = EDGE_CURVE ( 'NONE', #2948, #3286, #1320, .T. ) ;
#3218 = CIRCLE ( 'NONE', #207, 0.4062496481299211482 ) ;
#3219 = FACE_OUTER_BOUND ( 'NONE', #3272, .T. ) ;
#3220 = VERTEX_POINT ( 'NONE', #2927 ) ;
#3221 = FACE_BOUND ( 'NONE', #2651, .T. ) ;
#3222 = AXIS2_PLACEMENT_3D ( 'NONE', #2338, #3394, #3362 ) ;
#3223 = CARTESIAN_POINT ( 'NONE',  ( -4.468750000000000888, 0.000000000000000000, -7.968750351870078852 ) ) ;
#3224 = ORIENTED_EDGE ( 'NONE', *, *, #1146, .F. ) ;
#3225 = AXIS2_PLACEMENT_3D ( 'NONE', #833, #2765, #2426 ) ;
#3226 = DIRECTION ( 'NONE',  ( -0.000000000000000000, 1.000000000000000000, -0.000000000000000000 ) ) ;
#3227 = AXIS2_PLACEMENT_3D ( 'NONE', #2232, #3010, #1434 ) ;
#3228 = LINE ( 'NONE', #1818, #3061 ) ;
#3229 = ORIENTED_EDGE ( 'NONE', *, *, #23, .F. ) ;
#3230 = LINE ( 'NONE', #2382, #1338 ) ;
#3231 = ORIENTED_EDGE ( 'NONE', *, *, #3217, .F. ) ;
#3232 = ORIENTED_EDGE ( 'NONE', *, *, #2005, .F. ) ;
#3233 = FACE_OUTER_BOUND ( 'NONE', #1823, .T. ) ;
#3234 = VECTOR ( 'NONE', #1605, 39.37007874015748143 ) ;
#3235 = DIRECTION ( 'NONE',  ( 0.000000000000000000, 0.000000000000000000, -1.000000000000000000 ) ) ;
#3236 = EDGE_CURVE ( 'NONE', #3063, #3175, #2354, .T. ) ;
#3237 = CARTESIAN_POINT ( 'NONE',  ( 4.468750000000000888, 3.414809992080329023E-17, -6.875000216535433140 ) ) ;
#3238 = CIRCLE ( 'NONE', #3016, 0.4062496481299211482 ) ;
#3239 = EDGE_LOOP ( 'NONE', ( #26, #3044, #1378, #1279 ) ) ;
#3240 = VECTOR ( 'NONE', #1538, 39.37007874015748143 ) ;
#3241 = EDGE_CURVE ( 'NONE', #861, #3220, #2142, .T. ) ;
#3242 = CARTESIAN_POINT ( 'NONE',  ( -4.468750000000000000, 0.8750000000000009992, -1.265599769952755915 ) ) ;
#3243 = AXIS2_PLACEMENT_3D ( 'NONE', #874, #2189, #365 ) ;
#3244 = FACE_OUTER_BOUND ( 'NONE', #2748, .T. ) ;
#3245 = ORIENTED_EDGE ( 'NONE', *, *, #2321, .F. ) ;
#3246 = DIRECTION ( 'NONE',  ( 2.471007052002869513E-14, -0.7071067811865583419, -0.7071067811865366926 ) ) ;
#3247 = CARTESIAN_POINT ( 'NONE',  ( -1.625000000000001332, 0.000000000000000000, -8.125000000000001776 ) ) ;
#3248 = ORIENTED_EDGE ( 'NONE', *, *, #501, .F. ) ;
#3249 = CARTESIAN_POINT ( 'NONE',  ( 5.421874999999998224, 0.03125000000000038164, 8.984375000000000000 ) ) ;
#3250 = CARTESIAN_POINT ( 'NONE',  ( 4.468750000000000000, 0.000000000000000000, 7.968750351870078852 ) ) ;
#3251 = EDGE_CURVE ( 'NONE', #2540, #561, #2397, .T. ) ;
#3252 = ORIENTED_EDGE ( 'NONE', *, *, #936, .F. ) ;
#3253 = CARTESIAN_POINT ( 'NONE',  ( 4.468750000000000000, 0.8750000000000001110, -5.875000000000000000 ) ) ;
#3254 = CARTESIAN_POINT ( 'NONE',  ( 4.468750000000000888, 1.024442997624098584E-16, -8.375000000000000000 ) ) ;
#3255 = ORIENTED_EDGE ( 'NONE', *, *, #2733, .T. ) ;
#3256 = CARTESIAN_POINT ( 'NONE',  ( -4.468750000000000000, 0.000000000000000000, -1.000000000000000000 ) ) ;
#3257 = ADVANCED_FACE ( 'NONE', ( #1337 ), #8, .F. ) ;
#3258 = DIRECTION ( 'NONE',  ( -0.000000000000000000, -1.000000000000000000, -0.000000000000000000 ) ) ;
#3259 = ADVANCED_FACE ( 'NONE', ( #1560 ), #3151, .T. ) ;
#3260 = CARTESIAN_POINT ( 'NONE',  ( -4.468750000000000000, 0.000000000000000000, 8.375000000000000000 ) ) ;
#3261 = FACE_OUTER_BOUND ( 'NONE', #2059, .T. ) ;
#3262 = ORIENTED_EDGE ( 'NONE', *, *, #93, .T. ) ;
#3263 = CARTESIAN_POINT ( 'NONE',  ( 4.468750000000000000, 0.4999995669291339428, 8.640599769952755693 ) ) ;
#3264 = AXIS2_PLACEMENT_3D ( 'NONE', #3095, #138, #426 ) ;
#3265 = CARTESIAN_POINT ( 'NONE',  ( -4.468750000000000000, 0.000000000000000000, 5.875000000000000000 ) ) ;
#3266 = EDGE_CURVE ( 'NONE', #1413, #1690, #2924, .T. ) ;
#3267 = ORIENTED_EDGE ( 'NONE', *, *, #2263, .T. ) ;
#3268 = CC_DESIGN_APPROVAL ( #28, ( #643 ) ) ;
#3269 = DIRECTION ( 'NONE',  ( -0.000000000000000000, -1.000000000000000000, -0.000000000000000000 ) ) ;
#3270 = DIRECTION ( 'NONE',  ( -0.000000000000000000, -1.000000000000000000, -0.000000000000000000 ) ) ;
#3271 = VERTEX_POINT ( 'NONE', #1065 ) ;
#3272 = EDGE_LOOP ( 'NONE', ( #2972, #3274, #2171, #511 ) ) ;
#3273 = DIRECTION ( 'NONE',  ( -0.000000000000000000, -1.000000000000000000, -0.000000000000000000 ) ) ;
#3274 = ORIENTED_EDGE ( 'NONE', *, *, #2944, .F. ) ;
#3275 = FACE_OUTER_BOUND ( 'NONE', #619, .T. ) ;
#3276 = DIRECTION ( 'NONE',  ( 0.000000000000000000, 0.000000000000000000, -1.000000000000000000 ) ) ;
#3277 = DIRECTION ( 'NONE',  ( -0.000000000000000000, -1.000000000000000000, -0.000000000000000000 ) ) ;
#3278 = CARTESIAN_POINT ( 'NONE',  ( -4.468750000000000888, 0.000000000000000000, -7.125000000000000000 ) ) ;
#3279 = ORIENTED_EDGE ( 'NONE', *, *, #942, .T. ) ;
#3280 = CARTESIAN_POINT ( 'NONE',  ( 4.468750000000000000, 0.000000000000000000, -5.875000000000000000 ) ) ;
#3281 = CIRCLE ( 'NONE', #1876, 0.3750000000000002220 ) ;
#3282 = EDGE_CURVE ( 'NONE', #120, #561, #765, .T. ) ;
#3283 = FACE_BOUND ( 'NONE', #1006, .T. ) ;
#3284 = CIRCLE ( 'NONE', #1760, 0.3750000000000002220 ) ;
#3285 = LINE ( 'NONE', #1735, #1615 ) ;
#3286 = VERTEX_POINT ( 'NONE', #1873 ) ;
#3287 = ORIENTED_EDGE ( 'NONE', *, *, #501, .T. ) ;
#3288 = CARTESIAN_POINT ( 'NONE',  ( -1.624999999999998890, 0.1875000000022379043, 8.125000000000000000 ) ) ;
#3289 = EDGE_LOOP ( 'NONE', ( #639, #3245 ) ) ;
#3290 = DIRECTION ( 'NONE',  ( 0.000000000000000000, 0.000000000000000000, -1.000000000000000000 ) ) ;
#3291 = DIRECTION ( 'NONE',  ( -0.000000000000000000, -1.000000000000000000, -0.000000000000000000 ) ) ;
#3292 = FACE_BOUND ( 'NONE', #1759, .T. ) ;
#3293 = AXIS2_PLACEMENT_3D ( 'NONE', #863, #601, #2955 ) ;
#3294 = AXIS2_PLACEMENT_3D ( 'NONE', #335, #2460, #84 ) ;
#3295 = DIRECTION ( 'NONE',  ( 0.000000000000000000, 0.000000000000000000, -1.000000000000000000 ) ) ;
#3296 = VERTEX_POINT ( 'NONE', #2156 ) ;
#3297 = DIRECTION ( 'NONE',  ( -0.000000000000000000, -1.000000000000000000, -0.000000000000000000 ) ) ;
#3298 = VECTOR ( 'NONE', #1832, 39.37007874015748854 ) ;
#3299 = FACE_BOUND ( 'NONE', #3421, .T. ) ;
#3300 = CYLINDRICAL_SURFACE ( 'NONE', #1010, 0.3750000000000002220 ) ;
#3301 = ORIENTED_EDGE ( 'NONE', *, *, #1096, .F. ) ;
#3302 = VERTEX_POINT ( 'NONE', #1837 ) ;
#3303 = ADVANCED_FACE ( 'NONE', ( #2124, #541 ), #1800, .T. ) ;
#3304 = DIRECTION ( 'NONE',  ( -0.5773502691896350569, 0.5773502691896122974, 0.5773502691896300609 ) ) ;
#3305 = ORIENTED_EDGE ( 'NONE', *, *, #2979, .T. ) ;
#3306 = ADVANCED_FACE ( 'NONE', ( #2664 ), #2139, .F. ) ;
#3307 = VECTOR ( 'NONE', #1328, 39.37007874015748854 ) ;
#3308 = CARTESIAN_POINT ( 'NONE',  ( 4.468750000000000000, 1.024442997624098584E-16, -5.468750351870078852 ) ) ;
#3309 = EDGE_CURVE ( 'NONE', #2930, #1774, #2865, .T. ) ;
#3310 = ADVANCED_FACE ( 'NONE', ( #280, #2648 ), #1614, .T. ) ;
#3311 = DIRECTION ( 'NONE',  ( -0.000000000000000000, -1.000000000000000000, -0.000000000000000000 ) ) ;
#3312 = FACE_OUTER_BOUND ( 'NONE', #419, .T. ) ;
#3313 = AXIS2_PLACEMENT_3D ( 'NONE', #2531, #2763, #3290 ) ;
#3314 = APPROVAL ( #464, 'UNSPECIFIED' ) ;
#3315 = DIRECTION ( 'NONE',  ( 1.130419859447281561E-16, 1.000000000000000000, -0.000000000000000000 ) ) ;
#3316 = ORIENTED_EDGE ( 'NONE', *, *, #2528, .T. ) ;
#3317 = FACE_BOUND ( 'NONE', #2144, .T. ) ;
#3318 = CYLINDRICAL_SURFACE ( 'NONE', #2227, 0.2655997699527561928 ) ;
#3319 = ORIENTED_EDGE ( 'NONE', *, *, #3171, .F. ) ;
#3320 = DIRECTION ( 'NONE',  ( 0.7071067811865444641, 0.000000000000000000, 0.7071067811865505703 ) ) ;
#3321 = AXIS2_PLACEMENT_3D ( 'NONE', #2376, #1288, #2631 ) ;
#3322 = ORIENTED_EDGE ( 'NONE', *, *, #2679, .T. ) ;
#3323 = EDGE_CURVE ( 'NONE', #198, #875, #3143, .T. ) ;
#3324 = CARTESIAN_POINT ( 'NONE',  ( 1.625000000000001332, 2.237929876409764429E-12, 8.125000000000000000 ) ) ;
#3325 = CARTESIAN_POINT ( 'NONE',  ( 5.406249999999997335, 0.8437499999999996669, 9.000000000000000000 ) ) ;
#3326 = ADVANCED_FACE ( 'NONE', ( #2358 ), #3434, .T. ) ;
#3327 = DIRECTION ( 'NONE',  ( -0.000000000000000000, -1.000000000000000000, -0.000000000000000000 ) ) ;
#3328 = EDGE_LOOP ( 'NONE', ( #917, #2077 ) ) ;
#3329 = COORDINATED_UNIVERSAL_TIME_OFFSET ( 7, 0, .AHEAD. ) ;
#3330 = CYLINDRICAL_SURFACE ( 'NONE', #343, 0.4062496481299211482 ) ;
#3331 = LINE ( 'NONE', #143, #727 ) ;
#3332 = VERTEX_POINT ( 'NONE', #3263 ) ;
#3333 = CARTESIAN_POINT ( 'NONE',  ( -1.625000000000001332, 0.8750000000000012212, -8.500000000000001776 ) ) ;
#3334 = VERTEX_POINT ( 'NONE', #1890 ) ;
#3335 = VECTOR ( 'NONE', #1091, 39.37007874015748143 ) ;
#3336 = FACE_OUTER_BOUND ( 'NONE', #2177, .T. ) ;
#3337 = AXIS2_PLACEMENT_3D ( 'NONE', #743, #412, #2253 ) ;
#3338 = ADVANCED_FACE ( 'NONE', ( #351 ), #2491, .F. ) ;
#3339 = DIRECTION ( 'NONE',  ( -1.000000000000000000, 1.130419859447281561E-16, 0.000000000000000000 ) ) ;
#3340 = VECTOR ( 'NONE', #2739, 39.37007874015748143 ) ;
#3341 = DIRECTION ( 'NONE',  ( 1.130419859447281561E-16, 1.000000000000000000, -0.000000000000000000 ) ) ;
#3342 = ORIENTED_EDGE ( 'NONE', *, *, #745, .F. ) ;
#3343 = AXIS2_PLACEMENT_3D ( 'NONE', #3030, #1455, #104 ) ;
#3344 = EDGE_CURVE ( 'NONE', #3089, #3059, #3093, .T. ) ;
#3345 = AXIS2_PLACEMENT_3D ( 'NONE', #3431, #1263, #3202 ) ;
#3346 = PLANE ( 'NONE',  #3120 ) ;
#3347 = DIRECTION ( 'NONE',  ( -0.000000000000000000, -1.000000000000000000, -0.000000000000000000 ) ) ;
#3348 = AXIS2_PLACEMENT_3D ( 'NONE', #1300, #2079, #3147 ) ;
#3349 = ORIENTED_EDGE ( 'NONE', *, *, #3126, .F. ) ;
#3350 = CARTESIAN_POINT ( 'NONE',  ( -4.468750000000000000, 0.000000000000000000, 5.875000000000000000 ) ) ;
#3351 = AXIS2_PLACEMENT_3D ( 'NONE', #1007, #3389, #1775 ) ;
#3352 = VERTEX_POINT ( 'NONE', #1924 ) ;
#3353 = EDGE_CURVE ( 'NONE', #2540, #2774, #2715, .T. ) ;
#3354 = DIRECTION ( 'NONE',  ( -0.000000000000000000, -1.000000000000000000, -0.000000000000000000 ) ) ;
#3355 = ADVANCED_FACE ( 'NONE', ( #2192 ), #2454, .F. ) ;
#3356 = CYLINDRICAL_SURFACE ( 'NONE', #128, 0.4062496481299211482 ) ;
#3357 = DIRECTION ( 'NONE',  ( 0.000000000000000000, 0.000000000000000000, -1.000000000000000000 ) ) ;
#3358 = EDGE_CURVE ( 'NONE', #2440, #314, #2926, .T. ) ;
#3359 = VERTEX_POINT ( 'NONE', #1963 ) ;
#3360 = COORDINATED_UNIVERSAL_TIME_OFFSET ( 7, 0, .AHEAD. ) ;
#3361 = DIRECTION ( 'NONE',  ( -0.000000000000000000, -1.000000000000000000, -0.000000000000000000 ) ) ;
#3362 = DIRECTION ( 'NONE',  ( 0.000000000000000000, 0.000000000000000000, -1.000000000000000000 ) ) ;
#3363 = ORIENTED_EDGE ( 'NONE', *, *, #3323, .F. ) ;
#3364 = DIRECTION ( 'NONE',  ( -0.5773502691896286176, -0.5773502691896257311, 0.5773502691896230665 ) ) ;
#3365 = ORIENTED_EDGE ( 'NONE', *, *, #1649, .F. ) ;
#3366 = DIRECTION ( 'NONE',  ( 0.000000000000000000, 0.000000000000000000, -1.000000000000000000 ) ) ;
#3367 = ORIENTED_EDGE ( 'NONE', *, *, #226, .F. ) ;
#3368 = AXIS2_PLACEMENT_3D ( 'NONE', #2369, #1313, #2641 ) ;
#3369 = CYLINDRICAL_SURFACE ( 'NONE', #3264, 0.2655997699527561928 ) ;
#3370 = CARTESIAN_POINT ( 'NONE',  ( 4.468750000000000000, 0.000000000000000000, -6.281249648129921148 ) ) ;
#3371 = ORIENTED_EDGE ( 'NONE', *, *, #1790, .F. ) ;
#3372 = DIRECTION ( 'NONE',  ( 1.000000000000000000, 0.000000000000000000, 0.000000000000000000 ) ) ;
#3373 = AXIS2_PLACEMENT_3D ( 'NONE', #767, #1839, #3436 ) ;
#3374 = DIRECTION ( 'NONE',  ( -0.000000000000000000, -1.000000000000000000, -0.000000000000000000 ) ) ;
#3375 = DIRECTION ( 'NONE',  ( -0.000000000000000000, -1.000000000000000000, -0.000000000000000000 ) ) ;
#3376 = ORIENTED_EDGE ( 'NONE', *, *, #387, .F. ) ;
#3377 = DIRECTION ( 'NONE',  ( 0.000000000000000000, 0.000000000000000000, -1.000000000000000000 ) ) ;
#3378 = AXIS2_PLACEMENT_3D ( 'NONE', #2857, #470, #2556 ) ;
#3379 = VERTEX_POINT ( 'NONE', #332 ) ;
#3380 = DIRECTION ( 'NONE',  ( -0.000000000000000000, -1.000000000000000000, -0.000000000000000000 ) ) ;
#3381 = ORIENTED_EDGE ( 'NONE', *, *, #596, .T. ) ;
#3382 = EDGE_CURVE ( 'NONE', #1355, #785, #193, .T. ) ;
#3383 = CIRCLE ( 'NONE', #550, 0.2655997699527561928 ) ;
#3384 = AXIS2_PLACEMENT_3D ( 'NONE', #1591, #2905, #239 ) ;
#3385 = DIRECTION ( 'NONE',  ( 0.000000000000000000, 0.000000000000000000, -1.000000000000000000 ) ) ;
#3386 = AXIS2_PLACEMENT_3D ( 'NONE', #2747, #3304, #3320 ) ;
#3387 = LINE ( 'NONE', #1005, #1919 ) ;
#3388 = VERTEX_POINT ( 'NONE', #2507 ) ;
#3389 = DIRECTION ( 'NONE',  ( -0.000000000000000000, -1.000000000000000000, -0.000000000000000000 ) ) ;
#3390 = ORIENTED_EDGE ( 'NONE', *, *, #3148, .F. ) ;
#3391 = CARTESIAN_POINT ( 'NONE',  ( 4.468750000000000000, -2.237827432110001971E-12, 0.5937503518700790739 ) ) ;
#3392 = DIRECTION ( 'NONE',  ( -0.000000000000000000, -1.000000000000000000, -0.000000000000000000 ) ) ;
#3393 = EDGE_CURVE ( 'NONE', #2638, #188, #2999, .T. ) ;
#3394 = DIRECTION ( 'NONE',  ( -0.000000000000000000, -1.000000000000000000, -0.000000000000000000 ) ) ;
#3395 = ORIENTED_EDGE ( 'NONE', *, *, #1957, .T. ) ;
#3396 = CARTESIAN_POINT ( 'NONE',  ( -5.406249999999998224, 0.8750000000000012212, -9.000000000000000000 ) ) ;
#3397 = EDGE_LOOP ( 'NONE', ( #1688, #2372, #1374, #1220 ) ) ;
#3398 = AXIS2_PLACEMENT_3D ( 'NONE', #1779, #1814, #763 ) ;
#3399 = CIRCLE ( 'NONE', #76, 0.4062496481299211482 ) ;
#3400 = DIRECTION ( 'NONE',  ( 1.130419859447281561E-16, 1.000000000000000000, -0.000000000000000000 ) ) ;
#3401 = EDGE_CURVE ( 'NONE', #2365, #404, #2356, .T. ) ;
#3402 = ORIENTED_EDGE ( 'NONE', *, *, #960, .F. ) ;
#3403 = CIRCLE ( 'NONE', #1895, 0.2655997699527561928 ) ;
#3404 = EDGE_CURVE ( 'NONE', #2162, #3271, #3036, .T. ) ;
#3405 = LOCAL_TIME ( 19, 11, 3.000000000000000000, #3329 ) ;
#3406 = DIRECTION ( 'NONE',  ( 1.000000000000000000, 0.000000000000000000, 0.000000000000000000 ) ) ;
#3407 = CARTESIAN_POINT ( 'NONE',  ( 0.000000000000000000, 0.1875000000022379043, 7.749999999999999112 ) ) ;
#3408 = ADVANCED_FACE ( 'NONE', ( #368 ), #2224, .F. ) ;
#3409 = ORIENTED_EDGE ( 'NONE', *, *, #1297, .T. ) ;
#3410 = CARTESIAN_POINT ( 'NONE',  ( -5.437499999999999112, 0.8437500000000008882, 9.000000000000000000 ) ) ;
#3411 = ORIENTED_EDGE ( 'NONE', *, *, #1493, .T. ) ;
#3412 = CARTESIAN_POINT ( 'NONE',  ( 5.406249999999998224, 0.000000000000000000, 8.968750000000000000 ) ) ;
#3413 = CARTESIAN_POINT ( 'NONE',  ( -4.468750000000000888, 0.8750000000000009992, -7.125000000000000000 ) ) ;
#3414 = DIRECTION ( 'NONE',  ( 0.000000000000000000, -1.000000000000000000, 0.000000000000000000 ) ) ;
#3415 = CARTESIAN_POINT ( 'NONE',  ( -5.406250000000000000, 0.8750000000000012212, 9.000000000000000000 ) ) ;
#3416 = DIRECTION ( 'NONE',  ( 1.000000000000000000, 0.000000000000000000, 0.000000000000000000 ) ) ;
#3417 = DIRECTION ( 'NONE',  ( 0.000000000000000000, -1.000000000000000000, -0.000000000000000000 ) ) ;
#3418 = ORIENTED_EDGE ( 'NONE', *, *, #274, .F. ) ;
#3419 = CARTESIAN_POINT ( 'NONE',  ( 4.468750000000000888, 0.4999995669291339428, -8.640599769952755693 ) ) ;
#3420 = VERTEX_POINT ( 'NONE', #62 ) ;
#3421 = EDGE_LOOP ( 'NONE', ( #2084, #684 ) ) ;
#3422 = DIRECTION ( 'NONE',  ( 1.130419859447281561E-16, 1.000000000000000000, -0.000000000000000000 ) ) ;
#3423 = CIRCLE ( 'NONE', #2417, 0.4950000000000000511 ) ;
#3424 = EDGE_CURVE ( 'NONE', #120, #1432, #893, .T. ) ;
#3425 = DIRECTION ( 'NONE',  ( -2.458616681009431295E-14, -0.7071067811865460184, 0.7071067811865490160 ) ) ;
#3426 = VECTOR ( 'NONE', #2564, 39.37007874015748143 ) ;
#3427 = EDGE_CURVE ( 'NONE', #2736, #2638, #1702, .T. ) ;
#3428 = DIRECTION ( 'NONE',  ( 0.000000000000000000, -1.000000000000000000, 0.000000000000000000 ) ) ;
#3429 = ORIENTED_EDGE ( 'NONE', *, *, #263, .F. ) ;
#3430 = ADVANCED_FACE ( 'Face12', ( #1683 ), #650, .F. ) ;
#3431 = CARTESIAN_POINT ( 'NONE',  ( 4.468750000000000000, 1.024442997624098584E-16, 8.375000000000000000 ) ) ;
#3432 = DIRECTION ( 'NONE',  ( 1.130419859447281561E-16, 1.000000000000000000, -0.000000000000000000 ) ) ;
#3433 = CARTESIAN_POINT ( 'NONE',  ( 4.468749999999999112, 0.8750000000000001110, 7.125000000000000000 ) ) ;
#3434 = PLANE ( 'NONE',  #1585 ) ;
#3435 = LINE ( 'NONE', #3169, #409 ) ;
#3436 = DIRECTION ( 'NONE',  ( 0.000000000000000000, 0.000000000000000000, -1.000000000000000000 ) ) ;
#3437 = ORIENTED_EDGE ( 'NONE', *, *, #890, .T. ) ;
#3438 = CARTESIAN_POINT ( 'NONE',  ( -4.468750000000000000, 0.8750000000000009992, -1.000000000000000000 ) ) ;
#3439 = ORIENTED_EDGE ( 'NONE', *, *, #3072, .T. ) ;
#3440 = ORIENTED_EDGE ( 'NONE', *, *, #2770, .T. ) ;
#3441 = LINE ( 'NONE', #1165, #3130 ) ;
#3442 = DIRECTION ( 'NONE',  ( -0.000000000000000000, 0.000000000000000000, -1.000000000000000000 ) ) ;
#3443 = CIRCLE ( 'NONE', #272, 0.4950000000000000511 ) ;
#3444 = DIRECTION ( 'NONE',  ( 0.000000000000000000, -0.000000000000000000, 1.000000000000000000 ) ) ;
ENDSEC;
END-ISO-10303-21;
