ISO-10303-21;
HEADER;
FILE_DESCRIPTION(('Open CASCADE Model'),'2;1');
FILE_NAME('Open CASCADE Shape Model','2026-05-20T12:17:46',('Author'),(
    'Open CASCADE'),'Open CASCADE STEP processor 7.8','Open CASCADE 7.8'
  ,'Unknown');
FILE_SCHEMA(('AUTOMOTIVE_DESIGN { 1 0 10303 214 1 1 1 1 }'));
ENDSEC;
DATA;
#1 = APPLICATION_PROTOCOL_DEFINITION('international standard',
  'automotive_design',2000,#2);
#2 = APPLICATION_CONTEXT(
  'core data for automotive mechanical design processes');
#3 = SHAPE_DEFINITION_REPRESENTATION(#4,#10);
#4 = PRODUCT_DEFINITION_SHAPE('','',#5);
#5 = PRODUCT_DEFINITION('design','',#6,#9);
#6 = PRODUCT_DEFINITION_FORMATION('','',#7);
#7 = PRODUCT('Open CASCADE STEP translator 7.8 1',
  'Open CASCADE STEP translator 7.8 1','',(#8));
#8 = PRODUCT_CONTEXT('',#2,'mechanical');
#9 = PRODUCT_DEFINITION_CONTEXT('part definition',#2,'design');
#10 = MANIFOLD_SURFACE_SHAPE_REPRESENTATION('',(#11,#15),#2634);
#11 = AXIS2_PLACEMENT_3D('',#12,#13,#14);
#12 = CARTESIAN_POINT('',(0.,0.,0.));
#13 = DIRECTION('',(0.,0.,1.));
#14 = DIRECTION('',(1.,0.,-0.));
#15 = SHELL_BASED_SURFACE_MODEL('',(#16));
#16 = CLOSED_SHELL('',(#17,#105,#161,#216,#284,#339,#374,#425,#452,#508,
    #1184,#1221,#1276,#1331,#1386,#1421,#1476,#1511,#1570,#1626,#2396,
    #2630));
#17 = ADVANCED_FACE('',(#18),#31,.F.);
#18 = FACE_BOUND('',#19,.F.);
#19 = EDGE_LOOP('',(#20,#54,#77,#104));
#20 = ORIENTED_EDGE('',*,*,#21,.F.);
#21 = EDGE_CURVE('',#22,#22,#24,.T.);
#22 = VERTEX_POINT('',#23);
#23 = CARTESIAN_POINT('',(31.503368430456,60.05794034978,0.));
#24 = SURFACE_CURVE('',#25,(#30,#42),.PCURVE_S1.);
#25 = CIRCLE('',#26,31.503368430456);
#26 = AXIS2_PLACEMENT_3D('',#27,#28,#29);
#27 = CARTESIAN_POINT('',(0.,60.05794034978,0.));
#28 = DIRECTION('',(-0.,1.,0.));
#29 = DIRECTION('',(1.,0.,0.));
#30 = PCURVE('',#31,#36);
#31 = CONICAL_SURFACE('',#32,24.503368430456,0.11614162688);
#32 = AXIS2_PLACEMENT_3D('',#33,#34,#35);
#33 = CARTESIAN_POINT('',(0.,5.794034978009E-02,0.));
#34 = DIRECTION('',(0.,1.,0.));
#35 = DIRECTION('',(1.,0.,0.));
#36 = DEFINITIONAL_REPRESENTATION('',(#37),#41);
#37 = LINE('',#38,#39);
#38 = CARTESIAN_POINT('',(0.,60.));
#39 = VECTOR('',#40,1.);
#40 = DIRECTION('',(1.,0.));
#41 = ( GEOMETRIC_REPRESENTATION_CONTEXT(2) 
PARAMETRIC_REPRESENTATION_CONTEXT() REPRESENTATION_CONTEXT('2D SPACE',''
  ) );
#42 = PCURVE('',#43,#48);
#43 = TOROIDAL_SURFACE('',#44,32.,0.5);
#44 = AXIS2_PLACEMENT_3D('',#45,#46,#47);
#45 = CARTESIAN_POINT('',(0.,60.,0.));
#46 = DIRECTION('',(0.,-1.,-0.));
#47 = DIRECTION('',(1.,0.,0.));
#48 = DEFINITIONAL_REPRESENTATION('',(#49),#53);
#49 = LINE('',#50,#51);
#50 = CARTESIAN_POINT('',(-0.,3.25773428047));
#51 = VECTOR('',#52,1.);
#52 = DIRECTION('',(-1.,0.));
#53 = ( GEOMETRIC_REPRESENTATION_CONTEXT(2) 
PARAMETRIC_REPRESENTATION_CONTEXT() REPRESENTATION_CONTEXT('2D SPACE',''
  ) );
#54 = ORIENTED_EDGE('',*,*,#55,.F.);
#55 = EDGE_CURVE('',#56,#22,#58,.T.);
#56 = VERTEX_POINT('',#57);
#57 = CARTESIAN_POINT('',(24.554942056315,0.5,3.007113119252E-15));
#58 = SEAM_CURVE('',#59,(#63,#70),.PCURVE_S1.);
#59 = LINE('',#60,#61);
#60 = CARTESIAN_POINT('',(24.503368430456,5.794034978009E-02,0.));
#61 = VECTOR('',#62,1.);
#62 = DIRECTION('',(0.11588069956,0.993263139087,0.));
#63 = PCURVE('',#31,#64);
#64 = DEFINITIONAL_REPRESENTATION('',(#65),#69);
#65 = LINE('',#66,#67);
#66 = CARTESIAN_POINT('',(0.,0.));
#67 = VECTOR('',#68,1.);
#68 = DIRECTION('',(0.,1.));
#69 = ( GEOMETRIC_REPRESENTATION_CONTEXT(2) 
PARAMETRIC_REPRESENTATION_CONTEXT() REPRESENTATION_CONTEXT('2D SPACE',''
  ) );
#70 = PCURVE('',#31,#71);
#71 = DEFINITIONAL_REPRESENTATION('',(#72),#76);
#72 = LINE('',#73,#74);
#73 = CARTESIAN_POINT('',(6.28318530718,0.));
#74 = VECTOR('',#75,1.);
#75 = DIRECTION('',(0.,1.));
#76 = ( GEOMETRIC_REPRESENTATION_CONTEXT(2) 
PARAMETRIC_REPRESENTATION_CONTEXT() REPRESENTATION_CONTEXT('2D SPACE',''
  ) );
#77 = ORIENTED_EDGE('',*,*,#78,.T.);
#78 = EDGE_CURVE('',#56,#56,#79,.T.);
#79 = SURFACE_CURVE('',#80,(#85,#92),.PCURVE_S1.);
#80 = CIRCLE('',#81,24.554942056315);
#81 = AXIS2_PLACEMENT_3D('',#82,#83,#84);
#82 = CARTESIAN_POINT('',(0.,0.5,0.));
#83 = DIRECTION('',(-0.,1.,0.));
#84 = DIRECTION('',(1.,0.,0.));
#85 = PCURVE('',#31,#86);
#86 = DEFINITIONAL_REPRESENTATION('',(#87),#91);
#87 = LINE('',#88,#89);
#88 = CARTESIAN_POINT('',(0.,0.44205965022));
#89 = VECTOR('',#90,1.);
#90 = DIRECTION('',(1.,0.));
#91 = ( GEOMETRIC_REPRESENTATION_CONTEXT(2) 
PARAMETRIC_REPRESENTATION_CONTEXT() REPRESENTATION_CONTEXT('2D SPACE',''
  ) );
#92 = PCURVE('',#93,#98);
#93 = PLANE('',#94);
#94 = AXIS2_PLACEMENT_3D('',#95,#96,#97);
#95 = CARTESIAN_POINT('',(0.,0.5,0.));
#96 = DIRECTION('',(0.,1.,0.));
#97 = DIRECTION('',(1.,-0.,0.));
#98 = DEFINITIONAL_REPRESENTATION('',(#99),#103);
#99 = CIRCLE('',#100,24.554942056315);
#100 = AXIS2_PLACEMENT_2D('',#101,#102);
#101 = CARTESIAN_POINT('',(0.,0.));
#102 = DIRECTION('',(1.,-0.));
#103 = ( GEOMETRIC_REPRESENTATION_CONTEXT(2) 
PARAMETRIC_REPRESENTATION_CONTEXT() REPRESENTATION_CONTEXT('2D SPACE',''
  ) );
#104 = ORIENTED_EDGE('',*,*,#55,.T.);
#105 = ADVANCED_FACE('',(#106),#43,.T.);
#106 = FACE_BOUND('',#107,.T.);
#107 = EDGE_LOOP('',(#108,#109,#133,#160));
#108 = ORIENTED_EDGE('',*,*,#21,.F.);
#109 = ORIENTED_EDGE('',*,*,#110,.T.);
#110 = EDGE_CURVE('',#22,#111,#113,.T.);
#111 = VERTEX_POINT('',#112);
#112 = CARTESIAN_POINT('',(31.535761654557,60.185695338177,0.));
#113 = SEAM_CURVE('',#114,(#119,#126),.PCURVE_S1.);
#114 = CIRCLE('',#115,0.5);
#115 = AXIS2_PLACEMENT_3D('',#116,#117,#118);
#116 = CARTESIAN_POINT('',(32.,60.,7.837739514543E-15));
#117 = DIRECTION('',(2.449293598295E-16,0.,-1.));
#118 = DIRECTION('',(1.,0.,2.449293598295E-16));
#119 = PCURVE('',#43,#120);
#120 = DEFINITIONAL_REPRESENTATION('',(#121),#125);
#121 = LINE('',#122,#123);
#122 = CARTESIAN_POINT('',(-6.28318530718,0.));
#123 = VECTOR('',#124,1.);
#124 = DIRECTION('',(-0.,1.));
#125 = ( GEOMETRIC_REPRESENTATION_CONTEXT(2) 
PARAMETRIC_REPRESENTATION_CONTEXT() REPRESENTATION_CONTEXT('2D SPACE',''
  ) );
#126 = PCURVE('',#43,#127);
#127 = DEFINITIONAL_REPRESENTATION('',(#128),#132);
#128 = LINE('',#129,#130);
#129 = CARTESIAN_POINT('',(-0.,0.));
#130 = VECTOR('',#131,1.);
#131 = DIRECTION('',(-0.,1.));
#132 = ( GEOMETRIC_REPRESENTATION_CONTEXT(2) 
PARAMETRIC_REPRESENTATION_CONTEXT() REPRESENTATION_CONTEXT('2D SPACE',''
  ) );
#133 = ORIENTED_EDGE('',*,*,#134,.T.);
#134 = EDGE_CURVE('',#111,#111,#135,.T.);
#135 = SURFACE_CURVE('',#136,(#141,#148),.PCURVE_S1.);
#136 = CIRCLE('',#137,31.535761654557);
#137 = AXIS2_PLACEMENT_3D('',#138,#139,#140);
#138 = CARTESIAN_POINT('',(0.,60.185695338177,0.));
#139 = DIRECTION('',(-0.,1.,0.));
#140 = DIRECTION('',(1.,0.,0.));
#141 = PCURVE('',#43,#142);
#142 = DEFINITIONAL_REPRESENTATION('',(#143),#147);
#143 = LINE('',#144,#145);
#144 = CARTESIAN_POINT('',(-0.,3.522099030702));
#145 = VECTOR('',#146,1.);
#146 = DIRECTION('',(-1.,0.));
#147 = ( GEOMETRIC_REPRESENTATION_CONTEXT(2) 
PARAMETRIC_REPRESENTATION_CONTEXT() REPRESENTATION_CONTEXT('2D SPACE',''
  ) );
#148 = PCURVE('',#149,#154);
#149 = CONICAL_SURFACE('',#150,31.535761654557,0.380506377112);
#150 = AXIS2_PLACEMENT_3D('',#151,#152,#153);
#151 = CARTESIAN_POINT('',(0.,60.185695338177,0.));
#152 = DIRECTION('',(0.,1.,0.));
#153 = DIRECTION('',(1.,0.,0.));
#154 = DEFINITIONAL_REPRESENTATION('',(#155),#159);
#155 = LINE('',#156,#157);
#156 = CARTESIAN_POINT('',(0.,0.));
#157 = VECTOR('',#158,1.);
#158 = DIRECTION('',(1.,0.));
#159 = ( GEOMETRIC_REPRESENTATION_CONTEXT(2) 
PARAMETRIC_REPRESENTATION_CONTEXT() REPRESENTATION_CONTEXT('2D SPACE',''
  ) );
#160 = ORIENTED_EDGE('',*,*,#110,.F.);
#161 = ADVANCED_FACE('',(#162),#149,.F.);
#162 = FACE_BOUND('',#163,.F.);
#163 = EDGE_LOOP('',(#164,#165,#188,#215));
#164 = ORIENTED_EDGE('',*,*,#134,.T.);
#165 = ORIENTED_EDGE('',*,*,#166,.T.);
#166 = EDGE_CURVE('',#111,#167,#169,.T.);
#167 = VERTEX_POINT('',#168);
#168 = CARTESIAN_POINT('',(33.508470023171,65.117466259711,
    4.10360405582E-15));
#169 = SEAM_CURVE('',#170,(#174,#181),.PCURVE_S1.);
#170 = LINE('',#171,#172);
#171 = CARTESIAN_POINT('',(31.535761654557,60.185695338177,0.));
#172 = VECTOR('',#173,1.);
#173 = DIRECTION('',(0.371390676354,0.928476690885,0.));
#174 = PCURVE('',#149,#175);
#175 = DEFINITIONAL_REPRESENTATION('',(#176),#180);
#176 = LINE('',#177,#178);
#177 = CARTESIAN_POINT('',(6.28318530718,0.));
#178 = VECTOR('',#179,1.);
#179 = DIRECTION('',(0.,1.));
#180 = ( GEOMETRIC_REPRESENTATION_CONTEXT(2) 
PARAMETRIC_REPRESENTATION_CONTEXT() REPRESENTATION_CONTEXT('2D SPACE',''
  ) );
#181 = PCURVE('',#149,#182);
#182 = DEFINITIONAL_REPRESENTATION('',(#183),#187);
#183 = LINE('',#184,#185);
#184 = CARTESIAN_POINT('',(0.,0.));
#185 = VECTOR('',#186,1.);
#186 = DIRECTION('',(0.,1.));
#187 = ( GEOMETRIC_REPRESENTATION_CONTEXT(2) 
PARAMETRIC_REPRESENTATION_CONTEXT() REPRESENTATION_CONTEXT('2D SPACE',''
  ) );
#188 = ORIENTED_EDGE('',*,*,#189,.F.);
#189 = EDGE_CURVE('',#167,#167,#190,.T.);
#190 = SURFACE_CURVE('',#191,(#196,#203),.PCURVE_S1.);
#191 = CIRCLE('',#192,33.508470023171);
#192 = AXIS2_PLACEMENT_3D('',#193,#194,#195);
#193 = CARTESIAN_POINT('',(0.,65.117466259711,0.));
#194 = DIRECTION('',(0.,1.,0.));
#195 = DIRECTION('',(0.,-0.,1.));
#196 = PCURVE('',#149,#197);
#197 = DEFINITIONAL_REPRESENTATION('',(#198),#202);
#198 = LINE('',#199,#200);
#199 = CARTESIAN_POINT('',(-1.570796326795,4.931770921534));
#200 = VECTOR('',#201,1.);
#201 = DIRECTION('',(1.,0.));
#202 = ( GEOMETRIC_REPRESENTATION_CONTEXT(2) 
PARAMETRIC_REPRESENTATION_CONTEXT() REPRESENTATION_CONTEXT('2D SPACE',''
  ) );
#203 = PCURVE('',#204,#209);
#204 = CONICAL_SURFACE('',#205,33.501963679654,8.865588186744E-02);
#205 = AXIS2_PLACEMENT_3D('',#206,#207,#208);
#206 = CARTESIAN_POINT('',(0.,65.044269895142,0.));
#207 = DIRECTION('',(0.,1.,0.));
#208 = DIRECTION('',(1.,0.,0.));
#209 = DEFINITIONAL_REPRESENTATION('',(#210),#214);
#210 = LINE('',#211,#212);
#211 = CARTESIAN_POINT('',(-1.570796326795,7.3196364569E-02));
#212 = VECTOR('',#213,1.);
#213 = DIRECTION('',(1.,0.));
#214 = ( GEOMETRIC_REPRESENTATION_CONTEXT(2) 
PARAMETRIC_REPRESENTATION_CONTEXT() REPRESENTATION_CONTEXT('2D SPACE',''
  ) );
#215 = ORIENTED_EDGE('',*,*,#166,.F.);
#216 = ADVANCED_FACE('',(#217,#253),#230,.F.);
#217 = FACE_BOUND('',#218,.F.);
#218 = EDGE_LOOP('',(#219));
#219 = ORIENTED_EDGE('',*,*,#220,.F.);
#220 = EDGE_CURVE('',#221,#221,#223,.T.);
#221 = VERTEX_POINT('',#222);
#222 = CARTESIAN_POINT('',(38.,112.5,0.));
#223 = SURFACE_CURVE('',#224,(#229,#241),.PCURVE_S1.);
#224 = CIRCLE('',#225,38.);
#225 = AXIS2_PLACEMENT_3D('',#226,#227,#228);
#226 = CARTESIAN_POINT('',(0.,112.5,0.));
#227 = DIRECTION('',(-0.,1.,0.));
#228 = DIRECTION('',(1.,0.,0.));
#229 = PCURVE('',#230,#235);
#230 = PLANE('',#231);
#231 = AXIS2_PLACEMENT_3D('',#232,#233,#234);
#232 = CARTESIAN_POINT('',(0.,112.5,0.));
#233 = DIRECTION('',(0.,1.,0.));
#234 = DIRECTION('',(1.,0.,0.));
#235 = DEFINITIONAL_REPRESENTATION('',(#236),#240);
#236 = CIRCLE('',#237,38.);
#237 = AXIS2_PLACEMENT_2D('',#238,#239);
#238 = CARTESIAN_POINT('',(0.,0.));
#239 = DIRECTION('',(1.,0.));
#240 = ( GEOMETRIC_REPRESENTATION_CONTEXT(2) 
PARAMETRIC_REPRESENTATION_CONTEXT() REPRESENTATION_CONTEXT('2D SPACE',''
  ) );
#241 = PCURVE('',#242,#247);
#242 = TOROIDAL_SURFACE('',#243,38.,0.5);
#243 = AXIS2_PLACEMENT_3D('',#244,#245,#246);
#244 = CARTESIAN_POINT('',(0.,113.,0.));
#245 = DIRECTION('',(0.,-1.,-0.));
#246 = DIRECTION('',(1.,0.,0.));
#247 = DEFINITIONAL_REPRESENTATION('',(#248),#252);
#248 = LINE('',#249,#250);
#249 = CARTESIAN_POINT('',(-0.,1.570796326795));
#250 = VECTOR('',#251,1.);
#251 = DIRECTION('',(-1.,0.));
#252 = ( GEOMETRIC_REPRESENTATION_CONTEXT(2) 
PARAMETRIC_REPRESENTATION_CONTEXT() REPRESENTATION_CONTEXT('2D SPACE',''
  ) );
#253 = FACE_BOUND('',#254,.F.);
#254 = EDGE_LOOP('',(#255));
#255 = ORIENTED_EDGE('',*,*,#256,.T.);
#256 = EDGE_CURVE('',#257,#257,#259,.T.);
#257 = VERTEX_POINT('',#258);
#258 = CARTESIAN_POINT('',(41.5,112.5,5.082284216462E-15));
#259 = SURFACE_CURVE('',#260,(#265,#272),.PCURVE_S1.);
#260 = CIRCLE('',#261,41.5);
#261 = AXIS2_PLACEMENT_3D('',#262,#263,#264);
#262 = CARTESIAN_POINT('',(0.,112.5,0.));
#263 = DIRECTION('',(-0.,1.,0.));
#264 = DIRECTION('',(1.,0.,0.));
#265 = PCURVE('',#230,#266);
#266 = DEFINITIONAL_REPRESENTATION('',(#267),#271);
#267 = CIRCLE('',#268,41.5);
#268 = AXIS2_PLACEMENT_2D('',#269,#270);
#269 = CARTESIAN_POINT('',(0.,0.));
#270 = DIRECTION('',(1.,0.));
#271 = ( GEOMETRIC_REPRESENTATION_CONTEXT(2) 
PARAMETRIC_REPRESENTATION_CONTEXT() REPRESENTATION_CONTEXT('2D SPACE',''
  ) );
#272 = PCURVE('',#273,#278);
#273 = CYLINDRICAL_SURFACE('',#274,41.5);
#274 = AXIS2_PLACEMENT_3D('',#275,#276,#277);
#275 = CARTESIAN_POINT('',(0.,110.,0.));
#276 = DIRECTION('',(0.,1.,0.));
#277 = DIRECTION('',(1.,0.,0.));
#278 = DEFINITIONAL_REPRESENTATION('',(#279),#283);
#279 = LINE('',#280,#281);
#280 = CARTESIAN_POINT('',(0.,2.5));
#281 = VECTOR('',#282,1.);
#282 = DIRECTION('',(1.,0.));
#283 = ( GEOMETRIC_REPRESENTATION_CONTEXT(2) 
PARAMETRIC_REPRESENTATION_CONTEXT() REPRESENTATION_CONTEXT('2D SPACE',''
  ) );
#284 = ADVANCED_FACE('',(#285),#273,.F.);
#285 = FACE_BOUND('',#286,.F.);
#286 = EDGE_LOOP('',(#287,#310,#311,#312));
#287 = ORIENTED_EDGE('',*,*,#288,.T.);
#288 = EDGE_CURVE('',#289,#257,#291,.T.);
#289 = VERTEX_POINT('',#290);
#290 = CARTESIAN_POINT('',(41.5,110.5,5.082284216462E-15));
#291 = SEAM_CURVE('',#292,(#296,#303),.PCURVE_S1.);
#292 = LINE('',#293,#294);
#293 = CARTESIAN_POINT('',(41.5,110.,0.));
#294 = VECTOR('',#295,1.);
#295 = DIRECTION('',(0.,1.,0.));
#296 = PCURVE('',#273,#297);
#297 = DEFINITIONAL_REPRESENTATION('',(#298),#302);
#298 = LINE('',#299,#300);
#299 = CARTESIAN_POINT('',(6.28318530718,0.));
#300 = VECTOR('',#301,1.);
#301 = DIRECTION('',(0.,1.));
#302 = ( GEOMETRIC_REPRESENTATION_CONTEXT(2) 
PARAMETRIC_REPRESENTATION_CONTEXT() REPRESENTATION_CONTEXT('2D SPACE',''
  ) );
#303 = PCURVE('',#273,#304);
#304 = DEFINITIONAL_REPRESENTATION('',(#305),#309);
#305 = LINE('',#306,#307);
#306 = CARTESIAN_POINT('',(0.,0.));
#307 = VECTOR('',#308,1.);
#308 = DIRECTION('',(0.,1.));
#309 = ( GEOMETRIC_REPRESENTATION_CONTEXT(2) 
PARAMETRIC_REPRESENTATION_CONTEXT() REPRESENTATION_CONTEXT('2D SPACE',''
  ) );
#310 = ORIENTED_EDGE('',*,*,#256,.F.);
#311 = ORIENTED_EDGE('',*,*,#288,.F.);
#312 = ORIENTED_EDGE('',*,*,#313,.T.);
#313 = EDGE_CURVE('',#289,#289,#314,.T.);
#314 = SURFACE_CURVE('',#315,(#320,#327),.PCURVE_S1.);
#315 = CIRCLE('',#316,41.5);
#316 = AXIS2_PLACEMENT_3D('',#317,#318,#319);
#317 = CARTESIAN_POINT('',(0.,110.5,0.));
#318 = DIRECTION('',(-0.,1.,0.));
#319 = DIRECTION('',(1.,0.,0.));
#320 = PCURVE('',#273,#321);
#321 = DEFINITIONAL_REPRESENTATION('',(#322),#326);
#322 = LINE('',#323,#324);
#323 = CARTESIAN_POINT('',(0.,0.5));
#324 = VECTOR('',#325,1.);
#325 = DIRECTION('',(1.,0.));
#326 = ( GEOMETRIC_REPRESENTATION_CONTEXT(2) 
PARAMETRIC_REPRESENTATION_CONTEXT() REPRESENTATION_CONTEXT('2D SPACE',''
  ) );
#327 = PCURVE('',#328,#333);
#328 = PLANE('',#329);
#329 = AXIS2_PLACEMENT_3D('',#330,#331,#332);
#330 = CARTESIAN_POINT('',(0.,110.5,0.));
#331 = DIRECTION('',(0.,1.,0.));
#332 = DIRECTION('',(1.,0.,0.));
#333 = DEFINITIONAL_REPRESENTATION('',(#334),#338);
#334 = CIRCLE('',#335,41.5);
#335 = AXIS2_PLACEMENT_2D('',#336,#337);
#336 = CARTESIAN_POINT('',(0.,0.));
#337 = DIRECTION('',(1.,-0.));
#338 = ( GEOMETRIC_REPRESENTATION_CONTEXT(2) 
PARAMETRIC_REPRESENTATION_CONTEXT() REPRESENTATION_CONTEXT('2D SPACE',''
  ) );
#339 = ADVANCED_FACE('',(#340,#371),#328,.T.);
#340 = FACE_BOUND('',#341,.F.);
#341 = EDGE_LOOP('',(#342));
#342 = ORIENTED_EDGE('',*,*,#343,.T.);
#343 = EDGE_CURVE('',#344,#344,#346,.T.);
#344 = VERTEX_POINT('',#345);
#345 = CARTESIAN_POINT('',(38.,110.5,0.));
#346 = SURFACE_CURVE('',#347,(#352,#359),.PCURVE_S1.);
#347 = CIRCLE('',#348,38.);
#348 = AXIS2_PLACEMENT_3D('',#349,#350,#351);
#349 = CARTESIAN_POINT('',(0.,110.5,0.));
#350 = DIRECTION('',(-0.,1.,0.));
#351 = DIRECTION('',(1.,0.,0.));
#352 = PCURVE('',#328,#353);
#353 = DEFINITIONAL_REPRESENTATION('',(#354),#358);
#354 = CIRCLE('',#355,38.);
#355 = AXIS2_PLACEMENT_2D('',#356,#357);
#356 = CARTESIAN_POINT('',(0.,0.));
#357 = DIRECTION('',(1.,-0.));
#358 = ( GEOMETRIC_REPRESENTATION_CONTEXT(2) 
PARAMETRIC_REPRESENTATION_CONTEXT() REPRESENTATION_CONTEXT('2D SPACE',''
  ) );
#359 = PCURVE('',#360,#365);
#360 = TOROIDAL_SURFACE('',#361,38.,0.5);
#361 = AXIS2_PLACEMENT_3D('',#362,#363,#364);
#362 = CARTESIAN_POINT('',(0.,110.,0.));
#363 = DIRECTION('',(0.,-1.,-0.));
#364 = DIRECTION('',(1.,0.,0.));
#365 = DEFINITIONAL_REPRESENTATION('',(#366),#370);
#366 = LINE('',#367,#368);
#367 = CARTESIAN_POINT('',(-0.,4.712388980385));
#368 = VECTOR('',#369,1.);
#369 = DIRECTION('',(-1.,0.));
#370 = ( GEOMETRIC_REPRESENTATION_CONTEXT(2) 
PARAMETRIC_REPRESENTATION_CONTEXT() REPRESENTATION_CONTEXT('2D SPACE',''
  ) );
#371 = FACE_BOUND('',#372,.F.);
#372 = EDGE_LOOP('',(#373));
#373 = ORIENTED_EDGE('',*,*,#313,.F.);
#374 = ADVANCED_FACE('',(#375),#360,.T.);
#375 = FACE_BOUND('',#376,.T.);
#376 = EDGE_LOOP('',(#377,#401,#423,#424));
#377 = ORIENTED_EDGE('',*,*,#378,.F.);
#378 = EDGE_CURVE('',#379,#379,#381,.T.);
#379 = VERTEX_POINT('',#380);
#380 = CARTESIAN_POINT('',(37.501963679654,110.04426989514,0.));
#381 = SURFACE_CURVE('',#382,(#387,#394),.PCURVE_S1.);
#382 = CIRCLE('',#383,37.501963679654);
#383 = AXIS2_PLACEMENT_3D('',#384,#385,#386);
#384 = CARTESIAN_POINT('',(0.,110.04426989514,0.));
#385 = DIRECTION('',(-0.,1.,0.));
#386 = DIRECTION('',(1.,0.,0.));
#387 = PCURVE('',#360,#388);
#388 = DEFINITIONAL_REPRESENTATION('',(#389),#393);
#389 = LINE('',#390,#391);
#390 = CARTESIAN_POINT('',(-0.,3.230248535457));
#391 = VECTOR('',#392,1.);
#392 = DIRECTION('',(-1.,0.));
#393 = ( GEOMETRIC_REPRESENTATION_CONTEXT(2) 
PARAMETRIC_REPRESENTATION_CONTEXT() REPRESENTATION_CONTEXT('2D SPACE',''
  ) );
#394 = PCURVE('',#204,#395);
#395 = DEFINITIONAL_REPRESENTATION('',(#396),#400);
#396 = LINE('',#397,#398);
#397 = CARTESIAN_POINT('',(0.,45.));
#398 = VECTOR('',#399,1.);
#399 = DIRECTION('',(1.,0.));
#400 = ( GEOMETRIC_REPRESENTATION_CONTEXT(2) 
PARAMETRIC_REPRESENTATION_CONTEXT() REPRESENTATION_CONTEXT('2D SPACE',''
  ) );
#401 = ORIENTED_EDGE('',*,*,#402,.T.);
#402 = EDGE_CURVE('',#379,#344,#403,.T.);
#403 = SEAM_CURVE('',#404,(#409,#416),.PCURVE_S1.);
#404 = CIRCLE('',#405,0.5);
#405 = AXIS2_PLACEMENT_3D('',#406,#407,#408);
#406 = CARTESIAN_POINT('',(38.,110.,9.30731567352E-15));
#407 = DIRECTION('',(2.449293598295E-16,0.,-1.));
#408 = DIRECTION('',(1.,0.,2.449293598295E-16));
#409 = PCURVE('',#360,#410);
#410 = DEFINITIONAL_REPRESENTATION('',(#411),#415);
#411 = LINE('',#412,#413);
#412 = CARTESIAN_POINT('',(-6.28318530718,0.));
#413 = VECTOR('',#414,1.);
#414 = DIRECTION('',(-0.,1.));
#415 = ( GEOMETRIC_REPRESENTATION_CONTEXT(2) 
PARAMETRIC_REPRESENTATION_CONTEXT() REPRESENTATION_CONTEXT('2D SPACE',''
  ) );
#416 = PCURVE('',#360,#417);
#417 = DEFINITIONAL_REPRESENTATION('',(#418),#422);
#418 = LINE('',#419,#420);
#419 = CARTESIAN_POINT('',(-0.,0.));
#420 = VECTOR('',#421,1.);
#421 = DIRECTION('',(-0.,1.));
#422 = ( GEOMETRIC_REPRESENTATION_CONTEXT(2) 
PARAMETRIC_REPRESENTATION_CONTEXT() REPRESENTATION_CONTEXT('2D SPACE',''
  ) );
#423 = ORIENTED_EDGE('',*,*,#343,.T.);
#424 = ORIENTED_EDGE('',*,*,#402,.F.);
#425 = ADVANCED_FACE('',(#426),#204,.F.);
#426 = FACE_BOUND('',#427,.F.);
#427 = EDGE_LOOP('',(#428,#429,#450,#451));
#428 = ORIENTED_EDGE('',*,*,#378,.F.);
#429 = ORIENTED_EDGE('',*,*,#430,.F.);
#430 = EDGE_CURVE('',#167,#379,#431,.T.);
#431 = SEAM_CURVE('',#432,(#436,#443),.PCURVE_S1.);
#432 = LINE('',#433,#434);
#433 = CARTESIAN_POINT('',(33.501963679654,65.044269895142,0.));
#434 = VECTOR('',#435,1.);
#435 = DIRECTION('',(8.853979028379E-02,0.996072640693,0.));
#436 = PCURVE('',#204,#437);
#437 = DEFINITIONAL_REPRESENTATION('',(#438),#442);
#438 = LINE('',#439,#440);
#439 = CARTESIAN_POINT('',(0.,0.));
#440 = VECTOR('',#441,1.);
#441 = DIRECTION('',(0.,1.));
#442 = ( GEOMETRIC_REPRESENTATION_CONTEXT(2) 
PARAMETRIC_REPRESENTATION_CONTEXT() REPRESENTATION_CONTEXT('2D SPACE',''
  ) );
#443 = PCURVE('',#204,#444);
#444 = DEFINITIONAL_REPRESENTATION('',(#445),#449);
#445 = LINE('',#446,#447);
#446 = CARTESIAN_POINT('',(6.28318530718,0.));
#447 = VECTOR('',#448,1.);
#448 = DIRECTION('',(0.,1.));
#449 = ( GEOMETRIC_REPRESENTATION_CONTEXT(2) 
PARAMETRIC_REPRESENTATION_CONTEXT() REPRESENTATION_CONTEXT('2D SPACE',''
  ) );
#450 = ORIENTED_EDGE('',*,*,#189,.T.);
#451 = ORIENTED_EDGE('',*,*,#430,.T.);
#452 = ADVANCED_FACE('',(#453),#242,.T.);
#453 = FACE_BOUND('',#454,.T.);
#454 = EDGE_LOOP('',(#455,#456,#480,#507));
#455 = ORIENTED_EDGE('',*,*,#220,.F.);
#456 = ORIENTED_EDGE('',*,*,#457,.T.);
#457 = EDGE_CURVE('',#221,#458,#460,.T.);
#458 = VERTEX_POINT('',#459);
#459 = CARTESIAN_POINT('',(37.5,113.,0.));
#460 = SEAM_CURVE('',#461,(#466,#473),.PCURVE_S1.);
#461 = CIRCLE('',#462,0.5);
#462 = AXIS2_PLACEMENT_3D('',#463,#464,#465);
#463 = CARTESIAN_POINT('',(38.,113.,9.30731567352E-15));
#464 = DIRECTION('',(2.449293598295E-16,0.,-1.));
#465 = DIRECTION('',(1.,0.,2.449293598295E-16));
#466 = PCURVE('',#242,#467);
#467 = DEFINITIONAL_REPRESENTATION('',(#468),#472);
#468 = LINE('',#469,#470);
#469 = CARTESIAN_POINT('',(-6.28318530718,0.));
#470 = VECTOR('',#471,1.);
#471 = DIRECTION('',(-0.,1.));
#472 = ( GEOMETRIC_REPRESENTATION_CONTEXT(2) 
PARAMETRIC_REPRESENTATION_CONTEXT() REPRESENTATION_CONTEXT('2D SPACE',''
  ) );
#473 = PCURVE('',#242,#474);
#474 = DEFINITIONAL_REPRESENTATION('',(#475),#479);
#475 = LINE('',#476,#477);
#476 = CARTESIAN_POINT('',(-0.,0.));
#477 = VECTOR('',#478,1.);
#478 = DIRECTION('',(-0.,1.));
#479 = ( GEOMETRIC_REPRESENTATION_CONTEXT(2) 
PARAMETRIC_REPRESENTATION_CONTEXT() REPRESENTATION_CONTEXT('2D SPACE',''
  ) );
#480 = ORIENTED_EDGE('',*,*,#481,.T.);
#481 = EDGE_CURVE('',#458,#458,#482,.T.);
#482 = SURFACE_CURVE('',#483,(#488,#495),.PCURVE_S1.);
#483 = CIRCLE('',#484,37.5);
#484 = AXIS2_PLACEMENT_3D('',#485,#486,#487);
#485 = CARTESIAN_POINT('',(0.,113.,0.));
#486 = DIRECTION('',(-0.,1.,0.));
#487 = DIRECTION('',(1.,0.,0.));
#488 = PCURVE('',#242,#489);
#489 = DEFINITIONAL_REPRESENTATION('',(#490),#494);
#490 = LINE('',#491,#492);
#491 = CARTESIAN_POINT('',(-0.,3.14159265359));
#492 = VECTOR('',#493,1.);
#493 = DIRECTION('',(-1.,0.));
#494 = ( GEOMETRIC_REPRESENTATION_CONTEXT(2) 
PARAMETRIC_REPRESENTATION_CONTEXT() REPRESENTATION_CONTEXT('2D SPACE',''
  ) );
#495 = PCURVE('',#496,#501);
#496 = CYLINDRICAL_SURFACE('',#497,37.5);
#497 = AXIS2_PLACEMENT_3D('',#498,#499,#500);
#498 = CARTESIAN_POINT('',(0.,113.,0.));
#499 = DIRECTION('',(0.,1.,0.));
#500 = DIRECTION('',(1.,0.,0.));
#501 = DEFINITIONAL_REPRESENTATION('',(#502),#506);
#502 = LINE('',#503,#504);
#503 = CARTESIAN_POINT('',(0.,0.));
#504 = VECTOR('',#505,1.);
#505 = DIRECTION('',(1.,0.));
#506 = ( GEOMETRIC_REPRESENTATION_CONTEXT(2) 
PARAMETRIC_REPRESENTATION_CONTEXT() REPRESENTATION_CONTEXT('2D SPACE',''
  ) );
#507 = ORIENTED_EDGE('',*,*,#457,.F.);
#508 = ADVANCED_FACE('',(#509),#496,.F.);
#509 = FACE_BOUND('',#510,.F.);
#510 = EDGE_LOOP('',(#511,#512,#535,#1183));
#511 = ORIENTED_EDGE('',*,*,#481,.T.);
#512 = ORIENTED_EDGE('',*,*,#513,.T.);
#513 = EDGE_CURVE('',#458,#514,#516,.T.);
#514 = VERTEX_POINT('',#515);
#515 = CARTESIAN_POINT('',(37.5,118.,0.));
#516 = SEAM_CURVE('',#517,(#521,#528),.PCURVE_S1.);
#517 = LINE('',#518,#519);
#518 = CARTESIAN_POINT('',(37.5,113.,0.));
#519 = VECTOR('',#520,1.);
#520 = DIRECTION('',(0.,1.,0.));
#521 = PCURVE('',#496,#522);
#522 = DEFINITIONAL_REPRESENTATION('',(#523),#527);
#523 = LINE('',#524,#525);
#524 = CARTESIAN_POINT('',(0.,0.));
#525 = VECTOR('',#526,1.);
#526 = DIRECTION('',(0.,1.));
#527 = ( GEOMETRIC_REPRESENTATION_CONTEXT(2) 
PARAMETRIC_REPRESENTATION_CONTEXT() REPRESENTATION_CONTEXT('2D SPACE',''
  ) );
#528 = PCURVE('',#496,#529);
#529 = DEFINITIONAL_REPRESENTATION('',(#530),#534);
#530 = LINE('',#531,#532);
#531 = CARTESIAN_POINT('',(6.28318530718,0.));
#532 = VECTOR('',#533,1.);
#533 = DIRECTION('',(0.,1.));
#534 = ( GEOMETRIC_REPRESENTATION_CONTEXT(2) 
PARAMETRIC_REPRESENTATION_CONTEXT() REPRESENTATION_CONTEXT('2D SPACE',''
  ) );
#535 = ORIENTED_EDGE('',*,*,#536,.F.);
#536 = EDGE_CURVE('',#514,#514,#537,.T.);
#537 = SURFACE_CURVE('',#538,(#543,#550),.PCURVE_S1.);
#538 = CIRCLE('',#539,37.5);
#539 = AXIS2_PLACEMENT_3D('',#540,#541,#542);
#540 = CARTESIAN_POINT('',(0.,118.,0.));
#541 = DIRECTION('',(-0.,1.,0.));
#542 = DIRECTION('',(1.,0.,0.));
#543 = PCURVE('',#496,#544);
#544 = DEFINITIONAL_REPRESENTATION('',(#545),#549);
#545 = LINE('',#546,#547);
#546 = CARTESIAN_POINT('',(0.,5.));
#547 = VECTOR('',#548,1.);
#548 = DIRECTION('',(1.,0.));
#549 = ( GEOMETRIC_REPRESENTATION_CONTEXT(2) 
PARAMETRIC_REPRESENTATION_CONTEXT() REPRESENTATION_CONTEXT('2D SPACE',''
  ) );
#550 = PCURVE('',#551,#1177);
#551 = OFFSET_SURFACE('',#552,-0.5,.F.);
#552 = B_SPLINE_SURFACE_WITH_KNOTS('',12,9,(
    (#553,#554,#555,#556,#557,#558,#559,#560,#561,#562,#563,#564,#565
      ,#566,#567,#568,#569,#570,#571,#572,#573,#574,#575,#576,#577,#578)
    ,(#579,#580,#581,#582,#583,#584,#585,#586,#587,#588,#589,#590,#591
      ,#592,#593,#594,#595,#596,#597,#598,#599,#600,#601,#602,#603,#604)
    ,(#605,#606,#607,#608,#609,#610,#611,#612,#613,#614,#615,#616,#617
      ,#618,#619,#620,#621,#622,#623,#624,#625,#626,#627,#628,#629,#630)
    ,(#631,#632,#633,#634,#635,#636,#637,#638,#639,#640,#641,#642,#643
      ,#644,#645,#646,#647,#648,#649,#650,#651,#652,#653,#654,#655,#656)
    ,(#657,#658,#659,#660,#661,#662,#663,#664,#665,#666,#667,#668,#669
      ,#670,#671,#672,#673,#674,#675,#676,#677,#678,#679,#680,#681,#682)
    ,(#683,#684,#685,#686,#687,#688,#689,#690,#691,#692,#693,#694,#695
      ,#696,#697,#698,#699,#700,#701,#702,#703,#704,#705,#706,#707,#708)
    ,(#709,#710,#711,#712,#713,#714,#715,#716,#717,#718,#719,#720,#721
      ,#722,#723,#724,#725,#726,#727,#728,#729,#730,#731,#732,#733,#734)
    ,(#735,#736,#737,#738,#739,#740,#741,#742,#743,#744,#745,#746,#747
      ,#748,#749,#750,#751,#752,#753,#754,#755,#756,#757,#758,#759,#760)
    ,(#761,#762,#763,#764,#765,#766,#767,#768,#769,#770,#771,#772,#773
      ,#774,#775,#776,#777,#778,#779,#780,#781,#782,#783,#784,#785,#786)
    ,(#787,#788,#789,#790,#791,#792,#793,#794,#795,#796,#797,#798,#799
      ,#800,#801,#802,#803,#804,#805,#806,#807,#808,#809,#810,#811,#812)
    ,(#813,#814,#815,#816,#817,#818,#819,#820,#821,#822,#823,#824,#825
      ,#826,#827,#828,#829,#830,#831,#832,#833,#834,#835,#836,#837,#838)
    ,(#839,#840,#841,#842,#843,#844,#845,#846,#847,#848,#849,#850,#851
      ,#852,#853,#854,#855,#856,#857,#858,#859,#860,#861,#862,#863,#864)
    ,(#865,#866,#867,#868,#869,#870,#871,#872,#873,#874,#875,#876,#877
      ,#878,#879,#880,#881,#882,#883,#884,#885,#886,#887,#888,#889,#890)
    ,(#891,#892,#893,#894,#895,#896,#897,#898,#899,#900,#901,#902,#903
      ,#904,#905,#906,#907,#908,#909,#910,#911,#912,#913,#914,#915,#916)
    ,(#917,#918,#919,#920,#921,#922,#923,#924,#925,#926,#927,#928,#929
      ,#930,#931,#932,#933,#934,#935,#936,#937,#938,#939,#940,#941,#942)
    ,(#943,#944,#945,#946,#947,#948,#949,#950,#951,#952,#953,#954,#955
      ,#956,#957,#958,#959,#960,#961,#962,#963,#964,#965,#966,#967,#968)
    ,(#969,#970,#971,#972,#973,#974,#975,#976,#977,#978,#979,#980,#981
      ,#982,#983,#984,#985,#986,#987,#988,#989,#990,#991,#992,#993,#994)
    ,(#995,#996,#997,#998,#999,#1000,#1001,#1002,#1003,#1004,#1005,#1006
      ,#1007,#1008,#1009,#1010,#1011,#1012,#1013,#1014,#1015,#1016,#1017
      ,#1018,#1019,#1020)
    ,(#1021,#1022,#1023,#1024,#1025,#1026,#1027,#1028,#1029,#1030,#1031
      ,#1032,#1033,#1034,#1035,#1036,#1037,#1038,#1039,#1040,#1041,#1042
      ,#1043,#1044,#1045,#1046)
    ,(#1047,#1048,#1049,#1050,#1051,#1052,#1053,#1054,#1055,#1056,#1057
      ,#1058,#1059,#1060,#1061,#1062,#1063,#1064,#1065,#1066,#1067,#1068
      ,#1069,#1070,#1071,#1072)
    ,(#1073,#1074,#1075,#1076,#1077,#1078,#1079,#1080,#1081,#1082,#1083
      ,#1084,#1085,#1086,#1087,#1088,#1089,#1090,#1091,#1092,#1093,#1094
      ,#1095,#1096,#1097,#1098)
    ,(#1099,#1100,#1101,#1102,#1103,#1104,#1105,#1106,#1107,#1108,#1109
      ,#1110,#1111,#1112,#1113,#1114,#1115,#1116,#1117,#1118,#1119,#1120
      ,#1121,#1122,#1123,#1124)
    ,(#1125,#1126,#1127,#1128,#1129,#1130,#1131,#1132,#1133,#1134,#1135
      ,#1136,#1137,#1138,#1139,#1140,#1141,#1142,#1143,#1144,#1145,#1146
      ,#1147,#1148,#1149,#1150)
    ,(#1151,#1152,#1153,#1154,#1155,#1156,#1157,#1158,#1159,#1160,#1161
      ,#1162,#1163,#1164,#1165,#1166,#1167,#1168,#1169,#1170,#1171,#1172
      ,#1173,#1174,#1175,#1176
    )),.UNSPECIFIED.,.T.,.F.,.F.,(13,11,13),(10,8,8,10),(0.,
    3.14159265359,6.28318530718),(-0.292436890887,0.,1.171139036649,
    1.434874458225),.UNSPECIFIED.);
#553 = CARTESIAN_POINT('',(39.054954608411,107.12978489396,
    -1.638879945696E-14));
#554 = CARTESIAN_POINT('',(38.937598159684,108.33902160573,
    -1.620250524342E-14));
#555 = CARTESIAN_POINT('',(38.82027652846,109.54789955917,
    -1.601626629996E-14));
#556 = CARTESIAN_POINT('',(38.70298971474,110.75641875428,
    -1.583008262658E-14));
#557 = CARTESIAN_POINT('',(38.585737718524,111.96457919106,
    -1.564395422327E-14));
#558 = CARTESIAN_POINT('',(38.468520539812,113.17238086951,
    -1.545788109002E-14));
#559 = CARTESIAN_POINT('',(38.351338178604,114.37982378963,
    -1.527186322686E-14));
#560 = CARTESIAN_POINT('',(38.234190634899,115.58690795142,
    -1.508590063376E-14));
#561 = CARTESIAN_POINT('',(38.117077908697,116.79363335487,
    -1.489999331074E-14));
#562 = CARTESIAN_POINT('',(37.531131285151,122.83120671379,
    -1.396984872483E-14));
#563 = CARTESIAN_POINT('',(36.355010620452,127.59377475899,
    -1.302006331659E-14));
#564 = CARTESIAN_POINT('',(34.483122355269,132.16937600202,
    -1.196680414168E-14));
#565 = CARTESIAN_POINT('',(31.950044297188,136.44192778235,
    -1.092175350255E-14));
#566 = CARTESIAN_POINT('',(28.812931320718,140.30298990719,
    -1.000504873078E-14));
#567 = CARTESIAN_POINT('',(25.149393086486,143.6570427944,
    -9.34423245776E-15));
#568 = CARTESIAN_POINT('',(21.053873467576,146.42594356252,
    -9.073374873449E-15));
#569 = CARTESIAN_POINT('',(16.632918622934,148.55208383652,
    -9.332354420625E-15));
#570 = CARTESIAN_POINT('',(10.956686859621,150.32606442773,
    -1.047663332233E-14));
#571 = CARTESIAN_POINT('',(9.884644590404,150.66110750875,
    -1.069274770976E-14));
#572 = CARTESIAN_POINT('',(8.783873192348,151.00512924305,
    -1.091465363942E-14));
#573 = CARTESIAN_POINT('',(7.654372665453,151.35812963063,
    -1.114235111131E-14));
#574 = CARTESIAN_POINT('',(6.496143009719,151.7201086715,
    -1.137584012544E-14));
#575 = CARTESIAN_POINT('',(5.309184225147,152.09106636565,
    -1.161512068181E-14));
#576 = CARTESIAN_POINT('',(4.093496311736,152.47100271309,
    -1.186019278041E-14));
#577 = CARTESIAN_POINT('',(2.849079269486,152.85991771381,
    -1.211105642124E-14));
#578 = CARTESIAN_POINT('',(1.575933098398,153.25781136781,
    -1.236771160431E-14));
#579 = CARTESIAN_POINT('',(39.054617435527,107.13325911202,
    -10.22447493536));
#580 = CARTESIAN_POINT('',(38.937335914113,108.34172377534,
    -10.19377070486));
#581 = CARTESIAN_POINT('',(38.820079844288,109.54992618639,
    -10.16307313756));
#582 = CARTESIAN_POINT('',(38.702849226052,110.75786634516,
    -10.13238223347));
#583 = CARTESIAN_POINT('',(38.585644059405,111.96554425165,
    -10.10169799259));
#584 = CARTESIAN_POINT('',(38.468464344347,113.17295990587,
    -10.07102041493));
#585 = CARTESIAN_POINT('',(38.351310080877,114.38011330782,
    -10.04034950047));
#586 = CARTESIAN_POINT('',(38.234181268997,115.58700445749,
    -10.00968524923));
#587 = CARTESIAN_POINT('',(38.117077908705,116.79363335488,
    -9.979027661196));
#588 = CARTESIAN_POINT('',(37.531131285131,122.83120671379,
    -9.825627193854));
#589 = CARTESIAN_POINT('',(36.35501062053,127.59377475903,
    -9.517719552372));
#590 = CARTESIAN_POINT('',(34.483122355122,132.16937600197,
    -9.02766021217));
#591 = CARTESIAN_POINT('',(31.950044297378,136.44192778244,
    -8.364502232393));
#592 = CARTESIAN_POINT('',(28.812931320555,140.30298990714,
    -7.543207585253));
#593 = CARTESIAN_POINT('',(25.149393086586,143.65704279446,
    -6.584095823366));
#594 = CARTESIAN_POINT('',(21.053873467537,146.42594356252,
    -5.511891156144));
#595 = CARTESIAN_POINT('',(16.632918622944,148.55208383654,
    -4.354487912798));
#596 = CARTESIAN_POINT('',(10.95668685962,150.32606442774,
    -2.868453912157));
#597 = CARTESIAN_POINT('',(9.893282140044,150.65840803381,-2.59005520759
    ));
#598 = CARTESIAN_POINT('',(8.809785841273,150.99703081822,
    -2.306396539889));
#599 = CARTESIAN_POINT('',(7.706197963308,151.34193278097,
    -2.017477909056));
#600 = CARTESIAN_POINT('',(6.582518506148,151.69311392206,-1.72329931509
    ));
#601 = CARTESIAN_POINT('',(5.438747469793,152.05057424149,-1.42386075799
    ));
#602 = CARTESIAN_POINT('',(4.274884854243,152.41431373926,
    -1.119162237757));
#603 = CARTESIAN_POINT('',(3.090930659498,152.78433241536,
    -0.809203754392));
#604 = CARTESIAN_POINT('',(1.886884885559,153.16063026981,
    -0.493985307893));
#605 = CARTESIAN_POINT('',(36.134233729818,107.136382189,-20.44879115529
    ));
#606 = CARTESIAN_POINT('',(36.025783634647,108.34415283519,
    -20.38741796314));
#607 = CARTESIAN_POINT('',(35.917349298267,109.55174798126,
    -20.32605368909));
#608 = CARTESIAN_POINT('',(35.80893072068,110.75916762718,
    -20.26469833311));
#609 = CARTESIAN_POINT('',(35.700527901884,111.96641177298,
    -20.20335189523));
#610 = CARTESIAN_POINT('',(35.59214084188,113.17348041864,
    -20.14201437543));
#611 = CARTESIAN_POINT('',(35.483769540668,114.38037356417,
    -20.08068577372));
#612 = CARTESIAN_POINT('',(35.375413998247,115.58709120956,
    -20.01936609009));
#613 = CARTESIAN_POINT('',(35.267074214619,116.79363335482,
    -19.95805532455));
#614 = CARTESIAN_POINT('',(34.724938663102,122.83120671376,
    -19.65125440086));
#615 = CARTESIAN_POINT('',(33.636756226487,127.59377475888,
    -19.03543910311));
#616 = CARTESIAN_POINT('',(31.904828537309,132.16937600216,
    -18.05532039197));
#617 = CARTESIAN_POINT('',(29.561148063849,136.44192778206,
    -16.7290043897));
#618 = CARTESIAN_POINT('',(26.658596160731,140.30298990735,
    -15.08641504974));
#619 = CARTESIAN_POINT('',(23.268979715661,143.65704279419,
    -13.16819148131));
#620 = CARTESIAN_POINT('',(19.479680992448,146.42594356252,
    -11.02378211102));
#621 = CARTESIAN_POINT('',(15.389279757616,148.55208383647,
    -8.708975602857));
#622 = CARTESIAN_POINT('',(10.137458321195,150.3260644277,
    -5.736907600921));
#623 = CARTESIAN_POINT('',(9.160175028362,150.65617496451,
    -5.183851401539));
#624 = CARTESIAN_POINT('',(8.170913339328,150.9903316104,-4.624016485765
    ));
#625 = CARTESIAN_POINT('',(7.169673254092,151.32853436536,
    -4.057402853598));
#626 = CARTESIAN_POINT('',(6.156454772655,151.6707832294,-3.484010505037
    ));
#627 = CARTESIAN_POINT('',(5.131257895016,152.01707820251,
    -2.903839440084));
#628 = CARTESIAN_POINT('',(4.094082621176,152.3674192847,-2.316889658737
    ));
#629 = CARTESIAN_POINT('',(3.044928951134,152.72180647596,
    -1.723161160997));
#630 = CARTESIAN_POINT('',(1.983796884891,153.0802397763,-1.122653946864
    ));
#631 = CARTESIAN_POINT('',(30.293875056637,107.13901327804,
    -29.75562191767));
#632 = CARTESIAN_POINT('',(30.202997118879,108.34619923782,
    -29.66635866153));
#633 = CARTESIAN_POINT('',(30.112126890954,109.55328278328,
    -29.57710297825));
#634 = CARTESIAN_POINT('',(30.021264372864,110.7602639144,
    -29.48785486781));
#635 = CARTESIAN_POINT('',(29.930409564607,111.96714263118,
    -29.39861433022));
#636 = CARTESIAN_POINT('',(29.839562466185,113.17391893364,
    -29.30938136548));
#637 = CARTESIAN_POINT('',(29.748723077596,114.38059282176,
    -29.22015597359));
#638 = CARTESIAN_POINT('',(29.657891398842,115.58716429554,
    -29.13093815455));
#639 = CARTESIAN_POINT('',(29.567067429922,116.79363335499,
    -29.04172790835));
#640 = CARTESIAN_POINT('',(29.112554012604,122.83120671387,
    -28.59529009751));
#641 = CARTESIAN_POINT('',(28.20024801364,127.59377475921,
    -27.69919386285));
#642 = CARTESIAN_POINT('',(26.748241451727,132.16937600176,
    -26.27298594841));
#643 = CARTESIAN_POINT('',(24.783356093265,136.44192778294,
    -24.34301322481));
#644 = CARTESIAN_POINT('',(22.349926306983,140.30298990689,
    -21.95281912538));
#645 = CARTESIAN_POINT('',(19.50815336647,143.65704279484,
    -19.16153913018));
#646 = CARTESIAN_POINT('',(16.331296376607,146.42594356254,
    -16.04112748174));
#647 = CARTESIAN_POINT('',(12.902002290436,148.55208383664,
    -12.6727643509));
#648 = CARTESIAN_POINT('',(8.499001417728,150.3260644278,-8.347994788607
    ));
#649 = CARTESIAN_POINT('',(7.684028908395,150.65441898772,
    -7.547502487022));
#650 = CARTESIAN_POINT('',(6.863372315421,150.98506367983,
    -6.741427095034));
#651 = CARTESIAN_POINT('',(6.037031638806,151.31799850414,
    -5.929768612642));
#652 = CARTESIAN_POINT('',(5.205006878551,151.65322346065,
    -5.112527039847));
#653 = CARTESIAN_POINT('',(4.367298034654,151.99073854935,
    -4.289702376648));
#654 = CARTESIAN_POINT('',(3.523905107117,152.33054377025,
    -3.461294623045));
#655 = CARTESIAN_POINT('',(2.674828095938,152.67263912334,
    -2.627303779038));
#656 = CARTESIAN_POINT('',(1.820067001119,153.01702460864,
    -1.787729844628));
#657 = CARTESIAN_POINT('',(21.853800391427,107.14101559005,
    -37.22767212802));
#658 = CARTESIAN_POINT('',(21.788265488743,108.34775659153,
    -37.11603428645));
#659 = CARTESIAN_POINT('',(21.722733127347,109.55445079846,
    -37.00440077392));
#660 = CARTESIAN_POINT('',(21.657203307238,110.76109821085,
    -36.89277159045));
#661 = CARTESIAN_POINT('',(21.591676028417,111.9676988287,
    -36.78114673602));
#662 = CARTESIAN_POINT('',(21.526151290883,113.17425265201,
    -36.66952621065));
#663 = CARTESIAN_POINT('',(21.460629094637,114.38075968077,
    -36.55791001432));
#664 = CARTESIAN_POINT('',(21.395109439679,115.58721991499,
    -36.44629814705));
#665 = CARTESIAN_POINT('',(21.329592326007,116.79363335467,
    -36.33469060882));
#666 = CARTESIAN_POINT('',(21.001707732676,122.83120671363,
    -35.77614353259));
#667 = CARTESIAN_POINT('',(20.343572964671,127.59377475865,
    -34.65501914627));
#668 = CARTESIAN_POINT('',(19.296099855726,132.16937600242,
    -32.87066096932));
#669 = CARTESIAN_POINT('',(17.878637552094,136.4419277814,
    -30.45603223739));
#670 = CARTESIAN_POINT('',(16.12316871282,140.30298990768,-27.4656111817
    ));
#671 = CARTESIAN_POINT('',(14.073122381845,143.65704279366,
    -23.97338352631));
#672 = CARTESIAN_POINT('',(11.781347429404,146.42594356247,
    -20.06937283194));
#673 = CARTESIAN_POINT('',(9.307465127979,148.55208383632,
    -15.85514538837));
#674 = CARTESIAN_POINT('',(6.131153718586,150.32606442763,-10.444339092)
  );
#675 = CARTESIAN_POINT('',(5.545503620725,150.65315197448,
    -9.446691560462));
#676 = CARTESIAN_POINT('',(4.958021628618,150.98126264041,
    -8.445923420253));
#677 = CARTESIAN_POINT('',(4.368707742264,151.31039642543,
    -7.442034671373));
#678 = CARTESIAN_POINT('',(3.777561961663,151.64055332954,
    -6.435025313823));
#679 = CARTESIAN_POINT('',(3.184584286815,151.97173335275,
    -5.424895347602));
#680 = CARTESIAN_POINT('',(2.589774717721,152.30393649504,
    -4.411644772711));
#681 = CARTESIAN_POINT('',(1.99313325438,152.63716275642,-3.39527358915)
  );
#682 = CARTESIAN_POINT('',(1.394659896793,152.97141213689,
    -2.375781796918));
#683 = CARTESIAN_POINT('',(11.454458937447,107.14227176141,
    -42.07340956825));
#684 = CARTESIAN_POINT('',(11.420117288104,108.34873361382,
    -41.9472690845));
#685 = CARTESIAN_POINT('',(11.385775977518,109.55518356531,
    -41.82112984504));
#686 = CARTESIAN_POINT('',(11.351435005688,110.7616216159,
    -41.69499184987));
#687 = CARTESIAN_POINT('',(11.317094372614,111.96804776557,
    -41.56885509899));
#688 = CARTESIAN_POINT('',(11.282754078298,113.17446201433,
    -41.44271959239));
#689 = CARTESIAN_POINT('',(11.248414122737,114.38086436218,
    -41.31658533009));
#690 = CARTESIAN_POINT('',(11.214074505934,115.58725480911,
    -41.19045231207));
#691 = CARTESIAN_POINT('',(11.179735227887,116.79363335514,
    -41.06432053834));
#692 = CARTESIAN_POINT('',(11.007877139908,122.831206714,-40.4330677369)
  );
#693 = CARTESIAN_POINT('',(10.662921067859,127.59377475942,
    -39.16600903274));
#694 = CARTESIAN_POINT('',(10.11389640764,132.16937600149,
    -37.14938523043));
#695 = CARTESIAN_POINT('',(9.37094489044,136.44192778358,-34.42045005805
    ));
#696 = CARTESIAN_POINT('',(8.450829924106,140.30298990654,
    -31.04077276614));
#697 = CARTESIAN_POINT('',(7.376314546249,143.65704279538,
    -27.09396940696));
#698 = CARTESIAN_POINT('',(6.175099028815,146.42594356259,
    -22.68178144923));
#699 = CARTESIAN_POINT('',(4.87843340774,148.55208383678,-17.91899561583
    ));
#700 = CARTESIAN_POINT('',(3.213595185765,150.32606442782,
    -11.80387312997));
#701 = CARTESIAN_POINT('',(2.907350627985,150.65238556488,
    -10.67900528592));
#702 = CARTESIAN_POINT('',(2.600865154635,150.97896341129,
    -9.553252534136));
#703 = CARTESIAN_POINT('',(2.294138765713,151.30579796706,
    -8.426614874606));
#704 = CARTESIAN_POINT('',(1.98717146122,151.63288923218,-7.299092307337
    ));
#705 = CARTESIAN_POINT('',(1.679963241155,151.96023720666,
    -6.170684832329));
#706 = CARTESIAN_POINT('',(1.37251410552,152.2878418905,-5.041392449582)
  );
#707 = CARTESIAN_POINT('',(1.064824054313,152.61570328369,
    -3.911215159097));
#708 = CARTESIAN_POINT('',(0.756893087535,152.94382138624,
    -2.780152960872));
#709 = CARTESIAN_POINT('',(-9.33512329718E-10,107.14270019277,
    -43.75278757424));
#710 = CARTESIAN_POINT('',(-8.33663958652E-10,108.34906683807,
    -43.62162249215));
#711 = CARTESIAN_POINT('',(-7.338155875877E-10,109.55543348335,
    -43.49045741007));
#712 = CARTESIAN_POINT('',(-6.339672165251E-10,110.76180012861,
    -43.35929232799));
#713 = CARTESIAN_POINT('',(-5.341188454641E-10,111.96816677384,
    -43.22812724591));
#714 = CARTESIAN_POINT('',(-4.342704744049E-10,113.17453341906,
    -43.09696216383));
#715 = CARTESIAN_POINT('',(-3.344221033473E-10,114.38090006426,
    -42.96579708175));
#716 = CARTESIAN_POINT('',(-2.345737322915E-10,115.58726670943,
    -42.83463199968));
#717 = CARTESIAN_POINT('',(-1.347253612373E-10,116.79363335459,
    -42.70346691761));
#718 = CARTESIAN_POINT('',(3.649915925052E-10,122.83120671357,
    -42.04701739762));
#719 = CARTESIAN_POINT('',(-1.331578403096E-09,127.59377475855,
    -40.72938111795));
#720 = CARTESIAN_POINT('',(2.393964138037E-09,132.1693760026,
    -38.63225858025));
#721 = CARTESIAN_POINT('',(-3.010480753574E-09,136.44192778104,
    -35.79439094235));
#722 = CARTESIAN_POINT('',(2.539870536111E-09,140.30298990791,
    -32.27980553294));
#723 = CARTESIAN_POINT('',(-1.5506564921E-09,143.65704279335,
    -28.17545645508));
#724 = CARTESIAN_POINT('',(6.292086851545E-10,146.42594356245,
    -23.58714678218));
#725 = CARTESIAN_POINT('',(-1.521360815104E-10,148.55208383624,
    -18.63424553116));
#726 = CARTESIAN_POINT('',(2.807074638077E-11,150.32606442767,
    -12.2750283755));
#727 = CARTESIAN_POINT('',(6.119345161511E-11,150.65212885546,
    -11.10617990382));
#728 = CARTESIAN_POINT('',(9.431615685175E-11,150.97819328328,
    -9.937331432059));
#729 = CARTESIAN_POINT('',(1.274388620907E-10,151.30425771112,
    -8.768482960211));
#730 = CARTESIAN_POINT('',(1.60561567332E-10,151.63032213898,
    -7.599634488282));
#731 = CARTESIAN_POINT('',(1.936842725755E-10,151.95638656687,
    -6.430786016271));
#732 = CARTESIAN_POINT('',(2.268069778214E-10,152.28245099478,
    -5.261937544179));
#733 = CARTESIAN_POINT('',(2.599296830696E-10,152.60851542271,
    -4.093089072005));
#734 = CARTESIAN_POINT('',(2.930523883201E-10,152.93457985066,
    -2.92424059975));
#735 = CARTESIAN_POINT('',(-11.45445893578,107.14227176133,
    -42.07340956821));
#736 = CARTESIAN_POINT('',(-11.42011728661,108.34873361375,
    -41.94726908446));
#737 = CARTESIAN_POINT('',(-11.3857759762,109.55518356526,
    -41.82112984501));
#738 = CARTESIAN_POINT('',(-11.35143500455,110.76162161585,
    -41.69499184984));
#739 = CARTESIAN_POINT('',(-11.31709437166,111.96804776553,
    -41.56885509896));
#740 = CARTESIAN_POINT('',(-11.28275407752,113.1744620143,
    -41.44271959237));
#741 = CARTESIAN_POINT('',(-11.24841412214,114.38086436215,
    -41.31658533007));
#742 = CARTESIAN_POINT('',(-11.21407450551,115.58725480909,
    -41.19045231206));
#743 = CARTESIAN_POINT('',(-11.17973522764,116.79363335511,
    -41.06432053833));
#744 = CARTESIAN_POINT('',(-11.00787714055,122.83120671397,
    -40.43306773692));
#745 = CARTESIAN_POINT('',(-10.66292106548,127.59377475937,
    -39.16600903269));
#746 = CARTESIAN_POINT('',(-10.11389641191,132.16937600149,
    -37.14938523051));
#747 = CARTESIAN_POINT('',(-9.370944885072,136.44192778347,
    -34.4204500579));
#748 = CARTESIAN_POINT('',(-8.450829928629,140.30298990654,
    -31.04077276632));
#749 = CARTESIAN_POINT('',(-7.376314543489,143.65704279529,
    -27.09396940679));
#750 = CARTESIAN_POINT('',(-6.175099029935,146.42594356257,
    -22.68178144931));
#751 = CARTESIAN_POINT('',(-4.878433407469,148.55208383676,
    -17.91899561581));
#752 = CARTESIAN_POINT('',(-3.213595185814,150.32606442776,
    -11.80387312998));
#753 = CARTESIAN_POINT('',(-2.907350628092,150.65238556481,
    -10.67900528593));
#754 = CARTESIAN_POINT('',(-2.600865154798,150.97896341122,
    -9.553252534139));
#755 = CARTESIAN_POINT('',(-2.294138765931,151.30579796698,-8.4266148746
    ));
#756 = CARTESIAN_POINT('',(-1.987171461491,151.63288923211,
    -7.299092307316));
#757 = CARTESIAN_POINT('',(-1.679963241479,151.96023720659,
    -6.170684832289));
#758 = CARTESIAN_POINT('',(-1.372514105894,152.28784189043,
    -5.041392449517));
#759 = CARTESIAN_POINT('',(-1.064824054736,152.61570328362,
    -3.911215159001));
#760 = CARTESIAN_POINT('',(-0.756893088006,152.94382138618,
    -2.780152960741));
#761 = CARTESIAN_POINT('',(-21.85380039259,107.14101559015,
    -37.22767212809));
#762 = CARTESIAN_POINT('',(-21.78826548979,108.34775659162,
    -37.11603428651));
#763 = CARTESIAN_POINT('',(-21.72273312826,109.55445079854,
    -37.00440077398));
#764 = CARTESIAN_POINT('',(-21.65720330803,110.76109821092,
    -36.8927715905));
#765 = CARTESIAN_POINT('',(-21.59167602908,111.96769882876,
    -36.78114673607));
#766 = CARTESIAN_POINT('',(-21.52615129143,113.17425265206,
    -36.66952621068));
#767 = CARTESIAN_POINT('',(-21.46062909505,114.38075968082,
    -36.55791001435));
#768 = CARTESIAN_POINT('',(-21.39510943997,115.58721991503,
    -36.44629814707));
#769 = CARTESIAN_POINT('',(-21.32959232617,116.79363335471,
    -36.33469060883));
#770 = CARTESIAN_POINT('',(-21.00170773221,122.83120671368,
    -35.77614353256));
#771 = CARTESIAN_POINT('',(-20.34357296634,127.59377475874,
    -34.65501914636));
#772 = CARTESIAN_POINT('',(-19.29609985272,132.16937600242,
    -32.87066096918));
#773 = CARTESIAN_POINT('',(-17.87863755586,136.44192778156,
    -30.45603223764));
#774 = CARTESIAN_POINT('',(-16.12316870965,140.30298990766,
    -27.4656111814));
#775 = CARTESIAN_POINT('',(-14.07312238377,143.6570427938,
    -23.97338352657));
#776 = CARTESIAN_POINT('',(-11.78134742862,146.42594356249,
    -20.06937283181));
#777 = CARTESIAN_POINT('',(-9.30746512817,148.55208383636,
    -15.85514538841));
#778 = CARTESIAN_POINT('',(-6.131153718553,150.32606442772,
    -10.44433909199));
#779 = CARTESIAN_POINT('',(-5.545503620654,150.65315197457,
    -9.446691560449));
#780 = CARTESIAN_POINT('',(-4.958021628513,150.98126264051,
    -8.445923420242));
#781 = CARTESIAN_POINT('',(-4.368707742128,151.31039642553,
    -7.442034671372));
#782 = CARTESIAN_POINT('',(-3.7775619615,151.64055332965,-6.435025313838
    ));
#783 = CARTESIAN_POINT('',(-3.18458428663,151.97173335285,-5.42489534764
    ));
#784 = CARTESIAN_POINT('',(-2.589774717516,152.30393649514,
    -4.411644772777));
#785 = CARTESIAN_POINT('',(-1.993133254159,152.63716275651,
    -3.39527358925));
#786 = CARTESIAN_POINT('',(-1.394659896559,152.97141213698,
    -2.375781797059));
#787 = CARTESIAN_POINT('',(-30.293875056,107.13901327795,-29.7556219176)
  );
#788 = CARTESIAN_POINT('',(-30.20299711831,108.34619923775,
    -29.66635866147));
#789 = CARTESIAN_POINT('',(-30.11212689045,109.55328278321,
    -29.57710297819));
#790 = CARTESIAN_POINT('',(-30.02126437243,110.76026391434,
    -29.48785486776));
#791 = CARTESIAN_POINT('',(-29.93040956424,111.96714263113,
    -29.39861433018));
#792 = CARTESIAN_POINT('',(-29.83956246588,113.17391893359,
    -29.30938136544));
#793 = CARTESIAN_POINT('',(-29.74872307736,114.38059282171,
    -29.22015597356));
#794 = CARTESIAN_POINT('',(-29.65789139868,115.5871642955,
    -29.13093815453));
#795 = CARTESIAN_POINT('',(-29.56706742982,116.79363335495,
    -29.04172790834));
#796 = CARTESIAN_POINT('',(-29.11255401284,122.83120671383,
    -28.59529009754));
#797 = CARTESIAN_POINT('',(-28.20024801273,127.59377475913,
    -27.69919386276));
#798 = CARTESIAN_POINT('',(-26.74824145334,132.16937600178,
    -26.27298594858));
#799 = CARTESIAN_POINT('',(-24.78335609123,136.44192778277,
    -24.34301322454));
#800 = CARTESIAN_POINT('',(-22.34992630867,140.30298990692,
    -21.95281912569));
#801 = CARTESIAN_POINT('',(-19.50815336544,143.65704279471,
    -19.16153912993));
#802 = CARTESIAN_POINT('',(-16.33129637702,146.42594356253,
    -16.04112748186));
#803 = CARTESIAN_POINT('',(-12.90200229033,148.5520838366,
    -12.67276435086));
#804 = CARTESIAN_POINT('',(-8.499001417745,150.32606442772,
    -8.347994788616));
#805 = CARTESIAN_POINT('',(-7.68402890843,150.65441898764,
    -7.547502487037));
#806 = CARTESIAN_POINT('',(-6.863372315471,150.98506367975,
    -6.741427095049));
#807 = CARTESIAN_POINT('',(-6.037031638867,151.31799850406,
    -5.929768612655));
#808 = CARTESIAN_POINT('',(-5.205006878618,151.65322346057,
    -5.112527039853));
#809 = CARTESIAN_POINT('',(-4.367298034724,151.99073854927,
    -4.289702376643));
#810 = CARTESIAN_POINT('',(-3.523905107186,152.33054377018,
    -3.461294623026));
#811 = CARTESIAN_POINT('',(-2.674828096003,152.67263912328,
    -2.627303779002));
#812 = CARTESIAN_POINT('',(-1.820067001175,153.01702460857,
    -1.78772984457));
#813 = CARTESIAN_POINT('',(-36.13423373005,107.13638218905,
    -20.44879115535));
#814 = CARTESIAN_POINT('',(-36.02578363486,108.34415283524,
    -20.3874179632));
#815 = CARTESIAN_POINT('',(-35.91734929845,109.5517479813,
    -20.32605368913));
#816 = CARTESIAN_POINT('',(-35.80893072084,110.75916762722,
    -20.26469833315));
#817 = CARTESIAN_POINT('',(-35.70052790202,111.96641177301,
    -20.20335189526));
#818 = CARTESIAN_POINT('',(-35.59214084199,113.17348041867,
    -20.14201437545));
#819 = CARTESIAN_POINT('',(-35.48376954075,114.38037356419,
    -20.08068577374));
#820 = CARTESIAN_POINT('',(-35.37541399831,115.58709120959,
    -20.0193660901));
#821 = CARTESIAN_POINT('',(-35.26707421465,116.79363335485,
    -19.95805532456));
#822 = CARTESIAN_POINT('',(-34.724938663,122.83120671378,-19.65125440084
    ));
#823 = CARTESIAN_POINT('',(-33.63675622683,127.59377475894,
    -19.03543910318));
#824 = CARTESIAN_POINT('',(-31.90482853669,132.16937600213,
    -18.05532039182));
#825 = CARTESIAN_POINT('',(-29.56114806462,136.44192778218,
    -16.72900438992));
#826 = CARTESIAN_POINT('',(-26.65859616009,140.30298990731,
    -15.0864150495));
#827 = CARTESIAN_POINT('',(-23.26897971604,143.65704279429,
    -13.1681914815));
#828 = CARTESIAN_POINT('',(-19.47968099229,146.42594356252,
    -11.02378211092));
#829 = CARTESIAN_POINT('',(-15.38927975765,148.5520838365,
    -8.708975602883));
#830 = CARTESIAN_POINT('',(-10.13745832118,150.32606442774,
    -5.736907600914));
#831 = CARTESIAN_POINT('',(-9.16017502835,150.65617496455,
    -5.183851401528));
#832 = CARTESIAN_POINT('',(-8.170913339312,150.99033161044,
    -4.62401648575));
#833 = CARTESIAN_POINT('',(-7.169673254075,151.3285343654,-4.05740285358
    ));
#834 = CARTESIAN_POINT('',(-6.156454772638,151.67078322944,
    -3.484010505018));
#835 = CARTESIAN_POINT('',(-5.131257895001,152.01707820255,
    -2.903839440064));
#836 = CARTESIAN_POINT('',(-4.094082621166,152.36741928473,
    -2.316889658718));
#837 = CARTESIAN_POINT('',(-3.044928951131,152.72180647599,
    -1.72316116098));
#838 = CARTESIAN_POINT('',(-1.983796884897,153.08023977633,
    -1.122653946851));
#839 = CARTESIAN_POINT('',(-39.05461743547,107.13325911201,
    -10.22447493533));
#840 = CARTESIAN_POINT('',(-38.93733591406,108.34172377532,
    -10.19377070482));
#841 = CARTESIAN_POINT('',(-38.82007984424,109.54992618637,
    -10.16307313753));
#842 = CARTESIAN_POINT('',(-38.70284922601,110.75786634514,
    -10.13238223345));
#843 = CARTESIAN_POINT('',(-38.58564405937,111.96554425163,
    -10.10169799257));
#844 = CARTESIAN_POINT('',(-38.46846434432,113.17295990585,
    -10.07102041491));
#845 = CARTESIAN_POINT('',(-38.35131008085,114.3801133078,
    -10.04034950046));
#846 = CARTESIAN_POINT('',(-38.23418126898,115.58700445747,
    -10.00968524922));
#847 = CARTESIAN_POINT('',(-38.11707790869,116.79363335487,
    -9.979027661193));
#848 = CARTESIAN_POINT('',(-37.53113128515,122.83120671379,
    -9.825627193871));
#849 = CARTESIAN_POINT('',(-36.35501062045,127.593774759,-9.517719552322
    ));
#850 = CARTESIAN_POINT('',(-34.48312235525,132.16937600199,
    -9.027660212272));
#851 = CARTESIAN_POINT('',(-31.95004429721,136.44192778237,
    -8.364502232247));
#852 = CARTESIAN_POINT('',(-28.81293132068,140.30298990717,
    -7.54320758541));
#853 = CARTESIAN_POINT('',(-25.14939308651,143.65704279441,
    -6.58409582325));
#854 = CARTESIAN_POINT('',(-21.05387346756,146.42594356252,
    -5.511891156201));
#855 = CARTESIAN_POINT('',(-16.63291862293,148.55208383652,
    -4.354487912783));
#856 = CARTESIAN_POINT('',(-10.95668685962,150.32606442772,
    -2.868453912161));
#857 = CARTESIAN_POINT('',(-9.893282140045,150.65840803379,
    -2.590055207597));
#858 = CARTESIAN_POINT('',(-8.809785841275,150.9970308182,-2.3063965399)
  );
#859 = CARTESIAN_POINT('',(-7.70619796331,151.34193278096,-2.01747790907
    ));
#860 = CARTESIAN_POINT('',(-6.582518506149,151.69311392205,
    -1.723299315107));
#861 = CARTESIAN_POINT('',(-5.438747469793,152.05057424148,
    -1.423860758011));
#862 = CARTESIAN_POINT('',(-4.274884854242,152.41431373925,
    -1.119162237781));
#863 = CARTESIAN_POINT('',(-3.090930659495,152.78433241536,
    -0.809203754418));
#864 = CARTESIAN_POINT('',(-1.886884885553,153.16063026981,
    -0.493985307923));
#865 = CARTESIAN_POINT('',(-39.05461743546,107.13325911202,
    10.224474935297));
#866 = CARTESIAN_POINT('',(-38.93733591406,108.34172377534,
    10.193770704797));
#867 = CARTESIAN_POINT('',(-38.82007984424,109.54992618638,
    10.163073137508));
#868 = CARTESIAN_POINT('',(-38.70284922601,110.75786634515,
    10.132382233429));
#869 = CARTESIAN_POINT('',(-38.58564405937,111.96554425165,
    10.10169799256));
#870 = CARTESIAN_POINT('',(-38.46846434431,113.17295990587,
    10.071020414902));
#871 = CARTESIAN_POINT('',(-38.35131008085,114.38011330782,
    10.040349500454));
#872 = CARTESIAN_POINT('',(-38.23418126898,115.58700445749,
    10.009685249217));
#873 = CARTESIAN_POINT('',(-38.11707790869,116.79363335488,9.97902766119
    ));
#874 = CARTESIAN_POINT('',(-37.53113128515,122.8312067138,9.825627193888
    ));
#875 = CARTESIAN_POINT('',(-36.35501062043,127.59377475902,
    9.517719552272));
#876 = CARTESIAN_POINT('',(-34.48312235531,132.16937600202,
    9.027660212378));
#877 = CARTESIAN_POINT('',(-31.95004429712,136.44192778238,
    8.364502232098));
#878 = CARTESIAN_POINT('',(-28.81293132078,140.30298990718,
    7.543207585568));
#879 = CARTESIAN_POINT('',(-25.14939308644,143.65704279443,
    6.584095823137));
#880 = CARTESIAN_POINT('',(-21.05387346759,146.42594356252,
    5.511891156258));
#881 = CARTESIAN_POINT('',(-16.63291862292,148.55208383654,
    4.354487912768));
#882 = CARTESIAN_POINT('',(-10.95668685962,150.32606442774,
    2.868453912164));
#883 = CARTESIAN_POINT('',(-9.89328214005,150.65840803381,2.590055207604
    ));
#884 = CARTESIAN_POINT('',(-8.80978584128,150.99703081823,2.30639653991)
  );
#885 = CARTESIAN_POINT('',(-7.706197963315,151.34193278098,
    2.017477909083));
#886 = CARTESIAN_POINT('',(-6.582518506154,151.69311392207,
    1.723299315123));
#887 = CARTESIAN_POINT('',(-5.438747469797,152.0505742415,1.423860758029
    ));
#888 = CARTESIAN_POINT('',(-4.274884854244,152.41431373927,
    1.119162237802));
#889 = CARTESIAN_POINT('',(-3.090930659495,152.78433241538,
    0.809203754442));
#890 = CARTESIAN_POINT('',(-1.88688488555,153.16063026983,0.493985307949
    ));
#891 = CARTESIAN_POINT('',(-36.13423373007,107.13638218901,
    20.448791155703));
#892 = CARTESIAN_POINT('',(-36.02578363488,108.34415283519,
    20.387417963511));
#893 = CARTESIAN_POINT('',(-35.91734929847,109.55174798124,
    20.326053689406));
#894 = CARTESIAN_POINT('',(-35.80893072085,110.75916762716,
    20.264698333387));
#895 = CARTESIAN_POINT('',(-35.70052790203,111.96641177295,
    20.203351895455));
#896 = CARTESIAN_POINT('',(-35.592140842,113.1734804186,20.14201437561)
  );
#897 = CARTESIAN_POINT('',(-35.48376954075,114.38037356413,
    20.080685773851));
#898 = CARTESIAN_POINT('',(-35.3754139983,115.58709120952,
    20.019366090179));
#899 = CARTESIAN_POINT('',(-35.26707421465,116.79363335478,
    19.958055324594));
#900 = CARTESIAN_POINT('',(-34.72493866298,122.83120671374,
    19.651254400674));
#901 = CARTESIAN_POINT('',(-33.63675622689,127.59377475886,
    19.035439103687));
#902 = CARTESIAN_POINT('',(-31.90482853649,132.16937600202,
    18.055320390771));
#903 = CARTESIAN_POINT('',(-29.56114806493,136.44192778216,
    16.729004391409));
#904 = CARTESIAN_POINT('',(-26.65859615975,140.30298990727,
    15.086415047929));
#905 = CARTESIAN_POINT('',(-23.26897971628,143.65704279419,
    13.168191482632));
#906 = CARTESIAN_POINT('',(-19.47968099217,146.42594356251,
    11.023782110362));
#907 = CARTESIAN_POINT('',(-15.38927975768,148.55208383641,
    8.708975603026));
#908 = CARTESIAN_POINT('',(-10.13745832117,150.32606442765,
    5.736907600877));
#909 = CARTESIAN_POINT('',(-9.160175028337,150.65617496446,5.18385140146
    ));
#910 = CARTESIAN_POINT('',(-8.170913339301,150.99033161035,
    4.624016485654));
#911 = CARTESIAN_POINT('',(-7.16967325407,151.32853436531,4.057402853458
    ));
#912 = CARTESIAN_POINT('',(-6.156454772644,151.67078322934,
    3.484010504873));
#913 = CARTESIAN_POINT('',(-5.131257895024,152.01707820244,
    2.903839439897));
#914 = CARTESIAN_POINT('',(-4.094082621209,152.36741928462,
    2.316889658533));
#915 = CARTESIAN_POINT('',(-3.0449289512,152.72180647587,1.723161160778)
  );
#916 = CARTESIAN_POINT('',(-1.983796884996,153.08023977619,
    1.122653946634));
#917 = CARTESIAN_POINT('',(-30.29387505604,107.13901327802,
    29.755621916554));
#918 = CARTESIAN_POINT('',(-30.20299711834,108.34619923785,
    29.666358660543));
#919 = CARTESIAN_POINT('',(-30.11212689048,109.55328278334,
    29.577102977382));
#920 = CARTESIAN_POINT('',(-30.02126437246,110.76026391448,
    29.487854867071));
#921 = CARTESIAN_POINT('',(-29.93040956427,111.96714263129,
    29.398614329609));
#922 = CARTESIAN_POINT('',(-29.83956246591,113.17391893376,
    29.309381364996));
#923 = CARTESIAN_POINT('',(-29.74872307739,114.38059282188,
    29.220155973233));
#924 = CARTESIAN_POINT('',(-29.6578913987,115.58716429567,
    29.130938154319));
#925 = CARTESIAN_POINT('',(-29.56706742984,116.79363335512,
    29.041727908254));
#926 = CARTESIAN_POINT('',(-29.11255401286,122.83120671395,
    28.595290098053));
#927 = CARTESIAN_POINT('',(-28.20024801272,127.59377475933,
    27.699193861258));
#928 = CARTESIAN_POINT('',(-26.74824145358,132.16937600205,
    26.272985951759));
#929 = CARTESIAN_POINT('',(-24.78335609081,136.4419277828,24.34301322006
    ));
#930 = CARTESIAN_POINT('',(-22.34992630919,140.30298990702,
    21.952819130444));
#931 = CARTESIAN_POINT('',(-19.50815336506,143.65704279496,
    19.161539126516));
#932 = CARTESIAN_POINT('',(-16.33129637722,146.42594356255,
    16.041127483578));
#933 = CARTESIAN_POINT('',(-12.90200229028,148.55208383683,
    12.672764350432));
#934 = CARTESIAN_POINT('',(-8.499001417766,150.32606442793,
    8.347994788727));
#935 = CARTESIAN_POINT('',(-7.684028908451,150.65441898785,
    7.547502487235));
#936 = CARTESIAN_POINT('',(-6.863372315477,150.98506367997,
    6.741427095322));
#937 = CARTESIAN_POINT('',(-6.037031638846,151.31799850429,5.92976861299
    ));
#938 = CARTESIAN_POINT('',(-5.205006878556,151.65322346082,
    5.112527040237));
#939 = CARTESIAN_POINT('',(-4.367298034608,151.99073854954,
    4.289702377063));
#940 = CARTESIAN_POINT('',(-3.523905107001,152.33054377048,3.46129462347
    ));
#941 = CARTESIAN_POINT('',(-2.674828095737,152.67263912361,
    2.627303779456));
#942 = CARTESIAN_POINT('',(-1.820067000814,153.01702460895,
    1.787729845023));
#943 = CARTESIAN_POINT('',(-21.85380039231,107.14101559005,
    37.22767213014));
#944 = CARTESIAN_POINT('',(-21.78826548953,108.34775659145,
    37.116034288331));
#945 = CARTESIAN_POINT('',(-21.72273312804,109.55445079832,
    37.00440077557));
#946 = CARTESIAN_POINT('',(-21.65720330784,110.76109821066,
    36.892771591857));
#947 = CARTESIAN_POINT('',(-21.59167602892,111.96769882847,
    36.781146737193));
#948 = CARTESIAN_POINT('',(-21.52615129129,113.17425265175,
    36.669526211578));
#949 = CARTESIAN_POINT('',(-21.46062909494,114.3807596805,
    36.557910015011));
#950 = CARTESIAN_POINT('',(-21.39510943988,115.58721991472,
    36.446298147493));
#951 = CARTESIAN_POINT('',(-21.32959232611,116.7936333544,
    36.334690609024));
#952 = CARTESIAN_POINT('',(-21.00170773227,122.83120671348,
    35.776143531572));
#953 = CARTESIAN_POINT('',(-20.34357296603,127.59377475838,
    34.655019149317));
#954 = CARTESIAN_POINT('',(-19.29609985296,132.16937600193,
    32.870660962941));
#955 = CARTESIAN_POINT('',(-17.87863755571,136.44192778154,
    30.456032246492));
#956 = CARTESIAN_POINT('',(-16.12316870957,140.30298990751,
    27.465611171997));
#957 = CARTESIAN_POINT('',(-14.07312238388,143.65704279334,
    23.973383533357));
#958 = CARTESIAN_POINT('',(-11.78134742851,146.42594356247,
    20.069372828422));
#959 = CARTESIAN_POINT('',(-9.307465128197,148.55208383594,
    15.855145389286));
#960 = CARTESIAN_POINT('',(-6.131153718531,150.32606442737,
    10.44433909177));
#961 = CARTESIAN_POINT('',(-5.545503620645,150.65315197422,
    9.446691560065));
#962 = CARTESIAN_POINT('',(-4.958021628537,150.98126264014,8.44592341973
    ));
#963 = CARTESIAN_POINT('',(-4.368707742208,151.31039642514,
    7.442034670768));
#964 = CARTESIAN_POINT('',(-3.777561961657,151.64055332922,
    6.435025313177));
#965 = CARTESIAN_POINT('',(-3.184584286884,151.97173335237,
    5.424895346958));
#966 = CARTESIAN_POINT('',(-2.589774717889,152.3039364946,4.41164477211)
  );
#967 = CARTESIAN_POINT('',(-1.993133254673,152.63716275591,
    3.395273588634));
#968 = CARTESIAN_POINT('',(-1.394659897235,152.97141213629,2.37578179653
    ));
#969 = CARTESIAN_POINT('',(-11.4544589365,107.14227176143,
    42.073409565274));
#970 = CARTESIAN_POINT('',(-11.42011728726,108.34873361395,
    41.947269081855));
#971 = CARTESIAN_POINT('',(-11.38577597678,109.55518356554,
    41.821129842727));
#972 = CARTESIAN_POINT('',(-11.35143500505,110.76162161619,
    41.69499184789));
#973 = CARTESIAN_POINT('',(-11.31709437208,111.96804776592,
    41.568855097343));
#974 = CARTESIAN_POINT('',(-11.28275407787,113.17446201472,
    41.442719591087));
#975 = CARTESIAN_POINT('',(-11.24841412241,114.38086436259,
    41.316585329121));
#976 = CARTESIAN_POINT('',(-11.21407450571,115.58725480953,
    41.190452311445));
#977 = CARTESIAN_POINT('',(-11.17973522777,116.79363335554,
    41.064320538061));
#978 = CARTESIAN_POINT('',(-11.00787714032,122.83120671422,
    40.433067738356));
#979 = CARTESIAN_POINT('',(-10.66292106647,127.59377475985,
    39.166009028423));
#980 = CARTESIAN_POINT('',(-10.11389641046,132.16937600216,
    37.149385239567));
#981 = CARTESIAN_POINT('',(-9.3709448868,136.44192778348,34.420450044989
    ));
#982 = CARTESIAN_POINT('',(-8.450829927302,140.30298990672,
    31.040772780111));
#983 = CARTESIAN_POINT('',(-7.376314544317,143.65704279591,
    27.093969396801));
#984 = CARTESIAN_POINT('',(-6.175099029645,146.42594356258,
    22.681781454318));
#985 = CARTESIAN_POINT('',(-4.87843340755,148.55208383734,
    17.918995614521));
#986 = CARTESIAN_POINT('',(-3.213595185817,150.3260644282,
    11.803873130309));
#987 = CARTESIAN_POINT('',(-2.907350628063,150.65238556525,
    10.67900528649));
#988 = CARTESIAN_POINT('',(-2.600865154719,150.97896341167,
    9.553252534862));
#989 = CARTESIAN_POINT('',(-2.294138765785,151.30579796747,
    8.426614875424));
#990 = CARTESIAN_POINT('',(-1.98717146126,151.63288923264,7.299092308178
    ));
#991 = CARTESIAN_POINT('',(-1.679963241145,151.96023720719,
    6.170684833123));
#992 = CARTESIAN_POINT('',(-1.37251410544,152.28784189112,5.04139245026)
  );
#993 = CARTESIAN_POINT('',(-1.064824054144,152.61570328442,
    3.911215159587));
#994 = CARTESIAN_POINT('',(-0.756893087258,152.9438213871,2.780152961105
    ));
#995 = CARTESIAN_POINT('',(2.437945950383E-10,107.14270019272,
    43.752787577524));
#996 = CARTESIAN_POINT('',(2.207940782492E-10,108.3490668379,
    43.621622495074));
#997 = CARTESIAN_POINT('',(1.977935614602E-10,109.55543348308,
    43.490457412625));
#998 = CARTESIAN_POINT('',(1.747930446712E-10,110.76180012825,
    43.359292330176));
#999 = CARTESIAN_POINT('',(1.517925278822E-10,111.96816677343,
    43.228127247727));
#1000 = CARTESIAN_POINT('',(1.287920110932E-10,113.17453341861,
    43.096962165278));
#1001 = CARTESIAN_POINT('',(1.057914943042E-10,114.38090006378,
    42.965797082829));
#1002 = CARTESIAN_POINT('',(8.279097751516E-11,115.58726670896,
    42.83463200038));
#1003 = CARTESIAN_POINT('',(5.979046072615E-11,116.79363335414,
    42.703466917931));
#1004 = CARTESIAN_POINT('',(-5.532156426889E-11,122.83120671332,
    42.047017396041));
#1005 = CARTESIAN_POINT('',(3.888486845904E-10,127.59377475804,
    40.729381122727));
#1006 = CARTESIAN_POINT('',(-4.734305176039E-10,132.1693760019,
    38.632258570119));
#1007 = CARTESIAN_POINT('',(6.573066574017E-10,136.44192778108,
    35.794390956959));
#1008 = CARTESIAN_POINT('',(-6.151629006707E-10,140.30298990778,
    32.279805517284));
#1009 = CARTESIAN_POINT('',(5.259280157001E-10,143.6570427927,
    28.175456466509));
#1010 = CARTESIAN_POINT('',(-2.243065362826E-10,146.42594356249,
    23.587146776478));
#1011 = CARTESIAN_POINT('',(8.080648400477E-11,148.55208383561,
    18.634245532644));
#1012 = CARTESIAN_POINT('',(-8.360676997501E-14,150.32606442725,
    12.275028375141));
#1013 = CARTESIAN_POINT('',(-1.49515152964E-11,150.65212885506,
    11.106179903198));
#1014 = CARTESIAN_POINT('',(-2.981942382283E-11,150.97819328287,
    9.937331431255));
#1015 = CARTESIAN_POINT('',(-4.468733234925E-11,151.30425771068,
    8.768482959311));
#1016 = CARTESIAN_POINT('',(-5.955524087568E-11,151.6303221385,
    7.599634487368));
#1017 = CARTESIAN_POINT('',(-7.44231494021E-11,151.95638656631,
    6.430786015424));
#1018 = CARTESIAN_POINT('',(-8.929105792853E-11,152.28245099412,
    5.261937543481));
#1019 = CARTESIAN_POINT('',(-1.04158966455E-10,152.60851542193,
    4.093089071537));
#1020 = CARTESIAN_POINT('',(-1.190268749814E-10,152.93457984974,
    2.924240599594));
#1021 = CARTESIAN_POINT('',(11.454458936098,107.1422717614,
    42.073409565368));
#1022 = CARTESIAN_POINT('',(11.420117286895,108.34873361392,
    41.947269081937));
#1023 = CARTESIAN_POINT('',(11.385775976449,109.55518356551,
    41.821129842796));
#1024 = CARTESIAN_POINT('',(11.35143500476,110.76162161617,
    41.694991847945));
#1025 = CARTESIAN_POINT('',(11.317094371829,111.9680477659,
    41.568855097385));
#1026 = CARTESIAN_POINT('',(11.282754077654,113.1744620147,
    41.442719591116));
#1027 = CARTESIAN_POINT('',(11.248414122237,114.38086436257,
    41.316585329138));
#1028 = CARTESIAN_POINT('',(11.214074505576,115.5872548095,
    41.19045231145));
#1029 = CARTESIAN_POINT('',(11.179735227673,116.79363335551,
    41.064320538052));
#1030 = CARTESIAN_POINT('',(11.007877140417,122.83120671418,
    40.433067738285));
#1031 = CARTESIAN_POINT('',(10.662921065816,127.59377475983,
    39.166009028541));
#1032 = CARTESIAN_POINT('',(10.11389641124,132.16937600207,
    37.149385239406));
#1033 = CARTESIAN_POINT('',(9.37094488571,136.44192778349,
    34.420450045012));
#1034 = CARTESIAN_POINT('',(8.450829928337,140.30298990661,
    31.040772780171));
#1035 = CARTESIAN_POINT('',(7.376314543411,143.65704279591,
    27.093969396684));
#1036 = CARTESIAN_POINT('',(6.175099030033,146.42594356252,
    22.681781454361));
#1037 = CARTESIAN_POINT('',(4.878433407408,148.55208383732,
    17.918995614495));
#1038 = CARTESIAN_POINT('',(3.213595185817,150.32606442811,
    11.803873130307));
#1039 = CARTESIAN_POINT('',(2.907350628088,150.65238556514,
    10.679005286489));
#1040 = CARTESIAN_POINT('',(2.600865154768,150.97896341155,
    9.553252534858));
#1041 = CARTESIAN_POINT('',(2.294138765857,151.30579796734,
    8.426614875416));
#1042 = CARTESIAN_POINT('',(1.987171461354,151.6328892325,7.299092308161
    ));
#1043 = CARTESIAN_POINT('',(1.679963241261,151.96023720704,
    6.170684833094));
#1044 = CARTESIAN_POINT('',(1.372514105576,152.28784189096,
    5.041392450215));
#1045 = CARTESIAN_POINT('',(1.0648240543,152.61570328426,3.911215159524)
  );
#1046 = CARTESIAN_POINT('',(0.756893087433,152.94382138693,2.78015296102
    ));
#1047 = CARTESIAN_POINT('',(21.853800392557,107.14101559009,
    37.227672130049));
#1048 = CARTESIAN_POINT('',(21.788265489757,108.34775659148,
    37.116034288253));
#1049 = CARTESIAN_POINT('',(21.722733128243,109.55445079835,
    37.004400775505));
#1050 = CARTESIAN_POINT('',(21.657203308016,110.76109821069,
    36.892771591806));
#1051 = CARTESIAN_POINT('',(21.591676029076,111.9676988285,
    36.781146737156));
#1052 = CARTESIAN_POINT('',(21.526151291423,113.17425265178,
    36.669526211554));
#1053 = CARTESIAN_POINT('',(21.460629095056,114.38075968053,36.557910015
    ));
#1054 = CARTESIAN_POINT('',(21.395109439976,115.58721991475,
    36.446298147495));
#1055 = CARTESIAN_POINT('',(21.329592326183,116.79363335444,
    36.334690609038));
#1056 = CARTESIAN_POINT('',(21.001707732238,122.83120671354,
    35.77614353165));
#1057 = CARTESIAN_POINT('',(20.343572966416,127.5937747584,
    34.655019149212));
#1058 = CARTESIAN_POINT('',(19.296099852562,132.16937600206,
    32.870660963052));
#1059 = CARTESIAN_POINT('',(17.878637556314,136.4419277815,
    30.456032246602));
#1060 = CARTESIAN_POINT('',(16.123168708969,140.30298990766,
    27.465611171778));
#1061 = CARTESIAN_POINT('',(14.073122384457,143.65704279333,
    23.97338353361));
#1062 = CARTESIAN_POINT('',(11.78134742826,146.42594356254,
    20.069372828317));
#1063 = CARTESIAN_POINT('',(9.307465128291,148.55208383597,
    15.855145389333));
#1064 = CARTESIAN_POINT('',(6.131153718533,150.32606442749,
    10.44433909177));
#1065 = CARTESIAN_POINT('',(5.545503620632,150.65315197436,9.44669156006
    ));
#1066 = CARTESIAN_POINT('',(4.958021628512,150.9812626403,8.445923419726
    ));
#1067 = CARTESIAN_POINT('',(4.368707742173,151.31039642531,
    7.442034670767));
#1068 = CARTESIAN_POINT('',(3.777561961615,151.6405533294,6.435025313185
    ));
#1069 = CARTESIAN_POINT('',(3.184584286837,151.97173335257,
    5.424895346978));
#1070 = CARTESIAN_POINT('',(2.58977471784,152.30393649481,4.411644772147
    ));
#1071 = CARTESIAN_POINT('',(1.993133254624,152.63716275612,
    3.395273588692));
#1072 = CARTESIAN_POINT('',(1.394659897188,152.97141213651,
    2.375781796613));
#1073 = CARTESIAN_POINT('',(30.293875055951,107.139013278,
    29.755621916577));
#1074 = CARTESIAN_POINT('',(30.202997118263,108.34619923783,
    29.666358660562));
#1075 = CARTESIAN_POINT('',(30.11212689041,109.55328278332,
    29.577102977396));
#1076 = CARTESIAN_POINT('',(30.021264372391,110.76026391447,
    29.487854867079));
#1077 = CARTESIAN_POINT('',(29.930409564207,111.96714263128,
    29.398614329612));
#1078 = CARTESIAN_POINT('',(29.839562465857,113.17391893375,
    29.309381364995));
#1079 = CARTESIAN_POINT('',(29.748723077342,114.38059282187,
    29.220155973227));
#1080 = CARTESIAN_POINT('',(29.657891398662,115.58716429566,
    29.130938154308));
#1081 = CARTESIAN_POINT('',(29.567067429816,116.7936333551,
    29.041727908239));
#1082 = CARTESIAN_POINT('',(29.112554012873,122.83120671391,
    28.595290098016));
#1083 = CARTESIAN_POINT('',(28.200248012573,127.59377475933,
    27.699193861271));
#1084 = CARTESIAN_POINT('',(26.748241453696,132.16937600194,
    26.272985951808));
#1085 = CARTESIAN_POINT('',(24.783356090611,136.44192778286,
    24.3430132198));
#1086 = CARTESIAN_POINT('',(22.349926309436,140.30298990688,
    21.952819130787));
#1087 = CARTESIAN_POINT('',(19.50815336479,143.657042795,19.161539126201
    ));
#1088 = CARTESIAN_POINT('',(16.331296377352,146.42594356249,
    16.041127483719));
#1089 = CARTESIAN_POINT('',(12.902002290232,148.55208383681,
    12.672764350382));
#1090 = CARTESIAN_POINT('',(8.499001417764,150.32606442784,
    8.347994788731));
#1091 = CARTESIAN_POINT('',(7.684028908455,150.65441898774,
    7.547502487246));
#1092 = CARTESIAN_POINT('',(6.863372315485,150.98506367985,
    6.741427095338));
#1093 = CARTESIAN_POINT('',(6.037031638853,151.31799850416,
    5.929768613007));
#1094 = CARTESIAN_POINT('',(5.205006878561,151.65322346068,
    5.112527040253));
#1095 = CARTESIAN_POINT('',(4.367298034607,151.9907385494,4.289702377075
    ));
#1096 = CARTESIAN_POINT('',(3.523905106992,152.33054377032,
    3.461294623475));
#1097 = CARTESIAN_POINT('',(2.674828095716,152.67263912345,
    2.627303779452));
#1098 = CARTESIAN_POINT('',(1.820067000779,153.01702460878,
    1.787729845006));
#1099 = CARTESIAN_POINT('',(36.134233730104,107.13638218902,
    20.448791155725));
#1100 = CARTESIAN_POINT('',(36.025783634903,108.34415283519,
    20.387417963532));
#1101 = CARTESIAN_POINT('',(35.917349298494,109.55174798124,
    20.326053689425));
#1102 = CARTESIAN_POINT('',(35.808930720877,110.75916762716,
    20.264698333405));
#1103 = CARTESIAN_POINT('',(35.700527902051,111.96641177294,
    20.203351895472));
#1104 = CARTESIAN_POINT('',(35.592140842016,113.1734804186,
    20.142014375625));
#1105 = CARTESIAN_POINT('',(35.483769540774,114.38037356412,
    20.080685773864));
#1106 = CARTESIAN_POINT('',(35.375413998323,115.58709120952,
    20.019366090191));
#1107 = CARTESIAN_POINT('',(35.267074214663,116.79363335478,
    19.958055324604));
#1108 = CARTESIAN_POINT('',(34.72493866299,122.83120671375,
    19.651254400675));
#1109 = CARTESIAN_POINT('',(33.636756226931,127.59377475885,
    19.035439103728));
#1110 = CARTESIAN_POINT('',(31.904828536481,132.1693760021,
    18.055320390652));
#1111 = CARTESIAN_POINT('',(29.561148064976,136.4419277821,
    16.729004391662));
#1112 = CARTESIAN_POINT('',(26.658596159679,140.30298990736,
    15.086415047632));
#1113 = CARTESIAN_POINT('',(23.268979716388,143.65704279414,
    13.168191482876));
#1114 = CARTESIAN_POINT('',(19.479680992122,146.42594356255,
    11.023782110249));
#1115 = CARTESIAN_POINT('',(15.389279757706,148.55208383641,
    8.708975603062));
#1116 = CARTESIAN_POINT('',(10.137458321179,150.32606442769,
    5.736907600872));
#1117 = CARTESIAN_POINT('',(9.160175028335,150.65617496451,
    5.183851401449));
#1118 = CARTESIAN_POINT('',(8.170913339299,150.9903316104,4.624016485637
    ));
#1119 = CARTESIAN_POINT('',(7.16967325407,151.32853436536,4.057402853437
    ));
#1120 = CARTESIAN_POINT('',(6.156454772648,151.6707832294,3.484010504848
    ));
#1121 = CARTESIAN_POINT('',(5.131257895034,152.01707820251,2.90383943987
    ));
#1122 = CARTESIAN_POINT('',(4.094082621227,152.36741928469,
    2.316889658504));
#1123 = CARTESIAN_POINT('',(3.044928951227,152.72180647594,
    1.723161160749));
#1124 = CARTESIAN_POINT('',(1.983796885034,153.08023977627,
    1.122653946605));
#1125 = CARTESIAN_POINT('',(39.05461743546,107.13325911202,
    10.224474935268));
#1126 = CARTESIAN_POINT('',(38.937335914053,108.34172377534,
    10.193770704772));
#1127 = CARTESIAN_POINT('',(38.820079844235,109.54992618639,
    10.163073137485));
#1128 = CARTESIAN_POINT('',(38.702849226006,110.75786634516,
    10.132382233409));
#1129 = CARTESIAN_POINT('',(38.585644059366,111.96554425166,
    10.101697992544));
#1130 = CARTESIAN_POINT('',(38.468464344315,113.17295990588,
    10.071020414888));
#1131 = CARTESIAN_POINT('',(38.351310080852,114.38011330783,
    10.040349500444));
#1132 = CARTESIAN_POINT('',(38.234181268979,115.5870044575,
    10.009685249209));
#1133 = CARTESIAN_POINT('',(38.117077908695,116.79363335489,
    9.979027661185));
#1134 = CARTESIAN_POINT('',(37.531131285157,122.8312067138,
    9.825627193898));
#1135 = CARTESIAN_POINT('',(36.355010620426,127.59377475904,
    9.517719552229));
#1136 = CARTESIAN_POINT('',(34.483122355318,132.16937600198,
    9.027660212476));
#1137 = CARTESIAN_POINT('',(31.950044297109,136.44192778243,
    8.364502231938));
#1138 = CARTESIAN_POINT('',(28.812931320808,140.30298990713,
    7.543207585744));
#1139 = CARTESIAN_POINT('',(25.14939308641,143.65704279447,
    6.584095823003));
#1140 = CARTESIAN_POINT('',(21.053873467616,146.42594356251,
    5.511891156323));
#1141 = CARTESIAN_POINT('',(16.632918622922,148.55208383655,
    4.35448791275));
#1142 = CARTESIAN_POINT('',(10.956686859624,150.32606442774,
    2.868453912168));
#1143 = CARTESIAN_POINT('',(9.893282140051,150.65840803381,
    2.590055207611));
#1144 = CARTESIAN_POINT('',(8.809785841281,150.99703081821,
    2.306396539921));
#1145 = CARTESIAN_POINT('',(7.706197963315,151.34193278096,
    2.017477909098));
#1146 = CARTESIAN_POINT('',(6.582518506152,151.69311392205,
    1.723299315141));
#1147 = CARTESIAN_POINT('',(5.438747469793,152.05057424148,
    1.423860758051));
#1148 = CARTESIAN_POINT('',(4.274884854237,152.41431373925,
    1.119162237827));
#1149 = CARTESIAN_POINT('',(3.090930659484,152.78433241536,0.80920375447
    ));
#1150 = CARTESIAN_POINT('',(1.886884885535,153.16063026981,0.49398530798
    ));
#1151 = CARTESIAN_POINT('',(39.054954608411,107.12978489396,
    2.722822756693E-14));
#1152 = CARTESIAN_POINT('',(38.937598159684,108.33902160573,
    2.722822686612E-14));
#1153 = CARTESIAN_POINT('',(38.82027652846,109.54789955917,
    2.722822616551E-14));
#1154 = CARTESIAN_POINT('',(38.702989714741,110.75641875428,
    2.722822546512E-14));
#1155 = CARTESIAN_POINT('',(38.585737718525,111.96457919106,
    2.722822476493E-14));
#1156 = CARTESIAN_POINT('',(38.468520539812,113.17238086951,
    2.722822406495E-14));
#1157 = CARTESIAN_POINT('',(38.351338178604,114.37982378963,
    2.722822336518E-14));
#1158 = CARTESIAN_POINT('',(38.234190634899,115.58690795142,
    2.722822266562E-14));
#1159 = CARTESIAN_POINT('',(38.117077908698,116.79363335487,
    2.722822196627E-14));
#1160 = CARTESIAN_POINT('',(37.531131285151,122.83120671379,
    2.72282184672E-14));
#1161 = CARTESIAN_POINT('',(36.355010620453,127.59377475899,
    2.683964245558E-14));
#1162 = CARTESIAN_POINT('',(34.483122355268,132.16937600202,
    2.616822057042E-14));
#1163 = CARTESIAN_POINT('',(31.950044297189,136.44192778235,
    2.532321803173E-14));
#1164 = CARTESIAN_POINT('',(28.812931320717,140.30298990719,
    2.441741723609E-14));
#1165 = CARTESIAN_POINT('',(25.149393086487,143.6570427944,
    2.356712641526E-14));
#1166 = CARTESIAN_POINT('',(21.053873467576,146.42594356252,
    2.289218302423E-14));
#1167 = CARTESIAN_POINT('',(16.632918622934,148.55208383652,
    2.251593830648E-14));
#1168 = CARTESIAN_POINT('',(10.956686859621,150.32606442773,
    2.257639738582E-14));
#1169 = CARTESIAN_POINT('',(9.884644590404,150.66110750875,
    2.25878159979E-14));
#1170 = CARTESIAN_POINT('',(8.783873192348,151.00512924305,
    2.25995406117E-14));
#1171 = CARTESIAN_POINT('',(7.654372665453,151.35812963063,
    2.261157122723E-14));
#1172 = CARTESIAN_POINT('',(6.496143009719,151.7201086715,
    2.262390784447E-14));
#1173 = CARTESIAN_POINT('',(5.309184225147,152.09106636565,
    2.263655046343E-14));
#1174 = CARTESIAN_POINT('',(4.093496311736,152.47100271309,
    2.264949908411E-14));
#1175 = CARTESIAN_POINT('',(2.849079269486,152.85991771381,
    2.266275370651E-14));
#1176 = CARTESIAN_POINT('',(1.575933098398,153.25781136781,
    2.267631433063E-14));
#1177 = DEFINITIONAL_REPRESENTATION('',(#1178),#1182);
#1178 = LINE('',#1179,#1180);
#1179 = CARTESIAN_POINT('',(0.,0.));
#1180 = VECTOR('',#1181,1.);
#1181 = DIRECTION('',(1.,0.));
#1182 = ( GEOMETRIC_REPRESENTATION_CONTEXT(2) 
PARAMETRIC_REPRESENTATION_CONTEXT() REPRESENTATION_CONTEXT('2D SPACE',''
  ) );
#1183 = ORIENTED_EDGE('',*,*,#513,.F.);
#1184 = ADVANCED_FACE('',(#1185),#1198,.F.);
#1185 = FACE_BOUND('',#1186,.T.);
#1186 = EDGE_LOOP('',(#1187));
#1187 = ORIENTED_EDGE('',*,*,#1188,.F.);
#1188 = EDGE_CURVE('',#1189,#1189,#1191,.T.);
#1189 = VERTEX_POINT('',#1190);
#1190 = CARTESIAN_POINT('',(25.,0.,0.));
#1191 = SURFACE_CURVE('',#1192,(#1197,#1209),.PCURVE_S1.);
#1192 = CIRCLE('',#1193,25.);
#1193 = AXIS2_PLACEMENT_3D('',#1194,#1195,#1196);
#1194 = CARTESIAN_POINT('',(0.,0.,0.));
#1195 = DIRECTION('',(-0.,1.,0.));
#1196 = DIRECTION('',(1.,0.,0.));
#1197 = PCURVE('',#1198,#1203);
#1198 = PLANE('',#1199);
#1199 = AXIS2_PLACEMENT_3D('',#1200,#1201,#1202);
#1200 = CARTESIAN_POINT('',(0.,0.,0.));
#1201 = DIRECTION('',(0.,1.,0.));
#1202 = DIRECTION('',(1.,-0.,0.));
#1203 = DEFINITIONAL_REPRESENTATION('',(#1204),#1208);
#1204 = CIRCLE('',#1205,25.);
#1205 = AXIS2_PLACEMENT_2D('',#1206,#1207);
#1206 = CARTESIAN_POINT('',(0.,0.));
#1207 = DIRECTION('',(1.,-0.));
#1208 = ( GEOMETRIC_REPRESENTATION_CONTEXT(2) 
PARAMETRIC_REPRESENTATION_CONTEXT() REPRESENTATION_CONTEXT('2D SPACE',''
  ) );
#1209 = PCURVE('',#1210,#1215);
#1210 = CONICAL_SURFACE('',#1211,25.,0.11614162688);
#1211 = AXIS2_PLACEMENT_3D('',#1212,#1213,#1214);
#1212 = CARTESIAN_POINT('',(0.,0.,0.));
#1213 = DIRECTION('',(0.,1.,0.));
#1214 = DIRECTION('',(1.,0.,0.));
#1215 = DEFINITIONAL_REPRESENTATION('',(#1216),#1220);
#1216 = LINE('',#1217,#1218);
#1217 = CARTESIAN_POINT('',(0.,0.));
#1218 = VECTOR('',#1219,1.);
#1219 = DIRECTION('',(1.,0.));
#1220 = ( GEOMETRIC_REPRESENTATION_CONTEXT(2) 
PARAMETRIC_REPRESENTATION_CONTEXT() REPRESENTATION_CONTEXT('2D SPACE',''
  ) );
#1221 = ADVANCED_FACE('',(#1222),#1210,.T.);
#1222 = FACE_BOUND('',#1223,.T.);
#1223 = EDGE_LOOP('',(#1224,#1225,#1248,#1275));
#1224 = ORIENTED_EDGE('',*,*,#1188,.T.);
#1225 = ORIENTED_EDGE('',*,*,#1226,.T.);
#1226 = EDGE_CURVE('',#1189,#1227,#1229,.T.);
#1227 = VERTEX_POINT('',#1228);
#1228 = CARTESIAN_POINT('',(32.,60.,0.));
#1229 = SEAM_CURVE('',#1230,(#1234,#1241),.PCURVE_S1.);
#1230 = LINE('',#1231,#1232);
#1231 = CARTESIAN_POINT('',(25.,0.,0.));
#1232 = VECTOR('',#1233,1.);
#1233 = DIRECTION('',(0.11588069956,0.993263139087,0.));
#1234 = PCURVE('',#1210,#1235);
#1235 = DEFINITIONAL_REPRESENTATION('',(#1236),#1240);
#1236 = LINE('',#1237,#1238);
#1237 = CARTESIAN_POINT('',(0.,0.));
#1238 = VECTOR('',#1239,1.);
#1239 = DIRECTION('',(0.,1.));
#1240 = ( GEOMETRIC_REPRESENTATION_CONTEXT(2) 
PARAMETRIC_REPRESENTATION_CONTEXT() REPRESENTATION_CONTEXT('2D SPACE',''
  ) );
#1241 = PCURVE('',#1210,#1242);
#1242 = DEFINITIONAL_REPRESENTATION('',(#1243),#1247);
#1243 = LINE('',#1244,#1245);
#1244 = CARTESIAN_POINT('',(6.28318530718,0.));
#1245 = VECTOR('',#1246,1.);
#1246 = DIRECTION('',(0.,1.));
#1247 = ( GEOMETRIC_REPRESENTATION_CONTEXT(2) 
PARAMETRIC_REPRESENTATION_CONTEXT() REPRESENTATION_CONTEXT('2D SPACE',''
  ) );
#1248 = ORIENTED_EDGE('',*,*,#1249,.F.);
#1249 = EDGE_CURVE('',#1227,#1227,#1250,.T.);
#1250 = SURFACE_CURVE('',#1251,(#1256,#1263),.PCURVE_S1.);
#1251 = CIRCLE('',#1252,32.);
#1252 = AXIS2_PLACEMENT_3D('',#1253,#1254,#1255);
#1253 = CARTESIAN_POINT('',(0.,60.,0.));
#1254 = DIRECTION('',(-0.,1.,0.));
#1255 = DIRECTION('',(1.,0.,0.));
#1256 = PCURVE('',#1210,#1257);
#1257 = DEFINITIONAL_REPRESENTATION('',(#1258),#1262);
#1258 = LINE('',#1259,#1260);
#1259 = CARTESIAN_POINT('',(0.,60.));
#1260 = VECTOR('',#1261,1.);
#1261 = DIRECTION('',(1.,0.));
#1262 = ( GEOMETRIC_REPRESENTATION_CONTEXT(2) 
PARAMETRIC_REPRESENTATION_CONTEXT() REPRESENTATION_CONTEXT('2D SPACE',''
  ) );
#1263 = PCURVE('',#1264,#1269);
#1264 = CONICAL_SURFACE('',#1265,32.,0.380506377112);
#1265 = AXIS2_PLACEMENT_3D('',#1266,#1267,#1268);
#1266 = CARTESIAN_POINT('',(0.,60.,0.));
#1267 = DIRECTION('',(0.,1.,0.));
#1268 = DIRECTION('',(1.,0.,0.));
#1269 = DEFINITIONAL_REPRESENTATION('',(#1270),#1274);
#1270 = LINE('',#1271,#1272);
#1271 = CARTESIAN_POINT('',(0.,0.));
#1272 = VECTOR('',#1273,1.);
#1273 = DIRECTION('',(1.,0.));
#1274 = ( GEOMETRIC_REPRESENTATION_CONTEXT(2) 
PARAMETRIC_REPRESENTATION_CONTEXT() REPRESENTATION_CONTEXT('2D SPACE',''
  ) );
#1275 = ORIENTED_EDGE('',*,*,#1226,.F.);
#1276 = ADVANCED_FACE('',(#1277),#1264,.T.);
#1277 = FACE_BOUND('',#1278,.T.);
#1278 = EDGE_LOOP('',(#1279,#1280,#1303,#1330));
#1279 = ORIENTED_EDGE('',*,*,#1249,.T.);
#1280 = ORIENTED_EDGE('',*,*,#1281,.T.);
#1281 = EDGE_CURVE('',#1227,#1282,#1284,.T.);
#1282 = VERTEX_POINT('',#1283);
#1283 = CARTESIAN_POINT('',(34.,65.,0.));
#1284 = SEAM_CURVE('',#1285,(#1289,#1296),.PCURVE_S1.);
#1285 = LINE('',#1286,#1287);
#1286 = CARTESIAN_POINT('',(32.,60.,0.));
#1287 = VECTOR('',#1288,1.);
#1288 = DIRECTION('',(0.371390676354,0.928476690885,0.));
#1289 = PCURVE('',#1264,#1290);
#1290 = DEFINITIONAL_REPRESENTATION('',(#1291),#1295);
#1291 = LINE('',#1292,#1293);
#1292 = CARTESIAN_POINT('',(0.,0.));
#1293 = VECTOR('',#1294,1.);
#1294 = DIRECTION('',(0.,1.));
#1295 = ( GEOMETRIC_REPRESENTATION_CONTEXT(2) 
PARAMETRIC_REPRESENTATION_CONTEXT() REPRESENTATION_CONTEXT('2D SPACE',''
  ) );
#1296 = PCURVE('',#1264,#1297);
#1297 = DEFINITIONAL_REPRESENTATION('',(#1298),#1302);
#1298 = LINE('',#1299,#1300);
#1299 = CARTESIAN_POINT('',(6.28318530718,0.));
#1300 = VECTOR('',#1301,1.);
#1301 = DIRECTION('',(0.,1.));
#1302 = ( GEOMETRIC_REPRESENTATION_CONTEXT(2) 
PARAMETRIC_REPRESENTATION_CONTEXT() REPRESENTATION_CONTEXT('2D SPACE',''
  ) );
#1303 = ORIENTED_EDGE('',*,*,#1304,.F.);
#1304 = EDGE_CURVE('',#1282,#1282,#1305,.T.);
#1305 = SURFACE_CURVE('',#1306,(#1311,#1318),.PCURVE_S1.);
#1306 = CIRCLE('',#1307,34.);
#1307 = AXIS2_PLACEMENT_3D('',#1308,#1309,#1310);
#1308 = CARTESIAN_POINT('',(0.,65.,0.));
#1309 = DIRECTION('',(-0.,1.,0.));
#1310 = DIRECTION('',(1.,0.,0.));
#1311 = PCURVE('',#1264,#1312);
#1312 = DEFINITIONAL_REPRESENTATION('',(#1313),#1317);
#1313 = LINE('',#1314,#1315);
#1314 = CARTESIAN_POINT('',(0.,5.));
#1315 = VECTOR('',#1316,1.);
#1316 = DIRECTION('',(1.,0.));
#1317 = ( GEOMETRIC_REPRESENTATION_CONTEXT(2) 
PARAMETRIC_REPRESENTATION_CONTEXT() REPRESENTATION_CONTEXT('2D SPACE',''
  ) );
#1318 = PCURVE('',#1319,#1324);
#1319 = CONICAL_SURFACE('',#1320,34.,8.865588186744E-02);
#1320 = AXIS2_PLACEMENT_3D('',#1321,#1322,#1323);
#1321 = CARTESIAN_POINT('',(0.,65.,0.));
#1322 = DIRECTION('',(0.,1.,0.));
#1323 = DIRECTION('',(1.,0.,0.));
#1324 = DEFINITIONAL_REPRESENTATION('',(#1325),#1329);
#1325 = LINE('',#1326,#1327);
#1326 = CARTESIAN_POINT('',(0.,0.));
#1327 = VECTOR('',#1328,1.);
#1328 = DIRECTION('',(1.,0.));
#1329 = ( GEOMETRIC_REPRESENTATION_CONTEXT(2) 
PARAMETRIC_REPRESENTATION_CONTEXT() REPRESENTATION_CONTEXT('2D SPACE',''
  ) );
#1330 = ORIENTED_EDGE('',*,*,#1281,.F.);
#1331 = ADVANCED_FACE('',(#1332),#1319,.T.);
#1332 = FACE_BOUND('',#1333,.T.);
#1333 = EDGE_LOOP('',(#1334,#1335,#1358,#1385));
#1334 = ORIENTED_EDGE('',*,*,#1304,.T.);
#1335 = ORIENTED_EDGE('',*,*,#1336,.T.);
#1336 = EDGE_CURVE('',#1282,#1337,#1339,.T.);
#1337 = VERTEX_POINT('',#1338);
#1338 = CARTESIAN_POINT('',(38.,110.,0.));
#1339 = SEAM_CURVE('',#1340,(#1344,#1351),.PCURVE_S1.);
#1340 = LINE('',#1341,#1342);
#1341 = CARTESIAN_POINT('',(34.,65.,0.));
#1342 = VECTOR('',#1343,1.);
#1343 = DIRECTION('',(8.853979028379E-02,0.996072640693,0.));
#1344 = PCURVE('',#1319,#1345);
#1345 = DEFINITIONAL_REPRESENTATION('',(#1346),#1350);
#1346 = LINE('',#1347,#1348);
#1347 = CARTESIAN_POINT('',(0.,0.));
#1348 = VECTOR('',#1349,1.);
#1349 = DIRECTION('',(0.,1.));
#1350 = ( GEOMETRIC_REPRESENTATION_CONTEXT(2) 
PARAMETRIC_REPRESENTATION_CONTEXT() REPRESENTATION_CONTEXT('2D SPACE',''
  ) );
#1351 = PCURVE('',#1319,#1352);
#1352 = DEFINITIONAL_REPRESENTATION('',(#1353),#1357);
#1353 = LINE('',#1354,#1355);
#1354 = CARTESIAN_POINT('',(6.28318530718,0.));
#1355 = VECTOR('',#1356,1.);
#1356 = DIRECTION('',(0.,1.));
#1357 = ( GEOMETRIC_REPRESENTATION_CONTEXT(2) 
PARAMETRIC_REPRESENTATION_CONTEXT() REPRESENTATION_CONTEXT('2D SPACE',''
  ) );
#1358 = ORIENTED_EDGE('',*,*,#1359,.F.);
#1359 = EDGE_CURVE('',#1337,#1337,#1360,.T.);
#1360 = SURFACE_CURVE('',#1361,(#1366,#1373),.PCURVE_S1.);
#1361 = CIRCLE('',#1362,38.);
#1362 = AXIS2_PLACEMENT_3D('',#1363,#1364,#1365);
#1363 = CARTESIAN_POINT('',(0.,110.,0.));
#1364 = DIRECTION('',(-0.,1.,0.));
#1365 = DIRECTION('',(1.,0.,0.));
#1366 = PCURVE('',#1319,#1367);
#1367 = DEFINITIONAL_REPRESENTATION('',(#1368),#1372);
#1368 = LINE('',#1369,#1370);
#1369 = CARTESIAN_POINT('',(0.,45.));
#1370 = VECTOR('',#1371,1.);
#1371 = DIRECTION('',(1.,0.));
#1372 = ( GEOMETRIC_REPRESENTATION_CONTEXT(2) 
PARAMETRIC_REPRESENTATION_CONTEXT() REPRESENTATION_CONTEXT('2D SPACE',''
  ) );
#1373 = PCURVE('',#1374,#1379);
#1374 = PLANE('',#1375);
#1375 = AXIS2_PLACEMENT_3D('',#1376,#1377,#1378);
#1376 = CARTESIAN_POINT('',(0.,110.,0.));
#1377 = DIRECTION('',(0.,1.,0.));
#1378 = DIRECTION('',(1.,0.,0.));
#1379 = DEFINITIONAL_REPRESENTATION('',(#1380),#1384);
#1380 = CIRCLE('',#1381,38.);
#1381 = AXIS2_PLACEMENT_2D('',#1382,#1383);
#1382 = CARTESIAN_POINT('',(0.,0.));
#1383 = DIRECTION('',(1.,-0.));
#1384 = ( GEOMETRIC_REPRESENTATION_CONTEXT(2) 
PARAMETRIC_REPRESENTATION_CONTEXT() REPRESENTATION_CONTEXT('2D SPACE',''
  ) );
#1385 = ORIENTED_EDGE('',*,*,#1336,.F.);
#1386 = ADVANCED_FACE('',(#1387,#1390),#1374,.F.);
#1387 = FACE_BOUND('',#1388,.T.);
#1388 = EDGE_LOOP('',(#1389));
#1389 = ORIENTED_EDGE('',*,*,#1359,.T.);
#1390 = FACE_BOUND('',#1391,.T.);
#1391 = EDGE_LOOP('',(#1392));
#1392 = ORIENTED_EDGE('',*,*,#1393,.F.);
#1393 = EDGE_CURVE('',#1394,#1394,#1396,.T.);
#1394 = VERTEX_POINT('',#1395);
#1395 = CARTESIAN_POINT('',(42.,110.,0.));
#1396 = SURFACE_CURVE('',#1397,(#1402,#1409),.PCURVE_S1.);
#1397 = CIRCLE('',#1398,42.);
#1398 = AXIS2_PLACEMENT_3D('',#1399,#1400,#1401);
#1399 = CARTESIAN_POINT('',(0.,110.,0.));
#1400 = DIRECTION('',(-0.,1.,0.));
#1401 = DIRECTION('',(1.,0.,0.));
#1402 = PCURVE('',#1374,#1403);
#1403 = DEFINITIONAL_REPRESENTATION('',(#1404),#1408);
#1404 = CIRCLE('',#1405,42.);
#1405 = AXIS2_PLACEMENT_2D('',#1406,#1407);
#1406 = CARTESIAN_POINT('',(0.,0.));
#1407 = DIRECTION('',(1.,-0.));
#1408 = ( GEOMETRIC_REPRESENTATION_CONTEXT(2) 
PARAMETRIC_REPRESENTATION_CONTEXT() REPRESENTATION_CONTEXT('2D SPACE',''
  ) );
#1409 = PCURVE('',#1410,#1415);
#1410 = CYLINDRICAL_SURFACE('',#1411,42.);
#1411 = AXIS2_PLACEMENT_3D('',#1412,#1413,#1414);
#1412 = CARTESIAN_POINT('',(0.,110.,0.));
#1413 = DIRECTION('',(0.,1.,0.));
#1414 = DIRECTION('',(1.,0.,0.));
#1415 = DEFINITIONAL_REPRESENTATION('',(#1416),#1420);
#1416 = LINE('',#1417,#1418);
#1417 = CARTESIAN_POINT('',(0.,0.));
#1418 = VECTOR('',#1419,1.);
#1419 = DIRECTION('',(1.,0.));
#1420 = ( GEOMETRIC_REPRESENTATION_CONTEXT(2) 
PARAMETRIC_REPRESENTATION_CONTEXT() REPRESENTATION_CONTEXT('2D SPACE',''
  ) );
#1421 = ADVANCED_FACE('',(#1422),#1410,.T.);
#1422 = FACE_BOUND('',#1423,.T.);
#1423 = EDGE_LOOP('',(#1424,#1425,#1448,#1475));
#1424 = ORIENTED_EDGE('',*,*,#1393,.T.);
#1425 = ORIENTED_EDGE('',*,*,#1426,.T.);
#1426 = EDGE_CURVE('',#1394,#1427,#1429,.T.);
#1427 = VERTEX_POINT('',#1428);
#1428 = CARTESIAN_POINT('',(42.,113.,0.));
#1429 = SEAM_CURVE('',#1430,(#1434,#1441),.PCURVE_S1.);
#1430 = LINE('',#1431,#1432);
#1431 = CARTESIAN_POINT('',(42.,110.,0.));
#1432 = VECTOR('',#1433,1.);
#1433 = DIRECTION('',(0.,1.,0.));
#1434 = PCURVE('',#1410,#1435);
#1435 = DEFINITIONAL_REPRESENTATION('',(#1436),#1440);
#1436 = LINE('',#1437,#1438);
#1437 = CARTESIAN_POINT('',(0.,0.));
#1438 = VECTOR('',#1439,1.);
#1439 = DIRECTION('',(0.,1.));
#1440 = ( GEOMETRIC_REPRESENTATION_CONTEXT(2) 
PARAMETRIC_REPRESENTATION_CONTEXT() REPRESENTATION_CONTEXT('2D SPACE',''
  ) );
#1441 = PCURVE('',#1410,#1442);
#1442 = DEFINITIONAL_REPRESENTATION('',(#1443),#1447);
#1443 = LINE('',#1444,#1445);
#1444 = CARTESIAN_POINT('',(6.28318530718,0.));
#1445 = VECTOR('',#1446,1.);
#1446 = DIRECTION('',(0.,1.));
#1447 = ( GEOMETRIC_REPRESENTATION_CONTEXT(2) 
PARAMETRIC_REPRESENTATION_CONTEXT() REPRESENTATION_CONTEXT('2D SPACE',''
  ) );
#1448 = ORIENTED_EDGE('',*,*,#1449,.F.);
#1449 = EDGE_CURVE('',#1427,#1427,#1450,.T.);
#1450 = SURFACE_CURVE('',#1451,(#1456,#1463),.PCURVE_S1.);
#1451 = CIRCLE('',#1452,42.);
#1452 = AXIS2_PLACEMENT_3D('',#1453,#1454,#1455);
#1453 = CARTESIAN_POINT('',(0.,113.,0.));
#1454 = DIRECTION('',(-0.,1.,0.));
#1455 = DIRECTION('',(1.,0.,0.));
#1456 = PCURVE('',#1410,#1457);
#1457 = DEFINITIONAL_REPRESENTATION('',(#1458),#1462);
#1458 = LINE('',#1459,#1460);
#1459 = CARTESIAN_POINT('',(0.,3.));
#1460 = VECTOR('',#1461,1.);
#1461 = DIRECTION('',(1.,0.));
#1462 = ( GEOMETRIC_REPRESENTATION_CONTEXT(2) 
PARAMETRIC_REPRESENTATION_CONTEXT() REPRESENTATION_CONTEXT('2D SPACE',''
  ) );
#1463 = PCURVE('',#1464,#1469);
#1464 = PLANE('',#1465);
#1465 = AXIS2_PLACEMENT_3D('',#1466,#1467,#1468);
#1466 = CARTESIAN_POINT('',(0.,113.,0.));
#1467 = DIRECTION('',(0.,1.,0.));
#1468 = DIRECTION('',(1.,0.,0.));
#1469 = DEFINITIONAL_REPRESENTATION('',(#1470),#1474);
#1470 = CIRCLE('',#1471,42.);
#1471 = AXIS2_PLACEMENT_2D('',#1472,#1473);
#1472 = CARTESIAN_POINT('',(0.,0.));
#1473 = DIRECTION('',(1.,0.));
#1474 = ( GEOMETRIC_REPRESENTATION_CONTEXT(2) 
PARAMETRIC_REPRESENTATION_CONTEXT() REPRESENTATION_CONTEXT('2D SPACE',''
  ) );
#1475 = ORIENTED_EDGE('',*,*,#1426,.F.);
#1476 = ADVANCED_FACE('',(#1477,#1480),#1464,.T.);
#1477 = FACE_BOUND('',#1478,.T.);
#1478 = EDGE_LOOP('',(#1479));
#1479 = ORIENTED_EDGE('',*,*,#1449,.T.);
#1480 = FACE_BOUND('',#1481,.T.);
#1481 = EDGE_LOOP('',(#1482));
#1482 = ORIENTED_EDGE('',*,*,#1483,.F.);
#1483 = EDGE_CURVE('',#1484,#1484,#1486,.T.);
#1484 = VERTEX_POINT('',#1485);
#1485 = CARTESIAN_POINT('',(38.,113.,0.));
#1486 = SURFACE_CURVE('',#1487,(#1492,#1499),.PCURVE_S1.);
#1487 = CIRCLE('',#1488,38.);
#1488 = AXIS2_PLACEMENT_3D('',#1489,#1490,#1491);
#1489 = CARTESIAN_POINT('',(0.,113.,0.));
#1490 = DIRECTION('',(-0.,1.,0.));
#1491 = DIRECTION('',(1.,0.,0.));
#1492 = PCURVE('',#1464,#1493);
#1493 = DEFINITIONAL_REPRESENTATION('',(#1494),#1498);
#1494 = CIRCLE('',#1495,38.);
#1495 = AXIS2_PLACEMENT_2D('',#1496,#1497);
#1496 = CARTESIAN_POINT('',(0.,0.));
#1497 = DIRECTION('',(1.,0.));
#1498 = ( GEOMETRIC_REPRESENTATION_CONTEXT(2) 
PARAMETRIC_REPRESENTATION_CONTEXT() REPRESENTATION_CONTEXT('2D SPACE',''
  ) );
#1499 = PCURVE('',#1500,#1505);
#1500 = CYLINDRICAL_SURFACE('',#1501,38.);
#1501 = AXIS2_PLACEMENT_3D('',#1502,#1503,#1504);
#1502 = CARTESIAN_POINT('',(0.,113.,0.));
#1503 = DIRECTION('',(0.,1.,0.));
#1504 = DIRECTION('',(1.,0.,0.));
#1505 = DEFINITIONAL_REPRESENTATION('',(#1506),#1510);
#1506 = LINE('',#1507,#1508);
#1507 = CARTESIAN_POINT('',(0.,0.));
#1508 = VECTOR('',#1509,1.);
#1509 = DIRECTION('',(1.,0.));
#1510 = ( GEOMETRIC_REPRESENTATION_CONTEXT(2) 
PARAMETRIC_REPRESENTATION_CONTEXT() REPRESENTATION_CONTEXT('2D SPACE',''
  ) );
#1511 = ADVANCED_FACE('',(#1512),#1500,.T.);
#1512 = FACE_BOUND('',#1513,.T.);
#1513 = EDGE_LOOP('',(#1514,#1515,#1538,#1569));
#1514 = ORIENTED_EDGE('',*,*,#1483,.T.);
#1515 = ORIENTED_EDGE('',*,*,#1516,.T.);
#1516 = EDGE_CURVE('',#1484,#1517,#1519,.T.);
#1517 = VERTEX_POINT('',#1518);
#1518 = CARTESIAN_POINT('',(38.,118.,0.));
#1519 = SEAM_CURVE('',#1520,(#1524,#1531),.PCURVE_S1.);
#1520 = LINE('',#1521,#1522);
#1521 = CARTESIAN_POINT('',(38.,113.,0.));
#1522 = VECTOR('',#1523,1.);
#1523 = DIRECTION('',(0.,1.,0.));
#1524 = PCURVE('',#1500,#1525);
#1525 = DEFINITIONAL_REPRESENTATION('',(#1526),#1530);
#1526 = LINE('',#1527,#1528);
#1527 = CARTESIAN_POINT('',(0.,0.));
#1528 = VECTOR('',#1529,1.);
#1529 = DIRECTION('',(0.,1.));
#1530 = ( GEOMETRIC_REPRESENTATION_CONTEXT(2) 
PARAMETRIC_REPRESENTATION_CONTEXT() REPRESENTATION_CONTEXT('2D SPACE',''
  ) );
#1531 = PCURVE('',#1500,#1532);
#1532 = DEFINITIONAL_REPRESENTATION('',(#1533),#1537);
#1533 = LINE('',#1534,#1535);
#1534 = CARTESIAN_POINT('',(6.28318530718,0.));
#1535 = VECTOR('',#1536,1.);
#1536 = DIRECTION('',(0.,1.));
#1537 = ( GEOMETRIC_REPRESENTATION_CONTEXT(2) 
PARAMETRIC_REPRESENTATION_CONTEXT() REPRESENTATION_CONTEXT('2D SPACE',''
  ) );
#1538 = ORIENTED_EDGE('',*,*,#1539,.F.);
#1539 = EDGE_CURVE('',#1517,#1517,#1540,.T.);
#1540 = SURFACE_CURVE('',#1541,(#1546,#1553),.PCURVE_S1.);
#1541 = CIRCLE('',#1542,38.);
#1542 = AXIS2_PLACEMENT_3D('',#1543,#1544,#1545);
#1543 = CARTESIAN_POINT('',(0.,118.,0.));
#1544 = DIRECTION('',(-0.,1.,0.));
#1545 = DIRECTION('',(1.,0.,0.));
#1546 = PCURVE('',#1500,#1547);
#1547 = DEFINITIONAL_REPRESENTATION('',(#1548),#1552);
#1548 = LINE('',#1549,#1550);
#1549 = CARTESIAN_POINT('',(0.,5.));
#1550 = VECTOR('',#1551,1.);
#1551 = DIRECTION('',(1.,0.));
#1552 = ( GEOMETRIC_REPRESENTATION_CONTEXT(2) 
PARAMETRIC_REPRESENTATION_CONTEXT() REPRESENTATION_CONTEXT('2D SPACE',''
  ) );
#1553 = PCURVE('',#1554,#1563);
#1554 = SURFACE_OF_REVOLUTION('',#1555,#1560);
#1555 = CIRCLE('',#1556,37.301418439334);
#1556 = AXIS2_PLACEMENT_3D('',#1557,#1558,#1559);
#1557 = CARTESIAN_POINT('',(0.873015873016,114.39682539682,0.));
#1558 = DIRECTION('',(0.,0.,1.));
#1559 = DIRECTION('',(0.995323654712,9.65961819665E-02,-0.));
#1560 = AXIS1_PLACEMENT('',#1561,#1562);
#1561 = CARTESIAN_POINT('',(0.,0.,0.));
#1562 = DIRECTION('',(0.,1.,0.));
#1563 = DEFINITIONAL_REPRESENTATION('',(#1564),#1568);
#1564 = LINE('',#1565,#1566);
#1565 = CARTESIAN_POINT('',(0.,0.));
#1566 = VECTOR('',#1567,1.);
#1567 = DIRECTION('',(1.,0.));
#1568 = ( GEOMETRIC_REPRESENTATION_CONTEXT(2) 
PARAMETRIC_REPRESENTATION_CONTEXT() REPRESENTATION_CONTEXT('2D SPACE',''
  ) );
#1569 = ORIENTED_EDGE('',*,*,#1516,.F.);
#1570 = ADVANCED_FACE('',(#1571),#1554,.T.);
#1571 = FACE_BOUND('',#1572,.T.);
#1572 = EDGE_LOOP('',(#1573,#1574,#1598,#1625));
#1573 = ORIENTED_EDGE('',*,*,#1539,.T.);
#1574 = ORIENTED_EDGE('',*,*,#1575,.T.);
#1575 = EDGE_CURVE('',#1517,#1576,#1578,.T.);
#1576 = VERTEX_POINT('',#1577);
#1577 = CARTESIAN_POINT('',(12.,150.,0.));
#1578 = SEAM_CURVE('',#1579,(#1584,#1591),.PCURVE_S1.);
#1579 = CIRCLE('',#1580,37.301418439334);
#1580 = AXIS2_PLACEMENT_3D('',#1581,#1582,#1583);
#1581 = CARTESIAN_POINT('',(0.873015873016,114.39682539682,0.));
#1582 = DIRECTION('',(0.,0.,1.));
#1583 = DIRECTION('',(0.995323654712,9.65961819665E-02,-0.));
#1584 = PCURVE('',#1554,#1585);
#1585 = DEFINITIONAL_REPRESENTATION('',(#1586),#1590);
#1586 = LINE('',#1587,#1588);
#1587 = CARTESIAN_POINT('',(0.,0.));
#1588 = VECTOR('',#1589,1.);
#1589 = DIRECTION('',(0.,1.));
#1590 = ( GEOMETRIC_REPRESENTATION_CONTEXT(2) 
PARAMETRIC_REPRESENTATION_CONTEXT() REPRESENTATION_CONTEXT('2D SPACE',''
  ) );
#1591 = PCURVE('',#1554,#1592);
#1592 = DEFINITIONAL_REPRESENTATION('',(#1593),#1597);
#1593 = LINE('',#1594,#1595);
#1594 = CARTESIAN_POINT('',(6.28318530718,0.));
#1595 = VECTOR('',#1596,1.);
#1596 = DIRECTION('',(0.,1.));
#1597 = ( GEOMETRIC_REPRESENTATION_CONTEXT(2) 
PARAMETRIC_REPRESENTATION_CONTEXT() REPRESENTATION_CONTEXT('2D SPACE',''
  ) );
#1598 = ORIENTED_EDGE('',*,*,#1599,.F.);
#1599 = EDGE_CURVE('',#1576,#1576,#1600,.T.);
#1600 = SURFACE_CURVE('',#1601,(#1606,#1613),.PCURVE_S1.);
#1601 = CIRCLE('',#1602,12.);
#1602 = AXIS2_PLACEMENT_3D('',#1603,#1604,#1605);
#1603 = CARTESIAN_POINT('',(0.,150.,0.));
#1604 = DIRECTION('',(-0.,1.,0.));
#1605 = DIRECTION('',(1.,0.,0.));
#1606 = PCURVE('',#1554,#1607);
#1607 = DEFINITIONAL_REPRESENTATION('',(#1608),#1612);
#1608 = LINE('',#1609,#1610);
#1609 = CARTESIAN_POINT('',(0.,1.171139036649));
#1610 = VECTOR('',#1611,1.);
#1611 = DIRECTION('',(1.,0.));
#1612 = ( GEOMETRIC_REPRESENTATION_CONTEXT(2) 
PARAMETRIC_REPRESENTATION_CONTEXT() REPRESENTATION_CONTEXT('2D SPACE',''
  ) );
#1613 = PCURVE('',#1614,#1619);
#1614 = PLANE('',#1615);
#1615 = AXIS2_PLACEMENT_3D('',#1616,#1617,#1618);
#1616 = CARTESIAN_POINT('',(0.,150.,0.));
#1617 = DIRECTION('',(0.,1.,0.));
#1618 = DIRECTION('',(1.,0.,0.));
#1619 = DEFINITIONAL_REPRESENTATION('',(#1620),#1624);
#1620 = CIRCLE('',#1621,12.);
#1621 = AXIS2_PLACEMENT_2D('',#1622,#1623);
#1622 = CARTESIAN_POINT('',(0.,0.));
#1623 = DIRECTION('',(1.,0.));
#1624 = ( GEOMETRIC_REPRESENTATION_CONTEXT(2) 
PARAMETRIC_REPRESENTATION_CONTEXT() REPRESENTATION_CONTEXT('2D SPACE',''
  ) );
#1625 = ORIENTED_EDGE('',*,*,#1575,.F.);
#1626 = ADVANCED_FACE('',(#1627,#1630),#1614,.T.);
#1627 = FACE_BOUND('',#1628,.T.);
#1628 = EDGE_LOOP('',(#1629));
#1629 = ORIENTED_EDGE('',*,*,#1599,.T.);
#1630 = FACE_BOUND('',#1631,.T.);
#1631 = EDGE_LOOP('',(#1632));
#1632 = ORIENTED_EDGE('',*,*,#1633,.T.);
#1633 = EDGE_CURVE('',#1634,#1634,#1636,.T.);
#1634 = VERTEX_POINT('',#1635);
#1635 = CARTESIAN_POINT('',(10.323830697803,150.,1.270154935381E-12));
#1636 = SURFACE_CURVE('',#1637,(#1752,#1870),.PCURVE_S1.);
#1637 = B_SPLINE_CURVE_WITH_KNOTS('',8,(#1638,#1639,#1640,#1641,#1642,
    #1643,#1644,#1645,#1646,#1647,#1648,#1649,#1650,#1651,#1652,#1653,
    #1654,#1655,#1656,#1657,#1658,#1659,#1660,#1661,#1662,#1663,#1664,
    #1665,#1666,#1667,#1668,#1669,#1670,#1671,#1672,#1673,#1674,#1675,
    #1676,#1677,#1678,#1679,#1680,#1681,#1682,#1683,#1684,#1685,#1686,
    #1687,#1688,#1689,#1690,#1691,#1692,#1693,#1694,#1695,#1696,#1697,
    #1698,#1699,#1700,#1701,#1702,#1703,#1704,#1705,#1706,#1707,#1708,
    #1709,#1710,#1711,#1712,#1713,#1714,#1715,#1716,#1717,#1718,#1719,
    #1720,#1721,#1722,#1723,#1724,#1725,#1726,#1727,#1728,#1729,#1730,
    #1731,#1732,#1733,#1734,#1735,#1736,#1737,#1738,#1739,#1740,#1741,
    #1742,#1743,#1744,#1745,#1746,#1747,#1748,#1749,#1750,#1751),
  .UNSPECIFIED.,.T.,.F.,(9,7,7,7,7,7,7,7,7,7,7,7,7,7,7,7,9),(0.,
    4.702953424684E-02,0.117043947497,0.166040533527,0.250015252374,
    0.360281237667,0.380281924157,0.412288115353,0.453305246471,
    0.500323449606,0.51717240632,0.631188890742,0.751138455885,
    0.833031051601,0.881026689384,0.950038926299,1.),.UNSPECIFIED.);
#1638 = CARTESIAN_POINT('',(10.323830697803,150.,1.27364785385E-12));
#1639 = CARTESIAN_POINT('',(10.323830878075,150.,0.381307618703));
#1640 = CARTESIAN_POINT('',(10.3077371256,150.,0.762620201399));
#1641 = CARTESIAN_POINT('',(10.275550002347,150.,1.14313785228));
#1642 = CARTESIAN_POINT('',(10.227316387053,150.,1.522067544896));
#1643 = CARTESIAN_POINT('',(10.163129475217,150.,1.898623122151));
#1644 = CARTESIAN_POINT('',(10.083128779104,150.,2.272025296308));
#1645 = CARTESIAN_POINT('',(9.987500127743,150.,2.641501648988));
#1646 = CARTESIAN_POINT('',(9.711189356348,150.,3.549356812852));
#1647 = CARTESIAN_POINT('',(9.511767603452,150.,4.082076702919));
#1648 = CARTESIAN_POINT('',(9.278980185839,150.,4.601888895308));
#1649 = CARTESIAN_POINT('',(9.013818896758,150.,5.106359511848));
#1650 = CARTESIAN_POINT('',(8.717473712208,150.,5.593165771465));
#1651 = CARTESIAN_POINT('',(8.391324550009,150.,6.06009239201));
#1652 = CARTESIAN_POINT('',(8.03694862087,150.,6.505036824702));
#1653 = CARTESIAN_POINT('',(7.389654897631,150.,7.220631094634));
#1654 = CARTESIAN_POINT('',(7.110206115228,150.,7.503523936663));
#1655 = CARTESIAN_POINT('',(6.818405013088,150.,7.774030918724));
#1656 = CARTESIAN_POINT('',(6.514894350591,150.,8.031523951284));
#1657 = CARTESIAN_POINT('',(6.200351657631,150.,8.275417783825));
#1658 = CARTESIAN_POINT('',(5.875489234617,150.,8.505170004848));
#1659 = CARTESIAN_POINT('',(5.541054152472,150.,8.720281041868));
#1660 = CARTESIAN_POINT('',(4.609574183694,150.,9.263096724798));
#1661 = CARTESIAN_POINT('',(3.995401597565,150.,9.561608272225));
#1662 = CARTESIAN_POINT('',(3.359318629247,150.,9.813466236853));
#1663 = CARTESIAN_POINT('',(2.70548200604,150.,10.016834480621));
#1664 = CARTESIAN_POINT('',(2.038173448308,150.,10.170327634132));
#1665 = CARTESIAN_POINT('',(1.36178983888,150.,10.272986411988));
#1666 = CARTESIAN_POINT('',(0.680847161087,150.,10.324303903579));
#1667 = CARTESIAN_POINT('',(-0.894015546906,150.,10.324302027906));
#1668 = CARTESIAN_POINT('',(-1.788393571114,150.,10.235815432637));
#1669 = CARTESIAN_POINT('',(-2.67236361199,150.,10.058729787417));
#1670 = CARTESIAN_POINT('',(-3.535707403817,150.,9.79461322997));
#1671 = CARTESIAN_POINT('',(-4.368665157014,150.,9.446328836986));
#1672 = CARTESIAN_POINT('',(-5.161898686998,150.,9.017907460329));
#1673 = CARTESIAN_POINT('',(-5.906544288159,150.,8.514669475834));
#1674 = CARTESIAN_POINT('',(-6.719151296741,150.,7.839998539905));
#1675 = CARTESIAN_POINT('',(-6.842056624318,150.,7.734172183371));
#1676 = CARTESIAN_POINT('',(-6.96305545803,150.,7.626145011446));
#1677 = CARTESIAN_POINT('',(-7.082101870509,150.,7.515957164815));
#1678 = CARTESIAN_POINT('',(-7.199150987562,150.,7.403649899977));
#1679 = CARTESIAN_POINT('',(-7.314158988177,150.,7.28926558925));
#1680 = CARTESIAN_POINT('',(-7.42708310452,150.,7.172847720768));
#1681 = CARTESIAN_POINT('',(-7.715187314737,150.,6.864960021907));
#1682 = CARTESIAN_POINT('',(-7.887050354628,150.,6.670385080824));
#1683 = CARTESIAN_POINT('',(-8.053299407452,150.,6.470899411539));
#1684 = CARTESIAN_POINT('',(-8.21377114748,150.,6.266692440717));
#1685 = CARTESIAN_POINT('',(-8.368310257409,150.,6.05795968538));
#1686 = CARTESIAN_POINT('',(-8.516769428362,150.,5.844902752904));
#1687 = CARTESIAN_POINT('',(-8.659009359892,150.,5.627729341022));
#1688 = CARTESIAN_POINT('',(-8.969045945425,150.,5.123336466901));
#1689 = CARTESIAN_POINT('',(-9.132765211415,150.,4.833606771928));
#1690 = CARTESIAN_POINT('',(-9.285779954387,150.,4.537915619236));
#1691 = CARTESIAN_POINT('',(-9.4278382403,150.,4.236725515874));
#1692 = CARTESIAN_POINT('',(-9.558712804628,150.,3.9305100096));
#1693 = CARTESIAN_POINT('',(-9.678201052361,150.,3.619753688885));
#1694 = CARTESIAN_POINT('',(-9.786125058008,150.,3.30495218291));
#1695 = CARTESIAN_POINT('',(-9.99261417411,150.,2.621696004919));
#1696 = CARTESIAN_POINT('',(-10.08750173775,150.,2.252122425159));
#1697 = CARTESIAN_POINT('',(-10.16676370542,150.,1.878655853603));
#1698 = CARTESIAN_POINT('',(-10.23021553104,150.,1.502068019916));
#1699 = CARTESIAN_POINT('',(-10.27771815575,150.,1.123137820363));
#1700 = CARTESIAN_POINT('',(-10.30917749028,150.,0.742651186053));
#1701 = CARTESIAN_POINT('',(-10.32454389717,150.,0.361400951195));
#1702 = CARTESIAN_POINT('',(-10.32354932476,150.,-0.156423491423));
#1703 = CARTESIAN_POINT('',(-10.3212197445,150.,-0.293029875428));
#1704 = CARTESIAN_POINT('',(-10.31682330096,150.,-0.429595871412));
#1705 = CARTESIAN_POINT('',(-10.31036109804,150.,-0.566084980458));
#1706 = CARTESIAN_POINT('',(-10.3018349749,150.,-0.702460763995));
#1707 = CARTESIAN_POINT('',(-10.29124750592,150.,-0.838686843803));
#1708 = CARTESIAN_POINT('',(-10.27860200069,150.,-0.974726902006));
#1709 = CARTESIAN_POINT('',(-10.16443191325,150.,-2.029620639232));
#1710 = CARTESIAN_POINT('',(-9.970856096985,150.,-2.938938228175));
#1711 = CARTESIAN_POINT('',(-9.684363643805,150.,-3.826619993062));
#1712 = CARTESIAN_POINT('',(-9.307947835551,150.,-4.68163074705));
#1713 = CARTESIAN_POINT('',(-8.846008682845,150.,-5.49363025739));
#1714 = CARTESIAN_POINT('',(-8.304209773024,150.,-6.252911285332));
#1715 = CARTESIAN_POINT('',(-7.689607042167,150.,-6.950476246866));
#1716 = CARTESIAN_POINT('',(-6.297217453287,150.,-8.238806019074));
#1717 = CARTESIAN_POINT('',(-5.511847597491,150.,-8.822829076487));
#1718 = CARTESIAN_POINT('',(-4.665100789447,150.,-9.320700512867));
#1719 = CARTESIAN_POINT('',(-3.768163463507,150.,-9.725184519943));
#1720 = CARTESIAN_POINT('',(-2.832874028034,150.,-10.03069543851));
#1721 = CARTESIAN_POINT('',(-1.871743855107,150.,-10.23338423191));
#1722 = CARTESIAN_POINT('',(-0.897914422642,150.,-10.33106012556));
#1723 = CARTESIAN_POINT('',(0.738561529981,150.,-10.3192361255));
#1724 = CARTESIAN_POINT('',(1.402251990713,150.,-10.26563285421));
#1725 = CARTESIAN_POINT('',(2.061363563622,150.,-10.16323508845));
#1726 = CARTESIAN_POINT('',(2.711710996281,150.,-10.01253031183));
#1727 = CARTESIAN_POINT('',(3.349217310798,150.,-9.814415413338));
#1728 = CARTESIAN_POINT('',(3.969910353733,150.,-9.570174043957));
#1729 = CARTESIAN_POINT('',(4.56993123967,150.,-9.281497889179));
#1730 = CARTESIAN_POINT('',(5.482914696669,150.,-8.756592078688));
#1731 = CARTESIAN_POINT('',(5.811923743727,150.,-8.54809561866));
#1732 = CARTESIAN_POINT('',(6.131844672894,150.,-8.325487282977));
#1733 = CARTESIAN_POINT('',(6.441971988806,150.,-8.089231610943));
#1734 = CARTESIAN_POINT('',(6.741631857458,150.,-7.839832875388));
#1735 = CARTESIAN_POINT('',(7.030182106207,150.,-7.577835082665));
#1736 = CARTESIAN_POINT('',(7.307012223767,150.,-7.30382197265));
#1737 = CARTESIAN_POINT('',(7.951911174616,150.,-6.608035314532));
#1738 = CARTESIAN_POINT('',(8.306883337677,150.,-6.174067150169));
#1739 = CARTESIAN_POINT('',(8.634716853047,150.,-5.718382771726));
#1740 = CARTESIAN_POINT('',(8.933874266887,150.,-5.242974919718));
#1741 = CARTESIAN_POINT('',(9.203002806277,150.,-4.749945602983));
#1742 = CARTESIAN_POINT('',(9.44092770302,150.,-4.241501197174));
#1743 = CARTESIAN_POINT('',(9.646659702851,150.,-3.719955867835));
#1744 = CARTESIAN_POINT('',(9.944483682756,150.,-2.80245058342));
#1745 = CARTESIAN_POINT('',(10.052275476394,150.,-2.411542953332));
#1746 = CARTESIAN_POINT('',(10.14249677835,150.,-2.015933923664));
#1747 = CARTESIAN_POINT('',(10.214911106462,150.,-1.616546503556));
#1748 = CARTESIAN_POINT('',(10.269340874102,150.,-1.214313107111));
#1749 = CARTESIAN_POINT('',(10.305667405267,150.,-0.810175445053));
#1750 = CARTESIAN_POINT('',(10.323830949665,150.,-0.405084416375));
#1751 = CARTESIAN_POINT('',(10.323830697803,150.,-1.200817223435E-12));
#1752 = PCURVE('',#1614,#1753);
#1753 = DEFINITIONAL_REPRESENTATION('',(#1754),#1869);
#1754 = B_SPLINE_CURVE_WITH_KNOTS('',8,(#1755,#1756,#1757,#1758,#1759,
    #1760,#1761,#1762,#1763,#1764,#1765,#1766,#1767,#1768,#1769,#1770,
    #1771,#1772,#1773,#1774,#1775,#1776,#1777,#1778,#1779,#1780,#1781,
    #1782,#1783,#1784,#1785,#1786,#1787,#1788,#1789,#1790,#1791,#1792,
    #1793,#1794,#1795,#1796,#1797,#1798,#1799,#1800,#1801,#1802,#1803,
    #1804,#1805,#1806,#1807,#1808,#1809,#1810,#1811,#1812,#1813,#1814,
    #1815,#1816,#1817,#1818,#1819,#1820,#1821,#1822,#1823,#1824,#1825,
    #1826,#1827,#1828,#1829,#1830,#1831,#1832,#1833,#1834,#1835,#1836,
    #1837,#1838,#1839,#1840,#1841,#1842,#1843,#1844,#1845,#1846,#1847,
    #1848,#1849,#1850,#1851,#1852,#1853,#1854,#1855,#1856,#1857,#1858,
    #1859,#1860,#1861,#1862,#1863,#1864,#1865,#1866,#1867,#1868),
  .UNSPECIFIED.,.F.,.F.,(9,7,7,7,7,7,7,7,7,7,7,7,7,7,7,7,9),(0.,
    4.702953424684E-02,0.117043947497,0.166040533527,0.250015252374,
    0.360281237667,0.380281924157,0.412288115353,0.453305246471,
    0.500323449606,0.51717240632,0.631188890742,0.751138455885,
    0.833031051601,0.881026689384,0.950038926299,1.),.UNSPECIFIED.);
#1755 = CARTESIAN_POINT('',(10.323830697803,-1.27364785385E-12));
#1756 = CARTESIAN_POINT('',(10.323830878075,-0.381307618703));
#1757 = CARTESIAN_POINT('',(10.3077371256,-0.762620201399));
#1758 = CARTESIAN_POINT('',(10.275550002347,-1.14313785228));
#1759 = CARTESIAN_POINT('',(10.227316387053,-1.522067544896));
#1760 = CARTESIAN_POINT('',(10.163129475217,-1.898623122151));
#1761 = CARTESIAN_POINT('',(10.083128779104,-2.272025296308));
#1762 = CARTESIAN_POINT('',(9.987500127743,-2.641501648988));
#1763 = CARTESIAN_POINT('',(9.711189356348,-3.549356812852));
#1764 = CARTESIAN_POINT('',(9.511767603452,-4.082076702919));
#1765 = CARTESIAN_POINT('',(9.278980185839,-4.601888895308));
#1766 = CARTESIAN_POINT('',(9.013818896758,-5.106359511848));
#1767 = CARTESIAN_POINT('',(8.717473712208,-5.593165771465));
#1768 = CARTESIAN_POINT('',(8.391324550009,-6.06009239201));
#1769 = CARTESIAN_POINT('',(8.03694862087,-6.505036824702));
#1770 = CARTESIAN_POINT('',(7.389654897631,-7.220631094634));
#1771 = CARTESIAN_POINT('',(7.110206115228,-7.503523936663));
#1772 = CARTESIAN_POINT('',(6.818405013088,-7.774030918724));
#1773 = CARTESIAN_POINT('',(6.514894350591,-8.031523951284));
#1774 = CARTESIAN_POINT('',(6.200351657631,-8.275417783825));
#1775 = CARTESIAN_POINT('',(5.875489234617,-8.505170004848));
#1776 = CARTESIAN_POINT('',(5.541054152472,-8.720281041868));
#1777 = CARTESIAN_POINT('',(4.609574183694,-9.263096724798));
#1778 = CARTESIAN_POINT('',(3.995401597565,-9.561608272225));
#1779 = CARTESIAN_POINT('',(3.359318629247,-9.813466236853));
#1780 = CARTESIAN_POINT('',(2.70548200604,-10.01683448062));
#1781 = CARTESIAN_POINT('',(2.038173448308,-10.17032763413));
#1782 = CARTESIAN_POINT('',(1.36178983888,-10.27298641198));
#1783 = CARTESIAN_POINT('',(0.680847161087,-10.32430390357));
#1784 = CARTESIAN_POINT('',(-0.894015546906,-10.3243020279));
#1785 = CARTESIAN_POINT('',(-1.788393571114,-10.23581543263));
#1786 = CARTESIAN_POINT('',(-2.67236361199,-10.05872978741));
#1787 = CARTESIAN_POINT('',(-3.535707403817,-9.79461322997));
#1788 = CARTESIAN_POINT('',(-4.368665157014,-9.446328836986));
#1789 = CARTESIAN_POINT('',(-5.161898686998,-9.017907460329));
#1790 = CARTESIAN_POINT('',(-5.906544288159,-8.514669475834));
#1791 = CARTESIAN_POINT('',(-6.719151296741,-7.839998539905));
#1792 = CARTESIAN_POINT('',(-6.842056624318,-7.734172183371));
#1793 = CARTESIAN_POINT('',(-6.96305545803,-7.626145011446));
#1794 = CARTESIAN_POINT('',(-7.082101870509,-7.515957164815));
#1795 = CARTESIAN_POINT('',(-7.199150987562,-7.403649899977));
#1796 = CARTESIAN_POINT('',(-7.314158988177,-7.28926558925));
#1797 = CARTESIAN_POINT('',(-7.42708310452,-7.172847720768));
#1798 = CARTESIAN_POINT('',(-7.715187314737,-6.864960021907));
#1799 = CARTESIAN_POINT('',(-7.887050354628,-6.670385080824));
#1800 = CARTESIAN_POINT('',(-8.053299407452,-6.470899411539));
#1801 = CARTESIAN_POINT('',(-8.21377114748,-6.266692440717));
#1802 = CARTESIAN_POINT('',(-8.368310257409,-6.05795968538));
#1803 = CARTESIAN_POINT('',(-8.516769428362,-5.844902752904));
#1804 = CARTESIAN_POINT('',(-8.659009359892,-5.627729341022));
#1805 = CARTESIAN_POINT('',(-8.969045945425,-5.123336466901));
#1806 = CARTESIAN_POINT('',(-9.132765211415,-4.833606771928));
#1807 = CARTESIAN_POINT('',(-9.285779954387,-4.537915619236));
#1808 = CARTESIAN_POINT('',(-9.4278382403,-4.236725515874));
#1809 = CARTESIAN_POINT('',(-9.558712804628,-3.9305100096));
#1810 = CARTESIAN_POINT('',(-9.678201052361,-3.619753688885));
#1811 = CARTESIAN_POINT('',(-9.786125058008,-3.30495218291));
#1812 = CARTESIAN_POINT('',(-9.99261417411,-2.621696004919));
#1813 = CARTESIAN_POINT('',(-10.08750173775,-2.252122425159));
#1814 = CARTESIAN_POINT('',(-10.16676370542,-1.878655853603));
#1815 = CARTESIAN_POINT('',(-10.23021553104,-1.502068019916));
#1816 = CARTESIAN_POINT('',(-10.27771815575,-1.123137820363));
#1817 = CARTESIAN_POINT('',(-10.30917749028,-0.742651186053));
#1818 = CARTESIAN_POINT('',(-10.32454389717,-0.361400951195));
#1819 = CARTESIAN_POINT('',(-10.32354932476,0.156423491423));
#1820 = CARTESIAN_POINT('',(-10.3212197445,0.293029875428));
#1821 = CARTESIAN_POINT('',(-10.31682330096,0.429595871412));
#1822 = CARTESIAN_POINT('',(-10.31036109804,0.566084980458));
#1823 = CARTESIAN_POINT('',(-10.3018349749,0.702460763995));
#1824 = CARTESIAN_POINT('',(-10.29124750592,0.838686843803));
#1825 = CARTESIAN_POINT('',(-10.27860200069,0.974726902006));
#1826 = CARTESIAN_POINT('',(-10.16443191325,2.029620639232));
#1827 = CARTESIAN_POINT('',(-9.970856096985,2.938938228175));
#1828 = CARTESIAN_POINT('',(-9.684363643805,3.826619993062));
#1829 = CARTESIAN_POINT('',(-9.307947835551,4.68163074705));
#1830 = CARTESIAN_POINT('',(-8.846008682845,5.49363025739));
#1831 = CARTESIAN_POINT('',(-8.304209773024,6.252911285332));
#1832 = CARTESIAN_POINT('',(-7.689607042167,6.950476246866));
#1833 = CARTESIAN_POINT('',(-6.297217453287,8.238806019074));
#1834 = CARTESIAN_POINT('',(-5.511847597491,8.822829076487));
#1835 = CARTESIAN_POINT('',(-4.665100789447,9.320700512867));
#1836 = CARTESIAN_POINT('',(-3.768163463507,9.725184519943));
#1837 = CARTESIAN_POINT('',(-2.832874028034,10.030695438515));
#1838 = CARTESIAN_POINT('',(-1.871743855107,10.233384231914));
#1839 = CARTESIAN_POINT('',(-0.897914422642,10.331060125565));
#1840 = CARTESIAN_POINT('',(0.738561529981,10.319236125507));
#1841 = CARTESIAN_POINT('',(1.402251990713,10.265632854211));
#1842 = CARTESIAN_POINT('',(2.061363563622,10.163235088451));
#1843 = CARTESIAN_POINT('',(2.711710996281,10.012530311834));
#1844 = CARTESIAN_POINT('',(3.349217310798,9.814415413338));
#1845 = CARTESIAN_POINT('',(3.969910353733,9.570174043957));
#1846 = CARTESIAN_POINT('',(4.56993123967,9.281497889179));
#1847 = CARTESIAN_POINT('',(5.482914696669,8.756592078688));
#1848 = CARTESIAN_POINT('',(5.811923743727,8.54809561866));
#1849 = CARTESIAN_POINT('',(6.131844672894,8.325487282977));
#1850 = CARTESIAN_POINT('',(6.441971988806,8.089231610943));
#1851 = CARTESIAN_POINT('',(6.741631857458,7.839832875388));
#1852 = CARTESIAN_POINT('',(7.030182106207,7.577835082665));
#1853 = CARTESIAN_POINT('',(7.307012223767,7.30382197265));
#1854 = CARTESIAN_POINT('',(7.951911174616,6.608035314532));
#1855 = CARTESIAN_POINT('',(8.306883337677,6.174067150169));
#1856 = CARTESIAN_POINT('',(8.634716853047,5.718382771726));
#1857 = CARTESIAN_POINT('',(8.933874266887,5.242974919718));
#1858 = CARTESIAN_POINT('',(9.203002806277,4.749945602983));
#1859 = CARTESIAN_POINT('',(9.44092770302,4.241501197174));
#1860 = CARTESIAN_POINT('',(9.646659702851,3.719955867835));
#1861 = CARTESIAN_POINT('',(9.944483682756,2.80245058342));
#1862 = CARTESIAN_POINT('',(10.052275476394,2.411542953332));
#1863 = CARTESIAN_POINT('',(10.14249677835,2.015933923664));
#1864 = CARTESIAN_POINT('',(10.214911106462,1.616546503556));
#1865 = CARTESIAN_POINT('',(10.269340874102,1.214313107111));
#1866 = CARTESIAN_POINT('',(10.305667405267,0.810175445053));
#1867 = CARTESIAN_POINT('',(10.323830949665,0.405084416375));
#1868 = CARTESIAN_POINT('',(10.323830697803,1.200817223435E-12));
#1869 = ( GEOMETRIC_REPRESENTATION_CONTEXT(2) 
PARAMETRIC_REPRESENTATION_CONTEXT() REPRESENTATION_CONTEXT('2D SPACE',''
  ) );
#1870 = PCURVE('',#551,#1871);
#1871 = DEFINITIONAL_REPRESENTATION('',(#1872),#2395);
#1872 = B_SPLINE_CURVE_WITH_KNOTS('',11,(#1873,#1874,#1875,#1876,#1877,
    #1878,#1879,#1880,#1881,#1882,#1883,#1884,#1885,#1886,#1887,#1888,
    #1889,#1890,#1891,#1892,#1893,#1894,#1895,#1896,#1897,#1898,#1899,
    #1900,#1901,#1902,#1903,#1904,#1905,#1906,#1907,#1908,#1909,#1910,
    #1911,#1912,#1913,#1914,#1915,#1916,#1917,#1918,#1919,#1920,#1921,
    #1922,#1923,#1924,#1925,#1926,#1927,#1928,#1929,#1930,#1931,#1932,
    #1933,#1934,#1935,#1936,#1937,#1938,#1939,#1940,#1941,#1942,#1943,
    #1944,#1945,#1946,#1947,#1948,#1949,#1950,#1951,#1952,#1953,#1954,
    #1955,#1956,#1957,#1958,#1959,#1960,#1961,#1962,#1963,#1964,#1965,
    #1966,#1967,#1968,#1969,#1970,#1971,#1972,#1973,#1974,#1975,#1976,
    #1977,#1978,#1979,#1980,#1981,#1982,#1983,#1984,#1985,#1986,#1987,
    #1988,#1989,#1990,#1991,#1992,#1993,#1994,#1995,#1996,#1997,#1998,
    #1999,#2000,#2001,#2002,#2003,#2004,#2005,#2006,#2007,#2008,#2009,
    #2010,#2011,#2012,#2013,#2014,#2015,#2016,#2017,#2018,#2019,#2020,
    #2021,#2022,#2023,#2024,#2025,#2026,#2027,#2028,#2029,#2030,#2031,
    #2032,#2033,#2034,#2035,#2036,#2037,#2038,#2039,#2040,#2041,#2042,
    #2043,#2044,#2045,#2046,#2047,#2048,#2049,#2050,#2051,#2052,#2053,
    #2054,#2055,#2056,#2057,#2058,#2059,#2060,#2061,#2062,#2063,#2064,
    #2065,#2066,#2067,#2068,#2069,#2070,#2071,#2072,#2073,#2074,#2075,
    #2076,#2077,#2078,#2079,#2080,#2081,#2082,#2083,#2084,#2085,#2086,
    #2087,#2088,#2089,#2090,#2091,#2092,#2093,#2094,#2095,#2096,#2097,
    #2098,#2099,#2100,#2101,#2102,#2103,#2104,#2105,#2106,#2107,#2108,
    #2109,#2110,#2111,#2112,#2113,#2114,#2115,#2116,#2117,#2118,#2119,
    #2120,#2121,#2122,#2123,#2124,#2125,#2126,#2127,#2128,#2129,#2130,
    #2131,#2132,#2133,#2134,#2135,#2136,#2137,#2138,#2139,#2140,#2141,
    #2142,#2143,#2144,#2145,#2146,#2147,#2148,#2149,#2150,#2151,#2152,
    #2153,#2154,#2155,#2156,#2157,#2158,#2159,#2160,#2161,#2162,#2163,
    #2164,#2165,#2166,#2167,#2168,#2169,#2170,#2171,#2172,#2173,#2174,
    #2175,#2176,#2177,#2178,#2179,#2180,#2181,#2182,#2183,#2184,#2185,
    #2186,#2187,#2188,#2189,#2190,#2191,#2192,#2193,#2194,#2195,#2196,
    #2197,#2198,#2199,#2200,#2201,#2202,#2203,#2204,#2205,#2206,#2207,
    #2208,#2209,#2210,#2211,#2212,#2213,#2214,#2215,#2216,#2217,#2218,
    #2219,#2220,#2221,#2222,#2223,#2224,#2225,#2226,#2227,#2228,#2229,
    #2230,#2231,#2232,#2233,#2234,#2235,#2236,#2237,#2238,#2239,#2240,
    #2241,#2242,#2243,#2244,#2245,#2246,#2247,#2248,#2249,#2250,#2251,
    #2252,#2253,#2254,#2255,#2256,#2257,#2258,#2259,#2260,#2261,#2262,
    #2263,#2264,#2265,#2266,#2267,#2268,#2269,#2270,#2271,#2272,#2273,
    #2274,#2275,#2276,#2277,#2278,#2279,#2280,#2281,#2282,#2283,#2284,
    #2285,#2286,#2287,#2288,#2289,#2290,#2291,#2292,#2293,#2294,#2295,
    #2296,#2297,#2298,#2299,#2300,#2301,#2302,#2303,#2304,#2305,#2306,
    #2307,#2308,#2309,#2310,#2311,#2312,#2313,#2314,#2315,#2316,#2317,
    #2318,#2319,#2320,#2321,#2322,#2323,#2324,#2325,#2326,#2327,#2328,
    #2329,#2330,#2331,#2332,#2333,#2334,#2335,#2336,#2337,#2338,#2339,
    #2340,#2341,#2342,#2343,#2344,#2345,#2346,#2347,#2348,#2349,#2350,
    #2351,#2352,#2353,#2354,#2355,#2356,#2357,#2358,#2359,#2360,#2361,
    #2362,#2363,#2364,#2365,#2366,#2367,#2368,#2369,#2370,#2371,#2372,
    #2373,#2374,#2375,#2376,#2377,#2378,#2379,#2380,#2381,#2382,#2383,
    #2384,#2385,#2386,#2387,#2388,#2389,#2390,#2391,#2392,#2393,#2394),
  .UNSPECIFIED.,.F.,.F.,(12,10,10,10,10,10,10,10,10,10,10,10,10,10,10,10
    ,10,10,10,10,10,10,10,10,10,10,10,10,10,10,10,10,10,10,10,10,10,10,
    10,10,10,10,10,10,10,10,10,10,10,10,10,10,12),(0.,3.125E-02,
    4.6875E-02,6.25E-02,9.375E-02,0.109375,0.1171875,0.125,0.15625,
    0.1640625,0.171875,0.1875,0.25,0.3125,0.34375,0.359375,0.3671875,
    0.375,0.40625,0.4375,0.453125,0.46875,0.484375,0.5,0.5078125,
    0.515625,0.5234375,0.53125,0.5625,0.625,0.62890625,0.6328125,
    0.640625,0.65625,0.6875,0.75,0.75390625,0.7578125,0.765625,0.78125,
    0.8125,0.828125,0.8359375,0.84375,0.875,0.8828125,0.890625,0.90625,
    0.9375,0.9453125,0.953125,0.96875,1.),.UNSPECIFIED.);
#1873 = CARTESIAN_POINT('',(6.28318530718,1.213287107549));
#1874 = CARTESIAN_POINT('',(6.265349973886,1.213301786961));
#1875 = CARTESIAN_POINT('',(6.247514062703,1.213316312643));
#1876 = CARTESIAN_POINT('',(6.229677650517,1.213330683491));
#1877 = CARTESIAN_POINT('',(6.211840786972,1.213344898433));
#1878 = CARTESIAN_POINT('',(6.194003499559,1.21335895642));
#1879 = CARTESIAN_POINT('',(6.176165798773,1.213372856421));
#1880 = CARTESIAN_POINT('',(6.158327683166,1.213386597425));
#1881 = CARTESIAN_POINT('',(6.140489144527,1.213400178426));
#1882 = CARTESIAN_POINT('',(6.122650172934,1.213413598429));
#1883 = CARTESIAN_POINT('',(6.104810761914,1.213426856438));
#1884 = CARTESIAN_POINT('',(6.078050989334,1.213446498965));
#1885 = CARTESIAN_POINT('',(6.069130955794,1.213453005726));
#1886 = CARTESIAN_POINT('',(6.060210812939,1.213459471616));
#1887 = CARTESIAN_POINT('',(6.051290561642,1.213465896508));
#1888 = CARTESIAN_POINT('',(6.042370203579,1.213472280279));
#1889 = CARTESIAN_POINT('',(6.033449741303,1.213478622803));
#1890 = CARTESIAN_POINT('',(6.024529178133,1.213484923955));
#1891 = CARTESIAN_POINT('',(6.015608518288,1.21349118361));
#1892 = CARTESIAN_POINT('',(6.006687766756,1.213497401642));
#1893 = CARTESIAN_POINT('',(5.997766929396,1.213503577925));
#1894 = CARTESIAN_POINT('',(5.979925096359,1.213515846743));
#1895 = CARTESIAN_POINT('',(5.971004021832,1.213521939333));
#1896 = CARTESIAN_POINT('',(5.962082748363,1.213527990012));
#1897 = CARTESIAN_POINT('',(5.953161309406,1.213533998635));
#1898 = CARTESIAN_POINT('',(5.944239741778,1.213539965055));
#1899 = CARTESIAN_POINT('',(5.935318060969,1.213545889144));
#1900 = CARTESIAN_POINT('',(5.926396265894,1.21355177078));
#1901 = CARTESIAN_POINT('',(5.9174743566,1.21355760985));
#1902 = CARTESIAN_POINT('',(5.908552347974,1.213563406223));
#1903 = CARTESIAN_POINT('',(5.899630262944,1.213569159768));
#1904 = CARTESIAN_POINT('',(5.872863739038,1.213586291598));
#1905 = CARTESIAN_POINT('',(5.85501905217,1.213597541062));
#1906 = CARTESIAN_POINT('',(5.837174064919,1.213608617819));
#1907 = CARTESIAN_POINT('',(5.819328792762,1.213619520941));
#1908 = CARTESIAN_POINT('',(5.801483234341,1.213630249522));
#1909 = CARTESIAN_POINT('',(5.783637376501,1.213640802671));
#1910 = CARTESIAN_POINT('',(5.765791199111,1.213651179515));
#1911 = CARTESIAN_POINT('',(5.747944680162,1.213661379191));
#1912 = CARTESIAN_POINT('',(5.730097800574,1.213671400848));
#1913 = CARTESIAN_POINT('',(5.712250549257,1.213681243641));
#1914 = CARTESIAN_POINT('',(5.685479117358,1.213695738272));
#1915 = CARTESIAN_POINT('',(5.676555215552,1.21370052489));
#1916 = CARTESIAN_POINT('',(5.667631221767,1.213705266476));
#1917 = CARTESIAN_POINT('',(5.658707136669,1.213709962926));
#1918 = CARTESIAN_POINT('',(5.649782962398,1.213714614138));
#1919 = CARTESIAN_POINT('',(5.640858702562,1.213719220005));
#1920 = CARTESIAN_POINT('',(5.631934362252,1.213723780427));
#1921 = CARTESIAN_POINT('',(5.62300994802,1.213728295297));
#1922 = CARTESIAN_POINT('',(5.6140854679,1.213732764515));
#1923 = CARTESIAN_POINT('',(5.605160931394,1.213737187976));
#1924 = CARTESIAN_POINT('',(5.591774058521,1.213743754379));
#1925 = CARTESIAN_POINT('',(5.587311757913,1.213745931715));
#1926 = CARTESIAN_POINT('',(5.582849446577,1.213748097574));
#1927 = CARTESIAN_POINT('',(5.578387125553,1.213750251943));
#1928 = CARTESIAN_POINT('',(5.573924797334,1.213752394811));
#1929 = CARTESIAN_POINT('',(5.569462465156,1.21375452616));
#1930 = CARTESIAN_POINT('',(5.565000132355,1.213756645982));
#1931 = CARTESIAN_POINT('',(5.560537801644,1.21375875426));
#1932 = CARTESIAN_POINT('',(5.556075474471,1.213760850984));
#1933 = CARTESIAN_POINT('',(5.551613150308,1.213762936141));
#1934 = CARTESIAN_POINT('',(5.54268850167,1.213767083305));
#1935 = CARTESIAN_POINT('',(5.538226155134,1.213769145321));
#1936 = CARTESIAN_POINT('',(5.533763787129,1.213771195761));
#1937 = CARTESIAN_POINT('',(5.529301398391,1.213773234609));
#1938 = CARTESIAN_POINT('',(5.524838989684,1.213775261861));
#1939 = CARTESIAN_POINT('',(5.520376561726,1.213777277495));
#1940 = CARTESIAN_POINT('',(5.515914115291,1.213779281508));
#1941 = CARTESIAN_POINT('',(5.5114516511,1.213781273882));
#1942 = CARTESIAN_POINT('',(5.506989169915,1.21378325461));
#1943 = CARTESIAN_POINT('',(5.502526672471,1.213785223677));
#1944 = CARTESIAN_POINT('',(5.480214107706,1.213795010654));
#1945 = CARTESIAN_POINT('',(5.46236380193,1.213802653497));
#1946 = CARTESIAN_POINT('',(5.444513273657,1.213810108875));
#1947 = CARTESIAN_POINT('',(5.42666253653,1.213817376088));
#1948 = CARTESIAN_POINT('',(5.408811591231,1.213824454464));
#1949 = CARTESIAN_POINT('',(5.390960430238,1.213831343344));
#1950 = CARTESIAN_POINT('',(5.373109042734,1.213838042102));
#1951 = CARTESIAN_POINT('',(5.355257419339,1.213844550119));
#1952 = CARTESIAN_POINT('',(5.33740555701,1.213850866801));
#1953 = CARTESIAN_POINT('',(5.319553463809,1.213856991564));
#1954 = CARTESIAN_POINT('',(5.297238088743,1.213864406907));
#1955 = CARTESIAN_POINT('',(5.292775000384,1.213865877945));
#1956 = CARTESIAN_POINT('',(5.288311899324,1.213867336943));
#1957 = CARTESIAN_POINT('',(5.283848786188,1.213868783893));
#1958 = CARTESIAN_POINT('',(5.279385661639,1.213870218786));
#1959 = CARTESIAN_POINT('',(5.274922526286,1.213871641615));
#1960 = CARTESIAN_POINT('',(5.270459380801,1.213873052368));
#1961 = CARTESIAN_POINT('',(5.265996225795,1.21387445104));
#1962 = CARTESIAN_POINT('',(5.261533061926,1.21387583762));
#1963 = CARTESIAN_POINT('',(5.257069889824,1.213877212101));
#1964 = CARTESIAN_POINT('',(5.248143530439,1.213879936845));
#1965 = CARTESIAN_POINT('',(5.243680324436,1.213881287115));
#1966 = CARTESIAN_POINT('',(5.239217184744,1.213882625245));
#1967 = CARTESIAN_POINT('',(5.234753996488,1.213883951264));
#1968 = CARTESIAN_POINT('',(5.23029071859,1.213885265179));
#1969 = CARTESIAN_POINT('',(5.225827385519,1.213886566966));
#1970 = CARTESIAN_POINT('',(5.221364030057,1.213887856612));
#1971 = CARTESIAN_POINT('',(5.216900643826,1.213889134108));
#1972 = CARTESIAN_POINT('',(5.212437208301,1.213890399454));
#1973 = CARTESIAN_POINT('',(5.207973745349,1.213891652634));
#1974 = CARTESIAN_POINT('',(5.194583266018,1.213895375662));
#1975 = CARTESIAN_POINT('',(5.185656161634,1.213897808994));
#1976 = CARTESIAN_POINT('',(5.176728959217,1.213900193573));
#1977 = CARTESIAN_POINT('',(5.167801676771,1.213902529335));
#1978 = CARTESIAN_POINT('',(5.158874330169,1.213904816221));
#1979 = CARTESIAN_POINT('',(5.149946933167,1.213907054171));
#1980 = CARTESIAN_POINT('',(5.141019497381,1.213909243131));
#1981 = CARTESIAN_POINT('',(5.132092032312,1.213911383045));
#1982 = CARTESIAN_POINT('',(5.123164545326,1.213913473862));
#1983 = CARTESIAN_POINT('',(5.114237041666,1.213915515534));
#1984 = CARTESIAN_POINT('',(5.069599455571,1.213925477933));
#1985 = CARTESIAN_POINT('',(5.033889191668,1.213932660771));
#1986 = CARTESIAN_POINT('',(4.998178974306,1.213939053498));
#1987 = CARTESIAN_POINT('',(4.962468718135,1.213944653602));
#1988 = CARTESIAN_POINT('',(4.926758137913,1.213949458998));
#1989 = CARTESIAN_POINT('',(4.891046888821,1.213953468019));
#1990 = CARTESIAN_POINT('',(4.855334719789,1.213956679403));
#1991 = CARTESIAN_POINT('',(4.819621640191,1.213959092377));
#1992 = CARTESIAN_POINT('',(4.783908099522,1.213960706736));
#1993 = CARTESIAN_POINT('',(4.748195180406,1.213961523003));
#1994 = CARTESIAN_POINT('',(4.676774428949,1.213961562219));
#1995 = CARTESIAN_POINT('',(4.641058431235,1.213960785125));
#1996 = CARTESIAN_POINT('',(4.605339527746,1.213959212262));
#1997 = CARTESIAN_POINT('',(4.56962147628,1.213956845583));
#1998 = CARTESIAN_POINT('',(4.533902848859,1.213953688031));
#1999 = CARTESIAN_POINT('',(4.498187315157,1.213949743541));
#2000 = CARTESIAN_POINT('',(4.462472215671,1.213945017206));
#2001 = CARTESIAN_POINT('',(4.426759050052,1.213939515233));
#2002 = CARTESIAN_POINT('',(4.391046579965,1.213933245362));
#2003 = CARTESIAN_POINT('',(4.355334640606,1.213926217046));
#2004 = CARTESIAN_POINT('',(4.301766962591,1.213914554448));
#2005 = CARTESIAN_POINT('',(4.283911109123,1.213910480223));
#2006 = CARTESIAN_POINT('',(4.266055256678,1.213906220776));
#2007 = CARTESIAN_POINT('',(4.248199373022,1.213901777708));
#2008 = CARTESIAN_POINT('',(4.230343437408,1.213897152765));
#2009 = CARTESIAN_POINT('',(4.21248744608,1.213892347868));
#2010 = CARTESIAN_POINT('',(4.194631417817,1.213887365123));
#2011 = CARTESIAN_POINT('',(4.176775399442,1.213882206853));
#2012 = CARTESIAN_POINT('',(4.158919471359,1.213876875609));
#2013 = CARTESIAN_POINT('',(4.141063753067,1.213871374195));
#2014 = CARTESIAN_POINT('',(4.114280736507,1.213862871437));
#2015 = CARTESIAN_POINT('',(4.105353159036,1.213859995416));
#2016 = CARTESIAN_POINT('',(4.096425695668,1.213857078009));
#2017 = CARTESIAN_POINT('',(4.087498369545,1.213854119615));
#2018 = CARTESIAN_POINT('',(4.078571207576,1.21385112066));
#2019 = CARTESIAN_POINT('',(4.069644240418,1.213848081583));
#2020 = CARTESIAN_POINT('',(4.060717502501,1.213845002854));
#2021 = CARTESIAN_POINT('',(4.051791032001,1.213841884954));
#2022 = CARTESIAN_POINT('',(4.042864870862,1.213838728394));
#2023 = CARTESIAN_POINT('',(4.033939064783,1.213835533699));
#2024 = CARTESIAN_POINT('',(4.020550962442,1.21383068528));
#2025 = CARTESIAN_POINT('',(4.016088350759,1.213829059742));
#2026 = CARTESIAN_POINT('',(4.011626022256,1.213827424934));
#2027 = CARTESIAN_POINT('',(4.007163145788,1.213825780661));
#2028 = CARTESIAN_POINT('',(4.002700803797,1.213824127329));
#2029 = CARTESIAN_POINT('',(3.998238361244,1.213822464813));
#2030 = CARTESIAN_POINT('',(3.993775651778,1.21382079313));
#2031 = CARTESIAN_POINT('',(3.989313369264,1.213819112572));
#2032 = CARTESIAN_POINT('',(3.984850831292,1.213817423));
#2033 = CARTESIAN_POINT('',(3.980388411703,1.213815724609));
#2034 = CARTESIAN_POINT('',(3.971463579509,1.213812310275));
#2035 = CARTESIAN_POINT('',(3.967001182497,1.213810594326));
#2036 = CARTESIAN_POINT('',(3.962538804694,1.213808869681));
#2037 = CARTESIAN_POINT('',(3.958076446225,1.213807136425));
#2038 = CARTESIAN_POINT('',(3.953614107214,1.213805394646));
#2039 = CARTESIAN_POINT('',(3.949151787784,1.213803644427));
#2040 = CARTESIAN_POINT('',(3.944689488061,1.213801885856));
#2041 = CARTESIAN_POINT('',(3.940227208169,1.213800119018));
#2042 = CARTESIAN_POINT('',(3.935764948232,1.213798343999));
#2043 = CARTESIAN_POINT('',(3.931302708374,1.213796560884));
#2044 = CARTESIAN_POINT('',(3.908991610102,1.213787605261));
#2045 = CARTESIAN_POINT('',(3.891143057231,1.213780312759));
#2046 = CARTESIAN_POINT('',(3.873294866923,1.213772897884));
#2047 = CARTESIAN_POINT('',(3.855446965775,1.213765368053));
#2048 = CARTESIAN_POINT('',(3.837599384572,1.213757729972));
#2049 = CARTESIAN_POINT('',(3.819752194457,1.213749990447));
#2050 = CARTESIAN_POINT('',(3.801905409031,1.213742157614));
#2051 = CARTESIAN_POINT('',(3.784058976962,1.21373424106));
#2052 = CARTESIAN_POINT('',(3.766212870389,1.213726250821));
#2053 = CARTESIAN_POINT('',(3.748367154826,1.21371819661));
#2054 = CARTESIAN_POINT('',(3.712676459021,1.213701983692));
#2055 = CARTESIAN_POINT('',(3.694831452753,1.213693824993));
#2056 = CARTESIAN_POINT('',(3.676986881493,1.213685626582));
#2057 = CARTESIAN_POINT('',(3.65914319113,1.213677383407));
#2058 = CARTESIAN_POINT('',(3.641297924923,1.213669175151));
#2059 = CARTESIAN_POINT('',(3.623455978232,1.213660893342));
#2060 = CARTESIAN_POINT('',(3.605611600896,1.213652693487));
#2061 = CARTESIAN_POINT('',(3.587769392777,1.213644481719));
#2062 = CARTESIAN_POINT('',(3.569926720886,1.2136363386));
#2063 = CARTESIAN_POINT('',(3.552084558319,1.21362826051));
#2064 = CARTESIAN_POINT('',(3.525321669036,1.213616281993));
#2065 = CARTESIAN_POINT('',(3.516400772121,1.213612312099));
#2066 = CARTESIAN_POINT('',(3.507479937065,1.213608367857));
#2067 = CARTESIAN_POINT('',(3.498559159878,1.213604452078));
#2068 = CARTESIAN_POINT('',(3.489638436913,1.213600567669));
#2069 = CARTESIAN_POINT('',(3.480717764845,1.213596717644));
#2070 = CARTESIAN_POINT('',(3.471797140697,1.213592905109));
#2071 = CARTESIAN_POINT('',(3.462876561816,1.213589133282));
#2072 = CARTESIAN_POINT('',(3.453956025889,1.213585405471));
#2073 = CARTESIAN_POINT('',(3.445035530936,1.213581725091));
#2074 = CARTESIAN_POINT('',(3.427194619687,1.213574466222));
#2075 = CARTESIAN_POINT('',(3.418274170192,1.213570887982));
#2076 = CARTESIAN_POINT('',(3.409353722658,1.213567364711));
#2077 = CARTESIAN_POINT('',(3.400433273887,1.213563900284));
#2078 = CARTESIAN_POINT('',(3.391512821033,1.213560498706));
#2079 = CARTESIAN_POINT('',(3.382592360931,1.213557164104));
#2080 = CARTESIAN_POINT('',(3.373671889487,1.213553900771));
#2081 = CARTESIAN_POINT('',(3.364751401008,1.213550713147));
#2082 = CARTESIAN_POINT('',(3.355830887579,1.213547605865));
#2083 = CARTESIAN_POINT('',(3.346910338415,1.213544583742));
#2084 = CARTESIAN_POINT('',(3.329069140019,1.213538719875));
#2085 = CARTESIAN_POINT('',(3.320148492913,1.213535878165));
#2086 = CARTESIAN_POINT('',(3.311227785972,1.213533131633));
#2087 = CARTESIAN_POINT('',(3.302307006314,1.213530485462));
#2088 = CARTESIAN_POINT('',(3.293386140134,1.213527945073));
#2089 = CARTESIAN_POINT('',(3.284465172661,1.213525516116));
#2090 = CARTESIAN_POINT('',(3.275544088207,1.213523204476));
#2091 = CARTESIAN_POINT('',(3.266622870117,1.213521016268));
#2092 = CARTESIAN_POINT('',(3.257701500814,1.213518957842));
#2093 = CARTESIAN_POINT('',(3.248779961766,1.21351703578));
#2094 = CARTESIAN_POINT('',(3.230936505242,1.213513478013));
#2095 = CARTESIAN_POINT('',(3.222014604358,1.213511842351));
#2096 = CARTESIAN_POINT('',(3.213092388041,1.213510356789));
#2097 = CARTESIAN_POINT('',(3.204170264747,1.213509028463));
#2098 = CARTESIAN_POINT('',(3.195247361167,1.213507864808));
#2099 = CARTESIAN_POINT('',(3.186324631681,1.213506873532));
#2100 = CARTESIAN_POINT('',(3.177401695234,1.213506062654));
#2101 = CARTESIAN_POINT('',(3.168477725279,1.213505440512));
#2102 = CARTESIAN_POINT('',(3.15955439485,1.213505015753));
#2103 = CARTESIAN_POINT('',(3.150629975719,1.21350479737));
#2104 = CARTESIAN_POINT('',(3.137243251502,1.213504793361));
#2105 = CARTESIAN_POINT('',(3.132780884309,1.213504846417));
#2106 = CARTESIAN_POINT('',(3.128319205099,1.213504951775));
#2107 = CARTESIAN_POINT('',(3.12385667627,1.213505109205));
#2108 = CARTESIAN_POINT('',(3.119394972152,1.213505317063));
#2109 = CARTESIAN_POINT('',(3.114933249932,1.213505574279));
#2110 = CARTESIAN_POINT('',(3.11047115865,1.213505879974));
#2111 = CARTESIAN_POINT('',(3.106009681414,1.213506232917));
#2112 = CARTESIAN_POINT('',(3.101547958876,1.213506632105));
#2113 = CARTESIAN_POINT('',(3.097086414321,1.213507076524));
#2114 = CARTESIAN_POINT('',(3.088163431525,1.213508053787));
#2115 = CARTESIAN_POINT('',(3.083702009076,1.213508586516));
#2116 = CARTESIAN_POINT('',(3.079240652987,1.213509162413));
#2117 = CARTESIAN_POINT('',(3.074779360669,1.21350978055));
#2118 = CARTESIAN_POINT('',(3.07031812953,1.213510439994));
#2119 = CARTESIAN_POINT('',(3.065856956983,1.213511139821));
#2120 = CARTESIAN_POINT('',(3.061395840436,1.213511879096));
#2121 = CARTESIAN_POINT('',(3.056934777302,1.213512656894));
#2122 = CARTESIAN_POINT('',(3.052473764989,1.213513472282));
#2123 = CARTESIAN_POINT('',(3.048012800908,1.213514324334));
#2124 = CARTESIAN_POINT('',(3.039090964032,1.213516099902));
#2125 = CARTESIAN_POINT('',(3.034630096856,1.213517023539));
#2126 = CARTESIAN_POINT('',(3.030169132551,1.213517982142));
#2127 = CARTESIAN_POINT('',(3.025709130955,1.213518975066));
#2128 = CARTESIAN_POINT('',(3.021246532899,1.213520000972));
#2129 = CARTESIAN_POINT('',(3.016787367552,1.213521059842));
#2130 = CARTESIAN_POINT('',(3.01232501194,1.213522150062));
#2131 = CARTESIAN_POINT('',(3.007864590878,1.213523271466));
#2132 = CARTESIAN_POINT('',(3.003403294915,1.213524422964));
#2133 = CARTESIAN_POINT('',(2.998942191154,1.21352560393));
#2134 = CARTESIAN_POINT('',(2.990019870632,1.213528023269));
#2135 = CARTESIAN_POINT('',(2.98555868341,1.213529261566));
#2136 = CARTESIAN_POINT('',(2.981097471643,1.213530527811));
#2137 = CARTESIAN_POINT('',(2.97663623775,1.213531821322));
#2138 = CARTESIAN_POINT('',(2.972174984143,1.21353314142));
#2139 = CARTESIAN_POINT('',(2.967713713245,1.213534487425));
#2140 = CARTESIAN_POINT('',(2.963252427466,1.213535858655));
#2141 = CARTESIAN_POINT('',(2.958791129228,1.213537254431));
#2142 = CARTESIAN_POINT('',(2.954329820944,1.213538674072));
#2143 = CARTESIAN_POINT('',(2.949868505032,1.213540116898));
#2144 = CARTESIAN_POINT('',(2.927561899416,1.213547443549));
#2145 = CARTESIAN_POINT('',(2.909716515681,1.213553666144));
#2146 = CARTESIAN_POINT('',(2.891871143073,1.213560209809));
#2147 = CARTESIAN_POINT('',(2.87402585367,1.213567037368));
#2148 = CARTESIAN_POINT('',(2.856180685928,1.213574114475));
#2149 = CARTESIAN_POINT('',(2.838335649297,1.21358140941));
#2150 = CARTESIAN_POINT('',(2.820490728908,1.213588892879));
#2151 = CARTESIAN_POINT('',(2.802645890179,1.213596537811));
#2152 = CARTESIAN_POINT('',(2.784801083497,1.213604319156));
#2153 = CARTESIAN_POINT('',(2.766956248846,1.213612213684));
#2154 = CARTESIAN_POINT('',(2.713421463688,1.213636171982));
#2155 = CARTESIAN_POINT('',(2.677731237407,1.213652510499));
#2156 = CARTESIAN_POINT('',(2.642040083197,1.213669043339));
#2157 = CARTESIAN_POINT('',(2.606347371689,1.213685625127));
#2158 = CARTESIAN_POINT('',(2.570652485432,1.213702132889));
#2159 = CARTESIAN_POINT('',(2.534954927938,1.213718462329));
#2160 = CARTESIAN_POINT('',(2.49925445912,1.213734524638));
#2161 = CARTESIAN_POINT('',(2.463551256861,1.213750243813));
#2162 = CARTESIAN_POINT('',(2.427846104972,1.213765554493));
#2163 = CARTESIAN_POINT('',(2.392140607325,1.213780400313));
#2164 = CARTESIAN_POINT('',(2.354205979628,1.213795628553));
#2165 = CARTESIAN_POINT('',(2.35197453992,1.213796522325));
#2166 = CARTESIAN_POINT('',(2.349743109918,1.21379741408));
#2167 = CARTESIAN_POINT('',(2.347511690346,1.213798303805));
#2168 = CARTESIAN_POINT('',(2.345280281931,1.213799191491));
#2169 = CARTESIAN_POINT('',(2.343048885394,1.213800077121));
#2170 = CARTESIAN_POINT('',(2.340817501466,1.213800960691));
#2171 = CARTESIAN_POINT('',(2.338586130866,1.213801842183));
#2172 = CARTESIAN_POINT('',(2.336354774324,1.21380272159));
#2173 = CARTESIAN_POINT('',(2.334123432561,1.213803598898));
#2174 = CARTESIAN_POINT('',(2.329660780049,1.213805349295));
#2175 = CARTESIAN_POINT('',(2.327429489775,1.213806222376));
#2176 = CARTESIAN_POINT('',(2.325198079049,1.213807093394));
#2177 = CARTESIAN_POINT('',(2.322967091814,1.21380796211));
#2178 = CARTESIAN_POINT('',(2.320735483663,1.213808828954));
#2179 = CARTESIAN_POINT('',(2.318504305088,1.21380969347));
#2180 = CARTESIAN_POINT('',(2.316273464848,1.213810555692));
#2181 = CARTESIAN_POINT('',(2.314041872315,1.213811416062));
#2182 = CARTESIAN_POINT('',(2.311810703377,1.21381227408));
#2183 = CARTESIAN_POINT('',(2.309579357562,1.213813129986));
#2184 = CARTESIAN_POINT('',(2.302885289419,1.213815691131));
#2185 = CARTESIAN_POINT('',(2.298422455784,1.213817389829));
#2186 = CARTESIAN_POINT('',(2.293959507967,1.213819079715));
#2187 = CARTESIAN_POINT('',(2.289496453029,1.213820760707));
#2188 = CARTESIAN_POINT('',(2.285033297734,1.213822432726));
#2189 = CARTESIAN_POINT('',(2.280570048543,1.213824095695));
#2190 = CARTESIAN_POINT('',(2.27610671163,1.21382574954));
#2191 = CARTESIAN_POINT('',(2.271643292859,1.213827394186));
#2192 = CARTESIAN_POINT('',(2.267179797807,1.213829029561));
#2193 = CARTESIAN_POINT('',(2.262716231746,1.213830655595));
#2194 = CARTESIAN_POINT('',(2.249325335473,1.213835505468));
#2195 = CARTESIAN_POINT('',(2.240397808391,1.213838701073));
#2196 = CARTESIAN_POINT('',(2.231470057241,1.213841858489));
#2197 = CARTESIAN_POINT('',(2.222542117568,1.213844977193));
#2198 = CARTESIAN_POINT('',(2.213614021618,1.213848056682));
#2199 = CARTESIAN_POINT('',(2.204685798368,1.213851096473));
#2200 = CARTESIAN_POINT('',(2.195757473478,1.213854096106));
#2201 = CARTESIAN_POINT('',(2.186829069349,1.213857055141));
#2202 = CARTESIAN_POINT('',(2.177900605066,1.213859973158));
#2203 = CARTESIAN_POINT('',(2.168972096445,1.213862849759));
#2204 = CARTESIAN_POINT('',(2.142186475114,1.213871354182));
#2205 = CARTESIAN_POINT('',(2.124329271615,1.213876856604));
#2206 = CARTESIAN_POINT('',(2.106472054575,1.213882188777));
#2207 = CARTESIAN_POINT('',(2.088614895003,1.213887347918));
#2208 = CARTESIAN_POINT('',(2.070757830924,1.213892331489));
#2209 = CARTESIAN_POINT('',(2.052900872458,1.213897137186));
#2210 = CARTESIAN_POINT('',(2.03504400689,1.213901762904));
#2211 = CARTESIAN_POINT('',(2.017187203759,1.213906206736));
#2212 = CARTESIAN_POINT('',(1.999330419921,1.213910466934));
#2213 = CARTESIAN_POINT('',(1.981473604638,1.213914541902));
#2214 = CARTESIAN_POINT('',(1.927902904666,1.213926206708));
#2215 = CARTESIAN_POINT('',(1.892188761269,1.213933236463));
#2216 = CARTESIAN_POINT('',(1.856473845783,1.213939507755));
#2217 = CARTESIAN_POINT('',(1.820757655117,1.213945011091));
#2218 = CARTESIAN_POINT('',(1.785039773992,1.213949738742));
#2219 = CARTESIAN_POINT('',(1.749320014595,1.213953684416));
#2220 = CARTESIAN_POINT('',(1.713598556847,1.213956843039));
#2221 = CARTESIAN_POINT('',(1.677876112351,1.21395921061));
#2222 = CARTESIAN_POINT('',(1.642154135211,1.213960784153));
#2223 = CARTESIAN_POINT('',(1.606435102802,1.21396156174));
#2224 = CARTESIAN_POINT('',(1.568490876336,1.213961541402));
#2225 = CARTESIAN_POINT('',(1.56625889454,1.213961537094));
#2226 = CARTESIAN_POINT('',(1.564026895933,1.213961529672));
#2227 = CARTESIAN_POINT('',(1.561795057792,1.213961519139));
#2228 = CARTESIAN_POINT('',(1.559563145801,1.213961505493));
#2229 = CARTESIAN_POINT('',(1.557331118249,1.213961488733));
#2230 = CARTESIAN_POINT('',(1.555099154344,1.213961468859));
#2231 = CARTESIAN_POINT('',(1.552867255002,1.213961445873));
#2232 = CARTESIAN_POINT('',(1.550635231227,1.213961419771));
#2233 = CARTESIAN_POINT('',(1.548403262314,1.213961390555));
#2234 = CARTESIAN_POINT('',(1.543939286419,1.213961325894));
#2235 = CARTESIAN_POINT('',(1.541707291958,1.213961290449));
#2236 = CARTESIAN_POINT('',(1.53947529132,1.213961251889));
#2237 = CARTESIAN_POINT('',(1.537243284841,1.213961210213));
#2238 = CARTESIAN_POINT('',(1.535011272861,1.213961165423));
#2239 = CARTESIAN_POINT('',(1.532779255711,1.213961117516));
#2240 = CARTESIAN_POINT('',(1.530547233735,1.213961066495));
#2241 = CARTESIAN_POINT('',(1.528315207263,1.213961012357));
#2242 = CARTESIAN_POINT('',(1.526083176635,1.213960955103));
#2243 = CARTESIAN_POINT('',(1.523851142188,1.213960894733));
#2244 = CARTESIAN_POINT('',(1.517155028397,1.213960704272));
#2245 = CARTESIAN_POINT('',(1.512690939234,1.213960564832));
#2246 = CARTESIAN_POINT('',(1.508226838505,1.213960412925));
#2247 = CARTESIAN_POINT('',(1.503762727943,1.213960248549));
#2248 = CARTESIAN_POINT('',(1.499298609289,1.213960071707));
#2249 = CARTESIAN_POINT('',(1.494834484273,1.213959882394));
#2250 = CARTESIAN_POINT('',(1.490370354637,1.213959680614));
#2251 = CARTESIAN_POINT('',(1.485906222113,1.213959466363));
#2252 = CARTESIAN_POINT('',(1.481442088439,1.213959239642));
#2253 = CARTESIAN_POINT('',(1.476977955349,1.213959000451));
#2254 = CARTESIAN_POINT('',(1.463585563046,1.213958245465));
#2255 = CARTESIAN_POINT('',(1.454657308176,1.21395769226));
#2256 = CARTESIAN_POINT('',(1.44572906856,1.213957089177));
#2257 = CARTESIAN_POINT('',(1.436800851461,1.213956436221));
#2258 = CARTESIAN_POINT('',(1.427872662826,1.213955733396));
#2259 = CARTESIAN_POINT('',(1.418944507281,1.213954980713));
#2260 = CARTESIAN_POINT('',(1.410016388132,1.21395417818));
#2261 = CARTESIAN_POINT('',(1.401088307365,1.213953325812));
#2262 = CARTESIAN_POINT('',(1.392160265647,1.213952423622));
#2263 = CARTESIAN_POINT('',(1.383232262324,1.213951471629));
#2264 = CARTESIAN_POINT('',(1.356448361619,1.213948466294));
#2265 = CARTESIAN_POINT('',(1.338592576256,1.213946263596));
#2266 = CARTESIAN_POINT('',(1.320736931334,1.213943861908));
#2267 = CARTESIAN_POINT('',(1.302881406917,1.213941261409));
#2268 = CARTESIAN_POINT('',(1.285025976048,1.213938462308));
#2269 = CARTESIAN_POINT('',(1.267170609663,1.213935464838));
#2270 = CARTESIAN_POINT('',(1.249315281498,1.213932269261));
#2271 = CARTESIAN_POINT('',(1.231459973016,1.213928875869));
#2272 = CARTESIAN_POINT('',(1.213604678302,1.213925284979));
#2273 = CARTESIAN_POINT('',(1.195749408994,1.213921496939));
#2274 = CARTESIAN_POINT('',(1.16896659428,1.213915519717));
#2275 = CARTESIAN_POINT('',(1.16003900515,1.213913478117));
#2276 = CARTESIAN_POINT('',(1.15111143505,1.213911387371));
#2277 = CARTESIAN_POINT('',(1.14218388936,1.213909247528));
#2278 = CARTESIAN_POINT('',(1.133256375592,1.21390705864));
#2279 = CARTESIAN_POINT('',(1.124328903375,1.21390482076));
#2280 = CARTESIAN_POINT('',(1.115401484477,1.213902533945));
#2281 = CARTESIAN_POINT('',(1.10647413278,1.213900198253));
#2282 = CARTESIAN_POINT('',(1.097546864303,1.213897813745));
#2283 = CARTESIAN_POINT('',(1.088619697183,1.213895380484));
#2284 = CARTESIAN_POINT('',(1.075229128943,1.213891657563));
#2285 = CARTESIAN_POINT('',(1.070765636917,1.213890404418));
#2286 = CARTESIAN_POINT('',(1.066302169441,1.213889139106));
#2287 = CARTESIAN_POINT('',(1.061838779975,1.213887861653));
#2288 = CARTESIAN_POINT('',(1.057375362529,1.213886572032));
#2289 = CARTESIAN_POINT('',(1.052911986203,1.213885270275));
#2290 = CARTESIAN_POINT('',(1.048448766631,1.213883956423));
#2291 = CARTESIAN_POINT('',(1.043985578827,1.213882630448));
#2292 = CARTESIAN_POINT('',(1.039522227069,1.213881292293));
#2293 = CARTESIAN_POINT('',(1.03505898824,1.213879942056));
#2294 = CARTESIAN_POINT('',(1.026132483273,1.213877217351));
#2295 = CARTESIAN_POINT('',(1.021669239424,1.213875842891));
#2296 = CARTESIAN_POINT('',(1.017206004759,1.213874456329));
#2297 = CARTESIAN_POINT('',(1.012742779827,1.213873057679));
#2298 = CARTESIAN_POINT('',(1.008279565176,1.213871646942));
#2299 = CARTESIAN_POINT('',(1.003816361357,1.213870224136));
#2300 = CARTESIAN_POINT('',(0.999353168915,1.213868789259));
#2301 = CARTESIAN_POINT('',(0.994889988404,1.21386734233));
#2302 = CARTESIAN_POINT('',(0.990426820368,1.21386588335));
#2303 = CARTESIAN_POINT('',(0.98596366536,1.213864412331));
#2304 = CARTESIAN_POINT('',(0.963647958192,1.213856997079));
#2305 = CARTESIAN_POINT('',(0.945795603322,1.213850872385));
#2306 = CARTESIAN_POINT('',(0.927943478203,1.213844555766));
#2307 = CARTESIAN_POINT('',(0.910091587397,1.213838047801));
#2308 = CARTESIAN_POINT('',(0.892239925938,1.21383134909));
#2309 = CARTESIAN_POINT('',(0.874388484123,1.213824460242));
#2310 = CARTESIAN_POINT('',(0.856537252314,1.213817381895));
#2311 = CARTESIAN_POINT('',(0.83868622573,1.213810114698));
#2312 = CARTESIAN_POINT('',(0.820835409245,1.213802659332));
#2313 = CARTESIAN_POINT('',(0.802984822182,1.213795016499));
#2314 = CARTESIAN_POINT('',(0.780671923342,1.213785229535));
#2315 = CARTESIAN_POINT('',(0.776209354426,1.213783260469));
#2316 = CARTESIAN_POINT('',(0.771746818188,1.21378127975));
#2317 = CARTESIAN_POINT('',(0.767284295167,1.213779287381));
#2318 = CARTESIAN_POINT('',(0.762821777193,1.213777283369));
#2319 = CARTESIAN_POINT('',(0.758359276891,1.213775267731));
#2320 = CARTESIAN_POINT('',(0.753896812277,1.213773240488));
#2321 = CARTESIAN_POINT('',(0.749434384658,1.213771201652));
#2322 = CARTESIAN_POINT('',(0.74497196799,1.213769151222));
#2323 = CARTESIAN_POINT('',(0.740509527907,1.213767089192));
#2324 = CARTESIAN_POINT('',(0.731584649268,1.213762941981));
#2325 = CARTESIAN_POINT('',(0.727122209648,1.213760856798));
#2326 = CARTESIAN_POINT('',(0.722659771443,1.21375876005));
#2327 = CARTESIAN_POINT('',(0.71819733637,1.21375665175));
#2328 = CARTESIAN_POINT('',(0.713734906144,1.21375453191));
#2329 = CARTESIAN_POINT('',(0.709272482482,1.213752400544));
#2330 = CARTESIAN_POINT('',(0.704810067098,1.213750257664));
#2331 = CARTESIAN_POINT('',(0.70034766171,1.213748103281));
#2332 = CARTESIAN_POINT('',(0.695885268033,1.213745937411));
#2333 = CARTESIAN_POINT('',(0.691422887782,1.213743760063));
#2334 = CARTESIAN_POINT('',(0.678035792457,1.213737193631));
#2335 = CARTESIAN_POINT('',(0.669111120304,1.213732770156));
#2336 = CARTESIAN_POINT('',(0.660186514771,1.213728300928));
#2337 = CARTESIAN_POINT('',(0.651261983154,1.213723786049));
#2338 = CARTESIAN_POINT('',(0.642337531489,1.213719225623));
#2339 = CARTESIAN_POINT('',(0.633413164547,1.213714619748));
#2340 = CARTESIAN_POINT('',(0.624488885843,1.213709968534));
#2341 = CARTESIAN_POINT('',(0.615564697624,1.213705272077));
#2342 = CARTESIAN_POINT('',(0.606640600882,1.213700530485));
#2343 = CARTESIAN_POINT('',(0.597716595342,1.213695743859));
#2344 = CARTESIAN_POINT('',(0.570944847728,1.213681249198));
#2345 = CARTESIAN_POINT('',(0.553097378202,1.213671406377));
#2346 = CARTESIAN_POINT('',(0.53525026665,1.21366138468));
#2347 = CARTESIAN_POINT('',(0.517403498276,1.213651184947));
#2348 = CARTESIAN_POINT('',(0.499557052761,1.213640808032));
#2349 = CARTESIAN_POINT('',(0.481710909288,1.213630254795));
#2350 = CARTESIAN_POINT('',(0.463865051574,1.213619526112));
#2351 = CARTESIAN_POINT('',(0.446019472897,1.213608622876));
#2352 = CARTESIAN_POINT('',(0.428174181125,1.213597546001));
#2353 = CARTESIAN_POINT('',(0.410329203746,1.213586296421));
#2354 = CARTESIAN_POINT('',(0.388023440182,1.213572019767));
#2355 = CARTESIAN_POINT('',(0.3835623097,1.213569153702));
#2356 = CARTESIAN_POINT('',(0.379101202729,1.213566276918));
#2357 = CARTESIAN_POINT('',(0.374640120549,1.21356338943));
#2358 = CARTESIAN_POINT('',(0.370179064438,1.213560491255));
#2359 = CARTESIAN_POINT('',(0.365718035677,1.213557582407));
#2360 = CARTESIAN_POINT('',(0.361257035546,1.213554662902));
#2361 = CARTESIAN_POINT('',(0.356796065322,1.213551732756));
#2362 = CARTESIAN_POINT('',(0.352335126288,1.213548791984));
#2363 = CARTESIAN_POINT('',(0.347874219721,1.213545840602));
#2364 = CARTESIAN_POINT('',(0.338952474082,1.213539916649));
#2365 = CARTESIAN_POINT('',(0.334491626987,1.213536944073));
#2366 = CARTESIAN_POINT('',(0.33003085138,1.213533960944));
#2367 = CARTESIAN_POINT('',(0.325570071733,1.213530967223));
#2368 = CARTESIAN_POINT('',(0.321109320607,1.213527962951));
#2369 = CARTESIAN_POINT('',(0.316648658595,1.213524948181));
#2370 = CARTESIAN_POINT('',(0.312188070162,1.213521922921));
#2371 = CARTESIAN_POINT('',(0.307727474387,1.213518887127));
#2372 = CARTESIAN_POINT('',(0.303266843263,1.213515840796));
#2373 = CARTESIAN_POINT('',(0.298806273914,1.21351278401));
#2374 = CARTESIAN_POINT('',(0.285424596318,1.213503582225));
#2375 = CARTESIAN_POINT('',(0.276503558599,1.213497405828));
#2376 = CARTESIAN_POINT('',(0.267582608683,1.213491187683));
#2377 = CARTESIAN_POINT('',(0.25866175268,1.213484927915));
#2378 = CARTESIAN_POINT('',(0.249740995686,1.213478626651));
#2379 = CARTESIAN_POINT('',(0.240820341782,1.213472284014));
#2380 = CARTESIAN_POINT('',(0.231899794033,1.213465900131));
#2381 = CARTESIAN_POINT('',(0.222979354491,1.213459475125));
#2382 = CARTESIAN_POINT('',(0.214059024193,1.213453009121));
#2383 = CARTESIAN_POINT('',(0.205138803161,1.213446502242));
#2384 = CARTESIAN_POINT('',(0.178378464885,1.213426859356));
#2385 = CARTESIAN_POINT('',(0.160538675316,1.213413601097));
#2386 = CARTESIAN_POINT('',(0.142699320344,1.213400180832));
#2387 = CARTESIAN_POINT('',(0.124860391655,1.213386599552));
#2388 = CARTESIAN_POINT('',(0.107021879028,1.213372858261));
#2389 = CARTESIAN_POINT('',(8.918377537769E-02,1.213358957959));
#2390 = CARTESIAN_POINT('',(7.134608181078E-02,1.213344899671));
#2391 = CARTESIAN_POINT('',(5.350881267459E-02,1.213330684424));
#2392 = CARTESIAN_POINT('',(3.567200060811E-02,1.213316313271));
#2393 = CARTESIAN_POINT('',(1.78357015921E-02,1.213301787281));
#2394 = CARTESIAN_POINT('',(0.,1.213287107549));
#2395 = ( GEOMETRIC_REPRESENTATION_CONTEXT(2) 
PARAMETRIC_REPRESENTATION_CONTEXT() REPRESENTATION_CONTEXT('2D SPACE',''
  ) );
#2396 = ADVANCED_FACE('',(#2397),#551,.F.);
#2397 = FACE_BOUND('',#2398,.F.);
#2398 = EDGE_LOOP('',(#2399,#2400,#2628,#2629));
#2399 = ORIENTED_EDGE('',*,*,#536,.T.);
#2400 = ORIENTED_EDGE('',*,*,#2401,.T.);
#2401 = EDGE_CURVE('',#514,#1634,#2402,.T.);
#2402 = SEAM_CURVE('',#2403,(#2614,#2621),.PCURVE_S1.);
#2403 = B_SPLINE_CURVE_WITH_KNOTS('',14,(#2404,#2405,#2406,#2407,#2408,
    #2409,#2410,#2411,#2412,#2413,#2414,#2415,#2416,#2417,#2418,#2419,
    #2420,#2421,#2422,#2423,#2424,#2425,#2426,#2427,#2428,#2429,#2430,
    #2431,#2432,#2433,#2434,#2435,#2436,#2437,#2438,#2439,#2440,#2441,
    #2442,#2443,#2444,#2445,#2446,#2447,#2448,#2449,#2450,#2451,#2452,
    #2453,#2454,#2455,#2456,#2457,#2458,#2459,#2460,#2461,#2462,#2463,
    #2464,#2465,#2466,#2467,#2468,#2469,#2470,#2471,#2472,#2473,#2474,
    #2475,#2476,#2477,#2478,#2479,#2480,#2481,#2482,#2483,#2484,#2485,
    #2486,#2487,#2488,#2489,#2490,#2491,#2492,#2493,#2494,#2495,#2496,
    #2497,#2498,#2499,#2500,#2501,#2502,#2503,#2504,#2505,#2506,#2507,
    #2508,#2509,#2510,#2511,#2512,#2513,#2514,#2515,#2516,#2517,#2518,
    #2519,#2520,#2521,#2522,#2523,#2524,#2525,#2526,#2527,#2528,#2529,
    #2530,#2531,#2532,#2533,#2534,#2535,#2536,#2537,#2538,#2539,#2540,
    #2541,#2542,#2543,#2544,#2545,#2546,#2547,#2548,#2549,#2550,#2551,
    #2552,#2553,#2554,#2555,#2556,#2557,#2558,#2559,#2560,#2561,#2562,
    #2563,#2564,#2565,#2566,#2567,#2568,#2569,#2570,#2571,#2572,#2573,
    #2574,#2575,#2576,#2577,#2578,#2579,#2580,#2581,#2582,#2583,#2584,
    #2585,#2586,#2587,#2588,#2589,#2590,#2591,#2592,#2593,#2594,#2595,
    #2596,#2597,#2598,#2599,#2600,#2601,#2602,#2603,#2604,#2605,#2606,
    #2607,#2608,#2609,#2610,#2611,#2612,#2613),.UNSPECIFIED.,.F.,.F.,(15
    ,13,13,13,13,13,13,13,13,13,13,13,13,13,13,13,15),(
    1.312313409731E-03,4.444747241327E-03,3.14339870712E-02,
    0.139390946391,0.571218783669,1.003046620947,1.111003580266,
    1.164982059926,1.168355714905,1.170042542394,1.170885956139,
    1.171096809575,1.171307663011,1.171729369884,1.178476679841,
    1.191971299756,1.213287107549),.UNSPECIFIED.);
#2404 = CARTESIAN_POINT('',(37.497641520977,117.99976798494,
    6.463909565777E-14));
#2405 = CARTESIAN_POINT('',(37.496835379599,118.00796257182,
    6.544472412165E-14));
#2406 = CARTESIAN_POINT('',(37.496027263684,118.01615696445,
    6.631163687031E-14));
#2407 = CARTESIAN_POINT('',(37.495217173282,118.02435116234,
    6.722781176174E-14));
#2408 = CARTESIAN_POINT('',(37.494405108414,118.03254516487,
    6.818122665389E-14));
#2409 = CARTESIAN_POINT('',(37.493591069251,118.04073897183,
    6.915985940464E-14));
#2410 = CARTESIAN_POINT('',(37.492775055581,118.0489325821,
    7.01516878724E-14));
#2411 = CARTESIAN_POINT('',(37.491957067868,118.05712599605,
    7.1144689914E-14));
#2412 = CARTESIAN_POINT('',(37.491137105656,118.06531921214,
    7.212684338947E-14));
#2413 = CARTESIAN_POINT('',(37.490315169523,118.07351223084,
    7.308612615398E-14));
#2414 = CARTESIAN_POINT('',(37.48949125904,118.0817050508,
    7.401051606845E-14));
#2415 = CARTESIAN_POINT('',(37.488665374644,118.08989767216,
    7.48879909884E-14));
#2416 = CARTESIAN_POINT('',(37.487837516123,118.09809009393,
    7.570652877339E-14));
#2417 = CARTESIAN_POINT('',(37.487007683674,118.10628231589,
    7.645410728061E-14));
#2418 = CARTESIAN_POINT('',(37.479008983034,118.18505729128,
    8.284491317388E-14));
#2419 = CARTESIAN_POINT('',(37.471695543053,118.25562536564,
    8.812102939201E-14));
#2420 = CARTESIAN_POINT('',(37.464235594712,118.32617822866,
    9.29770384413E-14));
#2421 = CARTESIAN_POINT('',(37.456629177402,118.39671555871,
    9.744292574994E-14));
#2422 = CARTESIAN_POINT('',(37.448876325924,118.46723701105,
    1.01548676724E-13));
#2423 = CARTESIAN_POINT('',(37.440977083444,118.53774228297,
    1.053242768104E-13));
#2424 = CARTESIAN_POINT('',(37.432931480544,118.60823100871,
    1.087997113941E-13));
#2425 = CARTESIAN_POINT('',(37.424739563664,118.67870290173,
    1.120049659386E-13));
#2426 = CARTESIAN_POINT('',(37.416401362368,118.74915759146,
    1.149700258233E-13));
#2427 = CARTESIAN_POINT('',(37.407916921437,118.81959478281,
    1.177248765039E-13));
#2428 = CARTESIAN_POINT('',(37.399286274042,118.89001412337,
    1.202995033776E-13));
#2429 = CARTESIAN_POINT('',(37.390509460796,118.96041529724,
    1.227238918792E-13));
#2430 = CARTESIAN_POINT('',(37.381586518365,119.03079796936,
    1.250280274237E-13));
#2431 = CARTESIAN_POINT('',(37.336241352019,119.38261718582,
    1.360973674762E-13));
#2432 = CARTESIAN_POINT('',(37.297627901564,119.66377133174,
    1.428907302145E-13));
#2433 = CARTESIAN_POINT('',(37.25667984942,119.94460320202,
    1.478035947442E-13));
#2434 = CARTESIAN_POINT('',(37.213400111062,120.22509177363,
    1.510400780297E-13));
#2435 = CARTESIAN_POINT('',(37.167791817162,120.50521608782,
    1.528268029464E-13));
#2436 = CARTESIAN_POINT('',(37.119858284087,120.78495517719,
    1.534128982019E-13));
#2437 = CARTESIAN_POINT('',(37.069603060611,121.06428817897,
    1.530699984592E-13));
#2438 = CARTESIAN_POINT('',(37.017029865682,121.34319418693,
    1.520922441749E-13));
#2439 = CARTESIAN_POINT('',(36.962142658856,121.62165241575,
    1.507962817794E-13));
#2440 = CARTESIAN_POINT('',(36.904945572281,121.89964204547,
    1.49521263506E-13));
#2441 = CARTESIAN_POINT('',(36.845442966733,122.17714234703,
    1.486288475289E-13));
#2442 = CARTESIAN_POINT('',(36.783639392424,122.45413259622,
    1.485031978686E-13));
#2443 = CARTESIAN_POINT('',(36.719539611998,122.73059212323,
    1.495509844465E-13));
#2444 = CARTESIAN_POINT('',(36.387584499423,124.11013295328,
    1.628029775086E-13));
#2445 = CARTESIAN_POINT('',(36.085361216061,125.20494457497,
    1.866671458491E-13));
#2446 = CARTESIAN_POINT('',(35.746794971476,126.2896153915,
    2.153128634296E-13));
#2447 = CARTESIAN_POINT('',(35.372254771884,127.36283851298,
    2.435200843414E-13));
#2448 = CARTESIAN_POINT('',(34.962161393482,128.42332198168,
    2.687505155337E-13));
#2449 = CARTESIAN_POINT('',(34.516986382607,129.46979084443,
    2.905683909468E-13));
#2450 = CARTESIAN_POINT('',(34.037251050055,130.50098920531,
    3.100612456158E-13));
#2451 = CARTESIAN_POINT('',(33.52352547228,131.51568230399,
    3.292606898197E-13));
#2452 = CARTESIAN_POINT('',(32.976427485578,132.51265856505,
    3.50563183168E-13));
#2453 = CARTESIAN_POINT('',(32.396621686408,133.49073167579,
    3.761508087627E-13));
#2454 = CARTESIAN_POINT('',(31.784818427165,134.44874263986,
    4.074120472818E-13));
#2455 = CARTESIAN_POINT('',(31.141772814762,135.38556184856,
    4.443625511327E-13));
#2456 = CARTESIAN_POINT('',(30.468283707792,136.30009114104,
    4.850659185527E-13));
#2457 = CARTESIAN_POINT('',(29.062101720743,138.08244059999,
    5.650430169338E-13));
#2458 = CARTESIAN_POINT('',(28.329408648425,138.95026101,
    6.070154035489E-13));
#2459 = CARTESIAN_POINT('',(27.567953063348,139.79366084336,
    6.527269617064E-13));
#2460 = CARTESIAN_POINT('',(26.778617073124,140.61160761788,
    7.036403562483E-13));
#2461 = CARTESIAN_POINT('',(25.96232355287,141.4031040878,
    7.608878370259E-13));
#2462 = CARTESIAN_POINT('',(25.120034370452,142.1671896861,
    8.252334930436E-13));
#2463 = CARTESIAN_POINT('',(24.25274861313,142.9029420019,
    8.9703550687E-13));
#2464 = CARTESIAN_POINT('',(23.361500811917,143.60947820389,
    9.762084086266E-13));
#2465 = CARTESIAN_POINT('',(22.44735916894,144.2859565341,
    1.062185330539E-12));
#2466 = CARTESIAN_POINT('',(21.511423781618,144.93157772354,
    1.153880260855E-12));
#2467 = CARTESIAN_POINT('',(20.554824869555,145.54558648199,
    1.249650298365E-12));
#2468 = CARTESIAN_POINT('',(19.578720999596,146.1272729277,
    1.34725790644E-12));
#2469 = CARTESIAN_POINT('',(18.584297311835,146.67597405844,
    1.44383316739E-12));
#2470 = CARTESIAN_POINT('',(17.319880353642,147.31985048378,
    1.558836753968E-12));
#2471 = CARTESIAN_POINT('',(17.065927540389,147.44652573889,
    1.580516968031E-12));
#2472 = CARTESIAN_POINT('',(16.810924220786,147.57109133297,
    1.601584214176E-12));
#2473 = CARTESIAN_POINT('',(16.554889394345,147.69353782549,
    1.622578953804E-12));
#2474 = CARTESIAN_POINT('',(16.297842144809,147.81385596472,
    1.643874574404E-12));
#2475 = CARTESIAN_POINT('',(16.039801640408,147.93203669303,
    1.665677389525E-12));
#2476 = CARTESIAN_POINT('',(15.780787133074,148.04807113496,
    1.688026638786E-12));
#2477 = CARTESIAN_POINT('',(15.52081795999,148.16195061812,
    1.710794487913E-12));
#2478 = CARTESIAN_POINT('',(15.259913541295,148.2736666438,
    1.73368602864E-12));
#2479 = CARTESIAN_POINT('',(14.998093382782,148.3832109208,
    1.756239278861E-12));
#2480 = CARTESIAN_POINT('',(14.735377073319,148.49057533317,
    1.777825182456E-12));
#2481 = CARTESIAN_POINT('',(14.471784286875,148.59575196584,
    1.797647609449E-12));
#2482 = CARTESIAN_POINT('',(14.20733478121,148.69873308765,
    1.814743355893E-12));
#2483 = CARTESIAN_POINT('',(13.809405207245,148.84990019717,
    1.834601537958E-12));
#2484 = CARTESIAN_POINT('',(13.676552743087,148.89973833888,
    1.840706738196E-12));
#2485 = CARTESIAN_POINT('',(13.5434935079,148.94902471296,
    1.845982982197E-12));
#2486 = CARTESIAN_POINT('',(13.41023000331,148.99775844273,
    1.850115507456E-12));
#2487 = CARTESIAN_POINT('',(13.276764731313,149.04593865972,
    1.852789551584E-12));
#2488 = CARTESIAN_POINT('',(13.143100193303,149.09356448184,
    1.853690351987E-12));
#2489 = CARTESIAN_POINT('',(13.009238891484,149.14063504527,
    1.852503146364E-12));
#2490 = CARTESIAN_POINT('',(12.875183327141,149.18714946599,
    1.848913172069E-12));
#2491 = CARTESIAN_POINT('',(12.740936002447,149.23310687851,
    1.842605666795E-12));
#2492 = CARTESIAN_POINT('',(12.606499418844,149.27850640327,
    1.833265867956E-12));
#2493 = CARTESIAN_POINT('',(12.471876078283,149.32334716946,
    1.820579013157E-12));
#2494 = CARTESIAN_POINT('',(12.33706848242,149.36762830194,
    1.804230339895E-12));
#2495 = CARTESIAN_POINT('',(12.202079133047,149.41134892712,
    1.783905085718E-12));
#2496 = CARTESIAN_POINT('',(12.058462494342,149.45720562393,
    1.757749950805E-12));
#2497 = CARTESIAN_POINT('',(12.050013756742,149.45990088417,
    1.756279038742E-12));
#2498 = CARTESIAN_POINT('',(12.041564319775,149.46259395255,
    1.754861160082E-12));
#2499 = CARTESIAN_POINT('',(12.033114183914,149.46528482623,
    1.753481722912E-12));
#2500 = CARTESIAN_POINT('',(12.024663350102,149.46797351085,
    1.752126135397E-12));
#2501 = CARTESIAN_POINT('',(12.016211818374,149.47065999616,
    1.750779805555E-12));
#2502 = CARTESIAN_POINT('',(12.00775959019,149.47334429599,
    1.749428141626E-12));
#2503 = CARTESIAN_POINT('',(11.999306665154,149.47602639404,
    1.748056551576E-12));
#2504 = CARTESIAN_POINT('',(11.990853044901,149.47870630549,
    1.746650443652E-12));
#2505 = CARTESIAN_POINT('',(11.982398729186,149.48138401787,
    1.745195225857E-12));
#2506 = CARTESIAN_POINT('',(11.973943719238,149.48405953916,
    1.743676306374E-12));
#2507 = CARTESIAN_POINT('',(11.965488015312,149.48673286466,
    1.742079093275E-12));
#2508 = CARTESIAN_POINT('',(11.957031618199,149.4894039962,
    1.740388994688E-12));
#2509 = CARTESIAN_POINT('',(11.944345983575,149.49340740118,
    1.737692630735E-12));
#2510 = CARTESIAN_POINT('',(11.940117265556,149.49474132097,
    1.736671568273E-12));
#2511 = CARTESIAN_POINT('',(11.935888374417,149.49607469151,
    1.735547689286E-12));
#2512 = CARTESIAN_POINT('',(11.931659310386,149.49740751474,
    1.734340451754E-12));
#2513 = CARTESIAN_POINT('',(11.927430073217,149.4987397864,
    1.733069313589E-12));
#2514 = CARTESIAN_POINT('',(11.923200663538,149.50007151376,
    1.731753732829E-12));
#2515 = CARTESIAN_POINT('',(11.918971080658,149.50140268652,
    1.730413167326E-12));
#2516 = CARTESIAN_POINT('',(11.914741325543,149.50273331663,
    1.729067075157E-12));
#2517 = CARTESIAN_POINT('',(11.910511397411,149.50406339248,
    1.727734914171E-12));
#2518 = CARTESIAN_POINT('',(11.906281297035,149.50539292336,
    1.726436142414E-12));
#2519 = CARTESIAN_POINT('',(11.902051024018,149.50672190302,
    1.725190217786E-12));
#2520 = CARTESIAN_POINT('',(11.89782057871,149.5080503349,
    1.724016598279E-12));
#2521 = CARTESIAN_POINT('',(11.893589961056,149.50937821738,
    1.722934741837E-12));
#2522 = CARTESIAN_POINT('',(11.887243776252,149.51136921785,
    1.721478788717E-12));
#2523 = CARTESIAN_POINT('',(11.88512833824,149.51203274727,
    1.721230697306E-12));
#2524 = CARTESIAN_POINT('',(11.883012857262,149.5126961401,
    1.721180083212E-12));
#2525 = CARTESIAN_POINT('',(11.880897333037,149.51335939404,
    1.721287197386E-12));
#2526 = CARTESIAN_POINT('',(11.878781766184,149.51402251378,
    1.721512290947E-12));
#2527 = CARTESIAN_POINT('',(11.876666155703,149.51468549179,
    1.721815614707E-12));
#2528 = CARTESIAN_POINT('',(11.87455050297,149.51534833785,
    1.722157419932E-12));
#2529 = CARTESIAN_POINT('',(11.872434806456,149.51601104147,
    1.722497957328E-12));
#2530 = CARTESIAN_POINT('',(11.870319067628,149.51667361201,
    1.722797478184E-12));
#2531 = CARTESIAN_POINT('',(11.868203285333,149.51733604251,
    1.723016233276E-12));
#2532 = CARTESIAN_POINT('',(11.866087460353,149.51799833722,
    1.723114473761E-12));
#2533 = CARTESIAN_POINT('',(11.863971592281,149.51866049405,
    1.723052450559E-12));
#2534 = CARTESIAN_POINT('',(11.861855681301,149.51932251376,
    1.722790414711E-12));
#2535 = CARTESIAN_POINT('',(11.859210738891,149.52014986681,
    1.722163167833E-12));
#2536 = CARTESIAN_POINT('',(11.858681747708,149.52031532871,
    1.721889720132E-12));
#2537 = CARTESIAN_POINT('',(11.858152753921,149.5204807826,
    1.721492924345E-12));
#2538 = CARTESIAN_POINT('',(11.857623757243,149.5206462265,
    1.720997430642E-12));
#2539 = CARTESIAN_POINT('',(11.857094758275,149.52081166432,
    1.720427889354E-12));
#2540 = CARTESIAN_POINT('',(11.856565756033,149.52097709007,
    1.719808950521E-12));
#2541 = CARTESIAN_POINT('',(11.856036751839,149.52114251127,
    1.719165264615E-12));
#2542 = CARTESIAN_POINT('',(11.855507744201,149.52130791995,
    1.71852148157E-12));
#2543 = CARTESIAN_POINT('',(11.854978734549,149.52147332333,
    1.717902251889E-12));
#2544 = CARTESIAN_POINT('',(11.854449721723,149.52163871583,
    1.717332225562E-12));
#2545 = CARTESIAN_POINT('',(11.853920706511,149.52180410107,
    1.716836052971E-12));
#2546 = CARTESIAN_POINT('',(11.853391688475,149.52196947714,
    1.716438384247E-12));
#2547 = CARTESIAN_POINT('',(11.852862667805,149.5221348448,
    1.716163869653E-12));
#2548 = CARTESIAN_POINT('',(11.851804621086,149.52246556297,
    1.715910449143E-12));
#2549 = CARTESIAN_POINT('',(11.851288670719,149.52262682454,
    1.541337111265E-12));
#2550 = CARTESIAN_POINT('',(11.850641946313,149.52282895821,
    2.783283188238E-12));
#2551 = CARTESIAN_POINT('',(11.850605782666,149.52284027886,
    -1.205094714423E-12));
#2552 = CARTESIAN_POINT('',(11.848879180139,149.52337965729,
    6.00254837379E-12));
#2553 = CARTESIAN_POINT('',(11.850186387756,149.52297169987,
    -1.490862842364E-12));
#2554 = CARTESIAN_POINT('',(11.847601973193,149.52377855585,
    1.691019120722E-12));
#2555 = CARTESIAN_POINT('',(11.84876452489,149.52341607048,
    4.312891605157E-12));
#2556 = CARTESIAN_POINT('',(11.847166403754,149.52391492006,
    -1.117182549364E-12));
#2557 = CARTESIAN_POINT('',(11.847123876572,149.52392852738,
    3.290157372515E-12));
#2558 = CARTESIAN_POINT('',(11.846423517472,149.52414729382,
    1.23756117623E-12));
#2559 = CARTESIAN_POINT('',(11.845922794226,149.52430381066,
    1.758521369538E-12));
#2560 = CARTESIAN_POINT('',(11.845382625521,149.52447262536,
    1.717679918745E-12));
#2561 = CARTESIAN_POINT('',(11.84377374501,149.52497544539,
    1.717273090005E-12));
#2562 = CARTESIAN_POINT('',(11.84270112891,149.52531066743,
    1.716954845047E-12));
#2563 = CARTESIAN_POINT('',(11.841628483904,149.52564590028,
    1.716597398565E-12));
#2564 = CARTESIAN_POINT('',(11.840555809424,149.52598113754,
    1.716208574697E-12));
#2565 = CARTESIAN_POINT('',(11.839483106734,149.52631639326,
    1.715796197902E-12));
#2566 = CARTESIAN_POINT('',(11.838410373616,149.52665164316,
    1.715368092039E-12));
#2567 = CARTESIAN_POINT('',(11.837337613241,149.52698692141,
    1.714932081886E-12));
#2568 = CARTESIAN_POINT('',(11.836264821855,149.52732218823,
    1.714495991051E-12));
#2569 = CARTESIAN_POINT('',(11.835192003164,149.52765748219,
    1.714067644393E-12));
#2570 = CARTESIAN_POINT('',(11.834119154116,149.5279927721,
    1.713654865642E-12));
#2571 = CARTESIAN_POINT('',(11.833046276794,149.5283280789,
    1.713265479384E-12));
#2572 = CARTESIAN_POINT('',(11.831973370039,149.52866339109,
    1.712907309666E-12));
#2573 = CARTESIAN_POINT('',(11.830900434358,149.52899871365,
    1.712588180812E-12));
#2574 = CARTESIAN_POINT('',(11.812660033341,149.53469934718,
    1.707959696598E-12));
#2575 = CARTESIAN_POINT('',(11.795485158197,149.54006697421,
    1.703849862279E-12));
#2576 = CARTESIAN_POINT('',(11.778302844225,149.54543692642,
    1.699942468575E-12));
#2577 = CARTESIAN_POINT('',(11.761113091169,149.55080920221,
    1.69619356995E-12));
#2578 = CARTESIAN_POINT('',(11.74391589967,149.55618380593,
    1.692559220968E-12));
#2579 = CARTESIAN_POINT('',(11.726711268518,149.56156072904,
    1.688995475981E-12));
#2580 = CARTESIAN_POINT('',(11.709499199541,149.56693998469,
    1.685458389694E-12));
#2581 = CARTESIAN_POINT('',(11.692279690469,149.57232155645,
    1.681904016329E-12));
#2582 = CARTESIAN_POINT('',(11.675052743647,149.57770546127,
    1.678288410658E-12));
#2583 = CARTESIAN_POINT('',(11.657818357053,149.58309168461,
    1.674567626931E-12));
#2584 = CARTESIAN_POINT('',(11.640576532134,149.58848023681,
    1.670697719812E-12));
#2585 = CARTESIAN_POINT('',(11.623327268045,149.59387111187,
    1.666634743691E-12));
#2586 = CARTESIAN_POINT('',(11.606070565175,149.59926431252,
    1.662334753106E-12));
#2587 = CARTESIAN_POINT('',(11.554278139834,149.61545088862,
    1.648591901389E-12));
#2588 = CARTESIAN_POINT('',(11.519720100714,149.6262512386,
    1.638841438567E-12));
#2589 = CARTESIAN_POINT('',(11.485132306108,149.63706088884,
    1.628588071083E-12));
#2590 = CARTESIAN_POINT('',(11.450514755787,149.64787983642,
    1.617917455924E-12));
#2591 = CARTESIAN_POINT('',(11.415867450238,149.65870808738,
    1.606915250146E-12));
#2592 = CARTESIAN_POINT('',(11.381190388663,149.66954563192,
    1.595667110682E-12));
#2593 = CARTESIAN_POINT('',(11.34648357212,149.68039248306,
    1.58425869464E-12));
#2594 = CARTESIAN_POINT('',(11.311746999445,149.6912486263,
    1.572775658922E-12));
#2595 = CARTESIAN_POINT('',(11.276980671713,149.70211407531,
    1.561303660635E-12));
#2596 = CARTESIAN_POINT('',(11.242184588089,149.71298881917,
    1.549928356711E-12));
#2597 = CARTESIAN_POINT('',(11.207358749114,149.72387286521,
    1.53873540421E-12));
#2598 = CARTESIAN_POINT('',(11.172503154502,149.73476620939,
    1.527810460113E-12));
#2599 = CARTESIAN_POINT('',(11.137617804371,149.74566885345,
    1.517239181441E-12));
#2600 = CARTESIAN_POINT('',(11.047551557971,149.77381706513,
    1.491103007728E-12));
#2601 = CARTESIAN_POINT('',(10.992326175145,149.79107653592,
    1.47495794125E-12));
#2602 = CARTESIAN_POINT('',(10.937026550263,149.80835921001,
    1.458663322448E-12));
#2603 = CARTESIAN_POINT('',(10.881652683209,149.82566508577,
    1.442210447985E-12));
#2604 = CARTESIAN_POINT('',(10.826204574152,149.84299416559,
    1.425590614558E-12));
#2605 = CARTESIAN_POINT('',(10.770682222912,149.86034644692,
    1.408795118821E-12));
#2606 = CARTESIAN_POINT('',(10.715085629629,149.87772193175,
    1.391815257469E-12));
#2607 = CARTESIAN_POINT('',(10.659414794228,149.895120619,
    1.374642327168E-12));
#2608 = CARTESIAN_POINT('',(10.603669716733,149.912542509,
    1.357267624599E-12));
#2609 = CARTESIAN_POINT('',(10.547850397142,149.92998760176,
    1.339682446436E-12));
#2610 = CARTESIAN_POINT('',(10.491956835453,149.94745589724,
    1.321878089358E-12));
#2611 = CARTESIAN_POINT('',(10.435989031667,149.96494739543,
    1.303845850039E-12));
#2612 = CARTESIAN_POINT('',(10.379946985783,149.98246209635,
    1.285577025158E-12));
#2613 = CARTESIAN_POINT('',(10.323830697803,150.,1.26706291139E-12));
#2614 = PCURVE('',#551,#2615);
#2615 = DEFINITIONAL_REPRESENTATION('',(#2616),#2620);
#2616 = LINE('',#2617,#2618);
#2617 = CARTESIAN_POINT('',(6.28318530718,0.));
#2618 = VECTOR('',#2619,1.);
#2619 = DIRECTION('',(0.,1.));
#2620 = ( GEOMETRIC_REPRESENTATION_CONTEXT(2) 
PARAMETRIC_REPRESENTATION_CONTEXT() REPRESENTATION_CONTEXT('2D SPACE',''
  ) );
#2621 = PCURVE('',#551,#2622);
#2622 = DEFINITIONAL_REPRESENTATION('',(#2623),#2627);
#2623 = LINE('',#2624,#2625);
#2624 = CARTESIAN_POINT('',(0.,0.));
#2625 = VECTOR('',#2626,1.);
#2626 = DIRECTION('',(0.,1.));
#2627 = ( GEOMETRIC_REPRESENTATION_CONTEXT(2) 
PARAMETRIC_REPRESENTATION_CONTEXT() REPRESENTATION_CONTEXT('2D SPACE',''
  ) );
#2628 = ORIENTED_EDGE('',*,*,#1633,.T.);
#2629 = ORIENTED_EDGE('',*,*,#2401,.F.);
#2630 = ADVANCED_FACE('',(#2631),#93,.T.);
#2631 = FACE_BOUND('',#2632,.F.);
#2632 = EDGE_LOOP('',(#2633));
#2633 = ORIENTED_EDGE('',*,*,#78,.F.);
#2634 = ( GEOMETRIC_REPRESENTATION_CONTEXT(3) 
GLOBAL_UNCERTAINTY_ASSIGNED_CONTEXT((#2638)) 
GLOBAL_UNIT_ASSIGNED_CONTEXT((#2635,#2636,#2637)) REPRESENTATION_CONTEXT
('Context #1','3D Context with UNIT and UNCERTAINTY') );
#2635 = ( LENGTH_UNIT() NAMED_UNIT(*) SI_UNIT(.MILLI.,.METRE.) );
#2636 = ( NAMED_UNIT(*) PLANE_ANGLE_UNIT() SI_UNIT($,.RADIAN.) );
#2637 = ( NAMED_UNIT(*) SI_UNIT($,.STERADIAN.) SOLID_ANGLE_UNIT() );
#2638 = UNCERTAINTY_MEASURE_WITH_UNIT(LENGTH_MEASURE(2.E-03),#2635,
  'distance_accuracy_value','confusion accuracy');
#2639 = PRODUCT_RELATED_PRODUCT_CATEGORY('part',$,(#7));
ENDSEC;
END-ISO-10303-21;
